/*--------------------------------*- C++ -*----------------------------------*\
| =========                 |                                                 |
| \\      /  F ield         | OpenFOAM: The Open Source CFD Toolbox           |
|  \\    /   O peration     | Version:  2412                                  |
|   \\  /    A nd           | Website:  www.openfoam.com                      |
|    \\/     M anipulation  |                                                 |
\*---------------------------------------------------------------------------*/
FoamFile
{
    version     2.0;
    format      ascii;
    arch        "LSB;label=32;scalar=64";
    class       volVectorField;
    location    "5.5e-05";
    object      U;
}
// * * * * * * * * * * * * * * * * * * * * * * * * * * * * * * * * * * * * * //

dimensions      [0 1 -1 0 0 0 0];

internalField   nonuniform List<vector> 
3725
(
(9.60611e-12 3.91348e-12 0)
(4.37918e-11 1.04583e-11 0)
(1.4438e-10 3.37355e-11 0)
(4.55106e-10 1.0864e-10 0)
(1.3985e-09 3.42657e-10 0)
(4.19253e-09 1.05608e-09 0)
(1.22508e-08 3.17635e-09 0)
(3.48521e-08 9.31414e-09 0)
(9.64105e-08 2.65987e-08 0)
(2.58972e-07 7.3887e-08 0)
(6.74469e-07 1.99391e-07 0)
(1.70033e-06 5.21997e-07 0)
(4.14168e-06 1.32373e-06 0)
(9.72779e-06 3.2463e-06 0)
(2.19823e-05 7.68523e-06 0)
(4.7672e-05 1.75292e-05 0)
(9.89388e-05 3.84402e-05 0)
(0.000195887 8.08596e-05 0)
(0.00036866 0.000162752 0)
(0.000656832 0.000312618 0)
(0.00110273 0.000571444 0)
(0.00173521 0.000991153 0)
(0.00254351 0.00162646 0)
(0.003449 0.00251808 0)
(0.0042962 0.00366987 0)
(0.00486753 0.00503033 0)
(0.00492625 0.00648125 0)
(0.00429589 0.0078445 0)
(0.00294796 0.0089134 0)
(0.0010514 0.00950304 0)
(1.45406e-11 1.32979e-11 0)
(6.61585e-11 3.55347e-11 0)
(2.18017e-10 1.14545e-10 0)
(6.86828e-10 3.68772e-10 0)
(2.10908e-09 1.16282e-09 0)
(6.31777e-09 3.58219e-09 0)
(1.84443e-08 1.07696e-08 0)
(5.24189e-08 3.15656e-08 0)
(1.4484e-07 9.0096e-08 0)
(3.88566e-07 2.50126e-07 0)
(1.01055e-06 6.74546e-07 0)
(2.54359e-06 1.76465e-06 0)
(6.18491e-06 4.47135e-06 0)
(1.44989e-05 1.09556e-05 0)
(3.26944e-05 2.59104e-05 0)
(7.07382e-05 5.90344e-05 0)
(0.000146437 0.000129303 0)
(0.000289121 0.000271633 0)
(0.000542479 0.000545949 0)
(0.000963352 0.00104704 0)
(0.00161163 0.0019107 0)
(0.00252647 0.00330812 0)
(0.0036887 0.00541832 0)
(0.00498157 0.00837241 0)
(0.00618039 0.0121786 0)
(0.00697607 0.016663 0)
(0.00703689 0.0214345 0)
(0.00612001 0.0259086 0)
(0.00419187 0.0294113 0)
(0.00149363 0.0313416 0)
(2.62805e-11 2.77237e-11 0)
(1.19724e-10 7.4081e-11 0)
(3.9431e-10 2.38681e-10 0)
(1.2413e-09 7.68089e-10 0)
(3.80857e-09 2.42065e-09 0)
(1.13977e-08 7.4525e-09 0)
(3.32383e-08 2.23894e-08 0)
(9.43469e-08 6.55694e-08 0)
(2.60331e-07 1.86979e-07 0)
(6.9731e-07 5.18558e-07 0)
(1.81036e-06 1.39685e-06 0)
(4.54793e-06 3.64951e-06 0)
(1.10349e-05 9.23404e-06 0)
(2.58071e-05 2.25891e-05 0)
(5.80414e-05 5.333e-05 0)
(0.000125216 0.000121271 0)
(0.000258388 0.000265049 0)
(0.000508372 0.00055549 0)
(0.000950214 0.00111359 0)
(0.0016804 0.00212968 0)
(0.00279854 0.00387459 0)
(0.00436593 0.00668653 0)
(0.00634173 0.0109143 0)
(0.00851924 0.0168053 0)
(0.0105142 0.0243593 0)
(0.0118094 0.0332179 0)
(0.0118604 0.0426026 0)
(0.0102785 0.0513698 0)
(0.00702274 0.0582136 0)
(0.00249919 0.061979 0)
(4.92531e-11 5.19175e-11 0)
(2.2438e-10 1.38586e-10 0)
(7.38536e-10 4.46358e-10 0)
(2.3233e-09 1.4355e-09 0)
(7.12239e-09 4.52085e-09 0)
(2.12943e-08 1.39072e-08 0)
(6.2032e-08 4.17428e-08 0)
(1.75861e-07 1.2212e-07 0)
(4.84582e-07 3.47833e-07 0)
(1.29597e-06 9.63387e-07 0)
(3.35877e-06 2.59125e-06 0)
(8.42149e-06 6.75892e-06 0)
(2.03896e-05 1.707e-05 0)
(4.75709e-05 4.16726e-05 0)
(0.000106706 9.81598e-05 0)
(0.000229527 0.00022265 0)
(0.000472101 0.000485267 0)
(0.000925527 0.0010139 0)
(0.00172312 0.0020257 0)
(0.0030341 0.00385973 0)
(0.00502927 0.00699393 0)
(0.00780626 0.0120177 0)
(0.0112777 0.0195266 0)
(0.0150653 0.0299237 0)
(0.0184899 0.0431697 0)
(0.0206585 0.0586044 0)
(0.0206508 0.0748591 0)
(0.0178282 0.0899664 0)
(0.0121488 0.101713 0)
(0.00431765 0.108161 0)
(9.12647e-11 9.25585e-11 0)
(4.15556e-10 2.4692e-10 0)
(1.36699e-09 7.948e-10 0)
(4.29718e-09 2.55438e-09 0)
(1.31623e-08 8.03817e-09 0)
(3.93141e-08 2.47048e-08 0)
(1.14398e-07 7.40751e-08 0)
(3.23914e-07 2.16454e-07 0)
(8.91281e-07 6.157e-07 0)
(2.37987e-06 1.70274e-06 0)
(6.15701e-06 4.57218e-06 0)
(1.5407e-05 1.19034e-05 0)
(3.72202e-05 2.99994e-05 0)
(8.66245e-05 7.30646e-05 0)
(0.000193774 0.000171653 0)
(0.000415546 0.000388217 0)
(0.000851824 0.000843389 0)
(0.00166369 0.00175584 0)
(0.00308459 0.00349418 0)
(0.00540657 0.00662885 0)
(0.008917 0.0119547 0)
(0.0137654 0.0204364 0)
(0.0197713 0.0330242 0)
(0.0262516 0.0503204 0)
(0.0320247 0.072182 0)
(0.0355764 0.0974577 0)
(0.0353819 0.123883 0)
(0.030419 0.148288 0)
(0.020669 0.167174 0)
(0.00733531 0.177513 0)
(1.65046e-10 1.59124e-10 0)
(7.51065e-10 4.24245e-10 0)
(2.46912e-09 1.36471e-09 0)
(7.75583e-09 4.38272e-09 0)
(2.37352e-08 1.37798e-08 0)
(7.08221e-08 4.23098e-08 0)
(2.05844e-07 1.2672e-07 0)
(5.8208e-07 3.69813e-07 0)
(1.59929e-06 1.05041e-06 0)
(4.26333e-06 2.9002e-06 0)
(1.10093e-05 7.77333e-06 0)
(2.74919e-05 2.01958e-05 0)
(6.62605e-05 5.0781e-05 0)
(0.000153811 0.00012336 0)
(0.00034307 0.000288981 0)
(0.000733329 0.000651472 0)
(0.00149782 0.00141023 0)
(0.00291362 0.00292425 0)
(0.00537788 0.00579362 0)
(0.00937947 0.0109374 0)
(0.0153849 0.019619 0)
(0.0236084 0.0333427 0)
(0.0336908 0.0535432 0)
(0.0444337 0.0810522 0)
(0.0538428 0.115502 0)
(0.0594339 0.154968 0)
(0.0587736 0.195876 0)
(0.0502968 0.233381 0)
(0.0340675 0.262242 0)
(0.012072 0.277997 0)
(2.90131e-10 2.6435e-10 0)
(1.31975e-09 7.04392e-10 0)
(4.33584e-09 2.26424e-09 0)
(1.36085e-08 7.26578e-09 0)
(4.16077e-08 2.28238e-08 0)
(1.24019e-07 7.00054e-08 0)
(3.60026e-07 2.09419e-07 0)
(1.01668e-06 6.10331e-07 0)
(2.78907e-06 1.7309e-06 0)
(7.42207e-06 4.77078e-06 0)
(1.91287e-05 1.27621e-05 0)
(4.76628e-05 3.30842e-05 0)
(0.000114594 8.29826e-05 0)
(0.000265275 0.000201029 0)
(0.000589858 0.000469463 0)
(0.00125648 0.00105466 0)
(0.00255641 0.00227413 0)
(0.00495124 0.00469508 0)
(0.00909446 0.00925688 0)
(0.0157756 0.0173811 0)
(0.0257209 0.0309914 0)
(0.0392086 0.0523264 0)
(0.0555534 0.0834374 0)
(0.0727204 0.125371 0)
(0.0874612 0.17733 0)
(0.0958567 0.23623 0)
(0.0941914 0.296683 0)
(0.0801939 0.351646 0)
(0.0541309 0.393682 0)
(0.019151 0.416561 0)
(4.95069e-10 4.24146e-10 0)
(2.25097e-09 1.12939e-09 0)
(7.39017e-09 3.62774e-09 0)
(2.31755e-08 1.16315e-08 0)
(7.07899e-08 3.6503e-08 0)
(2.10768e-07 1.1184e-07 0)
(6.11088e-07 3.34147e-07 0)
(1.72319e-06 9.72454e-07 0)
(4.71963e-06 2.75344e-06 0)
(1.25367e-05 7.57528e-06 0)
(3.22443e-05 2.02225e-05 0)
(8.01573e-05 5.23027e-05 0)
(0.000192219 0.000130844 0)
(0.000443672 0.000316041 0)
(0.000983296 0.000735606 0)
(0.00208683 0.0016464 0)
(0.00422813 0.00353518 0)
(0.00815069 0.00726424 0)
(0.0148924 0.0142466 0)
(0.0256804 0.0265921 0)
(0.0415939 0.0471039 0)
(0.0629428 0.0789564 0)
(0.0884745 0.124915 0)
(0.114853 0.186145 0)
(0.136986 0.261102 0)
(0.148949 0.345062 0)
(0.145335 0.430286 0)
(0.123045 0.507058 0)
(0.0827538 0.565392 0)
(0.0292317 0.597071 0)
(8.19074e-10 6.56303e-10 0)
(3.72245e-09 1.74637e-09 0)
(1.22124e-08 5.60521e-09 0)
(3.8265e-08 1.79564e-08 0)
(1.16764e-07 5.62962e-08 0)
(3.47252e-07 1.72287e-07 0)
(1.00549e-06 5.14076e-07 0)
(2.83115e-06 1.49388e-06 0)
(7.74119e-06 4.2227e-06 0)
(2.05238e-05 1.15954e-05 0)
(5.26743e-05 3.08876e-05 0)
(0.000130629 7.9692e-05 0)
(0.000312397 0.000198814 0)
(0.000718846 0.000478725 0)
(0.00158763 0.00111035 0)
(0.00335617 0.0024753 0)
(0.00676979 0.00529122 0)
(0.0129848 0.0108177 0)
(0.0235903 0.0210947 0)
(0.0404186 0.0391224 0)
(0.0649942 0.0688034 0)
(0.0975671 0.114416 0)
(0.135945 0.179453 0)
(0.17486 0.264975 0)
(0.206649 0.368264 0)
(0.222745 0.482427 0)
(0.215688 0.596907 0)
(0.181522 0.699042 0)
(0.12164 0.776163 0)
(0.0429105 0.818027 0)
(1.31261e-09 9.7779e-10 0)
(5.96265e-09 2.59991e-09 0)
(1.95477e-08 8.33815e-09 0)
(6.11938e-08 2.66876e-08 0)
(1.86538e-07 8.35846e-08 0)
(5.54103e-07 2.55499e-07 0)
(1.60228e-06 7.61344e-07 0)
(4.50466e-06 2.20904e-06 0)
(1.22958e-05 6.23337e-06 0)
(3.25353e-05 1.70829e-05 0)
(8.33168e-05 4.54032e-05 0)
(0.000206102 0.000116847 0)
(0.000491494 0.000290671 0)
(0.00112733 0.000697632 0)
(0.00248073 0.00161213 0)
(0.00522248 0.00357889 0)
(0.0104849 0.00761404 0)
(0.0200033 0.015483 0)
(0.0361209 0.0300084 0)
(0.0614619 0.0552709 0)
(0.0980641 0.0964521 0)
(0.14593 0.159015 0)
(0.201394 0.247059 0)
(0.256461 0.361169 0)
(0.300076 0.496949 0)
(0.320431 0.644873 0)
(0.307796 0.791332 0)
(0.257487 0.92081 0)
(0.171992 1.01813 0)
(0.0606297 1.07115 0)
(2.03566e-09 1.4e-09 0)
(9.24273e-09 3.71975e-09 0)
(3.02782e-08 1.19199e-08 0)
(9.46998e-08 3.81167e-08 0)
(2.88372e-07 1.19255e-07 0)
(8.55571e-07 3.64098e-07 0)
(2.47064e-06 1.08346e-06 0)
(6.93517e-06 3.13874e-06 0)
(1.88965e-05 8.84099e-06 0)
(4.99012e-05 2.41801e-05 0)
(0.000127497 6.41188e-05 0)
(0.000314579 0.000164581 0)
(0.000747986 0.000408204 0)
(0.00170994 0.000976424 0)
(0.00374857 0.00224775 0)
(0.0078576 0.00496822 0)
(0.0156978 0.0105174 0)
(0.0297806 0.0212661 0)
(0.0534313 0.0409519 0)
(0.0902514 0.0748766 0)
(0.142802 0.129589 0)
(0.210522 0.21168 0)
(0.28756 0.325564 0)
(0.362278 0.470862 0)
(0.419427 0.641028 0)
(0.443532 0.823671 0)
(0.42264 1.00235 0)
(0.351617 1.15927 0)
(0.234394 1.27717 0)
(0.0826777 1.3422 0)
(3.05242e-09 1.92245e-09 0)
(1.38526e-08 5.10401e-09 0)
(4.53454e-08 1.63422e-08 0)
(1.41695e-07 5.22098e-08 0)
(4.31024e-07 1.63175e-07 0)
(1.27726e-06 4.97585e-07 0)
(3.68327e-06 1.47863e-06 0)
(1.03228e-05 4.27672e-06 0)
(2.80768e-05 1.20246e-05 0)
(7.39937e-05 3.28198e-05 0)
(0.000188618 8.68255e-05 0)
(0.000464166 0.000222273 0)
(0.00110038 0.000549628 0)
(0.00250698 0.00131018 0)
(0.00547458 0.00300422 0)
(0.0114247 0.00661047 0)
(0.0227083 0.0139222 0)
(0.0428292 0.0279855 0)
(0.0763289 0.0535306 0)
(0.12794 0.0971287 0)
(0.200667 0.166648 0)
(0.292912 0.26958 0)
(0.39578 0.410216 0)
(0.493059 0.586709 0)
(0.564683 0.790105 0)
(0.591419 1.0054 0)
(0.559493 1.21414 0)
(0.463606 1.39741 0)
(0.309194 1.53626 0)
(0.109403 1.61502 0)
(4.42182e-09 2.52594e-09 0)
(2.00575e-08 6.70102e-09 0)
(6.56076e-08 2.14377e-08 0)
(2.04825e-07 6.84257e-08 0)
(6.22404e-07 2.13629e-07 0)
(1.84216e-06 6.50647e-07 0)
(5.305e-06 1.93078e-06 0)
(1.48447e-05 5.57567e-06 0)
(4.03039e-05 1.56485e-05 0)
(0.000106002 4.26228e-05 0)
(0.000269587 0.000112495 0)
(0.000661681 0.000287219 0)
(0.00156392 0.000708062 0)
(0.00355088 0.00168199 0)
(0.0077238 0.00384143 0)
(0.0160461 0.00841422 0)
(0.0317292 0.0176286 0)
(0.059487 0.0352241 0)
(0.105289 0.0669152 0)
(0.175089 0.120465 0)
(0.272141 0.204854 0)
(0.393199 0.328099 0)
(0.525407 0.493868 0)
(0.647195 0.69851 0)
(0.733447 0.93084 0)
(0.761561 1.17418 0)
(0.716646 1.40965 0)
(0.593206 1.61876 0)
(0.397605 1.78093 0)
(0.141746 1.87794 0)
(6.18374e-09 3.16699e-09 0)
(2.80364e-08 8.39532e-09 0)
(9.16389e-08 2.68361e-08 0)
(2.85839e-07 8.55783e-08 0)
(8.6769e-07 2.66902e-07 0)
(2.56512e-06 8.1193e-07 0)
(7.37703e-06 2.4061e-06 0)
(2.06111e-05 6.93746e-06 0)
(5.58622e-05 1.94359e-05 0)
(0.000146629 5.28317e-05 0)
(0.000372065 0.000139118 0)
(0.000910841 0.000354257 0)
(0.00214645 0.000870703 0)
(0.00485701 0.00206123 0)
(0.0105238 0.00468903 0)
(0.0217651 0.0102244 0)
(0.0428158 0.0213101 0)
(0.0797942 0.0423265 0)
(0.14026 0.079858 0)
(0.231394 0.142643 0)
(0.356393 0.240424 0)
(0.509672 0.381276 0)
(0.673589 0.567825 0)
(0.820789 0.794637 0)
(0.921438 1.04909 0)
(0.950525 1.31461 0)
(0.892927 1.57423 0)
(0.742067 1.81194 0)
(0.503583 2.00474 0)
(0.182161 2.13063 0)
(8.34305e-09 3.77695e-09 0)
(3.78093e-08 1.00049e-08 0)
(1.23495e-07 3.1956e-08 0)
(3.84874e-07 1.01817e-07 0)
(1.16717e-06 3.17229e-07 0)
(3.44656e-06 9.63925e-07 0)
(9.89915e-06 2.85279e-06 0)
(2.7617e-05 8.21313e-06 0)
(7.47245e-05 2.29706e-05 0)
(0.000195764 6.23187e-05 0)
(0.000495656 0.000163736 0)
(0.00121037 0.00041589 0)
(0.00284415 0.00101922 0)
(0.00641463 0.00240481 0)
(0.0138462 0.00544981 0)
(0.0285119 0.0118313 0)
(0.0558057 0.024535 0)
(0.103398 0.0484496 0)
(0.180526 0.0908029 0)
(0.295514 0.160962 0)
(0.451116 0.268976 0)
(0.63875 0.422519 0)
(0.835429 0.622985 0)
(1.00815 0.86366 0)
(1.12343 1.13198 0)
(1.15541 1.41406 0)
(1.08965 1.69807 0)
(0.916098 1.97312 0)
(0.636628 2.21231 0)
(0.236149 2.38882 0)
(1.08547e-08 4.26575e-09 0)
(4.91707e-08 1.1292e-08 0)
(1.60498e-07 3.60407e-08 0)
(4.99794e-07 1.14738e-07 0)
(1.51427e-06 3.57156e-07 0)
(4.46679e-06 1.08409e-06 0)
(1.28139e-05 3.20453e-06 0)
(3.56994e-05 9.21294e-06 0)
(9.64414e-05 2.57259e-05 0)
(0.000252203 6.96673e-05 0)
(0.000637243 0.000182664 0)
(0.00155246 0.000462865 0)
(0.00363814 0.00113126 0)
(0.00817995 0.00266082 0)
(0.0175936 0.00600834 0)
(0.036079 0.0129899 0)
(0.0702796 0.0268095 0)
(0.129495 0.0526511 0)
(0.224644 0.0980572 0)
(0.365025 0.172578 0)
(0.552562 0.286076 0)
(0.77518 0.445467 0)
(1.00445 0.651045 0)
(1.20254 0.895815 0)
(1.33424 1.16933 0)
(1.3751 1.46361 0)
(1.31223 1.77602 0)
(1.12775 2.1048 0)
(0.815397 2.41855 0)
(0.314519 2.68835 0)
(1.36127e-08 4.53295e-09 0)
(6.16405e-08 1.1992e-08 0)
(2.01079e-07 3.82496e-08 0)
(6.25711e-07 1.21681e-07 0)
(1.89418e-06 3.78452e-07 0)
(5.58208e-06 1.14763e-06 0)
(1.59958e-05 3.38861e-06 0)
(4.45081e-05 9.72992e-06 0)
(0.000120065 2.71305e-05 0)
(0.000313467 7.33499e-05 0)
(0.000790554 0.000191957 0)
(0.00192182 0.000485364 0)
(0.00449262 0.00118331 0)
(0.0100724 0.00277533 0)
(0.021593 0.00624635 0)
(0.0441128 0.0134535 0)
(0.0855517 0.0276455 0)
(0.156834 0.0540212 0)
(0.270472 0.100033 0)
(0.436529 0.174916 0)
(0.655784 0.287875 0)
(0.912478 0.444878 0)
(1.17319 0.645572 0)
(1.39686 0.883982 0)
(1.54927 1.154 0)
(1.61044 1.45687 0)
(1.57057 1.80406 0)
(1.39801 2.20955 0)
(1.07441 2.64222 0)
(0.438417 3.07831 0)
(1.64489e-08 4.48618e-09 0)
(7.44582e-08 1.18619e-08 0)
(2.42764e-07 3.78133e-08 0)
(7.54945e-07 1.20216e-07 0)
(2.28373e-06 3.73625e-07 0)
(6.72441e-06 1.13205e-06 0)
(1.92507e-05 3.3394e-06 0)
(5.35058e-05 9.57813e-06 0)
(0.000144156 2.66737e-05 0)
(0.000375823 7.20113e-05 0)
(0.000946253 0.000188144 0)
(0.00229597 0.000474823 0)
(0.00535562 0.0011551 0)
(0.0119772 0.00270239 0)
(0.0256023 0.00606469 0)
(0.0521284 0.0130189 0)
(0.100706 0.0266504 0)
(0.183786 0.0518487 0)
(0.315315 0.0955316 0)
(0.505907 0.166113 0)
(0.755035 0.271738 0)
(1.04346 0.417387 0)
(1.33378 0.60268 0)
(1.58386 0.823887 0)
(1.76391 1.08102 0)
(1.86265 1.38727 0)
(1.87678 1.77382 0)
(1.75641 2.28193 0)
(1.46741 2.90727 0)
(0.641204 3.68756 0)
(1.91445e-08 4.06306e-09 0)
(8.66358e-08 1.07384e-08 0)
(2.82345e-07 3.42158e-08 0)
(8.7757e-07 1.08723e-07 0)
(2.65305e-06 3.37701e-07 0)
(7.80642e-06 1.0225e-06 0)
(2.23303e-05 3.01385e-06 0)
(6.20088e-05 8.63655e-06 0)
(0.00016689 2.40265e-05 0)
(0.00043457 6.47875e-05 0)
(0.00109266 0.000169039 0)
(0.00264703 0.000425937 0)
(0.00616329 0.0010343 0)
(0.0137546 0.00241475 0)
(0.0293304 0.0054062 0)
(0.0595521 0.0115734 0)
(0.114674 0.0236162 0)
(0.208495 0.0457793 0)
(0.356171 0.0840041 0)
(0.568684 0.145411 0)
(0.844242 0.236752 0)
(1.16069 0.362064 0)
(1.47807 0.521433 0)
(1.75562 0.714041 0)
(1.9718 0.946463 0)
(2.13003 1.24421 0)
(2.24159 1.66121 0)
(2.24801 2.27344 0)
(2.1295 3.11794 0)
(1.02564 4.18493 0)
(2.14555e-08 3.25014e-09 0)
(9.70728e-08 8.58701e-09 0)
(3.16252e-07 2.73508e-08 0)
(9.82559e-07 8.68734e-08 0)
(2.96906e-06 2.6971e-07 0)
(8.73152e-06 8.16195e-07 0)
(2.49612e-05 2.4043e-06 0)
(6.92654e-05 6.88493e-06 0)
(0.00018627 1.91381e-05 0)
(0.000484582 5.15579e-05 0)
(0.00121712 0.000134378 0)
(0.00294492 0.000338185 0)
(0.00684723 0.000820056 0)
(0.0152562 0.00191145 0)
(0.0324712 0.0042714 0)
(0.065786 0.00912438 0)
(0.12636 0.0185729 0)
(0.229078 0.0359021 0)
(0.39004 0.0656725 0)
(0.62047 0.113292 0)
(0.917527 0.183824 0)
(1.25697 0.280321 0)
(1.59776 0.403415 0)
(1.90263 0.554757 0)
(2.16153 0.745913 0)
(2.3987 1.0129 0)
(2.64882 1.44353 0)
(2.85018 2.21006 0)
(2.91091 3.85115 0)
(1.44794 6.73167 0)
(2.2978e-08 2.23939e-09 0)
(1.03947e-07 5.91513e-09 0)
(3.38579e-07 1.88359e-08 0)
(1.05166e-06 5.98114e-08 0)
(3.17695e-06 1.85634e-07 0)
(9.33977e-06 5.6156e-07 0)
(2.66898e-05 1.65351e-06 0)
(7.40298e-05 4.7327e-06 0)
(0.000198982 1.31482e-05 0)
(0.000517358 3.53987e-05 0)
(0.00129858 9.21934e-05 0)
(0.00313965 0.000231825 0)
(0.00729364 0.0005616 0)
(0.0162345 0.00130756 0)
(0.0345133 0.00291815 0)
(0.0698291 0.00622435 0)
(0.133918 0.0126482 0)
(0.242346 0.024402 0)
(0.411796 0.0445397 0)
(0.653616 0.0766556 0)
(0.964317 0.12409 0)
(1.31854 0.188886 0)
(1.67529 0.27179 0)
(2.00152 0.375135 0)
(2.30004 0.510127 0)
(2.62775 0.709639 0)
(3.08974 1.0553 0)
(3.92705 1.7131 0)
(5.19855 3.17596 0)
(9.60613 5.90053 0)
(2.38301e-08 1.1604e-09 0)
(1.07795e-07 3.06479e-09 0)
(3.51071e-07 9.75845e-09 0)
(1.09032e-06 3.09836e-08 0)
(3.29321e-06 9.61496e-08 0)
(9.67984e-06 2.90815e-07 0)
(2.7656e-05 8.56144e-07 0)
(7.66916e-05 2.44992e-06 0)
(0.000206082 6.80453e-06 0)
(0.000535651 1.83141e-05 0)
(0.00134402 4.76812e-05 0)
(0.0032482 0.000119848 0)
(0.00754227 0.000290196 0)
(0.0167788 0.000675285 0)
(0.0356482 0.00150611 0)
(0.0720733 0.00321015 0)
(0.138107 0.0065177 0)
(0.249687 0.0125624 0)
(0.42381 0.0229046 0)
(0.671884 0.0393744 0)
(0.990065 0.0636655 0)
(1.35243 0.0968201 0)
(1.71813 0.139292 0)
(2.05663 0.192508 0)
(2.37766 0.262638 0)
(2.7514 0.366741 0)
(3.30087 0.540931 0)
(4.24073 0.843537 0)
(5.6337 1.27722 0)
(9.26165 2.05557 0)
(2.41206e-08 -1.69385e-12 0)
(1.09106e-07 -4.30869e-12 0)
(3.5533e-07 -1.30878e-11 0)
(1.1035e-06 -3.97561e-11 0)
(3.33285e-06 -1.18196e-10 0)
(9.79577e-06 -3.42798e-10 0)
(2.79853e-05 -9.68806e-10 0)
(7.75988e-05 -2.66525e-09 0)
(0.000208501 -7.12833e-09 0)
(0.000541884 -1.85086e-08 0)
(0.0013595 -4.65824e-08 0)
(0.00328516 -1.13441e-07 0)
(0.0076269 -2.66793e-07 0)
(0.016964 -6.04622e-07 0)
(0.0360342 -1.31721e-06 0)
(0.0728361 -2.75139e-06 0)
(0.139529 -5.49515e-06 0)
(0.252178 -1.04647e-05 0)
(0.427883 -1.89529e-05 0)
(0.678073 -3.25788e-05 0)
(0.998785 -5.30962e-05 0)
(1.36392 -8.21001e-05 0)
(1.7327 -0.000120832 0)
(2.07553 -0.000170299 0)
(2.40458 -0.000231532 0)
(2.79475 -0.000302793 0)
(3.37571 -0.000359974 0)
(4.36836 -0.000341864 0)
(5.88008 -0.000267028 0)
(9.06947 0.000439981 0)
(2.38285e-08 -1.16357e-09 0)
(1.07788e-07 -3.07285e-09 0)
(3.5105e-07 -9.78301e-09 0)
(1.09025e-06 -3.10583e-08 0)
(3.29303e-06 -9.63719e-08 0)
(9.67932e-06 -2.91461e-07 0)
(2.76546e-05 -8.57973e-07 0)
(7.66879e-05 -2.45496e-06 0)
(0.000206072 -6.81803e-06 0)
(0.000535627 -1.83492e-05 0)
(0.00134397 -4.77697e-05 0)
(0.00324807 -0.000120064 0)
(0.00754198 -0.000290705 0)
(0.0167782 -0.00067644 0)
(0.0356469 -0.00150863 0)
(0.0720708 -0.00321542 0)
(0.138102 -0.00652825 0)
(0.249679 -0.0125825 0)
(0.423797 -0.0229411 0)
(0.671863 -0.0394373 0)
(0.990035 -0.063768 0)
(1.35239 -0.0969788 0)
(1.71808 -0.139525 0)
(2.05657 -0.192838 0)
(2.37758 -0.263085 0)
(2.75132 -0.367328 0)
(3.30084 -0.541622 0)
(4.24079 -0.844074 0)
(5.63415 -1.27643 0)
(9.26192 -2.05157 0)
(2.29751e-08 -2.2419e-09 0)
(1.03935e-07 -5.92153e-09 0)
(3.38539e-07 -1.88555e-08 0)
(1.05154e-06 -5.98716e-08 0)
(3.17661e-06 -1.85814e-07 0)
(9.33881e-06 -5.62088e-07 0)
(2.66872e-05 -1.65502e-06 0)
(7.40228e-05 -4.7369e-06 0)
(0.000198964 -1.31596e-05 0)
(0.000517313 -3.54284e-05 0)
(0.00129847 -9.22692e-05 0)
(0.0031394 -0.000232011 0)
(0.00729308 -0.000562044 0)
(0.0162332 -0.00130857 0)
(0.0345108 -0.00292039 0)
(0.0698243 -0.00622908 0)
(0.133909 -0.0126578 0)
(0.24233 -0.0244205 0)
(0.41177 -0.0445735 0)
(0.653577 -0.0767145 0)
(0.96426 -0.124188 0)
(1.31847 -0.189039 0)
(1.67519 -0.272021 0)
(2.00139 -0.375473 0)
(2.29988 -0.510626 0)
(2.62761 -0.710414 0)
(3.08977 -1.05661 0)
(3.92791 -1.71537 0)
(5.20091 -3.1781 0)
(9.60577 -5.90022 0)
(12.398 0.525179 0)
(11.2761 0.0979032 0)
(11.0833 0.0388072 0)
(10.8954 0.0164115 0)
(10.6814 0.00679942 0)
(10.4453 0.00278468 0)
(10.1808 0.00113212 0)
(9.88599 0.000460302 0)
(9.56391 0.000189939 0)
(9.22162 8.18846e-05 0)
(8.86955 3.87556e-05 0)
(8.52022 2.11842e-05 0)
(8.1866 1.36894e-05 0)
(7.88018 1.01702e-05 0)
(7.60959 8.21071e-06 0)
(7.37996 6.88509e-06 0)
(7.19274 5.864e-06 0)
(7.04591 4.98583e-06 0)
(6.93573 4.39444e-06 0)
(6.85407 4.12826e-06 0)
(6.80602 3.70131e-06 0)
(6.73693 3.37631e-06 0)
(6.85403 2.67078e-06 0)
(6.5778 2.45277e-06 0)
(6.74068 1.89158e-06 0)
(11.6527 0.257767 0)
(11.1828 0.135515 0)
(11.0243 0.0580799 0)
(10.8639 0.0234639 0)
(10.668 0.0095019 0)
(10.4398 0.00386383 0)
(10.1786 0.00157476 0)
(9.88517 0.000646057 0)
(9.56365 0.000269832 0)
(9.22159 0.000117501 0)
(8.86961 5.55399e-05 0)
(8.52033 2.95997e-05 0)
(8.18672 1.81153e-05 0)
(7.88031 1.24573e-05 0)
(7.60973 9.2398e-06 0)
(7.3801 7.1098e-06 0)
(7.19289 5.53722e-06 0)
(7.04606 4.29874e-06 0)
(6.93588 3.48642e-06 0)
(6.85423 3.10508e-06 0)
(6.80618 2.63628e-06 0)
(6.7371 2.33638e-06 0)
(6.8542 1.74559e-06 0)
(6.57797 1.70359e-06 0)
(6.74086 1.4302e-06 0)
(11.2025 0.000232026 0)
(11.0356 0.000217003 0)
(10.9779 0.000164373 0)
(10.8472 0.000110365 0)
(10.662 7.07332e-05 0)
(10.4376 4.54662e-05 0)
(10.1777 2.97622e-05 0)
(9.88481 1.98903e-05 0)
(9.5635 1.34633e-05 0)
(9.22153 9.12411e-06 0)
(8.86959 6.05895e-06 0)
(8.52031 3.81519e-06 0)
(8.18672 2.12562e-06 0)
(7.8803 8.41319e-07 0)
(7.60973 -3.77177e-08 0)
(7.3801 -6.13489e-07 0)
(7.19289 -9.33761e-07 0)
(7.04606 -1.05081e-06 0)
(6.93588 -1.00192e-06 0)
(6.85423 -8.67057e-07 0)
(6.80618 -7.0042e-07 0)
(6.7371 -5.21987e-07 0)
(6.8542 -3.61009e-07 0)
(6.57797 -2.0785e-07 0)
(6.74086 -1.06054e-07 0)
(11.6526 -0.256735 0)
(11.1827 -0.134831 0)
(11.0242 -0.0577055 0)
(10.8638 -0.0232531 0)
(10.6679 -0.00937707 0)
(10.4398 -0.00378631 0)
(10.1785 -0.00152434 0)
(9.88515 -0.000611895 0)
(9.56364 -0.000245999 0)
(9.22158 -0.000100632 0)
(8.86961 -4.36334e-05 0)
(8.52032 -2.14108e-05 0)
(8.18672 -1.27808e-05 0)
(7.8803 -9.37184e-06 0)
(7.60973 -7.80372e-06 0)
(7.3801 -6.86025e-06 0)
(7.19289 -6.06913e-06 0)
(7.04606 -5.23795e-06 0)
(6.93588 -4.57129e-06 0)
(6.85423 -4.15382e-06 0)
(6.80618 -3.54498e-06 0)
(6.7371 -3.01949e-06 0)
(6.8542 -2.22194e-06 0)
(6.57797 -1.97189e-06 0)
(6.74086 -1.62925e-06 0)
(12.3956 -0.524409 0)
(11.2753 -0.0974333 0)
(11.0829 -0.0385963 0)
(10.8951 -0.0163109 0)
(10.6813 -0.00674531 0)
(10.4453 -0.00275263 0)
(10.1807 -0.00111145 0)
(9.88596 -0.000446031 0)
(9.56389 -0.000179568 0)
(9.22161 -7.414e-05 0)
(8.86954 -3.2908e-05 0)
(8.52022 -1.68104e-05 0)
(8.1866 -1.04805e-05 0)
(7.88017 -7.92615e-06 0)
(7.60959 -6.73692e-06 0)
(7.37996 -6.02205e-06 0)
(7.19274 -5.46215e-06 0)
(7.04591 -4.87423e-06 0)
(6.93573 -4.47738e-06 0)
(6.85407 -4.30993e-06 0)
(6.80602 -3.90959e-06 0)
(6.73693 -3.53743e-06 0)
(6.85403 -2.78612e-06 0)
(6.5778 -2.51322e-06 0)
(6.74068 -1.98458e-06 0)
(2.14426e-08 -3.25628e-09 0)
(9.70149e-08 -8.60308e-09 0)
(3.16067e-07 -2.74017e-08 0)
(9.8199e-07 -8.70348e-08 0)
(2.96737e-06 -2.7021e-07 0)
(8.72661e-06 -8.17705e-07 0)
(2.49474e-05 -2.40874e-06 0)
(6.92276e-05 -6.89766e-06 0)
(0.000186169 -1.91735e-05 0)
(0.000484326 -5.16535e-05 0)
(0.00121648 -0.000134628 0)
(0.00294341 -0.000338816 0)
(0.0068438 -0.000821595 0)
(0.0152487 -0.00191507 0)
(0.0324556 -0.00427955 0)
(0.0657552 -0.00914195 0)
(0.126303 -0.0186092 0)
(0.228977 -0.0359731 0)
(0.389874 -0.0658047 0)
(0.620215 -0.113524 0)
(0.917163 -0.18421 0)
(1.25648 -0.280923 0)
(1.59714 -0.404299 0)
(1.90181 -0.555981 0)
(2.16035 -0.747524 0)
(2.39673 -1.01492 0)
(2.6452 -1.44589 0)
(2.84325 -2.21238 0)
(2.89885 -3.85081 0)
(1.44042 -6.72498 0)
(1.9101e-08 -4.07294e-09 0)
(8.64395e-08 -1.07646e-08 0)
(2.81709e-07 -3.42995e-08 0)
(8.75607e-07 -1.0899e-07 0)
(2.64716e-06 -3.38534e-07 0)
(7.78921e-06 -1.02503e-06 0)
(2.22815e-05 -3.02137e-06 0)
(6.18744e-05 -8.65824e-06 0)
(0.000166532 -2.40874e-05 0)
(0.000433646 -6.49529e-05 0)
(0.00109037 -0.000169475 0)
(0.00264154 -0.000427048 0)
(0.00615069 -0.00103704 0)
(0.013727 -0.00242123 0)
(0.0292725 -0.00542095 0)
(0.059437 -0.0116055 0)
(0.114458 -0.0236832 0)
(0.208114 -0.0459124 0)
(0.35554 -0.0842549 0)
(0.567716 -0.145858 0)
(0.842863 -0.237501 0)
(1.15886 -0.36324 0)
(1.47579 -0.523156 0)
(1.75283 -0.716377 0)
(1.96826 -0.949361 0)
(2.1252 -1.24736 0)
(2.23465 -1.66376 0)
(2.23849 -2.2734 0)
(2.11741 -3.11108 0)
(1.01897 -4.16611 0)
(1.6371e-08 -4.49147e-09 0)
(7.41064e-08 -1.18761e-08 0)
(2.41622e-07 -3.78592e-08 0)
(7.51412e-07 -1.20365e-07 0)
(2.2731e-06 -3.74095e-07 0)
(6.69331e-06 -1.1335e-06 0)
(1.91622e-05 -3.34378e-06 0)
(5.32617e-05 -9.59101e-06 0)
(0.000143504 -2.67105e-05 0)
(0.000374138 -7.21138e-05 0)
(0.000942052 -0.00018842 0)
(0.00228589 -0.000475546 0)
(0.00533241 -0.00115693 0)
(0.0119261 -0.00270686 0)
(0.0254949 -0.00607521 0)
(0.0519142 -0.0130427 0)
(0.100301 -0.0267019 0)
(0.183069 -0.0519551 0)
(0.314125 -0.0957408 0)
(0.504069 -0.166502 0)
(0.752408 -0.272418 0)
(1.03998 -0.418498 0)
(1.32949 -0.604354 0)
(1.57879 -0.826179 0)
(1.75792 -1.08379 0)
(1.85531 -1.39 0)
(1.86745 -1.77537 0)
(1.74508 -2.28026 0)
(1.45451 -2.89966 0)
(0.634431 -3.67026 0)
(1.35042e-08 -4.52699e-09 0)
(6.11503e-08 -1.19765e-08 0)
(1.99486e-07 -3.82015e-08 0)
(6.20775e-07 -1.21532e-07 0)
(1.87931e-06 -3.78001e-07 0)
(5.5385e-06 -1.14631e-06 0)
(1.58716e-05 -3.38486e-06 0)
(4.41649e-05 -9.71964e-06 0)
(0.000119146 -2.71033e-05 0)
(0.000311087 -7.32812e-05 0)
(0.000784608 -0.000191791 0)
(0.00190751 -0.000484984 0)
(0.00445959 -0.00118249 0)
(0.00999942 -0.00277371 0)
(0.021439 -0.00624348 0)
(0.0438041 -0.0134492 0)
(0.0849664 -0.0276412 0)
(0.155789 -0.0540228 0)
(0.268725 -0.100057 0)
(0.433812 -0.174999 0)
(0.651874 -0.288088 0)
(0.907288 -0.445327 0)
(1.16681 -0.646378 0)
(1.38946 -0.885199 0)
(1.54095 -1.15547 0)
(1.60107 -1.45804 0)
(1.55991 -1.80371 0)
(1.38649 -2.20578 0)
(1.06308 -2.63305 0)
(0.432931 -3.06142 0)
(1.0725e-08 -4.24524e-09 0)
(4.85846e-08 -1.12381e-08 0)
(1.58591e-07 -3.58703e-08 0)
(4.9388e-07 -1.142e-07 0)
(1.49643e-06 -3.55501e-07 0)
(4.41442e-06 -1.07913e-06 0)
(1.26645e-05 -3.19004e-06 0)
(3.52857e-05 -9.17195e-06 0)
(9.5331e-05 -2.56135e-05 0)
(0.000249321 -6.93688e-05 0)
(0.000630025 -0.0001819 0)
(0.00153504 -0.000460981 0)
(0.0035978 -0.0011268 0)
(0.00809042 -0.00265073 0)
(0.017404 -0.00598656 0)
(0.035697 -0.0129454 0)
(0.0695507 -0.0267236 0)
(0.128185 -0.052496 0)
(0.222437 -0.0977974 0)
(0.36156 -0.172178 0)
(0.547527 -0.285521 0)
(0.768436 -0.444781 0)
(0.996114 -0.6503 0)
(1.19295 -0.895067 0)
(1.32377 -1.16848 0)
(1.36401 -1.46221 0)
(1.30071 -1.77307 0)
(1.11649 -2.0988 0)
(0.805604 -2.40825 0)
(0.310149 -2.67269 0)
(8.20429e-09 -3.74233e-09 0)
(3.71818e-08 -9.91369e-09 0)
(1.21452e-07 -3.16664e-08 0)
(3.78529e-07 -1.009e-07 0)
(1.148e-06 -3.14392e-07 0)
(3.39021e-06 -9.55373e-07 0)
(9.73812e-06 -2.82771e-06 0)
(2.71703e-05 -8.14165e-06 0)
(7.35233e-05 -2.2773e-05 0)
(0.000192639 -6.17897e-05 0)
(0.000487808 -0.000162367 0)
(0.00119138 -0.000412473 0)
(0.00279998 -0.00101102 0)
(0.00631622 -0.00238592 0)
(0.0136367 -0.00540818 0)
(0.0280876 -0.0117439 0)
(0.0549911 -0.0243608 0)
(0.101922 -0.0481217 0)
(0.178018 -0.0902228 0)
(0.291537 -0.160003 0)
(0.445269 -0.267506 0)
(0.630823 -0.420438 0)
(0.825538 -0.620264 0)
(0.996734 -0.860327 0)
(1.11112 -1.12801 0)
(1.14285 -1.40921 0)
(1.07742 -1.69169 0)
(0.905071 -1.96422 0)
(0.628008 -2.20019 0)
(0.232596 -2.37313 0)
(6.04777e-09 -3.12169e-09 0)
(2.74211e-08 -8.27573e-09 0)
(8.96333e-08 -2.64555e-08 0)
(2.79603e-07 -8.43708e-08 0)
(8.48831e-07 -2.63157e-07 0)
(2.5096e-06 -8.00606e-07 0)
(7.21807e-06 -2.37277e-06 0)
(2.01692e-05 -6.84214e-06 0)
(5.46714e-05 -1.91712e-05 0)
(0.000143524 -5.21196e-05 0)
(0.000364243 -0.000137265 0)
(0.000891854 -0.000349602 0)
(0.00210214 -0.000859437 0)
(0.00475783 -0.00203503 0)
(0.0103116 -0.00463069 0)
(0.0213329 -0.0101003 0)
(0.0419801 -0.0210588 0)
(0.0782685 -0.0418444 0)
(0.137642 -0.0789852 0)
(0.227198 -0.141159 0)
(0.350144 -0.238066 0)
(0.501082 -0.377789 0)
(0.662723 -0.563036 0)
(0.808128 -0.788489 0)
(0.907776 -1.0416 0)
(0.936796 -1.30571 0)
(0.880057 -1.56367 0)
(0.731094 -1.79925 0)
(0.495659 -1.98965 0)
(0.179103 -2.11319 0)
(4.29809e-09 -2.47498e-09 0)
(1.94972e-08 -6.56632e-09 0)
(6.37796e-08 -2.10084e-08 0)
(1.99135e-07 -6.7061e-08 0)
(6.05171e-07 -2.09388e-07 0)
(1.79135e-06 -6.37795e-07 0)
(5.15928e-06 -1.89286e-06 0)
(1.44388e-05 -5.46688e-06 0)
(3.92077e-05 -1.53454e-05 0)
(0.000103136 -4.18042e-05 0)
(0.000262347 -0.000110355 0)
(0.000644048 -0.000281815 0)
(0.0015226 -0.000694907 0)
(0.00345801 -0.00165119 0)
(0.00752411 -0.00377227 0)
(0.0156368 -0.00826569 0)
(0.0309324 -0.0173245 0)
(0.0580202 -0.0346328 0)
(0.102748 -0.0658272 0)
(0.17097 -0.118579 0)
(0.265927 -0.201788 0)
(0.384529 -0.323442 0)
(0.51427 -0.487271 0)
(0.634034 -0.689778 0)
(0.719116 -0.919943 0)
(0.747169 -1.16119 0)
(0.703364 -1.3946 0)
(0.582223 -1.60163 0)
(0.390063 -1.76182 0)
(0.138969 -1.85721 0)
(2.94694e-09 -1.87113e-09 0)
(1.33747e-08 -4.96814e-09 0)
(4.37847e-08 -1.59085e-08 0)
(1.36832e-07 -5.08291e-08 0)
(4.16275e-07 -1.58876e-07 0)
(1.2337e-06 -4.84532e-07 0)
(3.55814e-06 -1.44003e-06 0)
(9.97362e-06 -4.1657e-06 0)
(2.71316e-05 -1.17144e-05 0)
(7.15161e-05 -3.19791e-05 0)
(0.00018234 -8.46191e-05 0)
(0.000448826 -0.000216676 0)
(0.00106429 -0.000535933 0)
(0.00242552 -0.00127793 0)
(0.00529851 -0.00293129 0)
(0.0110617 -0.00645257 0)
(0.0219966 -0.0135958 0)
(0.0415085 -0.0273438 0)
(0.0740191 -0.0523343 0)
(0.124153 -0.0950228 0)
(0.19488 -0.163161 0)
(0.284716 -0.264168 0)
(0.385079 -0.402364 0)
(0.480207 -0.576051 0)
(0.550496 -0.7765 0)
(0.577053 -0.988931 0)
(0.546247 -1.19504 0)
(0.45278 -1.37596 0)
(0.301952 -1.5129 0)
(0.106809 -1.59035 0)
(1.95089e-09 -1.35265e-09 0)
(8.85839e-09 -3.59428e-09 0)
(2.90219e-08 -1.15189e-08 0)
(9.07802e-08 -3.68384e-08 0)
(2.7647e-07 -1.15269e-07 0)
(8.20368e-07 -3.51974e-07 0)
(2.36934e-06 -1.04753e-06 0)
(6.65192e-06 -3.03515e-06 0)
(1.81281e-05 -8.55076e-06 0)
(4.78819e-05 -2.33911e-05 0)
(0.000122366 -6.2041e-05 0)
(0.000301999 -0.000159289 0)
(0.000718285 -0.000395195 0)
(0.00164259 -0.000945623 0)
(0.00360228 -0.00217767 0)
(0.00755417 -0.0048154 0)
(0.015099 -0.0101989 0)
(0.0286605 -0.0206336 0)
(0.0514543 -0.0397593 0)
(0.0869753 -0.0727488 0)
(0.137733 -0.12601 0)
(0.203238 -0.206024 0)
(0.277895 -0.317186 0)
(0.350477 -0.459237 0)
(0.406196 -0.625867 0)
(0.429961 -0.804984 0)
(0.410038 -0.980415 0)
(0.341319 -1.13458 0)
(0.227574 -1.2504 0)
(0.080267 -1.31419 0)
(1.24802e-09 -9.3727e-10 0)
(5.66971e-09 -2.49241e-09 0)
(1.85892e-08 -7.99422e-09 0)
(5.82001e-08 -2.55897e-08 0)
(1.77436e-07 -8.01559e-08 0)
(5.27143e-07 -2.45052e-07 0)
(1.52457e-06 -7.30329e-07 0)
(4.28696e-06 -2.11942e-06 0)
(1.17039e-05 -5.98167e-06 0)
(3.09762e-05 -1.63967e-05 0)
(7.93439e-05 -4.35902e-05 0)
(0.00019633 -0.000112212 0)
(0.000468336 -0.000279229 0)
(0.00107459 -0.00067041 0)
(0.00236563 -0.00154984 0)
(0.00498242 -0.00344219 0)
(0.0100081 -0.00732697 0)
(0.0191048 -0.0149079 0)
(0.0345212 -0.028913 0)
(0.058784 -0.0532935 0)
(0.0938712 -0.0930802 0)
(0.139824 -0.153601 0)
(0.193169 -0.238896 0)
(0.246259 -0.34962 0)
(0.288456 -0.481592 0)
(0.308343 -0.625601 0)
(0.29645 -0.768388 0)
(0.248162 -0.894746 0)
(0.165824 -0.989764 0)
(0.0584603 -1.04151 0)
(7.7226e-10 -6.23816e-10 0)
(3.50996e-09 -1.66008e-09 0)
(1.15166e-08 -5.32887e-09 0)
(3.60893e-08 -1.70731e-08 0)
(1.10141e-07 -5.35343e-08 0)
(3.27606e-07 -1.63859e-07 0)
(9.48766e-07 -4.8901e-07 0)
(2.67196e-06 -1.4213e-06 0)
(7.30749e-06 -4.01839e-06 0)
(1.93786e-05 -1.10369e-05 0)
(4.97483e-05 -2.94077e-05 0)
(0.000123409 -7.5896e-05 0)
(0.000295229 -0.000189406 0)
(0.000679594 -0.000456241 0)
(0.00150156 -0.00105865 0)
(0.00317571 -0.00236113 0)
(0.00640918 -0.00504985 0)
(0.0123005 -0.0103304 0)
(0.0223621 -0.0201581 0)
(0.0383433 -0.0374138 0)
(0.0617098 -0.0658546 0)
(0.092725 -0.109616 0)
(0.129333 -0.172103 0)
(0.166538 -0.254402 0)
(0.197031 -0.353961 0)
(0.2126 -0.464183 0)
(0.206055 -0.574876 0)
(0.173541 -0.673751 0)
(0.116344 -0.748468 0)
(0.0410493 -0.789029 0)
(4.62643e-10 -3.99569e-10 0)
(2.10377e-09 -1.06408e-09 0)
(6.90769e-09 -3.41836e-09 0)
(2.16654e-08 -1.09616e-08 0)
(6.61875e-08 -3.44056e-08 0)
(1.97098e-07 -1.0543e-07 0)
(5.7156e-07 -3.15052e-07 0)
(1.61206e-06 -9.17063e-07 0)
(4.41625e-06 -2.59717e-06 0)
(1.17338e-05 -7.1471e-06 0)
(3.01876e-05 -1.90846e-05 0)
(7.50675e-05 -4.93748e-05 0)
(0.000180075 -0.000123561 0)
(0.000415801 -0.000298565 0)
(0.000921921 -0.000695225 0)
(0.00195751 -0.00155677 0)
(0.00396824 -0.00334452 0)
(0.00765428 -0.0068766 0)
(0.0139948 -0.0134955 0)
(0.0241508 -0.0252092 0)
(0.0391494 -0.044692 0)
(0.059299 -0.0749833 0)
(0.0834373 -0.11875 0)
(0.108429 -0.177147 0)
(0.129464 -0.24875 0)
(0.140913 -0.32908 0)
(0.13762 -0.41074 0)
(0.116598 -0.484393 0)
(0.0784558 -0.540405 0)
(0.0277195 -0.570833 0)
(2.68613e-10 -2.46742e-10 0)
(1.22203e-09 -6.57554e-10 0)
(4.01528e-09 -2.11396e-09 0)
(1.26042e-08 -6.78446e-09 0)
(3.85433e-08 -2.1315e-08 0)
(1.14905e-07 -6.53885e-08 0)
(3.33634e-07 -1.95644e-07 0)
(9.42352e-07 -5.70302e-07 0)
(2.58577e-06 -1.61775e-06 0)
(6.88286e-06 -4.46004e-06 0)
(1.77441e-05 -1.19342e-05 0)
(4.42268e-05 -3.09477e-05 0)
(0.00010637 -7.76511e-05 0)
(0.000246333 -0.000188186 0)
(0.000547976 -0.000439663 0)
(0.00116783 -0.000988195 0)
(0.0023773 -0.00213196 0)
(0.00460709 -0.00440422 0)
(0.00846794 -0.00868926 0)
(0.0146997 -0.0163275 0)
(0.0239863 -0.029137 0)
(0.0365971 -0.0492399 0)
(0.0519037 -0.0785928 0)
(0.0680119 -0.118214 0)
(0.0818816 -0.16738 0)
(0.0898288 -0.223199 0)
(0.0883449 -0.280571 0)
(0.0752695 -0.332795 0)
(0.0508314 -0.372772 0)
(0.0179878 -0.394541 0)
(1.5131e-10 -1.47139e-10 0)
(6.88625e-10 -3.92376e-10 0)
(2.26415e-09 -1.26233e-09 0)
(7.11306e-09 -4.05455e-09 0)
(2.17718e-08 -1.27501e-08 0)
(6.49753e-08 -3.91549e-08 0)
(1.88888e-07 -1.17293e-07 0)
(5.3425e-07 -3.42378e-07 0)
(1.46823e-06 -9.72715e-07 0)
(3.91498e-06 -2.6864e-06 0)
(1.01127e-05 -7.20242e-06 0)
(2.5261e-05 -1.87187e-05 0)
(6.09049e-05 -4.70838e-05 0)
(0.000141434 -0.000114425 0)
(0.000315598 -0.000268168 0)
(0.000674925 -0.000604849 0)
(0.00137925 -0.00131003 0)
(0.00268453 -0.00271811 0)
(0.00495819 -0.00538885 0)
(0.00865361 -0.0101808 0)
(0.0142053 -0.0182768 0)
(0.0218167 -0.0310892 0)
(0.0311622 -0.0499721 0)
(0.0411377 -0.0757221 0)
(0.049896 -0.108015 0)
(0.0551267 -0.145063 0)
(0.0545581 -0.183516 0)
(0.04672 -0.218811 0)
(0.0316592 -0.245996 0)
(0.0112211 -0.260843 0)
(8.27656e-11 -8.48589e-11 0)
(3.7682e-10 -2.26443e-10 0)
(1.23974e-09 -7.29001e-10 0)
(3.89776e-09 -2.34328e-09 0)
(1.19409e-08 -7.37519e-09 0)
(3.56725e-08 -2.26715e-08 0)
(1.03822e-07 -6.7993e-08 0)
(2.94033e-07 -1.98729e-07 0)
(8.09251e-07 -5.65427e-07 0)
(2.1614e-06 -1.56415e-06 0)
(5.59337e-06 -4.20139e-06 0)
(1.40009e-05 -1.09419e-05 0)
(3.38347e-05 -2.75868e-05 0)
(7.87746e-05 -6.72173e-05 0)
(0.000176286 -0.000157991 0)
(0.000378211 -0.000357504 0)
(0.000775671 -0.000777111 0)
(0.00151577 -0.00161888 0)
(0.00281199 -0.00322389 0)
(0.00493195 -0.00612075 0)
(0.00813993 -0.0110476 0)
(0.0125754 -0.0189029 0)
(0.0180767 -0.0305756 0)
(0.0240217 -0.0466363 0)
(0.0293288 -0.0669651 0)
(0.0326072 -0.0905017 0)
(0.0324517 -0.115141 0)
(0.0279159 -0.137924 0)
(0.0189758 -0.155569 0)
(0.00673577 -0.165235 0)
(4.40043e-11 -4.741e-11 0)
(2.00435e-10 -1.26566e-10 0)
(6.59817e-10 -4.0773e-10 0)
(2.07595e-09 -1.31155e-09 0)
(6.36508e-09 -4.13133e-09 0)
(1.90334e-08 -1.27119e-08 0)
(5.54557e-08 -3.81645e-08 0)
(1.57248e-07 -1.11683e-07 0)
(4.33384e-07 -3.18202e-07 0)
(1.15931e-06 -8.81617e-07 0)
(3.00532e-06 -2.37219e-06 0)
(7.5373e-06 -6.19009e-06 0)
(1.82541e-05 -1.56405e-05 0)
(4.26019e-05 -3.82019e-05 0)
(9.55921e-05 -9.00342e-05 0)
(0.000205697 -0.000204343 0)
(0.000423256 -0.000445664 0)
(0.00083013 -0.000931838 0)
(0.00154625 -0.00186324 0)
(0.00272405 -0.0035533 0)
(0.00451783 -0.00644482 0)
(0.00701655 -0.0110855 0)
(0.0101432 -0.0180315 0)
(0.0135583 -0.0276638 0)
(0.0166507 -0.0399547 0)
(0.0186146 -0.0542986 0)
(0.0186173 -0.0694267 0)
(0.0160795 -0.0835048 0)
(0.0109604 -0.0944622 0)
(0.00389591 -0.100481 0)
(2.27623e-11 -2.56719e-11 0)
(1.03727e-10 -6.86117e-11 0)
(3.41656e-10 -2.21164e-10 0)
(1.07566e-09 -7.11877e-10 0)
(3.3007e-09 -2.24414e-09 0)
(9.8789e-09 -6.91118e-09 0)
(2.88126e-08 -2.07703e-08 0)
(8.17943e-08 -6.08512e-08 0)
(2.25722e-07 -1.73599e-07 0)
(6.04687e-07 -4.81677e-07 0)
(1.5701e-06 -1.29818e-06 0)
(3.94492e-06 -3.39368e-06 0)
(9.57316e-06 -8.59219e-06 0)
(2.2392e-05 -2.10337e-05 0)
(5.03685e-05 -4.96961e-05 0)
(0.000108681 -0.000113103 0)
(0.000224306 -0.000247428 0)
(0.000441399 -0.00051909 0)
(0.000825193 -0.00104178 0)
(0.0014596 -0.00199476 0)
(0.00243134 -0.00363388 0)
(0.0037939 -0.00627995 0)
(0.00551203 -0.0102659 0)
(0.00740626 -0.0158311 0)
(0.00914241 -0.0229826 0)
(0.0102705 -0.0313864 0)
(0.0103166 -0.0403068 0)
(0.00894168 -0.0486544 0)
(0.00610994 -0.0551793 0)
(0.00217445 -0.058772 0)
(1.14775e-11 -1.35148e-11 0)
(5.2288e-11 -3.61171e-11 0)
(1.72274e-10 -1.16476e-10 0)
(5.42751e-10 -3.75184e-10 0)
(1.66666e-09 -1.18359e-09 0)
(4.99245e-09 -3.64807e-09 0)
(1.45748e-08 -1.0974e-08 0)
(4.14201e-08 -3.21852e-08 0)
(1.14443e-07 -9.19302e-08 0)
(3.06996e-07 -2.55421e-07 0)
(7.98336e-07 -6.89433e-07 0)
(2.0092e-06 -1.80536e-06 0)
(4.88484e-06 -4.57943e-06 0)
(1.14494e-05 -1.12338e-05 0)
(2.5813e-05 -2.66032e-05 0)
(5.58372e-05 -6.07001e-05 0)
(0.000115561 -0.000133161 0)
(0.000228096 -0.000280221 0)
(0.00042784 -0.000564272 0)
(0.000759502 -0.00108439 0)
(0.0012701 -0.00198322 0)
(0.00199022 -0.00344173 0)
(0.00290439 -0.00565109 0)
(0.00392041 -0.00875433 0)
(0.00486141 -0.0127666 0)
(0.00548463 -0.0175098 0)
(0.00553006 -0.0225725 0)
(0.00480783 -0.0273329 0)
(0.00329229 -0.0310677 0)
(0.00117295 -0.0331286 0)
(5.61217e-12 -6.90207e-12 0)
(2.56874e-11 -1.84651e-11 0)
(8.46745e-11 -5.96497e-11 0)
(2.66917e-10 -1.92221e-10 0)
(8.2019e-10 -6.06821e-10 0)
(2.45879e-09 -1.87179e-09 0)
(7.18449e-09 -5.63561e-09 0)
(2.0438e-08 -1.65449e-08 0)
(5.65333e-08 -4.73102e-08 0)
(1.51843e-07 -1.31613e-07 0)
(3.95417e-07 -3.55751e-07 0)
(9.96707e-07 -9.33029e-07 0)
(2.42739e-06 -2.37081e-06 0)
(5.70027e-06 -5.827e-06 0)
(1.28783e-05 -1.38284e-05 0)
(2.79217e-05 -3.16254e-05 0)
(5.79324e-05 -6.95553e-05 0)
(0.000114663 -0.000146779 0)
(0.000215719 -0.000296461 0)
(0.000384189 -0.000571594 0)
(0.000644723 -0.00104906 0)
(0.00101403 -0.00182739 0)
(0.00148564 -0.0030122 0)
(0.00201347 -0.00468509 0)
(0.00250672 -0.00685956 0)
(0.00283866 -0.00944355 0)
(0.00287163 -0.0122149 0)
(0.00250328 -0.0148315 0)
(0.0017174 -0.0168909 0)
(0.000612441 -0.0180295 0)
(2.6984e-12 -3.43255e-12 0)
(1.23118e-11 -9.22011e-12 0)
(4.05952e-11 -2.97214e-11 0)
(1.28049e-10 -9.58514e-11 0)
(3.93717e-10 -3.02771e-10 0)
(1.18116e-09 -9.34592e-10 0)
(3.45412e-09 -2.81617e-09 0)
(9.83521e-09 -8.27527e-09 0)
(2.72333e-08 -2.36877e-08 0)
(7.32307e-08 -6.59741e-08 0)
(1.90948e-07 -1.7856e-07 0)
(4.82001e-07 -4.68985e-07 0)
(1.17573e-06 -1.19359e-06 0)
(2.76578e-06 -2.93878e-06 0)
(6.26053e-06 -6.9877e-06 0)
(1.3602e-05 -1.60148e-05 0)
(2.82863e-05 -3.53041e-05 0)
(5.61252e-05 -7.46889e-05 0)
(0.000105875 -0.000151268 0)
(0.000189111 -0.000292514 0)
(0.000318345 -0.000538551 0)
(0.00050236 -0.000941241 0)
(0.000738556 -0.0015569 0)
(0.00100453 -0.00243013 0)
(0.00125499 -0.00357047 0)
(0.00142583 -0.0049317 0)
(0.00144655 -0.00639769 0)
(0.00126394 -0.00778675 0)
(0.000868545 -0.00888297 0)
(0.000309986 -0.00949009 0)
(1.26285e-12 -1.66151e-12 0)
(5.76203e-12 -4.44559e-12 0)
(1.9002e-11 -1.44351e-11 0)
(5.99739e-11 -4.65636e-11 0)
(1.8451e-10 -1.47171e-10 0)
(5.53904e-10 -4.54581e-10 0)
(1.62102e-09 -1.3708e-09 0)
(4.61961e-09 -4.03151e-09 0)
(1.28037e-08 -1.15511e-08 0)
(3.44662e-08 -3.22062e-08 0)
(8.99764e-08 -8.72707e-08 0)
(2.27422e-07 -2.2952e-07 0)
(5.55545e-07 -5.84994e-07 0)
(1.30894e-06 -1.44266e-06 0)
(2.96805e-06 -3.43637e-06 0)
(6.46084e-06 -7.89093e-06 0)
(1.34636e-05 -1.7432e-05 0)
(2.67744e-05 -3.69632e-05 0)
(5.06303e-05 -7.50468e-05 0)
(9.06697e-05 -0.000145506 0)
(0.000153056 -0.000268647 0)
(0.000242237 -0.000470912 0)
(0.000357223 -0.000781323 0)
(0.000487391 -0.00122336 0)
(0.000610792 -0.00180296 0)
(0.000695924 -0.00249753 0)
(0.000707807 -0.00324825 0)
(0.000619704 -0.00396174 0)
(0.000426445 -0.00452615 0)
(0.000152308 -0.00483918 0)
(5.7338e-13 -7.88587e-13 0)
(2.63758e-12 -2.12082e-12 0)
(8.69109e-12 -6.82983e-12 0)
(2.74441e-11 -2.20596e-11 0)
(8.44863e-11 -6.97619e-11 0)
(2.53771e-10 -2.15607e-10 0)
(7.43184e-10 -6.50612e-10 0)
(2.1196e-09 -1.91493e-09 0)
(5.87981e-09 -5.49149e-09 0)
(1.58432e-08 -1.53261e-08 0)
(4.14048e-08 -4.15754e-08 0)
(1.04779e-07 -1.09475e-07 0)
(2.56292e-07 -2.79401e-07 0)
(6.04735e-07 -6.9005e-07 0)
(1.37342e-06 -1.64633e-06 0)
(2.99481e-06 -3.78711e-06 0)
(6.25252e-06 -8.38214e-06 0)
(1.24592e-05 -1.78105e-05 0)
(2.36116e-05 -3.62411e-05 0)
(4.23825e-05 -7.04333e-05 0)
(7.17207e-05 -0.000130367 0)
(0.000113805 -0.000229123 0)
(0.000168281 -0.000381185 0)
(0.000230235 -0.000598483 0)
(0.000289306 -0.000884415 0)
(0.000330455 -0.00122823 0)
(0.000336832 -0.001601 0)
(0.000295422 -0.00195622 0)
(0.000203541 -0.00223777 0)
(7.27412e-05 -0.00239412 0)
(2.5519e-13 -3.56494e-13 0)
(1.18002e-12 -9.63978e-13 0)
(3.88397e-12 -3.15334e-12 0)
(1.22827e-11 -1.01959e-11 0)
(3.78186e-11 -3.22709e-11 0)
(1.13679e-10 -9.98064e-11 0)
(3.3311e-10 -3.01371e-10 0)
(9.50733e-10 -8.87656e-10 0)
(2.63946e-09 -2.54759e-09 0)
(7.11837e-09 -7.11642e-09 0)
(1.86215e-08 -1.93241e-08 0)
(4.71751e-08 -5.09399e-08 0)
(1.1553e-07 -1.30167e-07 0)
(2.72957e-07 -3.21911e-07 0)
(6.20804e-07 -7.69142e-07 0)
(1.35581e-06 -1.77211e-06 0)
(2.8354e-06 -3.92904e-06 0)
(5.66029e-06 -8.36399e-06 0)
(1.07477e-05 -1.70531e-05 0)
(1.9332e-05 -3.32125e-05 0)
(3.27857e-05 -6.16115e-05 0)
(5.21432e-05 -0.000108536 0)
(7.72863e-05 -0.000181001 0)
(0.000105996 -0.000284871 0)
(0.000133507 -0.00042197 0)
(0.000152829 -0.000587314 0)
(0.000156074 -0.000767059 0)
(0.000137095 -0.000938733 0)
(9.45556e-05 -0.00107504 0)
(3.38103e-05 -0.00115082 0)
(1.12391e-13 -1.65647e-13 0)
(5.18276e-13 -4.31085e-13 0)
(1.69847e-12 -1.42732e-12 0)
(5.3768e-12 -4.60854e-12 0)
(1.65701e-11 -1.4591e-11 0)
(4.98219e-11 -4.51342e-11 0)
(1.4608e-10 -1.36364e-10 0)
(4.1719e-10 -4.01912e-10 0)
(1.15906e-09 -1.15432e-09 0)
(3.12841e-09 -3.22711e-09 0)
(8.19117e-09 -8.77092e-09 0)
(2.07717e-08 -2.31441e-08 0)
(5.09242e-08 -5.92057e-08 0)
(1.20459e-07 -1.46597e-07 0)
(2.74322e-07 -3.50729e-07 0)
(5.99946e-07 -8.09243e-07 0)
(1.25657e-06 -1.79701e-06 0)
(2.51254e-06 -3.8318e-06 0)
(4.77907e-06 -7.82651e-06 0)
(8.61193e-06 -1.52716e-05 0)
(1.46335e-05 -2.83863e-05 0)
(2.33206e-05 -5.0109e-05 0)
(3.46378e-05 -8.37417e-05 0)
(4.76059e-05 -0.000132078 0)
(6.00861e-05 -0.000196051 0)
(6.89135e-05 -0.000273402 0)
(7.0493e-05 -0.000357685 0)
(6.20021e-05 -0.000438342 0)
(4.28023e-05 -0.00050248 0)
(1.53119e-05 -0.000538166 0)
(2.20083e-14 -6.75356e-14 0)
(2.26294e-13 -1.97903e-13 0)
(7.24747e-13 -6.2294e-13 0)
(2.30427e-12 -2.03144e-12 0)
(7.10635e-12 -6.44074e-12 0)
(2.13777e-11 -1.99532e-11 0)
(6.27199e-11 -6.03213e-11 0)
(1.79227e-10 -1.77891e-10 0)
(4.98245e-10 -5.11265e-10 0)
(1.34579e-09 -1.43039e-09 0)
(3.52656e-09 -3.8908e-09 0)
(8.95081e-09 -1.02761e-08 0)
(2.19653e-08 -2.6314e-08 0)
(5.20136e-08 -6.52265e-08 0)
(1.18588e-07 -1.56239e-07 0)
(2.59679e-07 -3.60959e-07 0)
(5.44623e-07 -8.02666e-07 0)
(1.09056e-06 -1.7141e-06 0)
(2.07754e-06 -3.50665e-06 0)
(3.74983e-06 -6.85395e-06 0)
(6.38262e-06 -1.27623e-05 0)
(1.01897e-05 -2.25698e-05 0)
(1.51623e-05 -3.77886e-05 0)
(2.08777e-05 -5.97118e-05 0)
(2.63987e-05 -8.87952e-05 0)
(3.03273e-05 -0.00012404 0)
(3.10669e-05 -0.00016252 0)
(2.73559e-05 -0.000199407 0)
(1.88995e-05 -0.000228777 0)
(6.76369e-06 -0.000245131 0)
(1.88157e-14 -3.15838e-14 0)
(9.22314e-14 -7.72796e-14 0)
(3.0391e-13 -2.7283e-13 0)
(9.6381e-13 -8.80314e-13 0)
(2.9882e-12 -2.78777e-12 0)
(8.98861e-12 -8.63245e-12 0)
(2.63809e-11 -2.61104e-11 0)
(7.54278e-11 -7.70396e-11 0)
(2.09806e-10 -2.21529e-10 0)
(5.67065e-10 -6.20188e-10 0)
(1.48704e-09 -1.68822e-09 0)
(3.77728e-09 -4.46245e-09 0)
(9.27758e-09 -1.14372e-08 0)
(2.19901e-08 -2.83782e-08 0)
(5.01881e-08 -6.80478e-08 0)
(1.10022e-07 -1.57394e-07 0)
(2.31026e-07 -3.50434e-07 0)
(4.63204e-07 -7.49354e-07 0)
(8.83606e-07 -1.53518e-06 0)
(1.59714e-06 -3.00506e-06 0)
(2.72257e-06 -5.60424e-06 0)
(4.35325e-06 -9.92686e-06 0)
(6.48805e-06 -1.66477e-05 0)
(8.94821e-06 -2.6349e-05 0)
(1.13324e-05 -3.92452e-05 0)
(1.30377e-05 -5.49037e-05 0)
(1.33721e-05 -7.20299e-05 0)
(1.17863e-05 -8.84708e-05 0)
(8.14838e-06 -0.000101575 0)
(2.9171e-06 -0.000108877 0)
(6.71999e-15 -1.31039e-14 0)
(3.99837e-14 -3.86397e-14 0)
(1.22303e-13 -1.11887e-13 0)
(3.96477e-13 -3.7195e-13 0)
(1.23412e-12 -1.18473e-12 0)
(3.70303e-12 -3.65566e-12 0)
(1.08779e-11 -1.10668e-11 0)
(3.11075e-11 -3.26617e-11 0)
(8.65996e-11 -9.39712e-11 0)
(2.34195e-10 -2.6324e-10 0)
(6.14532e-10 -7.17036e-10 0)
(1.56209e-09 -1.8967e-09 0)
(3.83971e-09 -4.86515e-09 0)
(9.10875e-09 -1.20821e-08 0)
(2.0808e-08 -2.89992e-08 0)
(4.56605e-08 -6.71442e-08 0)
(9.59798e-08 -1.49661e-07 0)
(1.92655e-07 -3.20408e-07 0)
(3.67947e-07 -6.57233e-07 0)
(6.65905e-07 -1.28821e-06 0)
(1.13662e-06 -2.40572e-06 0)
(1.81986e-06 -4.26728e-06 0)
(2.71607e-06 -7.16663e-06 0)
(3.75124e-06 -1.13591e-05 0)
(4.75725e-06 -1.69422e-05 0)
(5.47997e-06 -2.37327e-05 0)
(5.62657e-06 -3.11708e-05 0)
(4.96348e-06 -3.83203e-05 0)
(3.43343e-06 -4.40243e-05 0)
(1.22951e-06 -4.72044e-05 0)
(3.86391e-15 -5.37597e-15 0)
(8.90407e-15 -1.54559e-14 0)
(5.17436e-14 -4.50237e-14 0)
(1.58927e-13 -1.53215e-13 0)
(4.97781e-13 -4.88205e-13 0)
(1.49418e-12 -1.51905e-12 0)
(4.39603e-12 -4.59309e-12 0)
(1.25861e-11 -1.35656e-11 0)
(3.50578e-11 -3.90564e-11 0)
(9.48543e-11 -1.09456e-10 0)
(2.49049e-10 -2.98318e-10 0)
(6.33445e-10 -7.89624e-10 0)
(1.55812e-09 -2.02688e-09 0)
(3.69901e-09 -5.03746e-09 0)
(8.45682e-09 -1.21011e-08 0)
(1.85735e-08 -2.80442e-08 0)
(3.90785e-08 -6.25706e-08 0)
(7.85176e-08 -1.34097e-07 0)
(1.50115e-07 -2.75369e-07 0)
(2.71971e-07 -5.40361e-07 0)
(4.64748e-07 -1.01033e-06 0)
(7.44983e-07 -1.79433e-06 0)
(1.1132e-06 -3.01722e-06 0)
(1.53935e-06 -4.78823e-06 0)
(1.95449e-06 -7.15033e-06 0)
(2.25385e-06 -1.00275e-05 0)
(2.31627e-06 -1.31831e-05 0)
(2.04476e-06 -1.62195e-05 0)
(1.41513e-06 -1.8644e-05 0)
(5.06884e-07 -1.99964e-05 0)
(-3.35961e-16 3.35992e-15 0)
(3.52797e-15 -3.69598e-15 0)
(1.86478e-14 -1.74719e-14 0)
(6.09836e-14 -5.84637e-14 0)
(1.96055e-13 -1.93199e-13 0)
(5.94716e-13 -6.13196e-13 0)
(1.74198e-12 -1.86882e-12 0)
(4.99746e-12 -5.52481e-12 0)
(1.39256e-11 -1.59132e-11 0)
(3.76951e-11 -4.46145e-11 0)
(9.90358e-11 -1.21658e-10 0)
(2.52031e-10 -3.22201e-10 0)
(6.20297e-10 -8.27575e-10 0)
(1.47357e-09 -2.05821e-09 0)
(3.37129e-09 -4.94797e-09 0)
(7.4099e-09 -1.14762e-08 0)
(1.56029e-08 -2.5627e-08 0)
(3.13767e-08 -5.49725e-08 0)
(6.00418e-08 -1.12995e-07 0)
(1.08883e-07 -2.21956e-07 0)
(1.86242e-07 -4.15431e-07 0)
(2.98843e-07 -7.3859e-07 0)
(4.47008e-07 -1.2433e-06 0)
(6.1878e-07 -1.97519e-06 0)
(7.8646e-07 -2.95267e-06 0)
(9.07759e-07 -4.14478e-06 0)
(9.33632e-07 -5.45376e-06 0)
(8.24699e-07 -6.71443e-06 0)
(5.70989e-07 -7.72172e-06 0)
(2.04564e-07 -8.28381e-06 0)
(3.35968e-16 3.35959e-16 0)
(6.72025e-16 -2.68801e-15 0)
(2.52005e-15 -6.38394e-15 0)
(1.96559e-14 -2.72157e-14 0)
(7.76154e-14 -7.99674e-14 0)
(2.2747e-13 -2.4763e-13 0)
(6.82243e-13 -7.41883e-13 0)
(1.94643e-12 -2.2065e-12 0)
(5.43241e-12 -6.35607e-12 0)
(1.47096e-11 -1.78391e-11 0)
(3.86612e-11 -4.86656e-11 0)
(9.84346e-11 -1.28945e-10 0)
(2.42408e-10 -3.31379e-10 0)
(5.76182e-10 -8.24639e-10 0)
(1.31901e-09 -1.98372e-09 0)
(2.90101e-09 -4.60422e-09 0)
(6.11286e-09 -1.02893e-08 0)
(1.23017e-08 -2.20891e-08 0)
(2.35583e-08 -4.5442e-08 0)
(4.27563e-08 -8.93396e-08 0)
(7.31942e-08 -1.67366e-07 0)
(1.17547e-07 -2.97831e-07 0)
(1.7598e-07 -5.01816e-07 0)
(2.43822e-07 -7.97956e-07 0)
(3.10165e-07 -1.19392e-06 0)
(3.58287e-07 -1.67735e-06 0)
(3.68744e-07 -2.20868e-06 0)
(3.25887e-07 -2.72081e-06 0)
(2.25709e-07 -3.13023e-06 0)
(8.0877e-08 -3.35878e-06 0)
(3.35987e-16 -5.71187e-15 0)
(-4.5359e-15 -6.04789e-15 0)
(1.51196e-15 5.7118e-15 0)
(6.04801e-15 -1.68008e-15 0)
(3.37677e-14 -2.38559e-14 0)
(8.14795e-14 -9.03834e-14 0)
(2.60902e-13 -2.89294e-13 0)
(7.39195e-13 -8.64186e-13 0)
(2.07747e-12 -2.49411e-12 0)
(5.62981e-12 -6.99446e-12 0)
(1.48311e-11 -1.91005e-11 0)
(3.77604e-11 -5.06409e-11 0)
(9.30421e-11 -1.30202e-10 0)
(2.21254e-10 -3.24183e-10 0)
(5.06766e-10 -7.80297e-10 0)
(1.11518e-09 -1.81215e-09 0)
(2.35125e-09 -4.05232e-09 0)
(4.73464e-09 -8.70555e-09 0)
(9.07298e-09 -1.79221e-08 0)
(1.64777e-08 -3.52615e-08 0)
(2.82277e-08 -6.61086e-08 0)
(4.5365e-08 -1.17734e-07 0)
(6.79662e-08 -1.98526e-07 0)
(9.4239e-08 -3.15932e-07 0)
(1.1997e-07 -4.73066e-07 0)
(1.38675e-07 -6.65092e-07 0)
(1.42802e-07 -8.76312e-07 0)
(1.26259e-07 -1.08003e-06 0)
(8.74721e-08 -1.24298e-06 0)
(3.13477e-08 -1.33396e-06 0)
(8.39973e-16 -1.344e-15 0)
(1.00794e-15 3.69593e-15 0)
(3.52795e-15 -5.03988e-15 0)
(3.19194e-15 -3.35996e-15 0)
(9.744e-15 -8.73589e-15 0)
(3.17517e-14 -3.39358e-14 0)
(9.32394e-14 -1.10879e-13 0)
(2.72326e-13 -3.32638e-13 0)
(7.82371e-13 -9.5457e-13 0)
(2.11679e-12 -2.69537e-12 0)
(5.58714e-12 -7.36742e-12 0)
(1.42372e-11 -1.95292e-11 0)
(3.50882e-11 -5.0233e-11 0)
(8.3484e-11 -1.25124e-10 0)
(1.91297e-10 -3.01305e-10 0)
(4.21149e-10 -7.00122e-10 0)
(8.88386e-10 -1.56646e-09 0)
(1.78984e-09 -3.36717e-09 0)
(3.43172e-09 -6.93623e-09 0)
(6.23592e-09 -1.36556e-08 0)
(1.06888e-08 -2.56183e-08 0)
(1.71881e-08 -4.56541e-08 0)
(2.5767e-08 -7.70344e-08 0)
(3.57499e-08 -1.22672e-07 0)
(4.5539e-08 -1.83804e-07 0)
(5.26687e-08 -2.58569e-07 0)
(5.42611e-08 -3.40864e-07 0)
(4.7992e-08 -4.20281e-07 0)
(3.32565e-08 -4.83827e-07 0)
(1.19196e-08 -5.19318e-07 0)
(-1.17595e-15 -6.7202e-16 0)
(6.71984e-16 -3.36019e-16 0)
(2.85597e-15 -4.36794e-15 0)
(1.00802e-15 -1.68002e-15 0)
(4.87196e-15 -2.01604e-15 0)
(1.07519e-14 -1.34398e-14 0)
(3.20878e-14 -3.79678e-14 0)
(9.99593e-14 -1.23983e-13 0)
(2.83414e-13 -3.57838e-13 0)
(7.83043e-13 -1.01639e-12 0)
(2.06807e-12 -2.78744e-12 0)
(5.27248e-12 -7.39296e-12 0)
(1.30092e-11 -1.90329e-11 0)
(3.09637e-11 -4.74355e-11 0)
(7.09819e-11 -1.14279e-10 0)
(1.56326e-10 -2.65659e-10 0)
(3.29902e-10 -5.94667e-10 0)
(6.64929e-10 -1.27889e-09 0)
(1.27543e-09 -2.63581e-09 0)
(2.31869e-09 -5.19195e-09 0)
(3.97621e-09 -9.74551e-09 0)
(6.39697e-09 -1.73769e-08 0)
(9.59455e-09 -2.93369e-08 0)
(1.33186e-08 -4.67427e-08 0)
(1.69741e-08 -7.0074e-08 0)
(1.96406e-08 -9.86269e-08 0)
(2.0242e-08 -1.30073e-07 0)
(1.79084e-08 -1.60434e-07 0)
(1.2412e-08 -1.84735e-07 0)
(4.44905e-09 -1.9831e-07 0)
(-3.36003e-16 -4.70392e-15 0)
(-1.34397e-15 2.01588e-15 0)
(4.36794e-15 -6.71989e-15 0)
(2.016e-15 -5.71186e-15 0)
(6.21592e-15 -5.37591e-15 0)
(4.19997e-15 -2.01602e-15 0)
(1.07519e-14 -1.0416e-14 0)
(3.05758e-14 -3.99838e-14 0)
(1.00799e-13 -1.33391e-13 0)
(2.84758e-13 -3.76989e-13 0)
(7.49947e-13 -1.03588e-12 0)
(1.91519e-12 -2.75518e-12 0)
(4.74328e-12 -7.0909e-12 0)
(1.12959e-11 -1.76775e-11 0)
(2.59007e-11 -4.26001e-11 0)
(5.70627e-11 -9.90609e-11 0)
(1.20462e-10 -2.21828e-10 0)
(2.42872e-10 -4.7725e-10 0)
(4.66024e-10 -9.84022e-10 0)
(8.47515e-10 -1.93913e-09 0)
(1.45388e-09 -3.64142e-09 0)
(2.33986e-09 -6.49574e-09 0)
(3.51083e-09 -1.09714e-08 0)
(4.87551e-09 -1.74886e-08 0)
(6.2162e-09 -2.62294e-08 0)
(7.19533e-09 -3.69323e-08 0)
(7.41786e-09 -4.87253e-08 0)
(6.56413e-09 -6.01152e-08 0)
(4.55015e-09 -6.92343e-08 0)
(1.63109e-09 -7.43292e-08 0)
(-1.68016e-16 3.35969e-16 0)
(-7.89587e-15 -1.57916e-14 0)
(3.69593e-15 1.67992e-15 0)
(3.02397e-15 3.3587e-16 0)
(6.71992e-15 -2.68794e-15 0)
(1.84801e-15 -1.68003e-15 0)
(2.85596e-15 -5.71195e-15 0)
(1.092e-14 -1.2432e-14 0)
(3.46077e-14 -4.36797e-14 0)
(9.59274e-14 -1.35743e-13 0)
(2.63254e-13 -3.72622e-13 0)
(6.84091e-13 -1.00766e-12 0)
(1.69628e-12 -2.59659e-12 0)
(4.05885e-12 -6.47904e-12 0)
(9.30008e-12 -1.56131e-11 0)
(2.04945e-11 -3.63146e-11 0)
(4.32706e-11 -8.13454e-11 0)
(8.72635e-11 -1.75068e-10 0)
(1.67487e-10 -3.61089e-10 0)
(3.04669e-10 -7.11822e-10 0)
(5.22779e-10 -1.33715e-09 0)
(8.4158e-10 -2.3861e-09 0)
(1.26311e-09 -4.03157e-09 0)
(1.75463e-09 -6.42861e-09 0)
(2.23784e-09 -9.64499e-09 0)
(2.59106e-09 -1.35851e-08 0)
(2.6718e-09 -1.79281e-08 0)
(2.36468e-09 -2.21239e-08 0)
(1.63933e-09 -2.54839e-08 0)
(5.87677e-10 -2.73613e-08 0)
(-1.49962e-20 1.67991e-15 0)
(-7.89588e-15 -1.00811e-15 0)
(3.69591e-15 -1.00802e-15 0)
(1.68e-15 -4.03189e-15 0)
(5.03995e-15 -3.36066e-16 0)
(6.72015e-16 -6.04788e-15 0)
(3.19198e-15 -6.38387e-15 0)
(5.54393e-15 -6.72029e-16 0)
(1.05839e-14 -1.24319e-14 0)
(2.82239e-14 -4.67037e-14 0)
(9.17273e-14 -1.34735e-13 0)
(2.36879e-13 -3.5683e-13 0)
(5.98412e-13 -9.2937e-13 0)
(1.43253e-12 -2.33518e-12 0)
(3.28203e-12 -5.62427e-12 0)
(7.24579e-12 -1.30928e-11 0)
(1.52966e-11 -2.93356e-11 0)
(3.0855e-11 -6.31619e-11 0)
(5.92302e-11 -1.30312e-10 0)
(1.07765e-10 -2.56936e-10 0)
(1.84946e-10 -4.82785e-10 0)
(2.97783e-10 -8.61741e-10 0)
(4.47025e-10 -1.45639e-09 0)
(6.2112e-10 -2.32291e-09 0)
(7.92343e-10 -3.48605e-09 0)
(9.17608e-10 -4.91138e-09 0)
(9.46345e-10 -6.48292e-09 0)
(8.37659e-10 -8.00152e-09 0)
(5.80758e-10 -9.2178e-09 0)
(2.08199e-10 -9.89746e-09 0)
(6.71966e-16 -1.67997e-15 0)
(-3.69597e-15 -1.67998e-15 0)
(-1.34391e-15 -5.03993e-15 0)
(-3.35945e-16 -3.35995e-15 0)
(8.23181e-15 -6.72013e-16 0)
(9.65281e-20 -3.36047e-16 0)
(7.89581e-15 -3.68431e-20 0)
(-2.18389e-15 -1.67998e-15 0)
(-3.35982e-16 -6.71994e-15 0)
(7.39193e-15 -1.81438e-14 0)
(2.73839e-14 -4.40157e-14 0)
(8.09754e-14 -1.24991e-13 0)
(2.03447e-13 -3.30286e-13 0)
(4.97109e-13 -8.21515e-13 0)
(1.14239e-12 -1.99482e-12 0)
(2.5215e-12 -4.64416e-12 0)
(5.3254e-12 -1.04153e-11 0)
(1.07417e-11 -2.24218e-11 0)
(2.06177e-11 -4.62679e-11 0)
(3.75254e-11 -9.12476e-11 0)
(6.43938e-11 -1.71482e-10 0)
(1.0371e-10 -3.06131e-10 0)
(1.55696e-10 -5.1747e-10 0)
(2.16368e-10 -8.25507e-10 0)
(2.76049e-10 -1.23909e-09 0)
(3.19742e-10 -1.74604e-09 0)
(3.29783e-10 -2.30511e-09 0)
(2.91936e-10 -2.84543e-09 0)
(2.02409e-10 -3.27823e-09 0)
(7.25609e-11 -3.5201e-09 0)
(-6.53176e-21 -2.01592e-15 0)
(-1.84794e-15 6.7198e-16 0)
(2.18393e-15 -8.84304e-20 0)
(2.18398e-15 -1.00801e-15 0)
(-1.00793e-15 -5.37589e-15 0)
(3.52796e-15 -5.71194e-15 0)
(3.36053e-16 -1.34398e-15 0)
(5.03988e-15 -5.71191e-15 0)
(-1.34397e-15 -4.03198e-15 0)
(1.00797e-15 -4.70399e-15 0)
(1.12559e-14 -1.41119e-14 0)
(2.40239e-14 -4.26717e-14 0)
(6.60236e-14 -1.14911e-13 0)
(1.69847e-13 -2.83246e-13 0)
(3.92949e-13 -6.87115e-13 0)
(8.65194e-13 -1.61951e-12 0)
(1.8243e-12 -3.63415e-12 0)
(3.68707e-12 -7.83076e-12 0)
(7.06418e-12 -1.61692e-11 0)
(1.28633e-11 -3.18875e-11 0)
(2.20828e-11 -5.99417e-11 0)
(3.556e-11 -1.07025e-10 0)
(5.3391e-11 -1.80924e-10 0)
(7.42041e-11 -2.88664e-10 0)
(9.46768e-11 -4.33335e-10 0)
(1.09681e-10 -6.10707e-10 0)
(1.13127e-10 -8.06329e-10 0)
(1.00139e-10 -9.95418e-10 0)
(6.94338e-11 -1.14688e-09 0)
(2.48899e-11 -1.23153e-09 0)
(9.10444e-22 3.35943e-16 0)
(3.3595e-16 -4.03195e-15 0)
(1.68002e-15 -3.35898e-16 0)
(2.51997e-15 1.00794e-15 0)
(3.36065e-16 6.71933e-16 0)
(1.54557e-14 -1.34396e-15 0)
(-1.51191e-15 -8.39991e-15 0)
(-4.87196e-15 6.71939e-16 0)
(-1.84795e-15 1.344e-15 0)
(-6.8879e-15 -4.70397e-15 0)
(1.51199e-15 -6.71994e-16 0)
(8.7359e-15 -1.57919e-14 0)
(1.64639e-14 -3.49438e-14 0)
(5.40957e-14 -9.47513e-14 0)
(1.31375e-13 -2.36206e-13 0)
(2.92318e-13 -5.52716e-13 0)
(6.1874e-13 -1.25462e-12 0)
(1.24336e-12 -2.69739e-12 0)
(2.3881e-12 -5.56513e-12 0)
(4.34663e-12 -1.09834e-11 0)
(7.45478e-12 -2.06336e-11 0)
(1.20138e-11 -3.68371e-11 0)
(1.80367e-11 -6.22795e-11 0)
(2.50632e-11 -9.93673e-11 0)
(3.19779e-11 -1.49176e-10 0)
(3.7053e-11 -2.10242e-10 0)
(3.82108e-11 -2.77613e-10 0)
(3.38293e-11 -3.42728e-10 0)
(2.34573e-11 -3.94895e-10 0)
(8.40582e-12 -4.2405e-10 0)
(-1.17452e-20 -4.03197e-15 0)
(-4.53592e-15 2.01596e-15 0)
(1.84797e-15 -3.02404e-15 0)
(4.53591e-15 -2.68798e-15 0)
(6.38394e-15 -2.68793e-15 0)
(1.68003e-15 6.71936e-16 0)
(-2.688e-15 1.07518e-14 0)
(-6.21588e-15 -1.00798e-15 0)
(8.73585e-15 -3.69606e-15 0)
(-7.05593e-15 -3.02391e-15 0)
(-1.34395e-15 -3.36008e-16 0)
(3.52795e-15 6.04788e-15 0)
(4.536e-15 -9.07193e-15 0)
(1.98238e-14 -3.02398e-14 0)
(3.96478e-14 -7.49275e-14 0)
(9.81113e-14 -1.89167e-13 0)
(2.03111e-13 -4.19997e-13 0)
(4.10589e-13 -9.15258e-13 0)
(7.94467e-13 -1.8873e-12 0)
(1.4458e-12 -3.71714e-12 0)
(2.48504e-12 -6.9911e-12 0)
(3.994e-12 -1.24934e-11 0)
(6.0021e-12 -2.11033e-11 0)
(8.34669e-12 -3.36767e-11 0)
(1.06382e-11 -5.05798e-11 0)
(1.23331e-11 -7.12796e-11 0)
(1.2719e-11 -9.41197e-11 0)
(1.12547e-11 -1.16196e-10 0)
(7.80657e-12 -1.33878e-10 0)
(2.79634e-12 -1.43758e-10 0)
(1.67978e-16 1.67999e-15 0)
(-6.71986e-15 -5.71187e-15 0)
(4.7039e-15 2.13042e-20 0)
(-2.01588e-15 1.008e-15 0)
(8.39984e-15 -2.01602e-15 0)
(5.04027e-16 -2.6879e-15 0)
(-2.35197e-15 -6.71986e-15 0)
(-2.01595e-15 -1.07518e-14 0)
(9.7438e-15 -6.04779e-15 0)
(-1.31038e-14 3.02388e-15 0)
(1.84792e-15 -2.68794e-15 0)
(-1.84793e-15 -1.34404e-15 0)
(6.21587e-15 -2.68794e-15 0)
(1.34408e-15 -9.15797e-20 0)
(1.17599e-14 -2.68798e-14 0)
(3.12478e-14 -6.04797e-14 0)
(6.87115e-14 -1.40447e-13 0)
(1.33727e-13 -3.05758e-13 0)
(2.56366e-13 -6.31004e-13 0)
(4.72581e-13 -1.24554e-12 0)
(8.1513e-13 -2.3372e-12 0)
(1.30787e-12 -4.17242e-12 0)
(1.96676e-12 -7.05696e-12 0)
(2.74325e-12 -1.12546e-11 0)
(3.4895e-12 -1.68883e-11 0)
(4.05012e-12 -2.38068e-11 0)
(4.16889e-12 -3.14339e-11 0)
(3.69077e-12 -3.88047e-11 0)
(2.5603e-12 -4.47129e-11 0)
(9.16266e-13 -4.8011e-11 0)
(1.68001e-16 -3.36079e-16 0)
(-6.72044e-16 3.35904e-16 0)
(-1.17598e-15 -4.36795e-15 0)
(3.35978e-16 -4.36798e-15 0)
(-8.39906e-16 -2.68796e-15 0)
(2.51997e-15 -6.72034e-16 0)
(3.02391e-15 -5.0399e-15 0)
(-1.17596e-15 -1.68006e-15 0)
(-2.18392e-15 2.68783e-15 0)
(1.00793e-15 3.36017e-16 0)
(4.36791e-15 -5.17641e-20 0)
(4.5359e-15 -3.35988e-15 0)
(-9.40779e-15 -3.35976e-16 0)
(2.51993e-15 -3.35998e-16 0)
(3.35996e-15 -5.03995e-15 0)
(9.23992e-15 -1.37759e-14 0)
(1.2768e-14 -4.06558e-14 0)
(4.40157e-14 -9.44154e-14 0)
(8.03035e-14 -2.03951e-13 0)
(1.52375e-13 -4.03869e-13 0)
(2.62246e-13 -7.64395e-13 0)
(4.21845e-13 -1.36919e-12 0)
(6.44276e-13 -2.31536e-12 0)
(8.81154e-13 -3.69866e-12 0)
(1.12929e-12 -5.55606e-12 0)
(1.31174e-12 -7.83211e-12 0)
(1.35205e-12 -1.03403e-11 0)
(1.18658e-12 -1.27656e-11 0)
(8.30922e-13 -1.47083e-11 0)
(2.92654e-13 -1.57976e-11 0)
(3.3598e-16 -7.39178e-15 0)
(2.352e-15 -1.00797e-15 0)
(-3.86393e-15 -2.68795e-15 0)
(1.51196e-15 -1.67993e-15 0)
(-3.69595e-15 -1.34401e-15 0)
(1.68016e-16 -2.68799e-15 0)
(2.18398e-15 1.67985e-15 0)
(2.18396e-15 -3.69588e-15 0)
(4.03191e-15 -6.71957e-16 0)
(-3.19192e-15 6.7199e-16 0)
(1.344e-15 -5.71186e-15 0)
(-5.0398e-16 6.71956e-16 0)
(-5.04017e-16 2.01592e-15 0)
(-8.4e-16 -1.00796e-15 0)
(-1.67982e-16 1.34393e-15 0)
(6.55185e-15 -4.03196e-15 0)
(1.681e-16 -2.01597e-14 0)
(9.91199e-15 -2.82239e-14 0)
(2.15038e-14 -6.58555e-14 0)
(5.72874e-14 -1.32047e-13 0)
(7.94636e-14 -2.48638e-13 0)
(1.31711e-13 -4.46541e-13 0)
(2.05799e-13 -7.56331e-13 0)
(2.7787e-13 -1.21094e-12 0)
(3.59853e-13 -1.80632e-12 0)
(4.18821e-13 -2.54048e-12 0)
(4.30581e-13 -3.35527e-12 0)
(3.77325e-13 -4.14722e-12 0)
(2.67286e-13 -4.77654e-12 0)
(9.32394e-14 -5.13136e-12 0)
(-1.34396e-15 -1.34407e-15 0)
(3.35959e-16 3.3595e-16 0)
(-2.01596e-15 -2.68793e-15 0)
(1.344e-15 3.35922e-16 0)
(2.68793e-15 -6.71988e-16 0)
(3.52792e-15 -4.03197e-15 0)
(-2.51989e-15 -9.07183e-15 0)
(2.51994e-15 -3.35997e-15 0)
(1.00801e-15 -1.34401e-15 0)
(-1.34396e-15 -6.72016e-16 0)
(1.51197e-15 -2.68803e-15 0)
(-2.18396e-15 -4.36796e-15 0)
(2.18396e-15 1.68e-15 0)
(1.51194e-15 -2.6879e-15 0)
(-5.5439e-15 -3.35996e-15 0)
(2.01601e-15 -3.35999e-15 0)
(3.02391e-15 -5.3759e-15 0)
(1.17594e-15 -8.73596e-15 0)
(-1.67983e-15 -1.68e-14 0)
(1.59599e-14 -3.86397e-14 0)
(2.80558e-14 -7.59355e-14 0)
(3.61198e-14 -1.39775e-13 0)
(6.51836e-14 -2.37214e-13 0)
(8.92074e-14 -3.77326e-13 0)
(1.07351e-13 -5.76236e-13 0)
(1.37255e-13 -8.08411e-13 0)
(1.37927e-13 -1.07486e-12 0)
(1.18439e-13 -1.32081e-12 0)
(8.09756e-14 -1.52913e-12 0)
(2.92318e-14 -1.63295e-12 0)
(-5.03995e-16 -4.36787e-15 0)
(-2.18396e-15 4.03195e-15 0)
(2.51994e-15 3.02387e-15 0)
(2.01597e-15 -3.02391e-15 0)
(-1.67965e-16 -2.35198e-15 0)
(3.3603e-16 -4.03194e-15 0)
(4.87187e-15 6.71967e-16 0)
(-2.35191e-15 3.69589e-15 0)
(5.04019e-16 3.20836e-20 0)
(5.20791e-15 3.36054e-16 0)
(5.03939e-16 -2.73944e-20 0)
(-1.84795e-15 -2.01593e-15 0)
(-3.52795e-15 -1.34399e-15 0)
(1.68008e-16 9.7437e-15 0)
(-1.68e-16 -6.71945e-16 0)
(-8.40027e-16 -7.05585e-15 0)
(-2.68798e-15 2.35186e-15 0)
(-2.18394e-15 1.34396e-15 0)
(2.35189e-15 -5.71195e-15 0)
(3.52799e-15 -8.4e-15 0)
(6.71997e-15 -2.48638e-14 0)
(5.20804e-15 -4.63676e-14 0)
(2.26798e-14 -7.86234e-14 0)
(2.95678e-14 -1.21295e-13 0)
(3.07438e-14 -1.77071e-13 0)
(4.72076e-14 -2.57374e-13 0)
(4.11598e-14 -3.37342e-13 0)
(3.35998e-14 -4.21341e-13 0)
(2.82238e-14 -4.84173e-13 0)
(8.39994e-15 -5.19788e-13 0)
(-3.36003e-16 6.38383e-15 0)
(-6.38384e-15 -6.71975e-16 0)
(2.35193e-15 -2.01589e-15 0)
(3.36012e-16 3.35953e-16 0)
(1.34399e-15 -1.00801e-15 0)
(-5.03964e-16 -3.69592e-15 0)
(2.184e-15 -4.36791e-15 0)
(2.51991e-15 2.68795e-15 0)
(3.3604e-16 3.35989e-16 0)
(4.53587e-15 -8.94858e-20 0)
(-5.03986e-15 -4.70388e-15 0)
(2.18396e-15 2.35194e-15 0)
(-4.70395e-15 -1.00801e-15 0)
(2.51995e-15 -1.61276e-14 0)
(-8.40039e-16 2.35188e-15 0)
(-1.00796e-15 -4.71894e-20 0)
(-9.23987e-15 -1.34394e-15 0)
(3.35964e-16 -5.3759e-15 0)
(-3.52793e-15 -5.03993e-15 0)
(5.2079e-15 -4.03194e-15 0)
(-1.51194e-15 -5.71193e-15 0)
(2.01595e-15 -1.2768e-14 0)
(5.71196e-15 -2.75518e-14 0)
(7.72797e-15 -3.49438e-14 0)
(1.0416e-14 -5.57757e-14 0)
(1.86478e-14 -7.92954e-14 0)
(1.0416e-14 -1.02143e-13 0)
(1.00799e-14 -1.27007e-13 0)
(9.74393e-15 -1.41791e-13 0)
(4.03196e-15 -1.54895e-13 0)
(2.35194e-15 -1.67993e-15 0)
(1.5119e-15 -1.00792e-15 0)
(1.83481e-20 4.03188e-15 0)
(1.68012e-16 6.47292e-20 0)
(3.19195e-15 1.34398e-15 0)
(-3.35979e-16 -3.35993e-16 0)
(3.69595e-15 -9.0553e-22 0)
(1.51195e-15 -3.36012e-16 0)
(-1.67958e-16 -5.37589e-15 0)
(-2.35197e-15 -3.69594e-15 0)
(-5.03987e-16 4.03191e-15 0)
(1.67996e-15 3.35991e-15 0)
(-2.35196e-15 2.688e-15 0)
(1.67982e-16 9.40778e-15 0)
(-3.02391e-15 6.72023e-16 0)
(1.67993e-15 -3.69595e-15 0)
(-5.87994e-15 1.34393e-15 0)
(-3.36024e-16 6.7199e-16 0)
(-3.52797e-15 -1.344e-15 0)
(-1.67967e-16 1.34398e-15 0)
(2.01593e-15 -2.35199e-15 0)
(-3.35993e-15 -1.68002e-15 0)
(-5.03945e-16 -4.36801e-15 0)
(9.23984e-15 -1.44478e-14 0)
(2.35203e-15 -1.84798e-14 0)
(6.55197e-15 -2.48639e-14 0)
(5.04033e-16 -2.51999e-14 0)
(2.18398e-15 -3.89757e-14 0)
(3.864e-15 -4.16637e-14 0)
(3.02393e-15 -4.43517e-14 0)
(1.00797e-15 -6.71969e-16 0)
(-5.87985e-15 6.04781e-15 0)
(-6.7201e-16 6.7204e-16 0)
(6.71986e-16 5.03984e-15 0)
(1.67997e-15 -3.35948e-16 0)
(-1.51196e-15 6.71981e-15 0)
(4.53593e-15 3.58752e-21 0)
(-3.35988e-15 -3.3601e-16 0)
(3.02391e-15 6.7192e-16 0)
(-1.00798e-15 -6.71988e-15 0)
(1.84794e-15 -6.04793e-15 0)
(6.72012e-16 -6.04785e-15 0)
(-3.024e-15 -3.36004e-15 0)
(-1.51197e-15 -2.68798e-15 0)
(-2.35197e-15 -5.03995e-15 0)
(3.86389e-15 -1.00798e-15 0)
(-5.7119e-15 -3.02393e-15 0)
(-1.34398e-15 -1.68e-15 0)
(-5.54391e-15 -1.67993e-15 0)
(4.87183e-15 4.03185e-15 0)
(-4.36789e-15 -2.01596e-15 0)
(-5.04012e-16 -1.34395e-15 0)
(-5.03954e-16 -1.67998e-15 0)
(5.87991e-15 6.71874e-16 0)
(1.67998e-15 -3.36018e-16 0)
(5.20793e-15 -1.34404e-15 0)
(3.69598e-15 -9.74385e-15 0)
(2.01596e-15 -1.27679e-14 0)
(4.87197e-15 -8.06406e-15 0)
(1.75306e-20 -1.44478e-14 0)
(1.51195e-15 3.69594e-15 0)
(-1.84798e-15 -2.68788e-15 0)
(-6.71985e-16 4.41176e-20 0)
(5.03956e-16 7.20491e-20 0)
(-2.35192e-15 2.01596e-15 0)
(3.36012e-16 1.05254e-19 0)
(3.86391e-15 6.7202e-16 0)
(-1.68046e-16 -2.68792e-15 0)
(-2.18395e-15 -3.35976e-16 0)
(4.19993e-15 5.71183e-15 0)
(-1.5119e-15 -4.70389e-15 0)
(2.18394e-15 -2.35202e-15 0)
(-3.02396e-15 -2.35192e-15 0)
(-3.69596e-15 -5.71193e-15 0)
(-2.35201e-15 -3.69596e-15 0)
(3.30241e-20 -1.34398e-15 0)
(-1.68e-15 6.04785e-15 0)
(3.02392e-15 -6.71966e-16 0)
(-7.89589e-15 1.00794e-15 0)
(-1.00797e-15 -2.01598e-15 0)
(-1.84797e-15 -1.344e-15 0)
(1.00795e-15 -4.0319e-15 0)
(1.51194e-15 -1.34397e-15 0)
(4.032e-15 -2.35187e-15 0)
(-2.01597e-15 -4.03196e-15 0)
(2.01601e-15 -1.00801e-15 0)
(5.37592e-15 -4.36798e-15 0)
(6.72029e-16 -3.02404e-15 0)
(3.69589e-15 -5.7119e-15 0)
(-8.39963e-16 -3.36091e-16 0)
(-5.0397e-16 3.35996e-15 0)
(2.0159e-15 1.34396e-15 0)
(-1.84795e-15 4.36795e-15 0)
(-2.68793e-15 1.34399e-15 0)
(1.67998e-15 -1.34394e-15 0)
(8.39967e-16 2.68788e-15 0)
(-2.18392e-15 3.3599e-15 0)
(-2.85599e-15 1.67988e-15 0)
(-2.51995e-15 3.35949e-16 0)
(-3.02393e-15 -8.3998e-15 0)
(9.2398e-15 6.7189e-16 0)
(-1.67946e-16 -3.69594e-15 0)
(1.00796e-15 -1.00802e-15 0)
(1.67985e-16 -6.71988e-16 0)
(-3.69591e-15 -1.00801e-15 0)
(-1.68039e-16 -3.3604e-16 0)
(-1.848e-15 -4.36784e-15 0)
(-5.03999e-16 2.68792e-15 0)
(-1.00802e-15 1.00795e-15 0)
(-2.18396e-15 -1.34397e-14 0)
(1.67964e-16 -1.67999e-15 0)
(-4.19992e-15 5.71181e-15 0)
(-2.51993e-15 4.03196e-15 0)
(4.19991e-15 6.71981e-15 0)
(-1.51192e-15 -6.71961e-16 0)
(6.04791e-15 -3.02395e-15 0)
(2.01595e-15 -6.04791e-15 0)
(-2.85595e-15 -7.05586e-15 0)
(-1.67989e-15 -5.71195e-15 0)
(1.34395e-15 -7.72776e-15 0)
(-8.4e-16 3.35989e-16 0)
(-7.89582e-15 -3.69591e-15 0)
(7.89581e-15 4.70382e-15 0)
(-3.02393e-15 2.68791e-15 0)
(5.37589e-15 6.71968e-16 0)
(6.71989e-16 1.00802e-15 0)
(-5.04028e-16 -3.02396e-15 0)
(5.04022e-16 -1.07518e-14 0)
(2.6879e-15 -6.0479e-15 0)
(-5.87986e-15 6.71928e-16 0)
(1.17602e-15 -2.01596e-15 0)
(4.53591e-15 -2.688e-15 0)
(-1.67995e-15 -1.67999e-15 0)
(-2.85596e-15 -4.36797e-15 0)
(-1.00805e-15 -6.72e-16 0)
(6.71977e-16 -2.35195e-15 0)
(-3.35989e-15 -1.68006e-15 0)
(1.67992e-15 -2.01595e-15 0)
(-6.88785e-15 -3.3599e-16 0)
(1.00794e-15 -1.34406e-15 0)
(-4.19992e-15 1.67997e-15 0)
(2.8559e-15 -6.71927e-16 0)
(-1.34396e-15 -6.72002e-16 0)
(1.34401e-15 1.68003e-15 0)
(3.35947e-16 2.35196e-15 0)
(1.00799e-15 -2.01605e-15 0)
(-3.35946e-16 3.35979e-16 0)
(3.35975e-16 2.01589e-15 0)
(3.35992e-15 -4.70392e-15 0)
(-1.34395e-15 -6.72111e-16 0)
(-6.71978e-16 2.01596e-15 0)
(-4.8719e-15 1.67996e-15 0)
(1.68e-16 3.36018e-16 0)
(-3.36006e-16 8.16561e-20 0)
(-2.01597e-15 1.68001e-15 0)
(-3.02391e-15 3.3601e-16 0)
(6.72012e-16 -6.71922e-16 0)
(5.03961e-16 3.35963e-16 0)
(-8.39985e-16 -7.73966e-21 0)
(-8.40011e-16 2.35193e-15 0)
(8.39992e-16 -3.35967e-16 0)
(-5.0396e-16 -3.3599e-16 0)
(5.37591e-15 -1.67992e-15 0)
(-2.85605e-15 -6.71984e-16 0)
(-3.19191e-15 1.008e-15 0)
(-1.84796e-15 2.06977e-20 0)
(5.03949e-16 -2.68792e-15 0)
(1.17601e-15 -6.72019e-16 0)
(-3.36056e-16 3.35982e-16 0)
(-3.35991e-15 -6.71954e-16 0)
(1.84795e-15 2.35197e-15 0)
(-5.03964e-16 2.46353e-20 0)
(1.34393e-15 -6.71974e-16 0)
(2.01594e-15 -1.00799e-15 0)
(1.68012e-16 -3.61442e-20 0)
(-1.34396e-15 -5.71184e-15 0)
(-4.36798e-15 -1.34402e-15 0)
(-1.00799e-15 -3.02394e-15 0)
(1.84802e-15 -4.36797e-15 0)
(1.17597e-15 -2.01596e-15 0)
(1.67999e-15 -5.71189e-15 0)
(1.20957e-14 -4.36797e-15 0)
(-8.23182e-15 -8.06379e-15 0)
(3.35964e-16 2.01591e-15 0)
(-1.51195e-15 1.34394e-15 0)
(-2.35201e-15 1.34395e-15 0)
(8.39967e-16 7.3918e-15 0)
(3.35989e-16 2.68793e-15 0)
(-1.67974e-16 -6.72003e-16 0)
(1.00798e-15 6.83215e-20 0)
(-1.17595e-15 2.68788e-15 0)
(-6.71983e-16 3.69598e-15 0)
(2.01591e-15 8.3998e-15 0)
(-8.2318e-15 -6.72024e-16 0)
(8.39969e-16 4.03192e-15 0)
(5.03954e-16 4.70387e-15 0)
(-2.35195e-15 -3.35952e-16 0)
(1.51196e-15 -2.01597e-15 0)
(-1.67996e-15 -1.34395e-15 0)
(-1.17598e-15 3.02395e-15 0)
(2.01591e-15 6.38389e-15 0)
(-1.67994e-15 4.03194e-15 0)
(-2.01595e-15 -1.00796e-15 0)
(-1.00799e-15 -2.01599e-15 0)
(-1.17598e-15 -3.69595e-15 0)
(-2.57502e-20 -3.36015e-16 0)
(-4.36797e-15 -3.02394e-15 0)
(-1.17598e-15 -2.71455e-20 0)
(5.03993e-15 -4.70391e-15 0)
(3.02392e-15 -4.36791e-15 0)
(6.71983e-16 6.71991e-16 0)
(-5.37584e-15 -1.34394e-15 0)
(7.05582e-15 7.39181e-15 0)
(-1.17596e-15 -3.02389e-15 0)
(-2.30808e-20 1.34398e-15 0)
(-3.69594e-15 -2.68788e-15 0)
(1.67989e-16 -4.03191e-15 0)
(-1.67999e-15 -1.00795e-15 0)
(5.03965e-16 -1.67993e-15 0)
(2.51996e-15 2.01589e-15 0)
(3.19197e-15 -3.35988e-15 0)
(-2.18392e-15 1.67997e-15 0)
(8.39995e-16 -3.35992e-15 0)
(-1.51199e-15 -9.4078e-15 0)
(-4.2e-15 -3.35983e-16 0)
(3.19195e-15 6.72035e-16 0)
(-2.51996e-15 4.03185e-15 0)
(6.71955e-16 -3.35931e-16 0)
(-2.85592e-15 2.35193e-15 0)
(8.90382e-15 3.02394e-15 0)
(-9.0718e-15 3.36027e-16 0)
(5.20787e-15 3.35994e-15 0)
(-1.512e-15 3.69593e-15 0)
(-6.88789e-15 -6.71967e-16 0)
(-1.00804e-15 -3.35995e-15 0)
(-1.17597e-15 -5.03252e-20 0)
(-3.69593e-15 2.01593e-15 0)
(-6.72011e-16 3.3599e-16 0)
(1.67998e-15 3.69587e-15 0)
(6.72016e-16 3.35978e-16 0)
(1.81948e-20 2.68792e-15 0)
(-1.68084e-16 -6.7202e-16 0)
(-2.35189e-15 -2.3519e-15 0)
(1.67993e-15 3.02386e-15 0)
(-1.51195e-15 3.3602e-16 0)
(-4.03194e-15 1.00794e-15 0)
(2.01591e-15 -1.008e-15 0)
(-6.04785e-15 1.67998e-15 0)
(1.00799e-15 2.68789e-15 0)
(-1.34395e-15 -4.70383e-15 0)
(9.07183e-15 -2.68793e-15 0)
(1.34396e-15 2.35192e-15 0)
(2.01596e-15 -1.00797e-15 0)
(2.85599e-15 2.01596e-15 0)
(-2.85595e-15 2.35192e-15 0)
(-3.19198e-15 3.36029e-16 0)
(-6.21591e-15 -1.00795e-15 0)
(1.67989e-16 5.03983e-15 0)
(-5.04034e-16 -1.00792e-15 0)
(1.68034e-16 -3.35975e-16 0)
(5.03986e-16 -3.35985e-16 0)
(-3.19194e-15 -1.34393e-15 0)
(8.39896e-16 9.07186e-15 0)
(-3.69592e-15 -3.36029e-16 0)
(-2.35198e-15 -1.34399e-15 0)
(-2.68793e-15 -2.68794e-15 0)
(1.51191e-15 -6.04787e-15 0)
(-2.51991e-15 -1.00802e-15 0)
(3.86395e-15 -7.39178e-15 0)
(1.67996e-15 -2.01596e-15 0)
(-3.35977e-16 -2.35188e-15 0)
(-2.18398e-15 3.3599e-15 0)
(-2.52003e-15 1.34398e-15 0)
(3.36011e-16 -4.03191e-15 0)
(2.01595e-15 2.01595e-15 0)
(-1.68e-15 2.01593e-15 0)
(-2.51995e-15 -2.01597e-15 0)
(6.71981e-16 -3.69596e-15 0)
(-5.04009e-16 -2.35195e-15 0)
(8.40033e-16 3.02388e-15 0)
(2.01595e-15 5.03984e-15 0)
(-1.67988e-15 -2.35198e-15 0)
(-5.04022e-16 -3.35996e-15 0)
(4.53589e-15 7.0558e-15 0)
(-3.35991e-15 -4.70383e-15 0)
(2.8559e-15 3.35954e-16 0)
(-4.36794e-15 5.71186e-15 0)
(3.86397e-15 -1.00792e-15 0)
(-4.03194e-15 2.68792e-15 0)
(-3.52792e-15 1.00804e-15 0)
(4.19987e-15 -3.69593e-15 0)
(-8.39983e-16 -3.3602e-16 0)
(-5.20786e-15 -6.71987e-15 0)
(-8.40021e-16 -1.00793e-15 0)
(-3.52803e-15 -2.35195e-15 0)
(-1.34396e-15 2.01595e-15 0)
(-1.84794e-15 2.01601e-15 0)
(1.51189e-15 1.67996e-15 0)
(3.19201e-15 3.69587e-15 0)
(1.00799e-15 1.34394e-15 0)
(2.3519e-15 4.70386e-15 0)
(-6.21589e-15 -1.34388e-15 0)
(-4.70394e-15 6.3838e-15 0)
(3.36e-16 -7.72779e-15 0)
(2.35194e-15 -2.01598e-15 0)
(-2.35191e-15 1.00805e-15 0)
(-1.84799e-15 -1.00799e-15 0)
(-8.40032e-16 6.72005e-16 0)
(1.00799e-15 -4.03192e-15 0)
(3.52791e-15 -2.01596e-15 0)
(1.84801e-15 -3.35995e-15 0)
(-2.18396e-15 -3.35989e-15 0)
(2.85595e-15 -4.36784e-15 0)
(-2.85596e-15 4.36796e-15 0)
(2.68794e-15 -1.68005e-15 0)
(-3.69593e-15 -3.02395e-15 0)
(-1.68016e-16 -1.04157e-14 0)
(4.53591e-15 -2.05182e-20 0)
(-4.53595e-15 3.36028e-16 0)
(-2.01595e-15 5.03987e-15 0)
(-1.67935e-16 -1.34395e-15 0)
(2.18392e-15 -6.71967e-16 0)
(-4.19997e-15 5.37588e-15 0)
(-2.68798e-15 2.35194e-15 0)
(-3.19195e-15 6.72006e-16 0)
(-3.36e-16 2.68798e-15 0)
(5.87983e-15 3.69586e-15 0)
(-7.55979e-15 -1.67993e-15 0)
(2.51995e-15 -3.35989e-15 0)
(1.00798e-15 -2.35195e-15 0)
(6.72003e-16 -1.67994e-15 0)
(-3.69601e-15 7.39178e-15 0)
(-3.86393e-15 -6.04773e-15 0)
(1.67997e-15 4.36782e-15 0)
(-1.34395e-15 -4.0319e-15 0)
(3.69591e-15 -3.36058e-16 0)
(-8.39998e-16 3.02394e-15 0)
(-5.2079e-15 2.35192e-15 0)
(-1.51199e-15 3.35952e-16 0)
(1.84799e-15 -1.34395e-15 0)
(3.35996e-15 -1.34399e-15 0)
(-1.00797e-15 -4.81102e-20 0)
(2.68793e-15 2.35184e-15 0)
(-6.88788e-15 -6.04787e-15 0)
(1.00801e-15 -1.34394e-15 0)
(-4.42197e-20 3.02393e-15 0)
(-5.54391e-15 2.6878e-15 0)
(1.68006e-16 6.72013e-16 0)
(-1.67962e-16 1.00803e-15 0)
(3.52789e-15 6.38389e-15 0)
(3.19193e-15 3.35992e-15 0)
(1.008e-15 4.70389e-15 0)
(-3.35996e-15 2.31539e-20 0)
(-2.68798e-15 2.01603e-15 0)
(-2.688e-15 5.03991e-15 0)
(-2.18392e-15 2.35193e-15 0)
(-1.17601e-15 -4.03189e-15 0)
(3.35989e-16 -2.01594e-15 0)
(2.18395e-15 5.03979e-15 0)
(8.39989e-16 3.35996e-15 0)
(1.67993e-15 -2.68798e-15 0)
(-6.71982e-15 -9.74376e-15 0)
(-5.0406e-16 7.05575e-15 0)
(1.84797e-15 -2.01594e-15 0)
(4.19991e-15 -3.69592e-15 0)
(-1.00794e-15 3.36014e-16 0)
(2.35194e-15 6.72008e-16 0)
(-6.04797e-15 -4.70394e-15 0)
(-1.67999e-15 -6.71952e-16 0)
(-3.3597e-16 6.71909e-16 0)
(4.53594e-15 -3.02386e-15 0)
(-8.3995e-16 -1.34393e-15 0)
(1.17602e-15 1.00801e-15 0)
(6.71968e-16 -3.36025e-16 0)
(6.71993e-16 -3.36033e-16 0)
(3.86394e-15 -3.02397e-15 0)
(-5.37593e-15 -5.37578e-15 0)
(5.0398e-16 -3.39773e-20 0)
(1.17593e-15 1.34395e-15 0)
(-3.69589e-15 2.87728e-20 0)
(2.68799e-15 -6.71939e-16 0)
(5.03965e-16 3.88248e-20 0)
(-3.19194e-15 6.72036e-16 0)
(-2.85599e-15 1.67995e-15 0)
(-3.024e-15 3.35998e-15 0)
(-1.008e-15 -3.35926e-16 0)
(-6.88787e-15 2.01596e-15 0)
(2.68791e-15 5.37588e-15 0)
(3.35996e-15 -2.35182e-15 0)
(-1.17593e-15 1.34395e-15 0)
(8.39986e-16 2.35199e-15 0)
(6.71931e-16 4.36786e-15 0)
(-5.20793e-15 -5.03985e-15 0)
(-1.17596e-15 2.35196e-15 0)
(-1.00791e-15 4.03188e-15 0)
(5.87984e-15 1.34397e-15 0)
(-2.01601e-15 -1.00799e-15 0)
(-1.31037e-14 -3.35925e-16 0)
(6.71927e-16 1.67995e-15 0)
(-1.67995e-15 6.01523e-20 0)
(3.35971e-16 2.68791e-15 0)
(9.91181e-15 4.03186e-15 0)
(5.03984e-16 1.67996e-15 0)
(-1.00789e-15 -3.02394e-15 0)
(8.23181e-15 -3.35987e-16 0)
(1.34401e-15 -1.00796e-15 0)
(-2.68798e-15 4.70382e-15 0)
(-3.69593e-15 -6.71971e-16 0)
(1.73846e-20 2.92012e-20 0)
(8.3997e-16 -1.34395e-15 0)
(1.84797e-15 3.69594e-15 0)
(1.67998e-15 3.02397e-15 0)
(-3.02397e-15 5.71186e-15 0)
(-3.69596e-15 4.03198e-15 0)
(-5.5439e-15 3.69594e-15 0)
(-1.68054e-16 3.69596e-15 0)
(-5.37594e-15 3.02394e-15 0)
(-3.35994e-16 -2.6879e-15 0)
(1.67996e-15 5.71184e-15 0)
(3.69589e-15 -3.69588e-15 0)
(-3.35982e-16 3.35962e-16 0)
(1.00797e-15 -1.00793e-15 0)
(-7.05592e-15 -6.72023e-16 0)
(1.68029e-16 1.74324e-20 0)
(5.03983e-15 3.32863e-20 0)
(-1.67993e-15 1.67996e-15 0)
(-5.87986e-15 6.72025e-16 0)
(-1.68061e-16 2.35197e-15 0)
(2.18395e-15 6.72051e-16 0)
(-1.67987e-16 4.03192e-15 0)
(1.51197e-15 2.688e-15 0)
(-3.35932e-16 6.7203e-16 0)
(-1.17597e-15 1.00802e-15 0)
(3.02391e-15 -3.35962e-16 0)
(-6.71961e-16 1.00798e-15 0)
(-1.17594e-15 1.22264e-20 0)
(-1.17597e-15 -4.03185e-15 0)
(1.67994e-15 -1.34393e-15 0)
(-8.89416e-22 -3.36001e-16 0)
(1.67995e-16 -3.36035e-16 0)
(3.02395e-15 2.01596e-15 0)
(3.35996e-15 -2.35195e-15 0)
(-3.19198e-15 7.11152e-20 0)
(-1.17603e-15 1.00796e-15 0)
(-7.55991e-15 -3.35968e-16 0)
(-4.03191e-15 1.67998e-15 0)
(-1.00804e-15 -1.00792e-15 0)
(-2.51994e-15 2.35195e-15 0)
(-2.18395e-15 2.35204e-15 0)
(-5.03956e-16 2.01594e-15 0)
(-9.26648e-22 -1.67988e-15 0)
(-1.67998e-15 2.35191e-15 0)
(-4.53594e-15 -2.68793e-15 0)
(4.03187e-15 3.02394e-15 0)
(-3.19192e-15 6.71962e-16 0)
(-1.51191e-15 -3.69591e-15 0)
(2.51987e-15 3.69594e-15 0)
(1.51196e-15 1.00798e-14 0)
(-1.67983e-16 6.04793e-15 0)
(3.1919e-15 5.71195e-15 0)
(-5.20782e-15 6.38389e-15 0)
(6.38384e-15 -6.71903e-16 0)
(-5.2079e-15 6.71984e-15 0)
(1.34395e-15 4.03192e-15 0)
(-2.01594e-15 2.68793e-15 0)
(1.67997e-15 3.02394e-15 0)
(3.69589e-15 7.39188e-15 0)
(-5.03955e-16 9.07177e-15 0)
(-1.67994e-15 6.72015e-16 0)
(-1.67987e-16 -4.36781e-15 0)
(2.85595e-15 2.01598e-15 0)
(5.04026e-16 4.6293e-20 0)
(-6.21589e-15 1.34399e-15 0)
(-5.04014e-16 -6.71928e-16 0)
(-6.55195e-15 -1.67991e-15 0)
(-1.6803e-16 4.70392e-15 0)
(-1.17596e-15 3.35993e-15 0)
(-5.04041e-16 2.35202e-15 0)
(-1.4898e-20 1.24317e-14 0)
(1.00796e-15 1.00805e-15 0)
(5.03986e-16 3.35987e-15 0)
(1.67997e-15 1.10878e-14 0)
(-5.03992e-15 -4.7039e-15 0)
(1.68011e-16 3.35988e-16 0)
(-1.176e-15 -1.34394e-15 0)
(1.05837e-14 1.00798e-15 0)
(-1.00798e-14 2.01596e-15 0)
(-8.39985e-16 4.03199e-15 0)
(1.68029e-16 3.35994e-15 0)
(-5.03957e-16 -3.35926e-16 0)
(-1.17606e-15 1.68e-15 0)
(-2.51993e-15 1.67992e-15 0)
(1.34391e-15 -5.03984e-15 0)
(-1.1759e-15 6.71961e-16 0)
(-1.176e-15 -3.35986e-15 0)
(5.0399e-16 -2.68793e-15 0)
(1.17601e-15 3.02396e-15 0)
(8.39985e-16 -1.00788e-15 0)
(1.00795e-15 7.72787e-15 0)
(-6.71968e-16 8.73578e-15 0)
(5.04033e-16 -6.72003e-16 0)
(2.68787e-15 6.04784e-15 0)
(-1.67986e-16 3.35999e-15 0)
(2.51995e-15 3.3599e-15 0)
(-7.22392e-15 6.38384e-15 0)
(1.51199e-15 1.00804e-15 0)
(2.68794e-15 -1.00137e-20 0)
(-2.01593e-15 1.00796e-15 0)
(-2.52e-15 -7.72773e-15 0)
(3.35996e-16 2.68788e-15 0)
(3.35993e-16 -5.37588e-15 0)
(1.17599e-15 -1.14237e-14 0)
(2.18393e-15 1.34394e-15 0)
(-1.84796e-15 6.71992e-16 0)
(-1.17597e-15 -1.34398e-15 0)
(3.36031e-16 -2.68792e-15 0)
(-4.88545e-20 -1.67996e-15 0)
(-1.31626e-20 -3.35992e-15 0)
(1.67994e-15 3.35992e-16 0)
(3.5279e-15 1.34393e-15 0)
(-3.86385e-15 7.7279e-15 0)
(-4.87918e-20 1.00801e-15 0)
(1.68038e-16 -1.00797e-15 0)
(1.51192e-15 -3.35969e-16 0)
(6.72029e-16 4.70388e-15 0)
(3.35996e-16 2.35202e-15 0)
(3.35986e-16 1.34398e-15 0)
(5.03996e-16 6.71964e-16 0)
(-3.69592e-15 -5.03988e-15 0)
(1.51195e-15 -6.71883e-16 0)
(3.52795e-15 -3.35997e-16 0)
(-4.7039e-15 -6.38383e-15 0)
(-1.87445e-20 -2.35197e-15 0)
(1.67992e-15 -6.71954e-16 0)
(-6.38387e-15 -4.36786e-15 0)
(-1.84798e-15 -1.34401e-15 0)
(-2.05768e-20 4.03199e-15 0)
(-1.176e-15 1.344e-15 0)
(-6.71973e-16 1.00793e-15 0)
(-3.35998e-16 -3.35965e-16 0)
(3.35994e-16 9.74387e-15 0)
(-2.68796e-15 4.36791e-15 0)
(3.35981e-16 4.70389e-15 0)
(-1.67995e-15 3.69597e-15 0)
(-3.36043e-16 1.67998e-15 0)
(2.52001e-15 3.6959e-15 0)
(-2.68803e-15 1.00797e-15 0)
(-3.52791e-15 -3.0239e-15 0)
(-3.35992e-15 -1.00799e-15 0)
(1.51198e-15 -6.38382e-15 0)
(5.87981e-15 4.03195e-15 0)
(-2.68788e-15 2.35197e-15 0)
(3.35994e-16 2.01597e-15 0)
(-1.84794e-15 2.016e-15 0)
(2.8559e-15 2.01599e-15 0)
(3.02394e-15 3.69589e-15 0)
(-1.51192e-15 1.34396e-15 0)
(3.36004e-16 -1.34391e-15 0)
(2.01593e-15 4.7039e-15 0)
(1.008e-15 7.39175e-15 0)
(2.01598e-15 -3.35946e-16 0)
(-5.03996e-15 3.69592e-15 0)
(-2.18394e-15 5.37587e-15 0)
(-4.70391e-15 3.02396e-15 0)
(-1.00803e-15 3.02399e-15 0)
(-3.36096e-16 6.04793e-15 0)
(-1.00794e-15 4.36789e-15 0)
(-2.35197e-15 1.68e-15 0)
(2.51994e-15 -3.35958e-16 0)
(-1.67985e-16 -1.00794e-15 0)
(5.03984e-16 5.03988e-15 0)
(-1.17596e-15 7.39187e-15 0)
(3.19192e-15 1.00804e-15 0)
(-5.03995e-16 -3.36033e-16 0)
(-3.36001e-16 -1.00797e-15 0)
(-1.17597e-15 6.71971e-16 0)
(-6.71959e-16 -3.35992e-15 0)
(-5.04019e-16 3.69584e-15 0)
(2.01594e-15 -6.71922e-16 0)
(-2.51996e-15 2.01593e-15 0)
(-1.51186e-15 5.14603e-20 0)
(6.55183e-15 6.71977e-16 0)
(-5.54395e-15 -3.66661e-20 0)
(1.34399e-15 -1.67994e-15 0)
(-5.03943e-16 3.69592e-15 0)
(1.67997e-15 3.36045e-16 0)
(1.51197e-15 -2.01591e-15 0)
(2.35195e-15 3.35898e-16 0)
(-1.67994e-15 3.36014e-16 0)
(-2.01596e-15 -6.38378e-15 0)
(2.85594e-15 1.67994e-15 0)
(-1.84796e-15 6.72016e-16 0)
(1.17593e-15 -4.03188e-15 0)
(-2.35195e-15 1.00799e-15 0)
(-5.04047e-16 6.0479e-15 0)
(-6.88788e-15 -2.01594e-15 0)
(1.67984e-16 -1.67989e-15 0)
(-3.35996e-15 3.36038e-16 0)
(-4.87191e-15 7.39187e-15 0)
(2.68792e-15 5.37593e-15 0)
(2.01592e-15 -9.07183e-15 0)
(-5.54387e-15 -1.00794e-15 0)
(1.17598e-15 -2.68791e-15 0)
(-1.51193e-15 -6.71936e-16 0)
(3.35939e-16 -2.35191e-15 0)
(-1.17597e-15 -1.67994e-15 0)
(1.51194e-15 6.71964e-16 0)
(-2.18394e-15 1.00803e-15 0)
(1.17599e-15 4.70387e-15 0)
(-2.01594e-15 1.68002e-15 0)
(6.04782e-15 4.36792e-15 0)
(1.51201e-15 -3.35959e-16 0)
(-5.03989e-15 6.72015e-16 0)
(5.03984e-16 5.03985e-15 0)
(3.52795e-15 -1.00793e-15 0)
(-4.36791e-15 2.35194e-15 0)
(2.68795e-15 -1.67998e-15 0)
(1.84799e-15 -2.6879e-15 0)
(-5.04047e-16 3.35981e-16 0)
(-6.71976e-16 1.67989e-15 0)
(-8.39965e-16 -1.00795e-15 0)
(2.68788e-15 3.02393e-15 0)
(-2.51992e-15 1.00798e-15 0)
(5.0399e-15 -1.34394e-15 0)
(-7.89585e-15 8.73581e-15 0)
(-3.52791e-15 4.70397e-15 0)
(5.87984e-15 1.67995e-15 0)
(-6.38392e-15 6.38391e-15 0)
(-4.19994e-15 2.352e-15 0)
(6.71981e-16 6.71988e-15 0)
(1.34396e-15 1.34399e-15 0)
(-8.06382e-15 -3.69594e-15 0)
(6.38386e-15 5.71184e-15 0)
(-3.36003e-16 5.03992e-15 0)
(-3.86396e-15 8.39978e-15 0)
(-3.02394e-15 1.34396e-15 0)
(2.01596e-15 -1.34395e-15 0)
(-5.03974e-16 3.69596e-15 0)
(1.00797e-15 6.10476e-20 0)
(2.01593e-15 4.70391e-15 0)
(5.76926e-20 2.68792e-15 0)
(6.72004e-16 1.67999e-15 0)
(-3.02394e-15 -3.35951e-16 0)
(1.34395e-15 -5.37583e-15 0)
(4.03192e-15 6.71982e-16 0)
(-3.19196e-15 1.67999e-15 0)
(1.34397e-15 1.67996e-15 0)
(5.03994e-15 4.36792e-15 0)
(-6.88785e-15 -1.67995e-15 0)
(3.1919e-15 -4.70386e-15 0)
(-1.84796e-15 4.03188e-15 0)
(-1.02478e-14 -3.0239e-15 0)
(3.35974e-16 5.71185e-15 0)
(5.87988e-15 1.00802e-15 0)
(1.67995e-15 -1.67988e-15 0)
(-1.67997e-15 -2.68801e-15 0)
(-2.01597e-15 3.02403e-15 0)
(-1.17601e-15 5.03992e-15 0)
(1.84798e-15 -2.68788e-15 0)
(5.03991e-16 1.008e-15 0)
(2.35194e-15 -5.7119e-15 0)
(8.39975e-16 6.71965e-16 0)
(2.68795e-15 -2.3519e-15 0)
(6.72021e-16 1.34401e-15 0)
(-3.69593e-15 6.78372e-20 0)
(-1.17603e-15 -3.02383e-15 0)
(6.72007e-16 6.38392e-15 0)
(5.03995e-16 4.7039e-15 0)
(3.02394e-15 1.008e-15 0)
(-5.2079e-15 1.67993e-15 0)
(-1.68023e-16 -9.07176e-15 0)
(2.51997e-15 -3.36046e-16 0)
(-2.68799e-15 5.37584e-15 0)
(2.01595e-15 3.36021e-16 0)
(-2.8559e-15 2.35192e-15 0)
(6.71983e-16 2.01595e-15 0)
(-2.51995e-15 1.67995e-15 0)
(1.67997e-15 -1.008e-15 0)
(5.03971e-16 2.0159e-15 0)
(-3.35967e-16 -3.35996e-15 0)
(7.22388e-15 2.35195e-15 0)
(-6.71992e-15 -2.35195e-15 0)
(-1.68039e-16 -6.04785e-15 0)
(-8.39876e-16 -1.34401e-15 0)
(6.04784e-15 -6.72028e-16 0)
(-1.17595e-15 -2.3519e-15 0)
(-5.71191e-15 3.69589e-15 0)
(-4.19995e-15 2.68801e-15 0)
(1.00799e-15 6.71985e-15 0)
(8.3997e-16 6.04792e-15 0)
(1.51197e-15 4.36791e-15 0)
(2.016e-15 3.02397e-15 0)
(-2.01595e-15 1.00798e-15 0)
(-3.36011e-16 6.71972e-16 0)
(1.3439e-15 4.36794e-15 0)
(-4.19991e-15 8.39978e-15 0)
(1.63009e-20 3.69596e-15 0)
(1.84797e-15 -5.03984e-15 0)
(6.7195e-16 1.00796e-15 0)
(-5.03987e-16 -3.35956e-16 0)
(-3.19194e-15 3.02389e-15 0)
(-1.34398e-15 -3.35959e-16 0)
(-3.69592e-15 -4.03187e-15 0)
(3.35969e-16 1.34388e-15 0)
(2.01593e-15 -4.03192e-15 0)
(1.84797e-15 -8.06386e-15 0)
(-6.71996e-16 -5.03991e-15 0)
(3.19199e-15 -6.04789e-15 0)
(-3.52793e-15 -4.0319e-15 0)
(1.67998e-15 -2.01603e-15 0)
(6.21592e-15 -3.02389e-15 0)
(-2.35196e-15 7.72778e-15 0)
(-5.87984e-15 -1.34401e-15 0)
(8.23174e-15 3.36002e-16 0)
(-6.71896e-16 2.68795e-15 0)
(-3.36028e-16 4.7039e-15 0)
(3.35948e-16 2.016e-15 0)
(-5.2079e-15 -1.34395e-15 0)
(2.68796e-15 3.35994e-15 0)
(-3.35973e-16 4.03191e-15 0)
(1.9161e-20 2.01599e-15 0)
(6.71979e-16 6.3839e-15 0)
(2.35192e-15 4.72979e-21 0)
(-8.39958e-16 -6.71972e-16 0)
(-4.53589e-15 2.01596e-15 0)
(-3.35985e-16 -1.34389e-15 0)
(2.51993e-15 1.344e-15 0)
(-2.35199e-15 6.71984e-16 0)
(-3.52788e-15 1.45476e-20 0)
(6.71938e-16 -3.02389e-15 0)
(-2.01599e-15 -3.3598e-16 0)
(1.00799e-15 -6.12355e-21 0)
(3.35931e-16 3.35998e-16 0)
(-4.87191e-15 1.00803e-15 0)
(-1.176e-15 -1.34396e-15 0)
(-3.35983e-16 -1.34402e-15 0)
(-1.51192e-15 -3.35977e-16 0)
(6.38384e-15 1.00795e-15 0)
(1.00799e-15 -2.47326e-20 0)
(3.52798e-15 -5.54687e-21 0)
(3.19195e-15 -2.01599e-15 0)
(-6.71997e-16 -6.71949e-16 0)
(-1.00799e-15 -1.67996e-15 0)
(-1.34394e-15 -6.72007e-16 0)
(4.7039e-15 -3.02391e-15 0)
(-3.69587e-15 -2.6879e-15 0)
(1.84793e-15 -7.13244e-21 0)
(-3.6959e-15 -6.71938e-16 0)
(6.55184e-15 3.36074e-16 0)
(-1.00797e-15 1.34404e-15 0)
(1.67997e-15 6.72033e-16 0)
(-2.35195e-15 -1.34392e-15 0)
(8.39965e-16 -1.00792e-15 0)
(1.17597e-15 1.4386e-20 0)
(3.02396e-15 1.34402e-15 0)
(6.71981e-16 3.35995e-15 0)
(-3.36008e-16 5.3759e-15 0)
(-3.69591e-15 5.03996e-15 0)
(4.53582e-15 3.69594e-15 0)
(-6.71985e-15 4.36787e-15 0)
(-3.35996e-15 2.68796e-15 0)
(3.5279e-15 -3.35949e-16 0)
(-7.05584e-15 5.37585e-15 0)
(-2.352e-15 2.68796e-15 0)
(-4.19992e-15 2.01592e-15 0)
(8.39963e-16 -2.68789e-15 0)
(2.8559e-15 3.02389e-15 0)
(6.86676e-20 6.71998e-16 0)
(-1.17594e-15 -3.35994e-15 0)
(1.02478e-14 -2.68795e-15 0)
(-4.19991e-15 -6.71976e-16 0)
(2.51998e-15 -1.00799e-15 0)
(-1.17598e-15 -1.67994e-15 0)
(-1.17596e-15 -6.72014e-16 0)
(6.88789e-15 1.344e-15 0)
(5.03919e-16 5.03987e-15 0)
(-1.51193e-15 6.7199e-16 0)
(2.68793e-15 8.06381e-15 0)
(-4.03189e-15 1.008e-15 0)
(-8.29267e-21 9.40771e-15 0)
(1.18332e-20 4.70392e-15 0)
(-2.68689e-20 7.39184e-15 0)
(-3.35991e-15 6.38383e-15 0)
(-3.35956e-16 6.71994e-16 0)
(4.19986e-15 -3.35972e-16 0)
(-3.35941e-16 3.69596e-15 0)
(-1.68e-15 3.02402e-15 0)
(-2.68797e-15 5.71186e-15 0)
(-3.3599e-15 6.72033e-16 0)
(-4.27412e-20 6.20737e-20 0)
(-1.34403e-15 -1.344e-15 0)
(-1.67995e-15 6.7195e-16 0)
(1.00791e-15 -3.02391e-15 0)
(-1.67989e-16 1.67996e-15 0)
(-1.34403e-15 -3.69591e-15 0)
(-3.35992e-15 4.03189e-15 0)
(1.67988e-16 4.70394e-15 0)
(4.36792e-15 1.34395e-15 0)
(-1.67998e-15 3.02396e-15 0)
(1.84804e-15 6.0479e-15 0)
(1.00802e-15 3.35992e-15 0)
(3.69588e-15 1.8698e-20 0)
(-3.69592e-15 6.04777e-15 0)
(2.01593e-15 -5.03986e-15 0)
(-8.39942e-16 2.6879e-15 0)
(-1.34389e-15 -4.36793e-15 0)
(2.51996e-15 -7.05578e-15 0)
(3.19191e-15 -1.00794e-15 0)
(-5.03992e-16 6.71985e-15 0)
(4.0942e-21 -6.04778e-15 0)
(1.00796e-15 -6.71942e-16 0)
(-2.51995e-15 -2.68796e-15 0)
(6.71984e-16 3.36031e-16 0)
(3.35992e-15 1.00804e-15 0)
(-1.67991e-15 -1.33422e-20 0)
(1.67996e-15 1.34398e-15 0)
(2.35196e-15 3.35965e-16 0)
(-2.51997e-15 -2.68788e-15 0)
(-3.36027e-16 -1.00798e-15 0)
(-4.19996e-15 3.02388e-15 0)
(-1.17595e-15 -2.0159e-15 0)
(-2.59524e-20 3.02397e-15 0)
(-7.72788e-15 -1.34396e-15 0)
(4.7039e-15 6.71964e-16 0)
(-6.21588e-15 3.35996e-15 0)
(-6.72048e-16 1.34398e-15 0)
(-2.01594e-15 -5.37591e-15 0)
(3.3601e-16 -3.02389e-15 0)
(-1.008e-15 -2.68794e-15 0)
(3.19195e-15 -1.00801e-15 0)
(5.37594e-15 -6.38388e-15 0)
(-2.4585e-21 -3.35997e-15 0)
(-5.71191e-15 -8.73579e-15 0)
(-1.34392e-15 -4.82862e-20 0)
(2.35194e-15 -2.01597e-15 0)
(6.04786e-15 -1.34394e-15 0)
(1.84798e-15 5.7118e-15 0)
(2.68799e-15 5.03994e-15 0)
(2.01599e-15 -6.71925e-16 0)
(2.37819e-20 -1.68004e-15 0)
(6.71981e-16 2.68789e-15 0)
(-4.36789e-15 -3.0239e-15 0)
(-1.17598e-15 1.34396e-15 0)
(1.84797e-15 -2.01602e-15 0)
(-1.68038e-16 2.68791e-15 0)
(-3.35955e-16 -1.00801e-15 0)
(5.87991e-15 -4.03192e-15 0)
(-3.86396e-15 -1.00806e-15 0)
(2.68798e-15 3.35964e-16 0)
(-6.38395e-15 -5.37586e-15 0)
(-3.3605e-16 -2.01608e-15 0)
(-2.01593e-15 4.70391e-15 0)
(-3.1199e-20 -6.71976e-16 0)
(-2.18395e-15 -7.05592e-15 0)
(1.17593e-15 -5.0399e-15 0)
(-4.87189e-15 -2.01598e-15 0)
(1.84791e-15 2.68794e-15 0)
(1.34398e-15 2.3519e-15 0)
(-3.52794e-15 -6.72018e-16 0)
(3.35997e-15 3.02395e-15 0)
(5.03994e-15 3.02392e-15 0)
(-4.03194e-15 -1.00799e-15 0)
(-4.03192e-15 1.67994e-15 0)
(1.05837e-14 -6.72023e-16 0)
(-1.17591e-15 -3.35968e-16 0)
(-2.0159e-15 3.02388e-15 0)
(-3.3599e-15 9.35296e-20 0)
(3.69594e-15 -2.35196e-15 0)
(6.04788e-15 3.35991e-15 0)
(2.01593e-15 -3.35988e-15 0)
(1.17597e-15 -1.34393e-15 0)
(5.37584e-15 -1.34402e-15 0)
(-1.67997e-15 -5.0399e-15 0)
(-5.03976e-16 2.35197e-15 0)
(-3.02393e-15 -9.74381e-15 0)
(1.51197e-15 -7.72788e-15 0)
(-3.35971e-16 -1.00806e-15 0)
(-3.69597e-15 -2.35199e-15 0)
(2.18395e-15 -3.69594e-15 0)
(-4.70392e-15 -2.01601e-15 0)
(-2.85597e-15 -5.71185e-15 0)
(-3.36033e-16 -7.05591e-15 0)
(-8.40017e-16 -3.36107e-16 0)
(-1.344e-15 -3.02394e-15 0)
(-1.51197e-15 -1.00809e-15 0)
(1.51192e-15 -3.36008e-16 0)
(-4.70385e-15 -6.38391e-15 0)
(1.67976e-16 -4.03193e-15 0)
(-4.03191e-15 -2.35194e-15 0)
(4.3679e-15 -2.68797e-15 0)
(1.84803e-15 -4.03191e-15 0)
(-1.68002e-15 -1.344e-15 0)
(3.35985e-16 -7.05592e-15 0)
(-6.71875e-16 -3.35988e-15 0)
(9.07176e-15 3.35987e-15 0)
(3.69597e-15 -1.67987e-15 0)
(6.21591e-15 1.20956e-14 0)
(1.34399e-15 -2.01597e-15 0)
(-4.53589e-15 -3.02396e-15 0)
(-2.01592e-15 -3.36009e-16 0)
(-5.03969e-16 2.68787e-15 0)
(-1.00795e-15 -3.69594e-15 0)
(-3.02389e-15 3.35967e-16 0)
(5.03955e-16 -6.72031e-16 0)
(1.00793e-15 -1.00805e-15 0)
(1.176e-15 -2.688e-15 0)
(3.35953e-16 -8.73593e-15 0)
(-7.39189e-15 -1.34398e-14 0)
(-3.19196e-15 6.71894e-16 0)
(2.18393e-15 1.67988e-15 0)
(1.67994e-15 -6.72114e-16 0)
(-2.6879e-15 1.0079e-15 0)
(-3.02397e-15 -1.10877e-14 0)
(-3.19197e-15 -2.35205e-15 0)
(-3.69591e-15 -7.39186e-15 0)
(1.17595e-15 -3.69599e-15 0)
(2.01595e-15 -4.70393e-15 0)
(-2.01595e-15 -2.45385e-20 0)
(3.36005e-16 1.67989e-15 0)
(3.35993e-15 -5.03987e-15 0)
(2.51995e-15 -6.07044e-20 0)
(-4.36789e-15 1.00796e-15 0)
(-6.71952e-16 3.36059e-16 0)
(5.03985e-15 1.67988e-15 0)
(-3.69583e-15 -6.04784e-15 0)
(5.3759e-15 -3.69599e-15 0)
(5.37596e-15 -1.00797e-14 0)
(5.03979e-16 -4.36797e-15 0)
(-1.17598e-15 -6.72007e-16 0)
(1.84794e-15 -2.01596e-15 0)
(1.17596e-15 -5.03992e-15 0)
(-5.04052e-16 -1.10878e-14 0)
(-1.51202e-15 1.34391e-15 0)
(-2.01594e-15 -4.36798e-15 0)
(1.84795e-15 -3.69598e-15 0)
(2.35197e-15 -4.03208e-15 0)
(1.17598e-15 -1.14238e-14 0)
(-9.74385e-15 1.34389e-15 0)
(1.00796e-15 -8.06389e-15 0)
(-3.36041e-16 -9.40783e-15 0)
(-6.21582e-15 -9.0719e-15 0)
(3.02392e-15 -1.20958e-14 0)
(3.35968e-16 -1.68014e-15 0)
(-1.68003e-15 -2.35193e-15 0)
(8.39985e-16 -1.0081e-15 0)
(-6.71959e-16 -3.024e-15 0)
(1.84797e-15 -4.70394e-15 0)
(2.01597e-15 -3.36002e-15 0)
(2.18394e-15 -3.02394e-15 0)
(1.84804e-15 -3.3605e-16 0)
(-6.71963e-16 -2.35192e-15 0)
(1.34394e-15 -3.69589e-15 0)
(-5.03998e-16 2.352e-15 0)
(5.54391e-15 2.688e-15 0)
(-6.71969e-16 -6.04788e-15 0)
(3.84286e-20 1.67993e-15 0)
(6.88785e-15 6.71946e-16 0)
(-2.51989e-15 1.00799e-15 0)
(-5.37584e-15 -6.38387e-15 0)
(3.02393e-15 -6.71964e-16 0)
(-4.56693e-21 -7.05591e-15 0)
(-3.35989e-15 -3.69606e-15 0)
(1.67959e-16 -9.74388e-15 0)
(-8.40027e-16 -1.71357e-14 0)
(-9.74382e-15 -4.704e-15 0)
(8.39966e-16 -1.37757e-14 0)
(-8.40008e-16 -7.72799e-15 0)
(1.67991e-15 -1.20959e-14 0)
(-3.36013e-16 -1.44478e-14 0)
(-3.02389e-15 -1.31039e-14 0)
(7.3918e-15 -9.74387e-15 0)
(-2.01595e-15 -1.37758e-14 0)
(-9.57583e-15 -6.38394e-15 0)
(-2.01598e-15 -6.04789e-15 0)
(-5.03981e-16 -6.38386e-15 0)
(-6.68055e-21 -4.03197e-15 0)
(2.68799e-15 -1.00805e-15 0)
(1.34397e-15 -6.38386e-15 0)
(1.84801e-15 -6.7199e-15 0)
(1.68001e-15 -6.7201e-16 0)
(2.35197e-15 2.01593e-15 0)
(8.39996e-16 5.71189e-15 0)
(-3.35993e-15 1.34397e-14 0)
(-1.00794e-15 2.68798e-15 0)
(3.6959e-15 6.38383e-15 0)
(8.09916e-20 -4.03189e-15 0)
(3.35998e-15 2.01592e-15 0)
(5.2079e-15 4.36795e-15 0)
(8.7358e-15 7.05589e-15 0)
(6.72009e-16 4.3679e-15 0)
(8.39962e-16 -5.03996e-15 0)
(-2.688e-15 -1.34403e-15 0)
(-7.22388e-15 -3.45887e-20 0)
(-1.34401e-15 -1.27736e-19 0)
(-3.864e-15 -1.34403e-15 0)
(5.04014e-16 -1.68009e-15 0)
(-1.51201e-15 -3.02402e-15 0)
(-1.51198e-15 -4.704e-15 0)
(-5.71186e-15 -6.04798e-15 0)
(3.35987e-15 -5.04002e-15 0)
(-3.35989e-15 -6.048e-15 0)
(1.848e-15 -1.68007e-15 0)
(1.51193e-15 -6.04789e-15 0)
(-3.35985e-16 -1.34405e-15 0)
(2.18394e-15 -1.34405e-15 0)
(2.89586e-20 -3.35994e-15 0)
(2.85594e-15 -3.35992e-15 0)
(6.40643e-20 -1.34403e-15 0)
(3.35993e-15 -6.72032e-16 0)
(7.2239e-15 -6.72005e-16 0)
(5.54394e-15 2.2385e-20 0)
(2.85593e-15 5.75815e-20 0)
(-3.3599e-15 9.60501e-20 0)
(5.0399e-15 6.72038e-16 0)
(-1.17589e-15 1.008e-15 0)
(5.54384e-15 8.44235e-21 0)
(5.37597e-15 -6.71982e-16 0)
(-4.53591e-15 -1.34395e-15 0)
(-1.6798e-16 -1.34395e-15 0)
(-3.35981e-16 6.71985e-16 0)
(8.39959e-16 -5.71195e-15 0)
(-7.22388e-15 -1.04158e-14 0)
(-3.52799e-15 -5.71196e-15 0)
(-3.02398e-15 -8.39988e-15 0)
(-4.53595e-15 -5.37593e-15 0)
(-5.04001e-16 -7.39189e-15 0)
(1.17594e-15 -7.7279e-15 0)
(-1.84798e-15 -1.00795e-15 0)
(1.84799e-15 -4.03195e-15 0)
(-1.17598e-15 -4.03194e-15 0)
(3.69596e-15 -5.03988e-15 0)
(4.03188e-15 2.35406e-20 0)
(-6.71926e-16 2.35194e-15 0)
(-1.00803e-15 2.68793e-15 0)
(4.62362e-20 -6.71982e-16 0)
(2.18396e-15 1.67998e-15 0)
(-2.01595e-15 4.36789e-15 0)
(8.40019e-16 -9.3164e-21 0)
(1.51199e-15 -1.67996e-15 0)
(7.89588e-15 -3.35992e-15 0)
(1.84807e-15 1.34396e-15 0)
(2.51997e-15 4.03189e-15 0)
(-6.71972e-16 -3.35976e-16 0)
(-3.35983e-16 4.36787e-15 0)
(9.91178e-15 -3.35899e-16 0)
(-3.19184e-15 3.0239e-15 0)
(5.20788e-15 -5.03986e-15 0)
(-2.35198e-15 4.0319e-15 0)
(-2.01591e-15 -1.008e-15 0)
(3.35985e-16 2.45808e-20 0)
(6.71957e-16 2.35191e-15 0)
(-4.87193e-15 -5.37592e-15 0)
(-8.40031e-16 -6.72027e-16 0)
(-2.01601e-15 6.71985e-16 0)
(-3.19193e-15 -2.35199e-15 0)
(-8.40024e-16 3.69591e-15 0)
(-1.51196e-15 -3.36012e-16 0)
(-2.85598e-15 -2.68804e-15 0)
(-6.71992e-16 -2.01598e-15 0)
(-1.51194e-15 -3.02398e-15 0)
(2.51998e-15 2.68788e-15 0)
(-2.0159e-15 -1.00802e-15 0)
(5.37585e-15 -1.344e-15 0)
(2.18396e-15 -1.34396e-15 0)
(1.00801e-15 -3.02391e-15 0)
(6.71991e-16 1.00793e-15 0)
(-5.03978e-16 1.008e-15 0)
(4.53587e-15 6.72008e-16 0)
(-6.71891e-16 3.69591e-15 0)
(2.68801e-15 -1.00797e-15 0)
(1.14238e-14 -1.75466e-20 0)
(1.67999e-15 -5.03986e-15 0)
(-3.35982e-16 3.35988e-16 0)
(1.6804e-16 -1.67992e-15 0)
(-1.51193e-15 4.03185e-15 0)
(4.19994e-15 3.35999e-15 0)
(-2.01593e-15 6.04786e-15 0)
(1.68003e-16 -2.01594e-15 0)
(6.04784e-15 -1.67993e-15 0)
(1.34399e-15 1.34394e-15 0)
(-1.00796e-15 -6.71945e-16 0)
(6.71886e-16 -4.70399e-15 0)
(-5.20786e-15 -2.35197e-15 0)
(-1.68002e-15 2.01589e-15 0)
(-6.72054e-16 -4.36792e-15 0)
(-5.03987e-15 1.00794e-15 0)
(1.84789e-15 -2.6879e-15 0)
(-8.39931e-16 -2.68797e-15 0)
(5.03972e-16 -3.69601e-15 0)
(4.53591e-15 -1.34398e-15 0)
(2.68796e-15 -4.36795e-15 0)
(-2.01596e-15 -3.35993e-15 0)
(1.84802e-15 6.71951e-16 0)
(-2.85597e-15 -5.37591e-15 0)
(1.67997e-15 4.36785e-15 0)
(2.85596e-15 -2.01594e-15 0)
(-1.00795e-15 -4.03189e-15 0)
(5.04072e-16 1.34397e-15 0)
(5.71185e-15 1.67998e-15 0)
(6.38388e-15 7.35051e-21 0)
(4.20007e-15 -3.36e-16 0)
(-1.34397e-15 -3.36008e-16 0)
(-3.35991e-15 -4.03193e-15 0)
(7.22383e-15 -1.00801e-15 0)
(-2.5199e-15 -7.72777e-15 0)
(8.90376e-15 5.37588e-15 0)
(-4.03188e-15 -4.36793e-15 0)
(4.19993e-15 -2.29372e-20 0)
(-4.19986e-15 -3.36047e-16 0)
(4.36789e-15 -3.35991e-15 0)
(-6.72004e-16 3.02382e-15 0)
(-6.21586e-15 -7.70167e-21 0)
(-5.0402e-16 -5.71198e-15 0)
(-1.68003e-15 -2.35192e-15 0)
(-5.71182e-15 1.67994e-15 0)
(4.19985e-15 -2.35191e-15 0)
(-5.54386e-15 6.71934e-16 0)
(2.3519e-15 -2.016e-15 0)
(-1.51196e-15 -4.03187e-15 0)
(1.68e-15 -5.03994e-15 0)
(3.86394e-15 -2.68794e-15 0)
(3.36019e-16 -2.35203e-15 0)
(3.35998e-16 -7.39184e-15 0)
(1.67968e-16 1.67988e-15 0)
(2.79441e-20 -7.05587e-15 0)
(-1.17594e-15 -2.01599e-15 0)
(5.37584e-15 -1.00804e-15 0)
(5.20795e-15 -3.36017e-16 0)
(-2.51989e-15 1.00796e-15 0)
(2.85602e-15 2.68789e-15 0)
(5.87989e-15 -2.68794e-15 0)
(-5.03967e-16 5.03984e-15 0)
(5.37585e-15 -5.71193e-15 0)
(-1.0079e-15 3.35989e-15 0)
(2.85593e-15 7.39183e-15 0)
(-3.69581e-15 3.3599e-16 0)
(5.37584e-15 -3.02388e-15 0)
(-1.67995e-15 -3.02396e-15 0)
(1.34401e-15 -1.00798e-15 0)
(-2.01594e-15 -1.00799e-15 0)
(1.67992e-15 -9.07175e-15 0)
(-3.19195e-15 -3.35997e-15 0)
(-3.35994e-15 -6.71986e-15 0)
(5.03962e-16 1.00793e-15 0)
(-1.17598e-15 -1.34399e-15 0)
(1.84794e-15 6.71961e-16 0)
(-7.55993e-15 -1.00797e-15 0)
(-2.01597e-15 -2.68792e-15 0)
(5.71193e-15 2.68782e-15 0)
(-2.18396e-15 -1.008e-15 0)
(3.69595e-15 -8.48382e-20 0)
(1.17599e-15 -3.69595e-15 0)
(8.40005e-16 -5.71193e-15 0)
(-8.39984e-16 -1.00798e-14 0)
(3.02396e-15 -2.68791e-15 0)
(-1.51199e-15 1.34395e-15 0)
(-2.85586e-15 -2.35202e-15 0)
(6.04783e-15 -5.71187e-15 0)
(2.18399e-15 -4.70389e-15 0)
(7.2239e-15 -6.72005e-16 0)
(3.36059e-16 -4.03197e-15 0)
(1.84793e-15 -6.38389e-15 0)
(-4.53587e-15 -2.016e-15 0)
(5.87988e-15 -5.03992e-15 0)
(-1.67929e-16 6.7199e-16 0)
(3.8639e-15 -1.6799e-15 0)
(1.17606e-15 6.04777e-15 0)
(-2.18394e-15 1.00797e-15 0)
(1.24317e-14 -4.36788e-15 0)
(1.17598e-15 -3.35993e-15 0)
(1.00797e-15 2.01586e-15 0)
(-1.848e-15 6.71983e-15 0)
(-3.35973e-16 -3.02392e-15 0)
(-4.87196e-15 -1.67997e-15 0)
(1.17601e-15 -5.71189e-15 0)
(1.51194e-15 -2.68795e-15 0)
(-8.90383e-15 3.0239e-15 0)
(-2.52e-15 -3.69601e-15 0)
(1.34396e-15 -4.36788e-15 0)
(-1.51194e-15 -6.71985e-15 0)
(2.51995e-15 -7.39192e-15 0)
(-8.39971e-16 -2.35203e-15 0)
(1.51197e-15 -3.024e-15 0)
(-1.00797e-15 2.35196e-15 0)
(6.38388e-15 5.37578e-15 0)
(-3.02392e-15 -7.05588e-15 0)
(8.90381e-15 -5.03994e-15 0)
(-6.71873e-16 -1.00806e-15 0)
(-1.17593e-15 3.36005e-16 0)
(6.04785e-15 -2.35197e-15 0)
(5.87993e-15 -7.05586e-15 0)
(-7.72786e-15 -3.02398e-15 0)
(8.39992e-16 -1.34407e-15 0)
(1.68002e-15 -1.20957e-14 0)
(7.22383e-15 3.35901e-16 0)
(1.68043e-16 1.34393e-15 0)
(4.19994e-15 -6.71981e-15 0)
(-1.84798e-15 -2.35197e-15 0)
(-3.02383e-15 5.37579e-15 0)
(-1.99859e-20 6.71963e-16 0)
(1.84794e-15 -9.74385e-15 0)
(-6.21583e-15 -4.03185e-15 0)
(3.69591e-15 5.03977e-15 0)
(-2.51995e-15 -3.02392e-15 0)
(3.35995e-15 -3.02402e-15 0)
(-3.36066e-16 1.00792e-15 0)
(-4.70396e-15 -4.70393e-15 0)
(-4.19993e-15 -6.71994e-15 0)
(5.0397e-16 -6.72063e-16 0)
(-3.36022e-16 1.00777e-15 0)
(3.86394e-15 -5.03988e-15 0)
(1.51202e-15 -5.03999e-15 0)
(3.67911e-20 -1.00804e-15 0)
(-2.51993e-15 -1.07519e-14 0)
(-1.17601e-15 -7.72783e-15 0)
(3.86393e-15 -3.36071e-16 0)
(-1.00789e-15 -8.73582e-15 0)
(1.00797e-14 -3.024e-15 0)
(1.68054e-16 -3.696e-15 0)
(-2.68786e-15 -4.36794e-15 0)
(7.89581e-15 3.69584e-15 0)
(-6.71975e-16 -4.36795e-15 0)
(-2.51992e-15 -1.67991e-15 0)
(6.71987e-15 3.35978e-15 0)
(1.68091e-16 -9.74377e-15 0)
(4.70393e-15 2.68795e-15 0)
(2.01602e-15 -6.72028e-16 0)
(-6.72003e-16 -3.02394e-15 0)
(1.84793e-15 -1.00796e-15 0)
(-1.17596e-15 -2.01594e-15 0)
(3.35992e-15 -1.67999e-15 0)
(-2.01596e-15 -4.03197e-15 0)
(-5.04e-16 -5.37578e-15 0)
(2.01591e-15 3.02382e-15 0)
(-1.84801e-15 -3.02394e-15 0)
(-8.73574e-15 -8.06389e-15 0)
(-1.68084e-16 -8.73598e-15 0)
(-1.344e-15 -1.07518e-14 0)
(-4.19993e-15 -3.02402e-15 0)
(-8.39964e-16 -1.24317e-14 0)
(-8.40008e-16 -3.3614e-16 0)
(4.87189e-15 -9.4078e-15 0)
(3.02399e-15 -1.34406e-15 0)
(5.20785e-15 -8.06383e-15 0)
(-3.19185e-15 1.34384e-15 0)
(-5.03981e-16 -2.68796e-15 0)
(5.54388e-15 3.35902e-16 0)
(1.00815e-15 -4.36793e-15 0)
(7.39185e-15 -1.67997e-15 0)
(3.19189e-15 -7.39186e-15 0)
(-5.03886e-16 -1.34396e-15 0)
(6.71986e-16 -7.39185e-15 0)
(1.00799e-15 -3.35997e-15 0)
(6.55192e-15 -6.38384e-15 0)
(3.02393e-15 -6.04796e-15 0)
(3.52795e-15 -4.36796e-15 0)
(1.51199e-15 6.71943e-16 0)
(5.04015e-16 -3.20805e-20 0)
(1.68056e-16 -3.02391e-15 0)
(-6.71988e-16 1.67995e-15 0)
(2.01599e-15 -3.02397e-15 0)
(4.53589e-15 -2.016e-15 0)
(-1.27678e-14 2.01586e-15 0)
(1.00795e-15 -1.07518e-14 0)
(-4.19993e-15 -2.68802e-15 0)
(1.00787e-15 -8.39992e-15 0)
(-1.34399e-15 -1.00798e-14 0)
(-4.70392e-15 -2.35214e-15 0)
(-2.18401e-15 -8.39991e-15 0)
(6.72025e-16 -5.37603e-15 0)
(1.17599e-15 -7.72783e-15 0)
(1.68006e-15 -4.36795e-15 0)
(3.52789e-15 -3.35993e-15 0)
(-1.00789e-15 3.02389e-15 0)
(7.05583e-15 -1.00797e-14 0)
(-4.36789e-15 -2.35201e-15 0)
(2.35196e-15 -1.00797e-15 0)
(8.5678e-15 -1.00803e-15 0)
(5.04147e-16 -2.352e-15 0)
(2.51997e-15 7.05581e-15 0)
(3.69596e-15 1.00797e-15 0)
(1.67995e-15 2.01592e-15 0)
(2.01599e-15 6.71981e-15 0)
(-6.71942e-16 3.69587e-15 0)
(1.34404e-15 -3.35994e-15 0)
(5.04016e-16 -4.70393e-15 0)
(5.71195e-15 -5.03989e-15 0)
(-3.36005e-16 -3.02391e-15 0)
(5.54388e-15 5.3759e-15 0)
(3.35997e-16 6.7196e-16 0)
(1.51199e-15 -2.68796e-15 0)
(-2.01604e-15 1.67995e-15 0)
(-7.05587e-15 -1.00794e-15 0)
(5.03883e-16 -3.36021e-16 0)
(-7.05583e-15 1.00794e-15 0)
(-3.30186e-20 -6.72027e-16 0)
(-7.05592e-15 -2.352e-15 0)
(1.51197e-15 -2.35197e-15 0)
(-1.51198e-15 -7.39188e-15 0)
(5.04013e-16 -3.35995e-15 0)
(1.17598e-15 -1.34403e-15 0)
(4.03191e-15 2.68789e-15 0)
(9.43685e-20 2.68788e-15 0)
(6.55187e-15 6.72063e-16 0)
(5.04012e-16 2.35193e-15 0)
(3.19196e-15 -1.34393e-15 0)
(-2.51993e-15 3.36041e-16 0)
(5.04115e-16 -1.00793e-15 0)
(1.02478e-14 1.34401e-15 0)
(6.0479e-15 2.67955e-20 0)
(1.68005e-15 3.36e-16 0)
(-3.35984e-16 -6.71928e-16 0)
(1.176e-15 -6.71938e-16 0)
(3.35995e-15 5.44473e-20 0)
(1.34396e-15 3.0239e-15 0)
(4.704e-15 1.00795e-15 0)
(1.04158e-14 1.00795e-15 0)
(-8.73576e-15 2.6879e-15 0)
(4.87189e-15 4.70384e-15 0)
(-5.03976e-16 1.00797e-15 0)
(1.68e-16 -1.34398e-15 0)
(-3.69596e-15 -6.04793e-15 0)
(-2.35203e-15 -6.72065e-16 0)
(-3.69595e-15 1.00798e-15 0)
(-1.68e-15 -7.39181e-15 0)
(-5.20795e-15 -4.70392e-15 0)
(-4.87191e-15 2.68793e-15 0)
(2.35195e-15 -3.35991e-16 0)
(2.016e-15 1.34397e-15 0)
(2.68791e-15 3.35989e-15 0)
(-1.34395e-15 -1.00794e-15 0)
(2.85601e-15 3.02404e-15 0)
(3.69594e-15 -4.03181e-15 0)
(-5.03994e-15 7.39172e-15 0)
(4.70394e-15 5.71191e-15 0)
(2.35201e-15 2.35195e-15 0)
(4.03192e-15 6.7198e-15 0)
(3.35998e-15 2.35199e-15 0)
(4.03199e-15 3.0239e-15 0)
(1.34404e-15 -1.34394e-15 0)
(3.02394e-15 -6.71955e-16 0)
(-1.00794e-15 3.35983e-15 0)
(2.35194e-15 -4.70393e-15 0)
(1.17597e-15 1.67989e-15 0)
(-1.6799e-15 -5.71188e-15 0)
(9.74379e-15 -4.36796e-15 0)
(-2.51983e-15 -1.34398e-15 0)
(3.35945e-16 -2.35193e-15 0)
(2.18395e-15 -8.39978e-15 0)
(-1.67993e-15 -6.0479e-15 0)
(-2.68797e-15 -6.72026e-16 0)
(-3.02402e-15 2.35188e-15 0)
(-3.19191e-15 -5.37588e-15 0)
(-5.20796e-15 1.00798e-15 0)
(-1.84796e-15 5.71184e-15 0)
(-2.35203e-15 4.7039e-15 0)
(-2.352e-15 -6.7196e-16 0)
(1.68012e-16 -2.35191e-15 0)
(2.18394e-15 1.00794e-15 0)
(1.51204e-15 -6.71865e-16 0)
(6.38391e-15 4.36788e-15 0)
(3.86392e-15 -2.68797e-15 0)
(-2.51991e-15 2.35193e-15 0)
(-4.70395e-15 -3.69579e-15 0)
(1.68035e-16 -2.35198e-15 0)
(3.02403e-15 1.34403e-15 0)
(6.38383e-15 6.72121e-16 0)
(5.71195e-15 7.72785e-15 0)
(1.00805e-15 1.68004e-15 0)
(1.008e-15 -6.71937e-16 0)
(2.18395e-15 2.01594e-15 0)
(1.51194e-15 -3.02387e-15 0)
(-1.84792e-15 -1.34402e-15 0)
(8.3999e-16 -3.02393e-15 0)
(-1.00795e-15 1.34389e-15 0)
(3.86397e-15 -7.39185e-15 0)
(7.55987e-15 2.01592e-15 0)
(-3.36004e-16 -5.37592e-15 0)
(-1.17592e-15 2.68783e-15 0)
(3.35991e-15 -8.06373e-15 0)
(1.67964e-16 6.71978e-16 0)
(-3.19187e-15 -4.70391e-15 0)
(1.17592e-15 -5.03993e-15 0)
(-2.016e-15 1.00795e-15 0)
(1.34397e-15 -6.04785e-15 0)
(-6.88788e-15 6.38394e-15 0)
(-3.19199e-15 8.06383e-15 0)
(8.4001e-16 -6.71988e-16 0)
(3.35968e-16 3.35998e-15 0)
(-1.00789e-15 6.04784e-15 0)
(2.85591e-15 1.344e-15 0)
(2.85596e-15 3.02391e-15 0)
(-5.03946e-16 -1.68e-15 0)
(1.17594e-15 2.68786e-15 0)
(2.85594e-15 -3.02387e-15 0)
(5.20797e-15 2.01593e-15 0)
(2.52002e-15 3.02393e-15 0)
(4.87196e-15 3.02402e-15 0)
(3.02396e-15 1.34399e-15 0)
(1.51196e-15 6.71985e-15 0)
(-1.84793e-15 2.68797e-15 0)
(3.36006e-16 -2.49516e-20 0)
(-1.34402e-15 -6.71987e-15 0)
(1.67999e-15 -4.03197e-15 0)
(1.84795e-15 -6.38381e-15 0)
(6.38395e-15 3.35905e-16 0)
(-1.00794e-15 -6.71993e-16 0)
(-1.67996e-15 -4.84172e-20 0)
(1.17595e-15 -9.7438e-15 0)
(-2.01595e-15 6.71893e-16 0)
(1.34397e-15 -1.34396e-15 0)
(-3.3599e-15 -4.0319e-15 0)
(1.6795e-16 3.35993e-16 0)
(-6.38382e-15 6.71979e-16 0)
(3.86397e-15 6.71975e-16 0)
(-3.86395e-15 -3.35997e-16 0)
(-3.52789e-15 -4.7038e-15 0)
(-1.34391e-15 1.00795e-15 0)
(-8.39979e-16 -3.02393e-15 0)
(3.35991e-15 -1.34396e-15 0)
(2.35204e-15 -5.03984e-15 0)
(2.01597e-15 2.01602e-15 0)
(-1.00806e-15 -4.03183e-15 0)
(-1.34402e-15 -3.35989e-15 0)
(6.88784e-15 2.01592e-15 0)
(3.35985e-15 1.00799e-15 0)
(2.01592e-15 5.37591e-15 0)
(6.38388e-15 2.68792e-15 0)
(2.35192e-15 6.71998e-16 0)
(-5.03936e-16 -6.71969e-16 0)
(-5.0401e-16 2.68796e-15 0)
(-1.00801e-15 1.67994e-15 0)
(-5.87977e-15 -2.01597e-15 0)
(1.00794e-15 -1.34397e-15 0)
(6.7205e-16 1.34386e-15 0)
(1.04157e-14 -3.35986e-15 0)
(2.18398e-15 -2.68793e-15 0)
(-1.67997e-15 -3.35986e-16 0)
(-4.87182e-15 2.35193e-15 0)
(-1.00799e-15 -3.02393e-15 0)
)
;

boundaryField
{
    outerWall
    {
        type            noSlip;
    }
    axis
    {
        type            symmetryPlane;
    }
    nozzle
    {
        type            zeroGradient;
    }
    back
    {
        type            empty;
    }
    front
    {
        type            empty;
    }
}


// ************************************************************************* //
