/*--------------------------------*- C++ -*----------------------------------*\
| =========                 |                                                 |
| \\      /  F ield         | OpenFOAM: The Open Source CFD Toolbox           |
|  \\    /   O peration     | Version:  2412                                  |
|   \\  /    A nd           | Website:  www.openfoam.com                      |
|    \\/     M anipulation  |                                                 |
\*---------------------------------------------------------------------------*/
FoamFile
{
    version     2.0;
    format      ascii;
    arch        "LSB;label=32;scalar=64";
    class       volVectorField;
    location    "1.5e-05";
    object      U;
}
// * * * * * * * * * * * * * * * * * * * * * * * * * * * * * * * * * * * * * //

dimensions      [0 1 -1 0 0 0 0];

internalField   nonuniform List<vector> 
3725
(
(1.0186e-15 -1.77456e-21 0)
(-3.90463e-15 3.62857e-21 0)
(-4.24416e-15 3.3953e-16 0)
(5.09293e-16 -1.44331e-21 0)
(-8.48839e-16 -7.46971e-15 0)
(3.39531e-16 -6.79066e-16 0)
(-3.39529e-16 -1.35813e-15 0)
(-2.3767e-15 2.03718e-15 0)
(-6.79065e-16 6.7907e-16 0)
(3.39509e-16 1.0186e-15 0)
(2.88602e-15 4.35193e-21 0)
(3.73487e-15 3.39531e-16 0)
(1.35813e-15 -3.39532e-16 0)
(1.18836e-15 -1.01859e-15 0)
(-1.52789e-15 -5.67863e-21 0)
(-1.18837e-15 6.7906e-16 0)
(2.37673e-15 1.35813e-15 0)
(2.37672e-15 -6.79067e-16 0)
(1.69774e-16 -6.79068e-16 0)
(-2.20696e-15 1.0186e-15 0)
(1.18837e-15 9.16738e-15 0)
(5.09303e-16 1.33346e-20 0)
(2.37674e-15 3.39531e-16 0)
(6.26508e-21 -8.14879e-15 0)
(6.79061e-16 1.69766e-15 0)
(1.69762e-16 1.0186e-15 0)
(-2.0372e-15 2.37673e-15 0)
(-3.0558e-15 1.35812e-15 0)
(-1.01861e-15 -3.39531e-15 0)
(-8.48832e-16 1.0186e-14 0)
(7.29996e-15 3.39539e-16 0)
(-1.52791e-15 5.43254e-15 0)
(-3.90464e-15 2.03722e-15 0)
(-2.84608e-21 5.43253e-15 0)
(-1.18836e-15 2.71628e-15 0)
(-2.37674e-15 1.35815e-15 0)
(1.18835e-15 4.74406e-21 0)
(-2.0372e-15 -3.73484e-15 0)
(6.79052e-16 1.69766e-15 0)
(-1.5279e-15 4.75347e-15 0)
(2.20698e-15 3.39534e-15 0)
(3.22558e-15 6.79072e-16 0)
(1.86744e-15 -4.28429e-21 0)
(3.39539e-16 3.39529e-16 0)
(3.39529e-16 -2.37674e-15 0)
(-2.54649e-15 2.17748e-20 0)
(1.35813e-15 6.79075e-16 0)
(7.25713e-21 -3.39532e-15 0)
(2.0372e-15 -1.35814e-15 0)
(-3.22556e-15 -6.79056e-16 0)
(2.20696e-15 -2.37672e-15 0)
(2.20697e-15 -2.99477e-21 0)
(3.22557e-15 2.0372e-15 0)
(8.48835e-16 3.05579e-15 0)
(2.0372e-15 3.39535e-16 0)
(-1.69766e-15 2.37673e-15 0)
(-3.05581e-15 -2.71627e-15 0)
(-2.71628e-15 -1.69767e-15 0)
(-3.0558e-15 -3.39543e-16 0)
(-1.18838e-15 -4.07437e-15 0)
(1.69767e-16 -3.39537e-16 0)
(-3.39533e-15 2.71628e-15 0)
(1.69756e-16 3.39528e-16 0)
(1.69768e-16 1.61824e-20 0)
(6.79058e-16 2.71627e-15 0)
(-1.69767e-15 9.50692e-15 0)
(-3.90465e-15 3.05581e-15 0)
(-4.24417e-15 4.07438e-15 0)
(2.0372e-15 2.37674e-15 0)
(-1.69767e-15 -3.3951e-16 0)
(5.093e-15 9.39342e-21 0)
(5.09309e-16 3.39528e-16 0)
(1.35813e-15 3.39539e-16 0)
(2.88603e-15 3.3952e-16 0)
(-5.09287e-16 2.11698e-20 0)
(-3.39538e-16 1.69766e-15 0)
(-8.48835e-16 6.79065e-15 0)
(-1.0186e-15 6.79429e-22 0)
(3.22557e-15 -1.69765e-15 0)
(8.4883e-16 -2.0372e-15 0)
(-1.01859e-15 4.41392e-15 0)
(6.79072e-16 3.39536e-16 0)
(3.90464e-15 -1.0186e-15 0)
(1.69767e-15 6.79066e-16 0)
(-1.18836e-15 -3.39523e-16 0)
(-8.48846e-16 1.69767e-15 0)
(-2.71627e-15 -1.0186e-15 0)
(-3.39534e-15 -3.39531e-16 0)
(-3.56512e-15 -3.39534e-15 0)
(-2.5465e-15 -1.69768e-15 0)
(-3.90464e-15 -6.79066e-16 0)
(3.39524e-16 1.35813e-15 0)
(-2.0372e-15 1.01861e-15 0)
(8.48832e-16 1.35813e-15 0)
(-2.71628e-15 6.79069e-16 0)
(6.7906e-16 1.28293e-20 0)
(-6.11161e-15 1.69766e-15 0)
(8.48836e-16 3.39562e-16 0)
(1.69765e-16 4.75347e-15 0)
(-3.5651e-15 3.73486e-15 0)
(5.26276e-15 3.0558e-15 0)
(5.16317e-21 -3.39526e-16 0)
(1.52503e-20 -5.79184e-21 0)
(3.39534e-15 -1.69765e-15 0)
(1.5279e-15 3.3953e-16 0)
(8.48827e-16 3.0558e-15 0)
(-5.09295e-16 3.73488e-15 0)
(-8.48829e-16 -3.39525e-16 0)
(-1.0186e-15 -5.7141e-21 0)
(2.88603e-15 -2.0372e-15 0)
(-3.39531e-16 -6.79051e-16 0)
(3.39542e-16 6.79066e-16 0)
(4.75347e-15 -1.0186e-15 0)
(1.69767e-15 -6.79067e-16 0)
(-1.18837e-15 1.69765e-15 0)
(-3.39533e-15 -1.69767e-15 0)
(-2.71628e-15 1.0186e-15 0)
(-3.5651e-15 1.35812e-15 0)
(-3.39535e-15 1.69767e-15 0)
(-6.79073e-16 6.79067e-16 0)
(-5.26276e-15 -3.39536e-16 0)
(-1.0186e-15 -5.43253e-15 0)
(-1.86745e-15 2.03719e-15 0)
(-1.6977e-16 -1.0186e-15 0)
(-1.0186e-15 1.95711e-21 0)
(8.48826e-16 3.39541e-16 0)
(-5.94184e-15 1.01861e-15 0)
(1.69771e-16 3.73487e-15 0)
(5.09287e-16 3.0558e-15 0)
(3.39532e-16 4.41394e-15 0)
(-3.39517e-16 2.71628e-15 0)
(-6.79066e-16 3.39541e-16 0)
(3.39533e-15 3.39535e-16 0)
(2.37674e-15 1.69766e-15 0)
(2.5465e-15 1.0186e-15 0)
(-1.69767e-15 6.7906e-16 0)
(1.69767e-15 -1.35813e-15 0)
(-1.69774e-16 2.71626e-15 0)
(-8.48827e-16 1.69767e-15 0)
(6.79067e-16 1.01859e-15 0)
(4.86823e-21 3.39526e-16 0)
(-3.39542e-16 -3.3953e-16 0)
(-5.09294e-16 6.79063e-16 0)
(1.18837e-15 -4.41394e-15 0)
(1.18837e-15 -5.093e-15 0)
(1.18835e-15 -4.41393e-15 0)
(-3.0558e-15 -2.0372e-15 0)
(-4.07442e-15 -3.73486e-15 0)
(-3.73487e-15 2.37672e-15 0)
(1.6976e-16 -1.69766e-15 0)
(-3.39536e-16 2.71626e-15 0)
(1.0186e-15 6.79071e-16 0)
(-4.24417e-15 1.69768e-15 0)
(-3.39529e-16 1.69768e-15 0)
(3.05579e-15 1.35814e-15 0)
(-1.52789e-15 1.0186e-15 0)
(-2.20697e-15 1.69767e-15 0)
(-2.37674e-15 3.73487e-15 0)
(8.48827e-16 -6.79048e-16 0)
(-8.48827e-16 9.81763e-21 0)
(2.0372e-15 1.35815e-15 0)
(-1.69767e-15 2.71627e-15 0)
(2.03721e-15 -6.79056e-16 0)
(2.71627e-15 6.79065e-16 0)
(2.37674e-15 -6.71971e-21 0)
(-3.39538e-16 4.52092e-21 0)
(5.0931e-16 -1.35813e-15 0)
(-1.86743e-15 1.69767e-15 0)
(-1.34208e-20 1.0186e-15 0)
(-1.52789e-15 1.0186e-15 0)
(2.20696e-15 -3.05579e-15 0)
(-1.86742e-15 -3.39538e-16 0)
(2.0372e-15 6.79067e-16 0)
(1.35814e-15 -4.31474e-21 0)
(-1.18837e-15 1.01859e-15 0)
(-1.35813e-15 -2.37674e-15 0)
(-6.79074e-16 -4.0744e-15 0)
(-2.54651e-15 -1.0186e-15 0)
(-5.26277e-15 -1.69766e-15 0)
(-3.39541e-16 -1.35814e-15 0)
(1.0186e-15 -4.41392e-15 0)
(1.69768e-16 1.69765e-15 0)
(-2.71627e-15 2.71626e-15 0)
(1.69765e-16 2.0372e-15 0)
(1.69767e-15 1.69767e-15 0)
(1.69765e-16 6.79068e-16 0)
(3.39524e-16 1.35814e-15 0)
(-3.90463e-15 1.35814e-15 0)
(-1.0186e-15 1.35815e-15 0)
(1.69765e-16 3.73488e-15 0)
(1.0186e-15 5.77205e-15 0)
(6.79068e-16 4.75348e-15 0)
(1.5279e-15 2.03721e-15 0)
(-1.69767e-16 -3.05579e-15 0)
(1.86744e-15 -2.03719e-15 0)
(-1.01861e-15 -3.90408e-21 0)
(-8.48829e-16 3.39522e-16 0)
(-1.69773e-16 1.69766e-15 0)
(-1.5279e-15 -6.79066e-16 0)
(5.093e-16 -3.05579e-15 0)
(-5.09291e-16 1.01858e-15 0)
(2.88603e-15 6.79069e-16 0)
(6.79074e-16 2.03719e-15 0)
(3.39525e-16 -2.71626e-15 0)
(-5.09303e-16 6.79053e-16 0)
(-4.58369e-15 -3.73487e-15 0)
(1.01859e-15 -1.69767e-15 0)
(-1.86744e-15 1.35812e-15 0)
(-1.69768e-15 -6.79058e-16 0)
(-1.69767e-15 4.07441e-15 0)
(1.35814e-15 -6.79072e-16 0)
(2.0372e-15 -7.1302e-15 0)
(1.5279e-15 2.0372e-15 0)
(-1.38754e-21 1.01861e-15 0)
(9.66726e-22 3.39539e-16 0)
(-1.35813e-15 1.35813e-15 0)
(1.69765e-16 1.35813e-15 0)
(-3.39534e-16 1.35814e-15 0)
(3.39531e-16 2.71627e-15 0)
(3.90463e-15 4.0744e-15 0)
(-5.09299e-16 -2.03717e-15 0)
(-4.24416e-15 -1.69766e-15 0)
(-1.18837e-15 1.01859e-15 0)
(1.6977e-16 -6.79065e-16 0)
(-5.09312e-16 -1.29037e-20 0)
(1.18837e-15 -6.79076e-16 0)
(1.86744e-15 -4.07439e-15 0)
(1.76602e-22 -1.0186e-15 0)
(-1.69767e-15 1.01859e-15 0)
(-1.18836e-15 -2.03721e-15 0)
(1.35813e-15 -2.0372e-15 0)
(1.5279e-15 -2.03721e-15 0)
(2.03721e-15 -6.79063e-16 0)
(-3.39528e-16 -1.01861e-15 0)
(-2.37674e-15 -4.41393e-15 0)
(5.09296e-16 -1.30084e-20 0)
(-2.0372e-15 1.35813e-15 0)
(-2.71628e-15 2.03721e-15 0)
(-1.18837e-15 7.13021e-15 0)
(-1.32586e-21 1.08651e-14 0)
(8.4884e-16 1.01859e-15 0)
(5.94183e-15 6.79059e-16 0)
(-8.48827e-16 3.39542e-16 0)
(-1.69766e-15 3.39537e-16 0)
(1.0186e-15 3.39532e-16 0)
(-3.39541e-16 -1.01859e-15 0)
(-1.69772e-16 -1.01859e-15 0)
(-3.3952e-16 2.0372e-15 0)
(-1.52791e-15 -6.79058e-16 0)
(1.86745e-15 -1.01859e-15 0)
(-1.20756e-21 3.05579e-15 0)
(-8.48847e-16 2.37674e-15 0)
(-2.5465e-15 1.35814e-15 0)
(-1.18837e-15 1.35813e-15 0)
(1.5279e-15 -3.05579e-15 0)
(2.37673e-15 -6.45112e-15 0)
(-2.71626e-15 -1.01863e-15 0)
(-1.69775e-16 -3.39534e-15 0)
(1.69766e-15 -4.0744e-15 0)
(1.18406e-20 -1.35813e-15 0)
(8.4883e-16 6.79063e-16 0)
(-2.0372e-15 -2.0372e-15 0)
(3.39535e-15 -1.0186e-15 0)
(-3.09367e-21 1.35813e-15 0)
(-1.52791e-15 -6.79075e-16 0)
(-1.35813e-15 3.39702e-21 0)
(1.0186e-15 2.37674e-15 0)
(8.48842e-16 1.08651e-14 0)
(4.07442e-15 3.05581e-14 0)
(3.56511e-15 6.17953e-14 0)
(1.35813e-15 -6.79051e-16 0)
(1.35815e-15 1.69766e-15 0)
(3.39534e-16 -2.0372e-15 0)
(-8.48839e-16 6.79059e-16 0)
(2.03721e-15 -3.39538e-16 0)
(-1.5279e-15 6.79058e-16 0)
(-2.0372e-15 -1.35812e-15 0)
(2.37673e-15 1.35813e-15 0)
(-1.18837e-15 6.79057e-16 0)
(3.22557e-15 2.37673e-15 0)
(-1.69768e-15 1.0186e-15 0)
(-2.37672e-15 3.39535e-16 0)
(-8.48853e-16 2.37674e-15 0)
(-2.88603e-15 3.05579e-15 0)
(-6.79063e-16 3.39534e-16 0)
(-1.69767e-16 2.03719e-15 0)
(2.03718e-15 -2.37673e-15 0)
(-2.37672e-15 -2.71628e-15 0)
(-1.5279e-15 -2.71627e-15 0)
(2.88603e-15 -1.01861e-15 0)
(4.05869e-21 -3.39531e-16 0)
(-3.39531e-16 -1.0186e-15 0)
(5.43254e-15 -1.01861e-15 0)
(-8.48839e-16 -3.39536e-16 0)
(-1.69769e-16 -1.0186e-15 0)
(8.48835e-16 4.75348e-15 0)
(6.62094e-15 1.79953e-14 0)
(2.27488e-14 6.28139e-14 0)
(3.59907e-14 1.73502e-13 0)
(2.19e-14 3.40893e-13 0)
(-8.48829e-16 -3.39542e-16 0)
(3.39533e-15 3.39545e-16 0)
(2.0372e-15 -2.58614e-20 0)
(-2.71626e-15 -4.75346e-15 0)
(2.5465e-15 -4.0744e-15 0)
(-1.69765e-16 -1.35814e-15 0)
(-1.86744e-15 1.35812e-15 0)
(-1.0186e-15 -1.0186e-15 0)
(-2.24526e-21 1.35814e-15 0)
(3.05581e-15 -1.0186e-15 0)
(-6.79067e-16 7.59346e-21 0)
(-1.0186e-15 2.03719e-15 0)
(-3.5651e-15 -2.0372e-15 0)
(5.09296e-16 -2.37672e-15 0)
(-1.69771e-16 -1.69766e-15 0)
(-1.01861e-15 -6.79072e-16 0)
(-3.56509e-15 -1.01861e-15 0)
(2.37673e-15 -4.0744e-15 0)
(-1.18837e-15 3.39529e-16 0)
(2.20697e-15 -6.79065e-16 0)
(-3.39536e-16 3.39529e-16 0)
(1.69773e-16 1.69766e-15 0)
(3.22557e-15 -3.05579e-15 0)
(-1.0186e-15 1.83035e-21 0)
(5.09308e-16 2.03721e-15 0)
(1.32419e-14 2.10511e-14 0)
(4.61767e-14 9.13348e-14 0)
(1.18667e-13 3.14749e-13 0)
(2.14077e-13 8.8279e-13 0)
(1.26986e-13 1.7829e-12 0)
(-5.09298e-16 -2.37674e-15 0)
(8.48829e-16 -5.09301e-15 0)
(1.69767e-15 -7.46973e-15 0)
(-2.0372e-15 3.39513e-16 0)
(2.71626e-15 -1.01861e-15 0)
(3.39539e-16 -3.05581e-15 0)
(-1.69766e-15 -6.79068e-16 0)
(-8.48836e-16 4.49557e-21 0)
(1.35814e-15 -6.79068e-16 0)
(2.71628e-15 -1.69766e-15 0)
(3.39527e-16 -6.79068e-16 0)
(-1.0186e-15 -7.89274e-22 0)
(-1.86744e-15 1.35812e-15 0)
(-2.71627e-15 6.81096e-22 0)
(1.35813e-15 3.73485e-15 0)
(-2.88604e-15 -1.0186e-15 0)
(-4.0744e-15 -1.69767e-15 0)
(4.0744e-15 -1.69767e-15 0)
(-1.69757e-16 2.37673e-15 0)
(6.79071e-16 6.79065e-16 0)
(-6.79065e-16 -1.35813e-15 0)
(1.18837e-15 -1.0186e-15 0)
(3.90464e-15 -3.39531e-16 0)
(1.52791e-15 4.75347e-15 0)
(1.52791e-14 2.20697e-14 0)
(6.97744e-14 9.98232e-14 0)
(2.25111e-13 4.14911e-13 0)
(6.07767e-13 1.46543e-12 0)
(1.14287e-12 4.27033e-12 0)
(6.99611e-13 9.11005e-12 0)
(-1.15601e-21 3.39524e-16 0)
(-1.69767e-15 -3.39544e-16 0)
(1.69777e-16 -7.80927e-15 0)
(-1.69772e-16 -6.45114e-15 0)
(8.4883e-16 -6.45113e-15 0)
(2.20697e-15 -6.45114e-15 0)
(-1.01859e-15 -3.73488e-15 0)
(1.5279e-15 -2.03721e-15 0)
(1.22141e-20 1.35813e-15 0)
(4.58369e-15 1.01859e-15 0)
(-6.79066e-16 -6.79074e-16 0)
(-5.09304e-16 -3.73486e-15 0)
(-2.20697e-15 -3.39534e-15 0)
(-6.1116e-15 3.39535e-16 0)
(2.54649e-15 -1.35813e-15 0)
(-1.18837e-15 -6.79075e-16 0)
(-5.94183e-15 -3.73487e-15 0)
(3.22557e-15 -3.39541e-16 0)
(4.24416e-15 -2.03721e-15 0)
(5.09309e-16 3.39539e-16 0)
(6.79068e-16 2.08722e-21 0)
(-6.79061e-16 1.01859e-15 0)
(7.46975e-15 5.43253e-15 0)
(1.25628e-14 1.66372e-14 0)
(7.46976e-14 9.8465e-14 0)
(3.08128e-13 4.38339e-13 0)
(1.06852e-12 1.80904e-12 0)
(3.01235e-12 6.64232e-12 0)
(5.95e-12 2.03052e-11 0)
(3.75372e-12 4.55971e-11 0)
(-8.48832e-16 2.73959e-21 0)
(-2.37674e-15 6.79064e-16 0)
(1.18837e-15 -1.80972e-20 0)
(-1.52791e-15 -3.73487e-15 0)
(-1.18836e-15 3.395e-16 0)
(3.5651e-15 -4.07441e-15 0)
(2.37673e-15 -2.37674e-15 0)
(3.5651e-15 -1.35814e-15 0)
(1.69767e-15 1.0186e-15 0)
(-3.39522e-16 1.69765e-15 0)
(-2.0372e-15 -3.39533e-15 0)
(8.4883e-16 -2.03721e-15 0)
(-2.71628e-15 -3.39542e-16 0)
(-3.90463e-15 -3.0558e-15 0)
(1.01859e-15 -1.0186e-15 0)
(-3.39543e-16 -3.39548e-16 0)
(-2.37674e-15 -1.35814e-15 0)
(6.79063e-16 -2.71627e-15 0)
(1.01862e-15 -2.37674e-15 0)
(2.0372e-15 3.39522e-16 0)
(2.37674e-15 4.07439e-15 0)
(3.22557e-15 1.69768e-15 0)
(1.56186e-14 1.42605e-14 0)
(7.0793e-14 7.50371e-14 0)
(3.27481e-13 3.81976e-13 0)
(1.3561e-12 1.78018e-12 0)
(4.87979e-12 7.64224e-12 0)
(1.44778e-11 2.92203e-11 0)
(3.03612e-11 9.42073e-11 0)
(1.96708e-11 2.25448e-10 0)
(-3.92772e-21 -1.69767e-15 0)
(-2.5465e-15 -3.39531e-16 0)
(2.37672e-15 -1.0186e-15 0)
(-3.22557e-15 6.79051e-16 0)
(-1.86744e-15 -5.77206e-15 0)
(-6.79057e-16 -2.37675e-15 0)
(5.43254e-15 -2.03721e-15 0)
(3.73488e-15 -4.41395e-15 0)
(3.3954e-16 -1.69767e-15 0)
(5.09297e-16 -4.41393e-15 0)
(-2.88603e-15 -4.41394e-15 0)
(-1.52791e-15 -3.05581e-15 0)
(-1.35813e-15 -5.093e-15 0)
(-1.18837e-15 -1.35814e-15 0)
(5.09295e-16 -2.71626e-15 0)
(-6.7907e-16 -4.75346e-15 0)
(-4.0744e-15 -3.73486e-15 0)
(-3.39537e-16 1.0186e-15 0)
(4.92323e-15 3.39541e-16 0)
(2.88604e-15 -1.35814e-15 0)
(4.24418e-15 -1.69765e-15 0)
(9.67674e-15 7.46976e-15 0)
(5.82302e-14 4.54976e-14 0)
(2.90642e-13 2.72646e-13 0)
(1.35593e-12 1.42265e-12 0)
(5.75307e-12 6.89697e-12 0)
(2.16455e-11 3.08206e-11 0)
(6.7938e-11 1.23543e-10 0)
(1.53119e-10 4.21981e-10 0)
(1.0218e-10 1.08134e-09 0)
(-3.39536e-16 6.79073e-16 0)
(-2.5465e-15 6.60817e-22 0)
(-3.5651e-15 1.69766e-15 0)
(-3.39545e-16 -2.71626e-15 0)
(-2.5465e-15 -6.79084e-16 0)
(3.22556e-15 -5.43253e-15 0)
(5.09317e-16 -4.41394e-15 0)
(5.09301e-15 -4.75347e-15 0)
(-6.79061e-16 -5.43255e-15 0)
(1.0186e-15 -3.73488e-15 0)
(-1.18837e-15 -1.69767e-15 0)
(-2.20697e-15 -6.79074e-16 0)
(1.69764e-16 -2.03721e-15 0)
(8.48837e-16 -1.42676e-20 0)
(6.79071e-16 3.39532e-15 0)
(6.7906e-16 6.79062e-16 0)
(-1.35813e-15 2.71627e-15 0)
(-1.86744e-15 3.39533e-15 0)
(1.35814e-15 1.0186e-15 0)
(1.69767e-15 1.96031e-20 0)
(7.46976e-15 2.37674e-15 0)
(3.87069e-14 2.37674e-14 0)
(2.15435e-13 1.62298e-13 0)
(1.10468e-12 9.28967e-13 0)
(5.29691e-12 5.00576e-12 0)
(2.34048e-11 2.526e-11 0)
(9.23639e-11 1.186e-10 0)
(3.07849e-10 5.02852e-10 0)
(7.48711e-10 1.84634e-09 0)
(5.14195e-10 5.20681e-09 0)
(3.39532e-16 4.75346e-15 0)
(-5.09315e-16 -1.01859e-15 0)
(-5.26277e-15 6.79079e-16 0)
(-2.71628e-15 -1.35814e-15 0)
(-2.71627e-15 -2.71628e-15 0)
(5.09299e-16 -3.39534e-15 0)
(2.37674e-15 -1.35815e-15 0)
(5.09301e-15 -3.73488e-15 0)
(1.69769e-16 -2.03721e-15 0)
(1.52791e-15 -3.05581e-15 0)
(-5.09301e-16 -3.39532e-15 0)
(-4.0744e-15 -2.71627e-15 0)
(2.03719e-15 2.37674e-15 0)
(1.69767e-15 3.39533e-15 0)
(2.33653e-21 2.03721e-15 0)
(1.16444e-21 -1.0186e-15 0)
(3.39536e-16 -1.01859e-15 0)
(-1.03601e-21 2.03719e-15 0)
(1.18837e-15 3.39542e-16 0)
(3.39547e-16 -1.35813e-15 0)
(2.07116e-14 8.14884e-15 0)
(1.314e-13 7.97906e-14 0)
(7.38997e-13 4.90967e-13 0)
(3.92485e-12 2.89827e-12 0)
(1.96022e-11 1.62573e-11 0)
(9.09493e-11 8.59966e-11 0)
(3.7984e-10 4.26519e-10 0)
(1.36374e-09 1.92125e-09 0)
(3.68109e-09 7.59496e-09 0)
(2.62254e-09 2.34285e-08 0)
(5.09298e-16 -1.0186e-15 0)
(-2.37674e-15 1.69766e-15 0)
(-4.75348e-15 5.77205e-15 0)
(-5.26278e-15 -3.05579e-15 0)
(-5.43254e-15 -4.0744e-15 0)
(1.35814e-15 -1.69769e-15 0)
(2.88603e-15 -3.73488e-15 0)
(3.39535e-15 -2.71629e-15 0)
(-6.79066e-16 -2.37675e-15 0)
(2.20697e-15 -3.73487e-15 0)
(1.86744e-15 6.79045e-16 0)
(-1.18837e-15 -7.90277e-21 0)
(1.01861e-15 -1.0186e-15 0)
(3.5651e-15 -1.01859e-15 0)
(-2.88603e-15 6.79069e-16 0)
(-2.20697e-15 2.37674e-15 0)
(1.5279e-15 -3.3953e-16 0)
(-1.18836e-15 -3.39528e-16 0)
(4.24416e-15 2.71628e-15 0)
(7.63954e-15 1.12046e-14 0)
(6.6379e-14 2.78418e-14 0)
(3.98444e-13 2.07795e-13 0)
(2.33277e-12 1.31705e-12 0)
(1.29263e-11 8.08941e-12 0)
(6.76173e-11 4.77973e-11 0)
(3.31102e-10 2.68046e-10 0)
(1.4688e-09 1.42906e-09 0)
(5.68418e-09 7.00069e-09 0)
(1.68791e-08 3.11248e-08 0)
(1.23893e-08 1.13616e-07 0)
(-3.39533e-16 -1.01859e-15 0)
(-2.03721e-15 -1.01861e-15 0)
(-5.77208e-15 -4.41392e-15 0)
(-5.94184e-15 1.0186e-15 0)
(-4.58372e-15 -1.69768e-15 0)
(2.0372e-15 -3.73488e-15 0)
(2.88604e-15 -8.1488e-15 0)
(5.093e-15 -7.80927e-15 0)
(-1.69765e-15 -5.093e-15 0)
(2.5465e-15 -1.01862e-15 0)
(1.52791e-15 -2.0372e-15 0)
(6.79068e-16 -1.35812e-15 0)
(1.01861e-15 -3.39536e-16 0)
(2.37673e-15 2.71625e-15 0)
(-2.03721e-15 -3.3953e-16 0)
(-2.71627e-15 2.03721e-15 0)
(1.52791e-15 6.45113e-15 0)
(2.37673e-15 3.39535e-15 0)
(3.73488e-15 3.05581e-15 0)
(2.27488e-14 1.01861e-14 0)
(1.72823e-13 6.65488e-14 0)
(1.09907e-12 4.40037e-13 0)
(6.65012e-12 2.94105e-12 0)
(3.8784e-11 1.90051e-11 0)
(2.14571e-10 1.19529e-10 0)
(1.12689e-09 7.16487e-10 0)
(5.42932e-09 4.1422e-09 0)
(2.36355e-08 2.20322e-08 0)
(8.36427e-08 1.08205e-07 0)
(6.44911e-08 4.3771e-07 0)
(6.7905e-16 -2.37675e-15 0)
(-2.03721e-15 -1.0186e-15 0)
(-5.43255e-15 -1.0186e-15 0)
(-4.75348e-15 2.03719e-15 0)
(-5.60232e-15 1.01859e-15 0)
(5.09302e-16 -3.39533e-15 0)
(6.79083e-16 -4.75348e-15 0)
(4.24417e-15 -2.03721e-15 0)
(2.37675e-15 3.39513e-16 0)
(-3.39532e-16 -4.41392e-15 0)
(4.75347e-15 2.71625e-15 0)
(8.48848e-16 3.39533e-16 0)
(3.39533e-15 1.35814e-15 0)
(3.73487e-15 -1.35812e-15 0)
(-2.37673e-15 2.03719e-15 0)
(-2.20697e-15 3.39554e-16 0)
(4.92325e-15 6.45114e-15 0)
(6.79078e-16 5.77208e-15 0)
(4.75348e-15 4.07441e-15 0)
(5.46651e-14 1.59581e-14 0)
(3.87409e-13 1.00842e-13 0)
(2.55839e-12 7.02497e-13 0)
(1.62527e-11 4.94702e-12 0)
(1.0037e-10 3.39833e-11 0)
(5.90727e-10 2.32108e-10 0)
(3.34811e-09 1.52961e-09 0)
(1.74556e-08 1.02353e-08 0)
(8.37311e-08 6.40743e-08 0)
(3.28638e-07 4.32005e-07 0)
(2.5952e-07 2.48944e-06 0)
(-8.48831e-15 -1.27326e-15 0)
(-1.27326e-15 -1.10631e-20 0)
(-4.8808e-15 -1.27324e-15 0)
(-4.03198e-15 1.27325e-15 0)
(-7.42729e-15 -1.27324e-15 0)
(-4.24423e-16 -2.5465e-15 0)
(2.5465e-15 -8.4884e-16 0)
(5.09301e-15 -2.12209e-15 0)
(5.51741e-15 -5.94183e-15 0)
(-3.39531e-15 1.27324e-15 0)
(3.39535e-15 -4.24398e-16 0)
(5.09299e-15 5.09298e-15 0)
(4.24426e-16 3.39532e-15 0)
(4.24418e-16 8.48835e-16 0)
(1.06104e-15 1.27324e-15 0)
(-2.12209e-16 8.48828e-16 0)
(4.6686e-15 1.69767e-15 0)
(1.90987e-15 4.24423e-16 0)
(9.97383e-15 1.27326e-15 0)
(9.27354e-14 1.3157e-14 0)
(6.56787e-13 9.71918e-14 0)
(4.51666e-12 6.91802e-13 0)
(3.00772e-11 4.9398e-12 0)
(1.98273e-10 3.4296e-11 0)
(1.26174e-09 2.36249e-10 0)
(8.10117e-09 1.57412e-09 0)
(4.88496e-08 1.05486e-08 0)
(3.1434e-07 6.67523e-08 0)
(1.74526e-06 4.40377e-07 0)
(1.21455e-05 2.58389e-06 0)
(8.48817e-16 -2.12208e-15 0)
(-7.99932e-21 -2.12209e-15 0)
(-5.30522e-15 2.54647e-15 0)
(-4.6686e-15 -1.69767e-15 0)
(-6.79068e-15 1.27323e-15 0)
(1.06104e-15 -2.12209e-15 0)
(1.06104e-15 4.24426e-16 0)
(2.1221e-15 8.48827e-16 0)
(2.33431e-15 -4.24416e-15 0)
(4.45636e-15 -1.69768e-15 0)
(5.94183e-15 -4.2443e-16 0)
(1.27327e-15 -1.27324e-15 0)
(2.38759e-22 9.89954e-21 0)
(8.48839e-16 -1.43021e-20 0)
(6.36635e-16 -5.09297e-15 0)
(-1.48545e-15 -2.12207e-15 0)
(5.09301e-15 -8.48817e-16 0)
(1.90988e-15 8.48833e-16 0)
(1.3157e-14 2.13796e-21 0)
(1.16927e-13 6.3663e-15 0)
(8.23796e-13 5.30523e-14 0)
(5.68275e-12 3.81128e-13 0)
(3.79481e-11 2.64752e-12 0)
(2.5003e-10 1.77878e-11 0)
(1.58919e-09 1.15943e-10 0)
(1.00637e-08 7.27494e-10 0)
(6.00507e-08 4.30697e-09 0)
(3.67251e-07 2.43678e-08 0)
(1.99632e-06 1.13979e-07 0)
(1.20582e-05 5.39919e-07 0)
(1.69766e-15 2.12207e-15 0)
(1.48546e-15 -4.2441e-16 0)
(-4.8808e-15 -3.81971e-15 0)
(-6.15407e-15 -1.69765e-15 0)
(-9.7616e-15 -2.97092e-15 0)
(1.27324e-15 2.12207e-15 0)
(8.48845e-16 2.12204e-15 0)
(5.09301e-15 -4.24427e-16 0)
(4.03196e-15 -1.27326e-15 0)
(1.90989e-15 -3.8724e-21 0)
(6.15406e-15 -2.12208e-15 0)
(1.27326e-15 -1.27323e-15 0)
(-6.3662e-16 -8.48817e-16 0)
(1.69767e-15 -1.27324e-15 0)
(-8.48836e-16 4.24412e-16 0)
(2.33429e-15 2.9709e-15 0)
(3.39536e-15 -8.48835e-16 0)
(6.36629e-16 -2.12209e-15 0)
(1.59157e-14 4.24411e-16 0)
(1.23718e-13 1.69765e-15 0)
(8.83639e-13 -4.2441e-16 0)
(6.07109e-12 2.9709e-15 0)
(4.05198e-11 8.48804e-16 0)
(2.6625e-10 -9.33718e-15 0)
(1.68756e-09 -4.32907e-14 0)
(1.06158e-08 -2.32581e-13 0)
(6.30338e-08 -1.4965e-12 0)
(3.80143e-07 -8.10256e-12 0)
(2.05459e-06 -7.63384e-11 0)
(1.20389e-05 -3.96486e-10 0)
(8.48825e-16 -1.69764e-15 0)
(-2.12208e-15 -1.69767e-15 0)
(-5.30522e-15 2.54649e-15 0)
(-6.57848e-15 2.12207e-15 0)
(-8.27615e-15 -1.27324e-15 0)
(4.24418e-16 4.24426e-16 0)
(1.90987e-15 -2.54648e-15 0)
(5.09302e-15 -1.27326e-15 0)
(2.75872e-15 8.48817e-16 0)
(3.81976e-15 1.69767e-15 0)
(6.57848e-15 -1.47882e-21 0)
(1.06105e-15 3.39532e-15 0)
(-8.48824e-16 3.81973e-15 0)
(1.06103e-15 1.27326e-15 0)
(2.12208e-16 2.12207e-15 0)
(-2.75869e-15 -8.48833e-16 0)
(8.27611e-15 4.24421e-16 0)
(3.18313e-15 -1.27326e-15 0)
(1.14593e-14 -8.48839e-16 0)
(1.17139e-13 -7.21509e-15 0)
(8.23371e-13 -5.26279e-14 0)
(5.67956e-12 -3.83674e-13 0)
(3.79462e-11 -2.65007e-12 0)
(2.50005e-10 -1.78014e-11 0)
(1.58905e-09 -1.15991e-10 0)
(1.00628e-08 -7.27538e-10 0)
(6.0046e-08 -4.30608e-09 0)
(3.67207e-07 -2.43537e-08 0)
(1.99609e-06 -1.1392e-07 0)
(1.20552e-05 -5.39416e-07 0)
(-1.48546e-15 1.27323e-15 0)
(-1.90989e-15 -8.48844e-16 0)
(-2.54652e-15 -8.48837e-16 0)
(-7.00288e-15 1.69767e-15 0)
(-9.33718e-15 2.12208e-15 0)
(1.48544e-15 4.24429e-16 0)
(1.48547e-15 3.81974e-15 0)
(2.97093e-15 -2.12206e-15 0)
(4.88081e-15 1.69768e-15 0)
(2.75872e-15 4.24424e-16 0)
(7.85172e-15 2.97093e-15 0)
(3.81975e-15 -4.24403e-16 0)
(1.27325e-15 4.24422e-16 0)
(-2.3343e-15 2.9709e-15 0)
(-6.36624e-16 -8.48823e-16 0)
(-2.12218e-16 -4.24418e-16 0)
(2.12246e-16 -2.63683e-20 0)
(2.3343e-15 -8.48824e-16 0)
(1.27325e-14 -8.48828e-16 0)
(9.29476e-14 -1.40058e-14 0)
(6.57848e-13 -9.29476e-14 0)
(4.51517e-12 -6.93075e-13 0)
(3.007e-11 -4.93938e-12 0)
(1.98249e-10 -3.43168e-11 0)
(1.26171e-09 -2.36382e-10 0)
(8.10173e-09 -1.57463e-09 0)
(4.88582e-08 -1.0547e-08 0)
(3.14375e-07 -6.67073e-08 0)
(1.74555e-06 -4.39578e-07 0)
(1.21405e-05 -2.5768e-06 0)
(4.69028e-05 4.43829e-08 0)
(0.000144114 6.78031e-09 0)
(0.000418928 -1.2906e-08 0)
(0.00117651 -3.86137e-08 0)
(0.00318414 -9.50011e-08 0)
(0.0082825 -2.20546e-07 0)
(0.0206413 -4.86506e-07 0)
(0.049109 -1.01604e-06 0)
(0.111088 -1.99876e-06 0)
(0.237805 -3.68162e-06 0)
(0.479183 -6.30299e-06 0)
(0.903315 -9.94284e-06 0)
(1.58191 -1.42827e-05 0)
(2.5532 -1.83683e-05 0)
(3.76576 -2.06411e-05 0)
(5.03995 -1.95874e-05 0)
(6.11093 -1.49325e-05 0)
(6.76272 -8.42448e-06 0)
(6.96209 -2.69313e-06 0)
(6.87042 1.58712e-06 0)
(6.72149 3.56372e-06 0)
(6.60722 3.50636e-06 0)
(6.74431 2.71582e-06 0)
(6.35757 2.26103e-06 0)
(6.72992 1.33092e-06 0)
(4.65702e-05 5.70244e-08 0)
(0.000144057 4.41734e-09 0)
(0.000418883 -2.93362e-08 0)
(0.00117643 -8.17517e-08 0)
(0.00318396 -1.98025e-07 0)
(0.00828212 -4.53891e-07 0)
(0.0206405 -9.87634e-07 0)
(0.0491076 -2.03162e-06 0)
(0.111085 -3.92918e-06 0)
(0.237801 -7.09778e-06 0)
(0.479177 -1.18794e-05 0)
(0.903308 -1.82425e-05 0)
(1.5819 -2.53677e-05 0)
(2.55319 -3.13504e-05 0)
(3.76577 -3.35309e-05 0)
(5.03997 -2.98092e-05 0)
(6.11095 -2.0474e-05 0)
(6.76275 -8.82508e-06 0)
(6.96212 5.93702e-07 0)
(6.87045 5.92015e-06 0)
(6.72152 7.04431e-06 0)
(6.60726 5.29666e-06 0)
(6.74435 3.04079e-06 0)
(6.35761 1.88418e-06 0)
(6.72997 9.31143e-07 0)
(4.6488e-05 -4.106e-09 0)
(0.000144028 -1.13032e-08 0)
(0.000418842 -2.88198e-08 0)
(0.00117634 -7.1104e-08 0)
(0.00318377 -1.67676e-07 0)
(0.00828172 -3.76438e-07 0)
(0.0206397 -8.00947e-07 0)
(0.0491061 -1.60649e-06 0)
(0.111083 -3.01812e-06 0)
(0.237797 -5.26848e-06 0)
(0.479172 -8.45599e-06 0)
(0.903303 -1.23197e-05 0)
(1.5819 -1.59788e-05 0)
(2.55319 -1.78585e-05 0)
(3.76577 -1.63997e-05 0)
(5.03997 -1.10093e-05 0)
(6.11096 -2.99231e-06 0)
(6.76276 4.60516e-06 0)
(6.96213 8.94167e-06 0)
(6.87045 9.04841e-06 0)
(6.72152 6.63936e-06 0)
(6.60725 3.3234e-06 0)
(6.74434 7.12516e-07 0)
(6.35761 -3.0793e-07 0)
(6.72997 -4.05455e-07 0)
(4.65603e-05 -6.35179e-08 0)
(0.000144032 -2.27093e-08 0)
(0.000418823 -1.82629e-08 0)
(0.00117629 -3.61035e-08 0)
(0.00318366 -8.08909e-08 0)
(0.00828148 -1.74672e-07 0)
(0.0206392 -3.5492e-07 0)
(0.0491053 -6.71441e-07 0)
(0.111081 -1.16827e-06 0)
(0.237795 -1.83886e-06 0)
(0.47917 -2.55182e-06 0)
(0.903301 -2.9521e-06 0)
(1.5819 -2.4698e-06 0)
(2.55319 -5.59273e-07 0)
(3.76577 3.13183e-06 0)
(5.03998 8.03692e-06 0)
(6.11097 1.24319e-05 0)
(6.76276 1.40929e-05 0)
(6.96213 1.20716e-05 0)
(6.87045 7.85103e-06 0)
(6.72151 3.58908e-06 0)
(6.60725 -3.28358e-07 0)
(6.74434 -2.06209e-06 0)
(6.35761 -2.44365e-06 0)
(6.72997 -1.69653e-06 0)
(4.68857e-05 -4.67704e-08 0)
(0.000144073 -1.37691e-08 0)
(0.000418828 -5.87318e-09 0)
(0.00117628 -8.1376e-09 0)
(0.00318363 -1.62383e-08 0)
(0.00828144 -3.1579e-08 0)
(0.0206392 -5.51012e-08 0)
(0.0491053 -8.05327e-08 0)
(0.111081 -8.05752e-08 0)
(0.237795 1.34679e-08 0)
(0.479171 3.27729e-07 0)
(0.903302 1.068e-06 0)
(1.5819 2.42401e-06 0)
(2.55319 4.31714e-06 0)
(3.76577 6.64172e-06 0)
(5.03997 8.82446e-06 0)
(6.11096 9.88272e-06 0)
(6.76274 9.08711e-06 0)
(6.9621 6.41677e-06 0)
(6.87042 3.13564e-06 0)
(6.72148 4.30308e-07 0)
(6.60721 -1.86146e-06 0)
(6.7443 -2.44963e-06 0)
(6.35757 -2.51257e-06 0)
(6.72992 -1.69085e-06 0)
(-3.35998e-16 -3.35997e-15 0)
(-2.85598e-15 -2.01597e-15 0)
(-6.72001e-16 -4.36795e-15 0)
(-5.71196e-15 -2.01596e-15 0)
(-3.69598e-15 2.68797e-15 0)
(-2.85597e-15 5.03997e-15 0)
(1.84798e-15 1.68e-15 0)
(2.18399e-15 1.00799e-15 0)
(8.23192e-15 3.69596e-15 0)
(2.35199e-15 2.016e-15 0)
(4.87196e-15 3.69596e-15 0)
(-6.71978e-16 1.00799e-15 0)
(3.02396e-15 -2.63194e-21 0)
(-4.87194e-15 -2.68798e-15 0)
(6.71986e-16 -2.68797e-15 0)
(-1.67996e-16 -6.71989e-16 0)
(3.52796e-15 -2.01597e-15 0)
(2.68798e-15 6.71981e-16 0)
(6.88797e-15 1.00798e-15 0)
(5.69516e-14 -1.37759e-14 0)
(3.85893e-13 -9.64314e-14 0)
(2.54098e-12 -6.98875e-13 0)
(1.61496e-11 -4.93446e-12 0)
(9.96794e-11 -3.38844e-11 0)
(5.86328e-10 -2.31353e-10 0)
(3.32047e-09 -1.52422e-09 0)
(1.72965e-08 -1.0195e-08 0)
(8.28686e-08 -6.38009e-08 0)
(3.24834e-07 -4.29904e-07 0)
(2.56444e-07 -2.47657e-06 0)
(-6.71994e-16 -2.01598e-15 0)
(1.00798e-15 1.34398e-15 0)
(-3.69597e-15 2.68797e-15 0)
(-4.70397e-15 4.03196e-15 0)
(-2.35199e-15 6.72009e-16 0)
(-1.67999e-15 8.06391e-15 0)
(-1.34398e-15 2.352e-15 0)
(4.03196e-15 6.71993e-15 0)
(3.86398e-15 1.008e-15 0)
(5.03996e-15 3.35985e-16 0)
(3.35999e-15 -3.69596e-15 0)
(1.17599e-15 -4.03196e-15 0)
(1.34398e-15 -3.69596e-15 0)
(-3.69596e-15 -3.69597e-15 0)
(6.71997e-16 -1.34399e-15 0)
(-1.67995e-16 3.35996e-15 0)
(2.01598e-15 4.5878e-21 0)
(3.02397e-15 -1.00798e-15 0)
(2.35198e-15 -2.68798e-15 0)
(2.30159e-14 -7.72796e-15 0)
(1.69679e-13 -6.38396e-14 0)
(1.07788e-12 -4.35453e-13 0)
(6.537e-12 -2.90403e-12 0)
(3.81077e-11 -1.87614e-11 0)
(2.10729e-10 -1.17865e-10 0)
(1.10629e-09 -7.05787e-10 0)
(5.32896e-09 -4.07518e-09 0)
(2.31991e-08 -2.16482e-08 0)
(8.21305e-08 -1.06147e-07 0)
(6.33323e-08 -4.28678e-07 0)
(6.71986e-16 3.35996e-15 0)
(-4.19996e-15 1.34399e-15 0)
(-2.18398e-15 2.01597e-15 0)
(-4.19996e-15 2.68798e-15 0)
(-5.20795e-15 5.71197e-15 0)
(-8.39998e-16 3.024e-15 0)
(5.03987e-16 7.72792e-15 0)
(2.68798e-15 2.016e-15 0)
(2.016e-15 1.008e-15 0)
(2.85597e-15 -2.35198e-15 0)
(4.03197e-15 -4.70394e-15 0)
(6.71998e-16 3.35975e-16 0)
(-3.35995e-16 1.34397e-15 0)
(-8.39993e-16 -2.35199e-15 0)
(4.03195e-15 6.7198e-16 0)
(1.51199e-15 1.00799e-15 0)
(1.176e-15 1.00799e-15 0)
(4.3784e-21 6.71988e-16 0)
(-5.03986e-16 -2.68797e-15 0)
(1.02479e-14 -7.05593e-15 0)
(6.26636e-14 -2.95678e-14 0)
(3.88581e-13 -1.97231e-13 0)
(2.26143e-12 -1.28855e-12 0)
(1.25529e-11 -7.88889e-12 0)
(6.56338e-11 -4.65979e-11 0)
(3.21232e-10 -2.61118e-10 0)
(1.42431e-09 -1.39115e-09 0)
(5.50915e-09 -6.81157e-09 0)
(1.63483e-08 -3.02749e-08 0)
(1.19973e-08 -1.10518e-07 0)
(-5.71194e-15 1.53292e-20 0)
(-1.176e-15 1.67999e-15 0)
(1.34398e-15 2.016e-15 0)
(-2.18398e-15 1.34399e-15 0)
(-3.69597e-15 4.36795e-15 0)
(-1.68009e-16 7.05593e-15 0)
(-2.01598e-15 3.35999e-15 0)
(-1.67991e-16 2.35198e-15 0)
(3.02396e-15 6.04794e-15 0)
(-3.35982e-16 3.35997e-15 0)
(2.85597e-15 -2.68798e-15 0)
(2.68797e-15 -2.68798e-15 0)
(-3.35994e-16 -5.71194e-15 0)
(-8.39987e-16 -8.06391e-15 0)
(1.344e-15 -5.71193e-15 0)
(2.85597e-15 6.71999e-16 0)
(1.68e-15 1.67999e-15 0)
(-1.67998e-15 1.34399e-15 0)
(2.35196e-15 6.71989e-16 0)
(6.72014e-16 -6.71996e-16 0)
(2.09999e-14 -9.74394e-15 0)
(1.24487e-13 -7.89595e-14 0)
(7.04923e-13 -4.78797e-13 0)
(3.76738e-12 -2.79517e-12 0)
(1.88113e-11 -1.56625e-11 0)
(8.72667e-11 -8.27717e-11 0)
(3.64402e-10 -4.10224e-10 0)
(1.30828e-09 -1.84651e-09 0)
(3.53182e-09 -7.29417e-09 0)
(2.51632e-09 -2.2481e-08 0)
(-2.01599e-15 5.71193e-15 0)
(-1.00799e-15 6.71997e-16 0)
(2.01598e-15 3.36004e-16 0)
(-1.00799e-15 1.008e-15 0)
(-3.35997e-15 2.01599e-15 0)
(-1.51199e-15 1.34401e-15 0)
(-1.17599e-15 3.69597e-15 0)
(1.84798e-15 4.36796e-15 0)
(-1.00798e-15 3.35998e-15 0)
(-1.00799e-15 1.34399e-15 0)
(1.67995e-16 2.01596e-15 0)
(3.02398e-15 -1.34399e-15 0)
(-6.71989e-16 2.01597e-15 0)
(-3.9683e-22 -2.01599e-15 0)
(2.18399e-15 2.68796e-15 0)
(4.36796e-15 2.01598e-15 0)
(3.86396e-15 2.01598e-15 0)
(-1.17599e-15 3.36006e-16 0)
(-2.01597e-15 -3.35994e-16 0)
(1.34398e-15 1.67997e-15 0)
(7.72794e-15 -1.67999e-15 0)
(3.49438e-14 -2.28479e-14 0)
(1.97735e-13 -1.56239e-13 0)
(1.04579e-12 -8.88378e-13 0)
(5.023e-12 -4.76613e-12 0)
(2.21932e-11 -2.40356e-11 0)
(8.75815e-11 -1.12794e-10 0)
(2.91843e-10 -4.78066e-10 0)
(7.09569e-10 -1.75494e-09 0)
(4.87258e-10 -4.94868e-09 0)
(-6.55192e-15 -6.71974e-16 0)
(1.67986e-16 3.36006e-16 0)
(-2.53372e-21 6.71989e-16 0)
(-5.90643e-21 3.35995e-16 0)
(-2.18397e-15 -3.35992e-16 0)
(-5.03999e-16 2.35197e-15 0)
(-2.51997e-15 3.35997e-16 0)
(2.85597e-15 1.00801e-15 0)
(5.03989e-16 3.02396e-15 0)
(-3.35996e-15 -3.02397e-15 0)
(-9.80919e-21 -3.35994e-16 0)
(2.01598e-15 -1.34399e-15 0)
(-1.67998e-15 -2.35198e-15 0)
(1.008e-15 -3.36003e-16 0)
(5.03995e-15 1.00797e-15 0)
(3.86397e-15 -3.36e-16 0)
(2.30226e-20 2.01596e-15 0)
(-7.41177e-21 1.00798e-15 0)
(-5.03995e-16 2.68797e-15 0)
(1.67997e-15 -3.35998e-16 0)
(1.84799e-15 -1.008e-15 0)
(6.38396e-15 -1.10879e-14 0)
(4.82157e-14 -4.77117e-14 0)
(2.72494e-13 -2.58718e-13 0)
(1.26839e-12 -1.34433e-12 0)
(5.39041e-12 -6.48274e-12 0)
(2.02944e-11 -2.89674e-11 0)
(6.37013e-11 -1.16072e-10 0)
(1.43565e-10 -3.96344e-10 0)
(9.58106e-11 -1.01519e-09 0)
(-1.68013e-16 5.37595e-15 0)
(-3.86397e-15 1.34399e-15 0)
(-2.01598e-15 -1.67998e-15 0)
(-1.34399e-15 -2.35198e-15 0)
(1.17597e-15 -1.008e-15 0)
(8.39988e-16 -3.35996e-15 0)
(-1.51198e-15 -2.35198e-15 0)
(1.17599e-15 -3.35999e-16 0)
(-3.35996e-15 -5.37594e-15 0)
(-2.01599e-15 -6.72006e-16 0)
(-2.18398e-15 -3.69597e-15 0)
(6.5585e-21 -3.02397e-15 0)
(-6.71997e-16 -3.35997e-15 0)
(4.03196e-15 -2.35198e-15 0)
(7.55993e-15 -1.00798e-15 0)
(1.86529e-20 -4.03196e-15 0)
(6.38393e-15 -4.03195e-15 0)
(-1.34398e-15 -1.00799e-15 0)
(-5.04002e-16 -1.00799e-15 0)
(-2.85596e-15 -6.72005e-16 0)
(1.34398e-15 -5.37594e-15 0)
(-2.18397e-15 -2.352e-15 0)
(8.73594e-15 -1.64639e-14 0)
(6.77036e-14 -7.55995e-14 0)
(3.04414e-13 -3.52462e-13 0)
(1.25445e-12 -1.65681e-12 0)
(4.52236e-12 -7.09527e-12 0)
(1.34164e-11 -2.71449e-11 0)
(2.81302e-11 -8.75002e-11 0)
(1.8228e-11 -2.09378e-10 0)
(-1.84799e-15 2.01598e-15 0)
(-5.20795e-15 1.34399e-15 0)
(-2.016e-15 1.00798e-15 0)
(-3.35997e-15 6.71985e-16 0)
(-1.67998e-15 -3.47465e-21 0)
(-8.39993e-16 -2.65799e-21 0)
(3.3599e-16 -6.71993e-16 0)
(1.51199e-15 -6.71994e-16 0)
(-1.67999e-15 -1.344e-15 0)
(-1.34399e-15 -6.71994e-16 0)
(-6.71994e-16 -1.67998e-15 0)
(1.34399e-15 -1.39037e-20 0)
(-6.71989e-16 3.35997e-16 0)
(4.03197e-15 3.02396e-15 0)
(5.03996e-15 -1.34399e-15 0)
(2.01599e-15 -1.68e-15 0)
(1.176e-15 -3.02398e-15 0)
(-3.36003e-16 -1.68e-15 0)
(-1.17599e-15 -5.03995e-15 0)
(-3.02397e-15 -5.71194e-15 0)
(6.71987e-16 -2.68799e-15 0)
(-3.36007e-16 -4.36796e-15 0)
(-4.53594e-15 -5.37597e-15 0)
(1.54559e-14 -1.78079e-14 0)
(6.92156e-14 -9.13914e-14 0)
(2.82574e-13 -4.03197e-13 0)
(9.80442e-13 -1.66554e-12 0)
(2.75888e-12 -6.09802e-12 0)
(5.45072e-12 -1.86385e-11 0)
(3.44213e-12 -4.18502e-11 0)
(-7.55992e-15 1.67999e-15 0)
(-2.85599e-15 -2.35198e-15 0)
(-2.18399e-15 -4.36795e-15 0)
(-2.01598e-15 -2.01597e-15 0)
(-1.00799e-15 -1.34399e-15 0)
(-1.34399e-15 -1.34398e-15 0)
(-1.84798e-15 3.02397e-15 0)
(3.19195e-15 6.71987e-16 0)
(-1.67998e-15 3.35991e-16 0)
(-4.36796e-15 -2.01598e-15 0)
(6.7199e-16 -3.36009e-16 0)
(2.68797e-15 1.20575e-20 0)
(3.36003e-16 1.67998e-15 0)
(1.008e-15 1.34399e-15 0)
(1.84799e-15 -2.35198e-15 0)
(4.19996e-15 -2.68797e-15 0)
(2.01598e-15 -7.05593e-15 0)
(-2.01597e-15 -6.38394e-15 0)
(-1.34399e-15 -2.68799e-15 0)
(-1.17599e-15 -1.67999e-15 0)
(-3.36003e-16 -2.68798e-15 0)
(-1.34399e-15 -4.03196e-15 0)
(-3.35997e-15 -2.01598e-15 0)
(1.68015e-16 -4.70398e-15 0)
(1.69679e-14 -2.08319e-14 0)
(6.19916e-14 -9.71033e-14 0)
(2.04455e-13 -3.74974e-13 0)
(5.51708e-13 -1.32719e-12 0)
(1.03538e-12 -3.87607e-12 0)
(6.35876e-13 -8.2642e-12 0)
(-1.17601e-15 -1.34399e-15 0)
(-7.22392e-15 -6.71998e-16 0)
(-6.72008e-16 -4.40959e-21 0)
(-1.17599e-15 6.71992e-16 0)
(1.51199e-15 -6.71993e-16 0)
(3.35995e-16 3.35985e-16 0)
(-2.68798e-15 -6.71989e-16 0)
(-3.36006e-16 3.35995e-16 0)
(-1.008e-15 -6.71994e-16 0)
(-3.35996e-15 -1.4992e-21 0)
(8.73149e-21 3.36005e-16 0)
(1.67999e-15 1.00799e-15 0)
(2.68796e-15 3.36002e-16 0)
(-2.68797e-15 2.9907e-21 0)
(3.19197e-15 -6.71998e-16 0)
(2.68799e-15 6.71985e-16 0)
(1.67998e-15 3.35975e-16 0)
(3.35999e-16 -6.72004e-16 0)
(-1.34399e-15 -3.35998e-16 0)
(-5.03998e-16 -1.00799e-15 0)
(-2.85597e-15 -6.71993e-16 0)
(-1.51199e-15 -1.4291e-21 0)
(1.51197e-15 1.00799e-15 0)
(-1.84799e-15 -6.71993e-16 0)
(-1.67978e-16 -4.03198e-15 0)
(1.41119e-14 -1.91519e-14 0)
(4.08237e-14 -7.96315e-14 0)
(1.09535e-13 -2.80222e-13 0)
(1.95047e-13 -7.83883e-13 0)
(1.16591e-13 -1.59565e-12 0)
(-6.38393e-15 -3.35997e-15 0)
(-2.85599e-15 1.67999e-15 0)
(-3.19197e-15 2.01598e-15 0)
(-5.49729e-21 1.34399e-15 0)
(-6.71993e-16 2.35198e-15 0)
(-1.68e-16 -1.00798e-15 0)
(-3.36005e-16 -6.86135e-21 0)
(-1.00799e-15 6.71998e-16 0)
(-1.67999e-15 -1.34398e-15 0)
(-3.52796e-15 2.43143e-21 0)
(4.36794e-15 3.69596e-15 0)
(8.39998e-16 1.67997e-15 0)
(1.51198e-15 6.71985e-16 0)
(-4.36794e-15 6.71986e-16 0)
(6.71993e-16 -6.71997e-16 0)
(4.87195e-15 -1.344e-15 0)
(-1.17597e-15 -4.36794e-15 0)
(2.18397e-15 -3.36008e-16 0)
(2.35198e-15 1.67997e-15 0)
(-4.03195e-15 4.52328e-21 0)
(-5.04e-16 2.35197e-15 0)
(-2.18399e-15 1.00799e-15 0)
(6.71987e-16 1.67998e-15 0)
(-1.00799e-15 1.008e-15 0)
(-2.85596e-15 2.47587e-21 0)
(1.848e-15 -1.34401e-15 0)
(8.39994e-15 -1.74719e-14 0)
(2.01599e-14 -5.54397e-14 0)
(3.69597e-14 -1.57583e-13 0)
(1.89839e-14 -3.02062e-13 0)
(-1.176e-15 -1.00798e-15 0)
(-1.176e-15 -2.01599e-15 0)
(-1.34399e-15 2.35198e-15 0)
(-1.84138e-21 6.71996e-16 0)
(-6.71997e-16 3.02398e-15 0)
(-6.71995e-16 2.68797e-15 0)
(-3.35996e-15 1.67999e-15 0)
(-2.35198e-15 3.35999e-16 0)
(-1.34399e-15 3.36002e-16 0)
(-1.17601e-15 6.71991e-16 0)
(-3.35986e-16 -1.67998e-15 0)
(3.35998e-16 -3.02396e-15 0)
(1.67996e-16 -5.71194e-15 0)
(3.69596e-15 1.008e-15 0)
(8.39997e-16 3.36002e-16 0)
(6.72001e-16 -3.69595e-15 0)
(2.18398e-15 2.68796e-15 0)
(2.35198e-15 -1.34397e-15 0)
(8.39993e-16 -1.00798e-15 0)
(-1.00799e-15 -6.71993e-16 0)
(-1.34399e-15 3.36007e-16 0)
(-2.85597e-15 4.70395e-15 0)
(-2.85598e-15 1.68e-15 0)
(-2.35198e-15 2.68799e-15 0)
(1.34398e-15 3.02397e-15 0)
(2.35197e-15 2.35198e-15 0)
(2.18398e-15 -3.69597e-15 0)
(3.69598e-15 -1.14239e-14 0)
(5.20797e-15 -2.82238e-14 0)
(5.54394e-15 -5.74556e-14 0)
(-6.71994e-15 1.34398e-15 0)
(-2.51998e-15 6.72e-16 0)
(-3.19196e-15 5.03995e-15 0)
(1.67987e-16 9.68129e-21 0)
(-2.35198e-15 1.00799e-15 0)
(-3.36e-16 -1.00798e-15 0)
(1.51198e-15 1.34397e-15 0)
(-5.03998e-16 -6.71983e-16 0)
(5.0399e-16 2.68797e-15 0)
(-5.20794e-15 6.11873e-21 0)
(-9.41482e-21 -3.36012e-16 0)
(-6.7199e-16 -1.008e-15 0)
(6.88911e-22 -1.00799e-15 0)
(2.35198e-15 1.67997e-15 0)
(5.03996e-16 3.35987e-16 0)
(1.17599e-15 2.35197e-15 0)
(4.70396e-15 -6.71975e-16 0)
(-3.35989e-16 1.344e-15 0)
(-2.58887e-21 1.34398e-15 0)
(1.68002e-16 7.2684e-21 0)
(2.01597e-15 3.02397e-15 0)
(-1.68e-16 3.36013e-16 0)
(-2.85597e-15 6.71994e-15 0)
(-3.35997e-15 3.02397e-15 0)
(5.03985e-16 2.68799e-15 0)
(-2.68797e-15 3.02396e-15 0)
(1.34398e-15 1.00799e-15 0)
(1.51199e-15 -2.35197e-15 0)
(1.84798e-15 -3.36017e-16 0)
(-8.39983e-16 -1.41119e-14 0)
(-5.54394e-15 1.34399e-15 0)
(1.67992e-16 2.01598e-15 0)
(1.67994e-16 -6.7198e-16 0)
(-3.02397e-15 2.35199e-15 0)
(-6.04796e-15 3.35998e-15 0)
(-2.35198e-15 2.35198e-15 0)
(6.72001e-16 3.36012e-16 0)
(-1.51199e-15 1.00798e-15 0)
(-3.36001e-16 -2.68797e-15 0)
(-1.848e-15 -1.67999e-15 0)
(-5.04001e-16 -4.03194e-15 0)
(1.51198e-15 1.67996e-15 0)
(-8.39974e-16 1.34397e-15 0)
(3.52797e-15 -2.01596e-15 0)
(8.39994e-16 -3.35981e-16 0)
(4.72469e-21 1.344e-15 0)
(2.01598e-15 6.38391e-15 0)
(2.35198e-15 2.68797e-15 0)
(-5.03997e-16 -3.35989e-16 0)
(3.02397e-15 4.70395e-15 0)
(2.85598e-15 1.18483e-20 0)
(-3.35998e-16 4.36796e-15 0)
(-3.52797e-15 4.36796e-15 0)
(-2.85598e-15 3.02399e-15 0)
(-2.35198e-15 -1.00799e-15 0)
(-3.36016e-16 -1.00798e-15 0)
(-2.85596e-15 -1.67998e-15 0)
(-8.39989e-16 -2.68797e-15 0)
(-1.68003e-16 -1.00801e-15 0)
(-3.35996e-16 -1.01963e-20 0)
(-6.72e-16 -3.35987e-16 0)
(-1.51199e-15 3.35997e-15 0)
(-2.01599e-15 3.35997e-15 0)
(-1.00799e-15 3.69596e-15 0)
(-2.01599e-15 2.01598e-15 0)
(-1.00799e-15 1.008e-15 0)
(2.68796e-15 -6.74247e-21 0)
(-3.19197e-15 9.67688e-21 0)
(-3.19197e-15 3.35996e-15 0)
(-3.02397e-15 3.35997e-15 0)
(-8.39993e-16 3.35995e-15 0)
(3.35997e-16 -2.01596e-15 0)
(2.35198e-15 -3.35994e-15 0)
(4.53596e-15 3.02396e-15 0)
(-3.35985e-16 1.34399e-15 0)
(1.17599e-15 3.35996e-15 0)
(3.52795e-15 1.68001e-15 0)
(-1.34398e-15 3.02397e-15 0)
(-1.84798e-15 6.71997e-16 0)
(1.008e-15 6.71997e-16 0)
(3.35997e-15 -3.36001e-16 0)
(1.67999e-15 3.36009e-16 0)
(-1.51199e-15 5.03995e-15 0)
(-2.01599e-15 3.69596e-15 0)
(-4.53596e-15 2.35197e-15 0)
(-5.71195e-15 2.01598e-15 0)
(1.67998e-15 2.01599e-15 0)
(-6.71996e-16 1.67998e-15 0)
(6.71985e-16 -6.71987e-16 0)
(7.38351e-21 6.71982e-16 0)
(-1.67999e-16 -1.34399e-15 0)
(-1.17598e-15 6.71997e-16 0)
(-2.51997e-15 1.24597e-20 0)
(-1.68007e-16 2.68797e-15 0)
(-2.18398e-15 2.01599e-15 0)
(-1.512e-15 1.67999e-15 0)
(-2.68796e-15 -2.01597e-15 0)
(-6.72018e-16 3.35992e-16 0)
(-2.35198e-15 5.49404e-21 0)
(-8.40001e-16 1.00799e-15 0)
(-3.35998e-16 -6.71982e-16 0)
(5.04005e-16 3.35992e-16 0)
(1.51199e-15 -3.35997e-16 0)
(2.35199e-15 1.344e-15 0)
(4.53595e-15 3.02397e-15 0)
(2.01599e-15 2.01599e-15 0)
(1.34399e-15 2.68797e-15 0)
(-2.85596e-15 1.67999e-15 0)
(-1.176e-15 6.33978e-21 0)
(1.34399e-15 3.64201e-21 0)
(2.35198e-15 -1.00798e-15 0)
(1.84798e-15 -1.34398e-15 0)
(1.67991e-16 3.35997e-16 0)
(-5.71195e-15 2.56808e-21 0)
(-4.36797e-15 3.36004e-16 0)
(-2.68798e-15 6.72905e-22 0)
(-3.24224e-21 3.35998e-16 0)
(-3.36001e-16 -3.35993e-16 0)
(-1.17599e-15 -1.67997e-15 0)
(1.34398e-15 -1.00798e-15 0)
(8.3999e-16 6.6905e-21 0)
(4.36794e-15 4.03197e-15 0)
(6.71989e-16 2.01597e-15 0)
(-6.71994e-16 -1.00798e-15 0)
(-2.18398e-15 3.02396e-15 0)
(-3.86396e-15 3.02397e-15 0)
(-3.35997e-15 6.71989e-16 0)
(-2.18399e-15 3.35999e-16 0)
(3.35989e-16 2.01598e-15 0)
(-3.69597e-15 -3.35988e-16 0)
(-3.02396e-15 3.02397e-15 0)
(1.00798e-15 -3.3599e-16 0)
(5.04004e-16 6.71969e-16 0)
(3.69596e-15 4.03195e-15 0)
(6.72008e-16 6.71981e-16 0)
(4.70395e-15 -4.03196e-15 0)
(2.01599e-15 -6.71993e-16 0)
(8.39981e-16 -3.35986e-16 0)
(-2.85597e-15 3.35996e-15 0)
(4.81868e-21 3.35993e-16 0)
(1.34399e-15 3.02396e-15 0)
(1.17599e-15 1.00799e-15 0)
(-3.35998e-16 -1.34398e-15 0)
(-2.51998e-15 -1.00799e-15 0)
(-3.02399e-15 1.00799e-15 0)
(-3.02398e-15 6.54896e-21 0)
(-2.51998e-15 1.67998e-15 0)
(-5.03987e-16 3.35997e-15 0)
(-1.67999e-15 3.69595e-15 0)
(-6.71991e-16 -3.3599e-16 0)
(-5.03992e-16 5.03994e-15 0)
(-2.68797e-15 6.71992e-16 0)
(2.36068e-22 -4.03195e-15 0)
(-6.71993e-16 3.02398e-15 0)
(6.71986e-16 -5.03994e-15 0)
(-2.68798e-15 1.00799e-15 0)
(-3.52797e-15 -2.35197e-15 0)
(3.35994e-16 2.01598e-15 0)
(-1.008e-15 -1.34398e-15 0)
(-4.53595e-15 3.35993e-16 0)
(1.00798e-15 -1.67998e-15 0)
(-8.39989e-16 2.01597e-15 0)
(-1.18641e-21 -2.01597e-15 0)
(4.87196e-15 3.36e-16 0)
(7.55391e-21 -2.35197e-15 0)
(1.67999e-15 -8.04731e-21 0)
(4.53596e-15 -5.03995e-15 0)
(5.04001e-16 -1.02745e-20 0)
(-3.19197e-15 -1.67998e-15 0)
(3.86395e-15 -1.34398e-15 0)
(-8.39982e-16 6.71996e-16 0)
(8.39987e-16 6.22912e-22 0)
(-2.01598e-15 -3.02398e-15 0)
(-1.67999e-15 -9.80474e-21 0)
(-1.51199e-15 -3.35996e-16 0)
(-5.87994e-15 -3.35981e-16 0)
(-3.36003e-16 6.71996e-16 0)
(2.18397e-15 -1.34398e-15 0)
(-1.00799e-15 -1.00799e-15 0)
(-1.00799e-15 -1.34398e-15 0)
(1.00798e-15 1.00799e-15 0)
(1.34399e-15 -4.36793e-15 0)
(8.39988e-16 4.36795e-15 0)
(-3.36002e-16 -3.35991e-16 0)
(-2.68798e-15 3.69596e-15 0)
(-1.84798e-15 1.344e-15 0)
(-2.85598e-15 4.03196e-15 0)
(-1.00799e-15 2.68798e-15 0)
(-6.71998e-16 1.67998e-15 0)
(-2.18399e-15 3.35997e-15 0)
(-3.69597e-15 2.01598e-15 0)
(-3.36003e-16 2.01598e-15 0)
(-5.03988e-16 -7.22418e-21 0)
(2.35198e-15 -1.344e-15 0)
(1.95077e-21 -2.01599e-15 0)
(2.85599e-15 -3.69597e-15 0)
(3.86396e-15 -6.72006e-16 0)
(1.17599e-15 -2.01598e-15 0)
(-2.01598e-15 -6.71998e-16 0)
(2.35197e-15 -3.36001e-16 0)
(8.39995e-16 1.34399e-15 0)
(-5.03993e-16 1.00799e-15 0)
(-1.67999e-15 -1.67998e-15 0)
(-3.52796e-15 -2.35197e-15 0)
(1.00798e-15 1.34399e-15 0)
(-3.19198e-15 2.68796e-15 0)
(-3.36001e-16 3.69597e-15 0)
(2.54669e-21 2.01598e-15 0)
(-2.68798e-15 6.72005e-16 0)
(-1.17599e-15 2.35198e-15 0)
(-6.71992e-15 1.008e-15 0)
(2.35197e-15 1.24319e-14 0)
(-2.18398e-15 1.344e-15 0)
(-3.17751e-21 3.35991e-16 0)
(-1.84799e-15 -3.35982e-16 0)
(-2.01598e-15 -3.35986e-16 0)
(-3.69597e-15 2.01598e-15 0)
(-1.67999e-15 -2.35197e-15 0)
(-3.35994e-16 -9.05318e-22 0)
(-2.85598e-15 3.02398e-15 0)
(-4.19998e-15 3.69598e-15 0)
(-1.51199e-15 -3.35996e-15 0)
(1.84798e-15 4.12867e-21 0)
(2.35198e-15 -2.68797e-15 0)
(-1.17598e-15 -2.68797e-15 0)
(4.19995e-15 -3.35997e-15 0)
(3.02399e-15 -4.03196e-15 0)
(1.84798e-15 -2.68799e-15 0)
(-8.39989e-16 -3.35997e-15 0)
(1.008e-15 -6.7199e-16 0)
(2.51997e-15 -3.35999e-16 0)
(-3.35997e-16 -2.01598e-15 0)
(-8.39992e-16 3.36e-16 0)
(-6.72007e-16 4.70395e-15 0)
(-2.35198e-15 3.35997e-15 0)
(-1.84798e-15 2.01599e-15 0)
(-1.17599e-15 6.71999e-16 0)
(-2.01598e-15 3.35997e-15 0)
(-3.02397e-15 -1.34398e-15 0)
(-1.17599e-15 1.00798e-15 0)
(-1.68009e-16 1.67999e-15 0)
(-5.0399e-16 -8.7359e-15 0)
(-1.176e-15 3.35991e-16 0)
(-8.39996e-16 -1.00799e-15 0)
(-2.68797e-15 -6.71992e-16 0)
(-1.84798e-15 1.34398e-15 0)
(-4.53596e-15 2.68798e-15 0)
(3.35977e-16 3.36002e-16 0)
(1.17599e-15 -2.32556e-21 0)
(3.35988e-16 6.71997e-16 0)
(-7.22393e-15 3.02397e-15 0)
(-3.69598e-15 2.01599e-15 0)
(-1.00799e-15 4.03195e-15 0)
(3.02397e-15 -3.35996e-15 0)
(1.00799e-15 6.71981e-16 0)
(2.01599e-15 2.01596e-15 0)
(4.87195e-15 -2.35198e-15 0)
(1.06804e-20 -3.02397e-15 0)
(-8.39977e-16 1.67997e-15 0)
(3.86395e-15 1.00798e-15 0)
(7.52721e-21 -3.35995e-16 0)
(8.19875e-22 -1.00799e-15 0)
(2.51998e-15 1.67997e-15 0)
(-2.85597e-15 -1.00797e-15 0)
(-8.40003e-16 3.02396e-15 0)
(-3.69596e-15 1.18482e-22 0)
(-5.03999e-16 1.00799e-15 0)
(8.39991e-16 2.01599e-15 0)
(-2.68799e-15 2.68798e-15 0)
(-1.51199e-15 2.01598e-15 0)
(-1.17599e-15 2.01598e-15 0)
(-6.71996e-16 7.72792e-15 0)
(-2.18398e-15 6.71996e-16 0)
(-1.67998e-15 2.79806e-21 0)
(-1.17599e-15 2.01598e-15 0)
(2.01596e-15 -1.00798e-15 0)
(-3.52797e-15 2.35197e-15 0)
(-5.37594e-15 2.35197e-15 0)
(-1.68005e-16 -1.34397e-15 0)
(2.01598e-15 6.71996e-16 0)
(-3.69597e-15 8.14793e-21 0)
(-2.01598e-15 -3.3598e-16 0)
(-2.68798e-15 -3.35975e-16 0)
(5.04002e-16 2.01597e-15 0)
(1.34398e-15 -5.71192e-15 0)
(1.176e-15 -2.68795e-15 0)
(6.72004e-16 6.71996e-16 0)
(3.02397e-15 -1.34399e-15 0)
(3.19196e-15 -3.35997e-16 0)
(2.184e-15 -6.71995e-16 0)
(-1.17598e-15 -1.008e-15 0)
(1.67992e-16 -6.71997e-16 0)
(1.17599e-15 -1.00799e-15 0)
(-8.40001e-16 -1.008e-15 0)
(-6.71988e-16 -3.69596e-15 0)
(-2.68798e-15 -3.35996e-15 0)
(1.67998e-15 1.34399e-15 0)
(-1.34398e-15 1.00799e-15 0)
(-2.85599e-15 2.68798e-15 0)
(-1.00799e-15 3.02397e-15 0)
(5.03985e-16 -2.01599e-15 0)
(-5.03988e-16 -5.03994e-15 0)
(-2.51998e-15 -2.35198e-15 0)
(-6.71994e-16 5.15203e-22 0)
(5.03984e-16 -8.23883e-22 0)
(3.35936e-21 6.71996e-16 0)
(-4.87196e-15 -6.71987e-16 0)
(-3.52797e-15 -3.35985e-16 0)
(-5.03995e-16 3.02396e-15 0)
(1.17598e-15 2.68797e-15 0)
(-1.67998e-15 3.36011e-16 0)
(-2.18399e-15 8.7359e-15 0)
(-2.18399e-15 7.72792e-15 0)
(-1.00799e-15 1.344e-15 0)
(1.51199e-15 5.71192e-15 0)
(1.68002e-16 3.02395e-15 0)
(4.36795e-15 1.34398e-15 0)
(1.67999e-15 1.00799e-15 0)
(-1.17597e-15 3.26609e-21 0)
(4.53595e-15 -1.00799e-15 0)
(5.0399e-16 -2.01598e-15 0)
(-1.17598e-15 -1.34399e-15 0)
(-1.84798e-15 -1.00799e-15 0)
(-1.67998e-16 -1.67999e-15 0)
(-1.68004e-16 -6.71992e-16 0)
(-2.85597e-15 3.69595e-15 0)
(2.01598e-15 1.34399e-15 0)
(3.35992e-16 1.00799e-15 0)
(-1.68009e-16 4.70395e-15 0)
(-3.35995e-16 3.69597e-15 0)
(-3.52795e-15 -1.34399e-15 0)
(8.39991e-16 -1.06779e-20 0)
(-5.04001e-16 -6.71999e-16 0)
(8.39989e-16 -3.36002e-16 0)
(-2.68796e-15 -3.35996e-16 0)
(1.67993e-16 1.67998e-15 0)
(-4.19997e-15 -1.00798e-15 0)
(-1.344e-15 1.34399e-15 0)
(1.67998e-15 1.008e-15 0)
(-5.03989e-16 6.71996e-16 0)
(-1.67998e-15 1.344e-15 0)
(-1.34399e-15 1.34401e-15 0)
(-1.67999e-15 6.72005e-16 0)
(-3.35996e-15 1.04003e-20 0)
(1.67992e-16 3.36013e-16 0)
(5.04001e-16 1.344e-15 0)
(4.36796e-15 -3.3599e-16 0)
(3.36004e-16 -1.24161e-21 0)
(3.36003e-16 -3.35996e-16 0)
(2.35198e-15 -1.67998e-15 0)
(-1.00799e-15 -3.36006e-16 0)
(1.34398e-15 -6.71993e-16 0)
(-8.39995e-16 -2.01598e-15 0)
(-5.03991e-16 -6.72001e-16 0)
(-1.67999e-16 -3.35996e-16 0)
(1.67998e-15 1.008e-15 0)
(1.34398e-15 1.34399e-15 0)
(-2.18398e-15 8.07797e-21 0)
(-1.51198e-15 2.35198e-15 0)
(-3.35994e-16 1.00799e-15 0)
(8.39975e-16 -4.70396e-15 0)
(3.36007e-16 -6.71998e-16 0)
(-1.67998e-15 -3.35997e-15 0)
(1.00799e-15 -3.02397e-15 0)
(2.68796e-15 -1.008e-15 0)
(-1.67998e-15 2.68797e-15 0)
(-3.02397e-15 6.71993e-15 0)
(-2.01598e-15 7.72792e-15 0)
(8.39987e-16 5.37595e-15 0)
(1.84797e-15 2.01599e-15 0)
(-3.52797e-15 6.71992e-15 0)
(-3.3601e-16 2.35198e-15 0)
(-4.53595e-15 3.36004e-16 0)
(-8.39996e-16 1.67998e-15 0)
(6.71988e-16 5.37595e-15 0)
(3.35998e-16 6.71995e-16 0)
(1.67999e-15 1.00798e-15 0)
(5.04001e-16 6.64713e-21 0)
(3.02396e-15 2.01598e-15 0)
(-1.00797e-15 4.36795e-15 0)
(6.71993e-16 2.20546e-20 0)
(-1.84798e-15 2.68798e-15 0)
(-1.67999e-15 -1.34398e-15 0)
(2.01598e-15 -2.68797e-15 0)
(-1.67998e-15 -2.35198e-15 0)
(2.85597e-15 2.35197e-15 0)
(5.04005e-16 -1.34398e-15 0)
(1.68e-16 1.34399e-15 0)
(2.51996e-15 2.01598e-15 0)
(1.68e-16 1.344e-15 0)
(-7.39191e-15 -4.36796e-15 0)
(2.68797e-15 -2.01599e-15 0)
(-1.17599e-15 -1.3956e-20 0)
(-8.39985e-16 2.35196e-15 0)
(2.35197e-15 -2.35197e-15 0)
(8.39994e-16 2.79519e-21 0)
(-6.71998e-16 -3.35991e-16 0)
(-1.68001e-16 -3.35986e-16 0)
(-3.69597e-15 -3.35986e-16 0)
(-8.39988e-16 -1.67998e-15 0)
(-2.35199e-15 3.35997e-15 0)
(-3.69597e-15 1.00799e-15 0)
(-1.68012e-16 4.36796e-15 0)
(1.67997e-16 -1.67998e-15 0)
(-5.03997e-16 1.34398e-15 0)
(-1.67998e-15 -2.35197e-15 0)
(3.82628e-21 -1.008e-15 0)
(1.67998e-15 1.00799e-15 0)
(1.008e-15 6.71992e-16 0)
(4.19996e-15 -1.67998e-15 0)
(1.51198e-15 1.67997e-15 0)
(3.35996e-16 -1.26931e-21 0)
(-4.87196e-15 4.36796e-15 0)
(-8.39997e-16 6.7199e-16 0)
(1.67998e-16 -6.71997e-16 0)
(2.85598e-15 -6.71998e-16 0)
(1.00799e-15 -2.35197e-15 0)
(8.39986e-16 -2.68797e-15 0)
(-3.86395e-15 -1.34399e-15 0)
(-1.2409e-21 -3.35995e-16 0)
(1.51197e-15 -2.68798e-15 0)
(1.51198e-15 -1.008e-15 0)
(-5.03994e-16 -4.03196e-15 0)
(-6.71992e-16 -2.68798e-15 0)
(1.34399e-15 6.71981e-16 0)
(1.51199e-15 -3.35992e-16 0)
(-1.84798e-15 -6.71991e-16 0)
(-3.36005e-16 1.00799e-15 0)
(3.35992e-16 3.35987e-16 0)
(-2.18398e-15 -6.71993e-16 0)
(1.84797e-15 -6.71991e-16 0)
(-3.19197e-15 6.72005e-16 0)
(-3.35997e-15 -2.35197e-15 0)
(-3.69597e-15 -2.26257e-21 0)
(-1.51198e-15 -5.37594e-15 0)
(1.00798e-15 -1.37504e-20 0)
(8.40002e-16 -4.36796e-15 0)
(3.02397e-15 -3.35996e-15 0)
(1.84798e-15 -2.68798e-15 0)
(2.01599e-15 -2.35198e-15 0)
(-8.39989e-16 -3.36e-16 0)
(3.35997e-16 -3.02397e-15 0)
(-2.68798e-15 -3.36004e-16 0)
(-1.51199e-15 6.71995e-16 0)
(3.18084e-21 -1.67999e-15 0)
(3.35996e-15 -2.01597e-15 0)
(-1.51197e-15 1.00799e-15 0)
(-1.51198e-15 2.01596e-15 0)
(4.03194e-15 -1.00799e-15 0)
(4.2009e-21 1.00798e-15 0)
(4.24937e-21 -5.37596e-15 0)
(1.67999e-16 -5.37596e-15 0)
(1.51199e-15 -4.03196e-15 0)
(8.39997e-16 -2.68798e-15 0)
(3.19197e-15 -3.69595e-15 0)
(3.19197e-15 6.71988e-16 0)
(-3.36007e-16 6.71991e-16 0)
(-4.53595e-15 -3.35999e-16 0)
(-1.51198e-15 -1.00798e-15 0)
(-1.01152e-20 -6.71998e-16 0)
(1.67998e-15 -1.34399e-15 0)
(-3.86396e-15 1.34398e-15 0)
(-3.86398e-15 -1.67999e-15 0)
(-3.86397e-15 -1.00799e-15 0)
(-3.36007e-16 -6.72001e-16 0)
(-1.67988e-16 3.35985e-16 0)
(8.39997e-16 -2.68797e-15 0)
(1.51199e-15 6.71975e-16 0)
(1.84798e-15 -3.69596e-15 0)
(1.512e-15 -2.016e-15 0)
(1.67998e-15 -4.03197e-15 0)
(1.68004e-16 -1.19949e-20 0)
(-1.17599e-15 6.71981e-16 0)
(-1.51199e-15 -2.01598e-15 0)
(2.92131e-21 6.71989e-16 0)
(2.18399e-15 -2.01597e-15 0)
(2.35196e-15 4.36795e-15 0)
(-3.36001e-16 -2.35196e-15 0)
(-1.17597e-15 3.35989e-16 0)
(-3.35998e-16 -1.67997e-15 0)
(1.00798e-15 -2.01599e-15 0)
(-3.35996e-15 -2.35198e-15 0)
(2.18399e-15 -1.68e-15 0)
(3.02398e-15 -3.02397e-15 0)
(2.01598e-15 6.71979e-16 0)
(3.02397e-15 -1.344e-15 0)
(-1.00799e-15 1.11392e-21 0)
(-3.35998e-15 -3.35996e-16 0)
(-5.75282e-21 -2.35199e-15 0)
(-1.67998e-15 -1.008e-15 0)
(8.39988e-16 -4.70395e-15 0)
(-2.18398e-15 -3.35998e-15 0)
(-4.70397e-15 -2.68798e-15 0)
(-5.37595e-15 1.00798e-15 0)
(6.71991e-16 3.38269e-21 0)
(2.18397e-15 -1.34396e-15 0)
(-3.35977e-16 2.68796e-15 0)
(2.51997e-15 -5.37595e-15 0)
(2.01599e-15 -6.71981e-16 0)
(1.84797e-15 -2.01597e-15 0)
(1.72704e-20 -1.00799e-15 0)
(2.01597e-15 -1.00799e-15 0)
(-2.51997e-15 -4.36794e-15 0)
(5.03994e-16 1.00799e-15 0)
(2.01598e-15 2.68799e-15 0)
(3.52797e-15 3.02397e-15 0)
(-3.86394e-15 -1.34397e-15 0)
(-1.00799e-15 3.02397e-15 0)
(6.71989e-16 -6.7198e-16 0)
(5.03997e-16 1.67997e-15 0)
(-5.03993e-16 1.67998e-15 0)
(-1.344e-15 -3.35997e-16 0)
(2.51997e-15 -1.34398e-15 0)
(2.68798e-15 2.01596e-15 0)
(3.02398e-15 1.67999e-15 0)
(2.85598e-15 -1.34398e-15 0)
(-1.67998e-15 -6.71997e-16 0)
(-5.71195e-15 -2.01598e-15 0)
(-4.77718e-21 -2.01598e-15 0)
(-1.34399e-15 -2.68797e-15 0)
(-8.4e-16 -1.344e-15 0)
(-1.67999e-15 -4.70395e-15 0)
(-2.35198e-15 -6.72e-16 0)
(-1.176e-15 -6.71989e-16 0)
(-3.69596e-15 1.00799e-15 0)
(2.85598e-15 2.01597e-15 0)
(2.68798e-15 -3.35991e-16 0)
(5.03998e-16 -6.71979e-16 0)
(1.84799e-15 -1.34399e-15 0)
(-6.71993e-16 1.34399e-15 0)
(8.39983e-16 3.35998e-16 0)
(1.008e-15 -6.71991e-16 0)
(-3.52796e-15 1.34398e-15 0)
(2.18398e-15 1.35709e-20 0)
(1.67999e-15 1.34398e-15 0)
(2.18398e-15 1.67999e-15 0)
(1.00798e-15 2.01597e-15 0)
(-1.60036e-22 -3.35995e-16 0)
(-3.19196e-15 -6.71997e-16 0)
(1.67998e-15 3.36002e-16 0)
(3.35994e-16 1.67998e-15 0)
(-2.01597e-15 2.73731e-21 0)
(-1.17598e-15 1.67998e-15 0)
(-3.35985e-16 -2.35196e-15 0)
(4.87195e-15 -1.008e-15 0)
(1.51199e-15 -1.67999e-15 0)
(1.17599e-15 -1.34399e-15 0)
(-3.69596e-15 6.71981e-16 0)
(-6.72003e-16 1.67998e-15 0)
(-1.51199e-15 3.35995e-16 0)
(-4.53595e-15 -3.35996e-15 0)
(3.35991e-16 -1.008e-15 0)
(-1.008e-15 -6.71997e-16 0)
(-1.17599e-15 -6.7199e-16 0)
(-6.71996e-16 1.00799e-15 0)
(3.69596e-15 1.00799e-15 0)
(1.344e-15 5.37595e-15 0)
(8.39997e-16 7.05593e-15 0)
(-3.35998e-16 5.71193e-15 0)
(8.39986e-16 2.35198e-15 0)
(-8.39986e-16 3.02397e-15 0)
(1.51199e-15 5.37595e-15 0)
(2.51996e-15 1.00801e-15 0)
(-5.03987e-16 4.36795e-15 0)
(2.01598e-15 3.02397e-15 0)
(-1.17598e-15 2.01598e-15 0)
(1.68001e-16 -1.67997e-15 0)
(-3.35994e-16 3.02397e-15 0)
(2.68796e-15 -3.35998e-16 0)
(1.68005e-16 2.35196e-15 0)
(1.67999e-16 -3.02396e-15 0)
(-3.36002e-16 1.00799e-15 0)
(1.84798e-15 5.37595e-15 0)
(-3.3599e-16 3.02396e-15 0)
(4.36795e-15 3.35996e-15 0)
(-8.3998e-16 -6.71984e-16 0)
(2.18397e-15 -1.008e-15 0)
(-4.19996e-15 -3.69597e-15 0)
(-2.01598e-15 -2.68797e-15 0)
(-2.01598e-15 1.67997e-15 0)
(-1.68021e-16 1.00799e-15 0)
(-3.35995e-16 3.35995e-16 0)
(-3.19197e-15 -1.00799e-15 0)
(-1.00798e-15 3.35984e-16 0)
(1.67999e-16 -1.67998e-15 0)
(3.02398e-15 -6.71987e-16 0)
(1.34399e-15 6.72015e-16 0)
(6.71991e-16 2.35198e-15 0)
(3.35997e-16 1.00801e-15 0)
(5.04006e-16 3.69595e-15 0)
(2.01598e-15 1.344e-15 0)
(1.67999e-15 6.72003e-16 0)
(-1.00799e-15 2.01598e-15 0)
(1.68004e-16 1.68e-15 0)
(1.67998e-15 1.344e-15 0)
(-3.69595e-15 3.74839e-21 0)
(3.86395e-15 -1.34399e-15 0)
(-2.18397e-15 -2.35197e-15 0)
(2.35197e-15 -2.01597e-15 0)
(-1.67996e-16 3.36003e-16 0)
(8.39993e-16 -6.71997e-16 0)
(3.69596e-15 -3.02397e-15 0)
(2.51998e-15 -1.67999e-15 0)
(2.01597e-15 3.9856e-21 0)
(9.4092e-21 -1.67996e-15 0)
(1.67998e-15 1.34398e-15 0)
(-3.02396e-15 -1.67998e-15 0)
(-4.03197e-15 -3.35997e-15 0)
(3.35987e-16 -6.71997e-16 0)
(-6.72001e-16 -1.00799e-15 0)
(-5.37594e-15 -1.34398e-15 0)
(-8.39997e-16 -2.68797e-15 0)
(-1.008e-15 -3.02397e-15 0)
(6.71991e-16 -2.68795e-15 0)
(2.51998e-15 6.71979e-16 0)
(1.51199e-15 3.35995e-16 0)
(2.85598e-15 5.03993e-15 0)
(-3.02397e-15 2.35198e-15 0)
(1.34398e-15 -1.33088e-21 0)
(3.69596e-15 3.36011e-16 0)
(8.40008e-16 1.34398e-15 0)
(1.00799e-15 6.71994e-16 0)
(1.34398e-15 3.69596e-15 0)
(1.34399e-15 6.38394e-15 0)
(-2.18398e-15 5.71195e-15 0)
(-1.34399e-15 1.008e-15 0)
(-2.68797e-15 2.01598e-15 0)
(1.17599e-15 -1.67999e-15 0)
(1.67998e-15 -6.72002e-16 0)
(1.34399e-15 -6.71983e-16 0)
(-1.17599e-15 -6.71999e-16 0)
(1.67998e-15 -3.36008e-16 0)
(2.85598e-15 -4.36796e-15 0)
(1.008e-15 -1.68e-15 0)
(1.67999e-15 -1.38875e-20 0)
(1.17599e-15 -3.69595e-15 0)
(-2.35199e-15 -1.008e-15 0)
(-2.85597e-15 -1.67999e-15 0)
(-1.67999e-15 -4.02245e-21 0)
(-3.35995e-16 -1.34399e-15 0)
(-2.016e-15 -1.00799e-15 0)
(-1.67999e-15 3.3599e-16 0)
(-3.35996e-15 3.3599e-16 0)
(3.35996e-15 3.35994e-16 0)
(5.04002e-16 -1.00799e-15 0)
(1.176e-15 -6.71989e-16 0)
(4.03195e-15 -3.35982e-16 0)
(1.84798e-15 1.34398e-15 0)
(-1.34398e-15 1.67999e-15 0)
(2.01599e-15 2.01599e-15 0)
(3.52796e-15 3.35999e-16 0)
(6.58353e-21 1.67998e-15 0)
(2.35198e-15 1.00799e-15 0)
(2.51997e-15 1.29847e-20 0)
(-1.67998e-15 1.008e-15 0)
(-2.85598e-15 2.35198e-15 0)
(-1.344e-15 1.344e-15 0)
(-2.18398e-15 1.67998e-15 0)
(1.51199e-15 1.67998e-15 0)
(8.39996e-16 3.35997e-16 0)
(-3.35997e-16 -2.01598e-15 0)
(-3.35993e-16 -2.01598e-15 0)
(2.35199e-15 -4.03197e-15 0)
(2.01599e-15 -5.03993e-15 0)
(3.19198e-15 -3.35997e-15 0)
(1.34399e-15 -6.71996e-16 0)
(-1.67998e-15 1.008e-15 0)
(-2.85598e-15 1.67999e-15 0)
(-1.34399e-15 1.52286e-21 0)
(-9.8662e-21 -1.34398e-15 0)
(-2.85598e-15 2.35196e-15 0)
(-4.36796e-15 -1.67998e-15 0)
(2.01597e-15 6.71992e-16 0)
(-1.17598e-15 1.34396e-15 0)
(1.67999e-16 -4.36794e-15 0)
(4.36796e-15 -6.72001e-16 0)
(3.19197e-15 -6.71998e-16 0)
(5.03997e-16 -4.03196e-15 0)
(5.04003e-16 -3.35999e-16 0)
(2.35198e-15 -6.72002e-16 0)
(2.18399e-15 1.34399e-15 0)
(3.85427e-21 -3.35997e-16 0)
(4.19996e-15 -1.67998e-15 0)
(6.72004e-16 3.35997e-15 0)
(-1.84798e-15 6.33237e-21 0)
(-2.51998e-15 -6.71987e-16 0)
(-2.01599e-15 2.68797e-15 0)
(-3.36003e-16 -3.35993e-16 0)
(1.95592e-21 3.36007e-16 0)
(1.17599e-15 -3.35997e-16 0)
(-1.67999e-16 3.35999e-16 0)
(-8.39995e-16 -2.68797e-15 0)
(3.35997e-15 -2.01598e-15 0)
(3.02398e-15 3.02394e-15 0)
(3.02398e-15 -2.35197e-15 0)
(3.36003e-16 3.35984e-16 0)
(8.39983e-16 -9.0487e-21 0)
(-1.51198e-15 4.36795e-15 0)
(6.71987e-16 4.36797e-15 0)
(-3.19198e-15 1.34399e-15 0)
(-4.70396e-15 3.35996e-15 0)
(-1.848e-15 -1.34399e-15 0)
(-4.19995e-15 -3.02397e-15 0)
(2.51997e-15 -4.36796e-15 0)
(1.176e-15 -1.67998e-15 0)
(4.70395e-15 1.34399e-15 0)
(1.51199e-15 4.36795e-15 0)
(5.6553e-21 -2.35198e-15 0)
(2.51998e-15 -1.34399e-15 0)
(3.35997e-15 -1.67997e-15 0)
(1.176e-15 3.35996e-16 0)
(3.36001e-16 1.67999e-15 0)
(3.35997e-15 1.008e-15 0)
(8.39997e-16 -1.34399e-15 0)
(3.35987e-16 3.35991e-16 0)
(-3.02398e-15 2.35196e-15 0)
(-3.35997e-15 -6.71996e-16 0)
(-1.34399e-15 6.71998e-16 0)
(1.67998e-16 3.02395e-15 0)
(8.39992e-16 3.35997e-16 0)
(-1.10181e-21 5.03995e-15 0)
(-2.18398e-15 5.37594e-15 0)
(1.00798e-15 2.01598e-15 0)
(1.67999e-15 -2.68796e-15 0)
(3.35997e-15 6.71976e-16 0)
(6.71996e-16 -2.68797e-15 0)
(1.84798e-15 -3.02397e-15 0)
(1.176e-15 2.01598e-15 0)
(-1.68006e-16 1.34399e-15 0)
(-4.87195e-15 1.67999e-15 0)
(-2.18401e-15 1.59404e-20 0)
(-6.38392e-15 1.67998e-15 0)
(-6.72013e-16 1.34398e-15 0)
(1.68e-15 -2.68796e-15 0)
(2.85596e-15 3.02397e-15 0)
(2.01599e-15 2.35198e-15 0)
(1.67998e-15 -3.02395e-15 0)
(-1.00798e-15 -6.71996e-16 0)
(1.176e-15 -1.34398e-15 0)
(5.03996e-15 -6.71996e-16 0)
(2.51998e-15 -2.01598e-15 0)
(1.84799e-15 -1.67997e-15 0)
(5.03996e-16 1.00797e-15 0)
(2.18398e-15 -1.67999e-15 0)
(-2.01598e-15 -2.01598e-15 0)
(-1.176e-15 -3.02397e-15 0)
(-2.51998e-15 -1.00799e-15 0)
(-1.00799e-15 -6.87905e-21 0)
(-7.18651e-21 -1.34397e-15 0)
(5.03996e-16 -1.67999e-15 0)
(6.71991e-16 1.008e-15 0)
(-2.68798e-15 1.008e-15 0)
(-4.36795e-15 3.35997e-15 0)
(-3.35993e-16 -2.35198e-15 0)
(5.54394e-15 -6.7199e-16 0)
(1.30954e-20 -3.36001e-16 0)
(4.87195e-15 -6.71991e-16 0)
(-8.39979e-16 3.36001e-16 0)
(-1.84798e-15 -6.71993e-16 0)
(-2.01599e-15 -6.71983e-16 0)
(-4.03197e-15 6.71991e-16 0)
(-6.72016e-16 1.67999e-15 0)
(-2.68796e-15 1.67999e-15 0)
(1.00799e-15 3.02399e-15 0)
(1.008e-15 3.02397e-15 0)
(1.84799e-15 1.008e-15 0)
(-1.17598e-15 2.01597e-15 0)
(-3.36003e-16 -1.34397e-15 0)
(1.008e-15 3.35995e-15 0)
(4.53595e-15 1.67998e-15 0)
(3.36012e-16 -2.35197e-15 0)
(4.70395e-15 1.67997e-15 0)
(1.17598e-15 -1.008e-15 0)
(3.36003e-16 -2.68797e-15 0)
(-6.71998e-16 1.00798e-15 0)
(-1.17599e-15 -2.01599e-15 0)
(-3.35997e-15 -2.01597e-15 0)
(3.35996e-16 -1.34398e-15 0)
(-8.39989e-16 -4.22575e-21 0)
(-5.03997e-16 -2.35196e-15 0)
(-7.44716e-24 -1.00798e-15 0)
(-1.67999e-15 1.344e-15 0)
(-1.176e-15 4.70394e-15 0)
(-8.39987e-16 1.00799e-15 0)
(1.67999e-15 -6.71988e-16 0)
(3.02398e-15 3.3599e-16 0)
(5.04002e-16 -1.67997e-15 0)
(1.67997e-15 -6.72001e-16 0)
(-1.67998e-15 6.71983e-16 0)
(-8.39993e-16 2.01597e-15 0)
(1.67996e-16 2.01598e-15 0)
(-1.67999e-15 1.34401e-15 0)
(-3.86397e-15 5.37595e-15 0)
(1.67998e-15 6.71992e-15 0)
(-1.34398e-15 5.37595e-15 0)
(6.55192e-15 3.02398e-15 0)
(-1.67993e-16 3.69597e-15 0)
(4.68844e-21 7.72792e-15 0)
(-3.36003e-16 -3.35985e-16 0)
(5.04016e-16 -3.35988e-16 0)
(2.85596e-15 2.01596e-15 0)
(2.51998e-15 -3.35996e-16 0)
(-2.51997e-15 -2.68796e-15 0)
(1.67999e-15 -3.35997e-15 0)
(-1.67999e-15 -2.01598e-15 0)
(-2.18398e-15 -2.35197e-15 0)
(1.00798e-15 -1.27564e-20 0)
(-6.71995e-16 -3.6042e-21 0)
(-1.67998e-15 -1.47942e-20 0)
(-1.77253e-21 -3.36004e-16 0)
(5.71972e-22 1.67998e-15 0)
(1.67988e-16 3.35979e-16 0)
(-3.19197e-15 -3.02395e-15 0)
(8.3999e-16 2.01598e-15 0)
(1.67999e-15 6.71991e-16 0)
(5.03995e-15 1.05943e-20 0)
(-6.7198e-16 4.70393e-15 0)
(1.67998e-15 6.71993e-16 0)
(-1.84798e-15 -3.35974e-16 0)
(-2.18398e-15 3.02397e-15 0)
(-9.61957e-21 3.36002e-16 0)
(-1.84798e-15 5.71194e-15 0)
(-2.01599e-15 3.69599e-15 0)
(-1.00798e-15 2.352e-15 0)
(1.84797e-15 1.67998e-15 0)
(2.016e-15 6.72001e-16 0)
(2.68797e-15 -3.02395e-15 0)
(-6.71992e-16 6.72007e-16 0)
(-2.01598e-15 1.34398e-15 0)
(1.67998e-15 -2.35198e-15 0)
(1.008e-15 -3.35996e-15 0)
(2.68797e-15 -2.68798e-15 0)
(-2.35197e-15 -3.7522e-21 0)
(1.84798e-15 3.35987e-16 0)
(-3.36003e-16 -3.35997e-15 0)
(-2.18398e-15 -6.72001e-16 0)
(-1.00799e-15 -3.35997e-15 0)
(6.7199e-16 -2.68798e-15 0)
(-1.00799e-15 -3.35996e-15 0)
(-5.49639e-22 -4.36796e-15 0)
(-2.15246e-21 6.71983e-16 0)
(-1.84798e-15 -6.04794e-15 0)
(6.71987e-16 6.71977e-16 0)
(1.51199e-15 2.35197e-15 0)
(2.51998e-15 -2.01597e-15 0)
(2.85597e-15 3.35985e-16 0)
(8.39988e-16 -1.00798e-15 0)
(5.04005e-16 6.81786e-21 0)
(3.36002e-16 3.35995e-15 0)
(-3.02397e-15 -1.00797e-15 0)
(-2.35198e-15 2.68798e-15 0)
(-2.01598e-15 2.35199e-15 0)
(-1.34399e-15 2.35198e-15 0)
(6.71982e-16 4.70394e-15 0)
(-1.67998e-15 6.72011e-16 0)
(3.86396e-15 3.36007e-16 0)
(1.17599e-15 3.02395e-15 0)
(-5.03996e-16 -1.00798e-15 0)
(-8.4e-16 3.35994e-16 0)
(-1.34398e-15 4.70394e-15 0)
(2.01597e-15 1.34398e-15 0)
(1.00799e-15 -3.69596e-15 0)
(8.39994e-16 2.35196e-15 0)
(5.03995e-16 6.71994e-16 0)
(-2.18398e-15 -4.36796e-15 0)
(-1.67999e-15 -2.01599e-15 0)
(-1.51199e-15 -2.35198e-15 0)
(-3.9541e-22 -1.34399e-15 0)
(-2.35197e-15 -1.34399e-15 0)
(3.35997e-16 2.68796e-15 0)
(-2.73949e-21 -6.71994e-15 0)
(-2.68797e-15 -4.36796e-15 0)
(3.35991e-16 -9.40792e-15 0)
(-1.84797e-15 -6.71993e-15 0)
(2.01598e-15 -2.016e-15 0)
(1.51199e-15 -8.06392e-15 0)
(2.51998e-15 -4.03198e-15 0)
(3.36007e-16 -4.03197e-15 0)
(3.35996e-15 -5.71193e-15 0)
(-2.01598e-15 2.01596e-15 0)
(1.17598e-15 2.01599e-15 0)
(-8.39995e-16 5.03994e-15 0)
(-2.68797e-15 1.344e-15 0)
(-1.34398e-15 2.68799e-15 0)
(2.48212e-21 2.68797e-15 0)
(1.51198e-15 3.69596e-15 0)
(3.35999e-16 1.34399e-15 0)
(-1.68001e-16 -3.36006e-16 0)
(6.71983e-16 -2.68797e-15 0)
(-1.00799e-15 -2.35196e-15 0)
(-1.67993e-16 -1.67998e-15 0)
(-1.84797e-15 -3.36009e-16 0)
(8.39991e-16 -6.04792e-15 0)
(-1.67999e-16 -1.008e-15 0)
(-1.84799e-15 6.7199e-16 0)
(-1.17598e-15 -2.68797e-15 0)
(-7.92267e-21 1.67997e-15 0)
(3.35999e-16 1.00799e-15 0)
(1.51198e-15 -1.00799e-15 0)
(-3.36001e-16 2.01598e-15 0)
(2.25767e-22 -6.72019e-16 0)
(3.35985e-16 -1.34402e-15 0)
(-6.71992e-16 -6.04796e-15 0)
(3.35991e-16 -3.35999e-15 0)
(-1.67996e-15 -3.02398e-15 0)
(1.51199e-15 -3.02399e-15 0)
(5.37594e-15 -4.03195e-15 0)
(2.35198e-15 -1.68e-15 0)
(1.176e-15 2.68795e-15 0)
(1.00799e-15 6.43542e-21 0)
(3.02397e-15 -5.53442e-21 0)
(1.67998e-16 -3.35995e-15 0)
(-3.69596e-15 -1.00799e-15 0)
(-6.71998e-16 1.00799e-15 0)
(3.3599e-16 1.008e-15 0)
(1.51199e-15 2.01598e-15 0)
(-3.69596e-15 1.34398e-15 0)
(-1.34399e-15 -3.35995e-16 0)
(-3.35996e-16 -1.67999e-15 0)
(-1.34397e-15 6.71985e-16 0)
(2.18397e-15 1.00799e-15 0)
(3.35992e-16 -1.00799e-15 0)
(3.52796e-15 -6.72011e-16 0)
(-1.34399e-15 -1.008e-15 0)
(-2.01598e-15 -6.71999e-16 0)
(5.03988e-16 -8.06242e-21 0)
(-1.17598e-15 -6.71981e-16 0)
(-3.35997e-16 2.01598e-15 0)
(2.01598e-15 1.67998e-15 0)
(-1.17599e-15 -3.35985e-16 0)
(-4.55339e-21 -1.44479e-14 0)
(-4.19995e-15 -1.27679e-14 0)
(-2.11335e-21 -9.74393e-15 0)
(1.84799e-15 -8.39991e-15 0)
(2.85597e-15 -5.37597e-15 0)
(3.19198e-15 -4.03197e-15 0)
(2.18399e-15 -1.00802e-15 0)
(3.86396e-15 -7.72793e-15 0)
(3.02397e-15 -4.03196e-15 0)
(-1.67987e-16 -2.68798e-15 0)
(1.008e-15 -4.03196e-15 0)
(-5.03998e-16 -1.34399e-15 0)
(-8.39992e-16 2.01597e-15 0)
(8.39975e-16 -1.00798e-15 0)
(-5.03986e-16 6.71989e-16 0)
(2.68796e-15 -1.67998e-15 0)
(-5.03994e-15 -5.71193e-15 0)
(-3.52796e-15 -1.34399e-15 0)
(1.67994e-16 -1.67997e-15 0)
(6.21592e-15 -3.35999e-16 0)
(-3.52795e-15 6.71988e-16 0)
(-8.39993e-16 -2.35198e-15 0)
(1.34399e-15 -4.70395e-15 0)
(-1.17599e-15 -5.03995e-15 0)
(1.00798e-15 -3.02397e-15 0)
(-2.68797e-15 -3.35998e-16 0)
(1.3832e-22 6.7198e-16 0)
(1.68003e-16 -3.36006e-16 0)
(3.69596e-15 -3.36003e-16 0)
(3.36002e-16 -6.71995e-16 0)
(-1.34399e-15 -2.24052e-20 0)
(-1.344e-15 -2.02259e-20 0)
(5.03994e-16 -3.35997e-15 0)
(1.176e-15 -6.72022e-16 0)
(4.03197e-15 -3.69597e-15 0)
(3.52797e-15 -4.70397e-15 0)
(2.85598e-15 -5.71195e-15 0)
(4.53596e-15 -3.35998e-15 0)
(1.008e-15 -1.344e-15 0)
(1.67999e-15 -1.008e-15 0)
(1.84798e-15 -1.86083e-20 0)
(-8.39996e-16 -1.67999e-15 0)
(-5.03993e-16 -2.35198e-15 0)
(-1.67993e-16 -2.68797e-15 0)
(1.67991e-16 -1.00799e-15 0)
(-6.71981e-16 -1.68e-15 0)
(-1.008e-15 -3.69596e-15 0)
(-6.72003e-16 1.34398e-15 0)
(-3.69596e-15 2.68796e-15 0)
(3.86396e-15 -3.69596e-15 0)
(-8.39994e-16 -1.00799e-15 0)
(-8.39994e-16 -7.59356e-21 0)
(5.75878e-21 -1.008e-15 0)
(-1.34399e-15 -2.01598e-15 0)
(-1.34399e-15 -3.02397e-15 0)
(2.51997e-15 -3.35996e-16 0)
(5.03996e-16 -1.00798e-15 0)
(1.51198e-15 -1.71807e-22 0)
(-8.39978e-16 -4.03195e-15 0)
(8.39989e-16 6.71988e-16 0)
(-1.34399e-15 -3.69597e-15 0)
(-4.19996e-15 6.47227e-21 0)
(2.18398e-15 3.35996e-15 0)
(2.01599e-15 -4.03195e-15 0)
(5.04e-16 -5.03997e-15 0)
(6.71998e-16 -6.38396e-15 0)
(4.87195e-15 -6.38395e-15 0)
(4.70397e-15 -2.35199e-15 0)
(5.04005e-16 -5.71194e-15 0)
(4.19996e-15 -5.37594e-15 0)
(2.01597e-15 -5.03996e-15 0)
(-2.01598e-15 -5.71195e-15 0)
(-5.03989e-16 -2.68798e-15 0)
(8.3999e-16 -3.36014e-16 0)
(-1.6799e-16 -3.35997e-15 0)
(1.84797e-15 -4.70395e-15 0)
(-1.34399e-15 1.00797e-15 0)
(-2.01598e-15 5.10391e-21 0)
(8.39991e-16 -6.71995e-16 0)
(1.34398e-15 -6.72004e-16 0)
(-2.35197e-15 -2.01599e-15 0)
(-1.51198e-15 -2.35198e-15 0)
(2.68796e-15 -3.35996e-15 0)
(-2.68796e-15 3.35975e-16 0)
(-8.39992e-16 4.10609e-21 0)
(5.37595e-15 3.35993e-16 0)
(1.67999e-16 3.02396e-15 0)
(-2.35197e-15 -3.35998e-16 0)
(1.17599e-15 -2.68798e-15 0)
(1.00799e-15 -2.68797e-15 0)
(-3.85051e-21 -1.00799e-15 0)
(-1.67998e-15 -3.96893e-21 0)
(1.00799e-15 -1.00798e-15 0)
(3.35992e-16 -6.72008e-16 0)
(-3.35993e-16 -1.344e-15 0)
(1.6801e-16 -6.71993e-15 0)
(3.86398e-15 -5.71195e-15 0)
(7.22393e-15 -1.67999e-15 0)
(3.36012e-16 -3.35998e-15 0)
(5.20794e-15 -2.01601e-15 0)
(-2.68797e-15 -4.70397e-15 0)
(-8.3999e-16 -4.03197e-15 0)
(6.71984e-16 -3.02398e-15 0)
(2.51999e-15 -6.04795e-15 0)
(1.51198e-15 -1.14301e-20 0)
(-1.00798e-15 -1.008e-15 0)
(-1.17599e-15 -3.02397e-15 0)
(-6.71993e-16 -3.35997e-15 0)
(1.67998e-16 -1.67999e-15 0)
(5.03997e-16 7.7599e-21 0)
(-1.008e-15 -1.67998e-15 0)
(-1.00799e-15 -4.72171e-21 0)
(1.67998e-16 -1.008e-15 0)
(2.27973e-22 -1.67997e-15 0)
(-2.18397e-15 3.69594e-15 0)
(6.04793e-15 -2.68796e-15 0)
(-1.51198e-15 -6.71986e-16 0)
(-8.3999e-16 -1.34398e-15 0)
(1.17599e-15 4.03196e-15 0)
(1.34399e-15 2.35196e-15 0)
(2.01599e-15 1.00799e-15 0)
(1.67985e-16 -1.00798e-15 0)
(-1.67998e-15 6.71985e-16 0)
(-1.67999e-16 -4.03196e-15 0)
(5.03999e-16 -2.68797e-15 0)
(2.01599e-15 -1.00801e-15 0)
(3.35998e-15 -2.01599e-15 0)
(5.71195e-15 6.7199e-16 0)
(6.72e-16 -2.68798e-15 0)
(2.51997e-15 -4.36796e-15 0)
(-6.71984e-16 -5.03995e-15 0)
(-1.92229e-21 -1.00801e-15 0)
(6.71998e-16 -4.03195e-15 0)
(1.51199e-15 -2.68798e-15 0)
(-1.00799e-15 -5.37595e-15 0)
(2.35197e-15 -1.008e-15 0)
(1.68009e-16 1.34399e-15 0)
(-3.36003e-16 -1.34399e-15 0)
(-1.68003e-16 -6.71996e-16 0)
(5.03995e-16 1.34398e-15 0)
(-6.71991e-16 3.35993e-16 0)
(-1.34399e-15 1.34398e-15 0)
(-8.39984e-16 -5.27293e-21 0)
(4.36795e-15 -3.69595e-15 0)
(-3.3599e-16 -6.71984e-16 0)
(8.4e-16 3.69595e-15 0)
(3.35994e-16 1.67998e-15 0)
(-1.67997e-16 -1.74371e-21 0)
(1.67994e-16 1.00799e-15 0)
(2.01597e-15 9.69695e-21 0)
(5.03994e-16 2.01599e-15 0)
(-4.87195e-15 3.35996e-15 0)
(-1.84799e-15 3.02398e-15 0)
(3.35997e-16 5.71194e-15 0)
(-3.35993e-16 2.68798e-15 0)
(1.84798e-15 6.04794e-15 0)
(4.87196e-15 1.00799e-15 0)
(2.01599e-15 2.01598e-15 0)
(1.67999e-15 2.01597e-15 0)
(1.34399e-15 -3.35997e-15 0)
(5.03995e-16 -3.02398e-15 0)
(6.71995e-16 -5.37594e-15 0)
(1.34398e-15 1.00796e-15 0)
(-1.67992e-16 -6.71998e-16 0)
(3.36006e-16 -1.344e-15 0)
(4.19995e-15 -5.03995e-15 0)
(-6.71982e-16 -1.91583e-20 0)
(-1.34399e-15 3.35992e-16 0)
(-1.17598e-15 -1.00798e-15 0)
(2.85596e-15 2.35197e-15 0)
(-1.67998e-15 -1.67998e-15 0)
(-5.03993e-16 -3.69596e-15 0)
(-8.39989e-16 -1.34398e-15 0)
(4.53596e-15 2.35196e-15 0)
(1.51199e-15 3.35999e-16 0)
(8.39993e-16 -1.67998e-15 0)
(-8.39987e-16 -4.70395e-15 0)
(1.84798e-15 -1.00799e-15 0)
(1.36591e-20 1.67998e-15 0)
(2.76672e-21 -1.67997e-15 0)
(-1.18757e-21 5.37596e-15 0)
(-2.18399e-15 1.86404e-20 0)
(-3.35997e-15 1.08371e-20 0)
(-3.36004e-16 1.68e-15 0)
(-1.17599e-15 2.35199e-15 0)
(1.6801e-16 3.36016e-16 0)
(5.87996e-15 6.72007e-16 0)
(5.87993e-15 -1.00798e-15 0)
(6.81252e-21 6.71997e-16 0)
(-2.68797e-15 3.35989e-16 0)
(-1.6799e-16 -2.68796e-15 0)
(2.35198e-15 -2.35198e-15 0)
(1.84798e-15 -3.35996e-15 0)
(-6.71995e-16 -1.34399e-15 0)
(6.71981e-16 -1.67999e-15 0)
(1.38525e-20 -1.344e-15 0)
(3.69597e-15 -3.3598e-16 0)
(1.00799e-15 6.71996e-16 0)
(-1.84799e-15 1.00798e-15 0)
(-1.84798e-15 -2.35198e-15 0)
(-1.34399e-15 -1.34399e-15 0)
(1.00799e-15 -2.01598e-15 0)
(2.18397e-15 -1.34399e-15 0)
(1.84799e-15 -2.35197e-15 0)
(-2.18661e-21 -8.78453e-21 0)
(-1.84799e-15 -6.72e-16 0)
(3.35997e-15 -1.008e-15 0)
(-3.35983e-16 -3.3601e-16 0)
(2.51996e-15 -2.01599e-15 0)
(2.67483e-21 6.71976e-16 0)
(-1.51199e-15 8.73593e-15 0)
(-1.34399e-15 8.06392e-15 0)
(3.35992e-16 7.05596e-15 0)
(-3.02397e-15 8.73593e-15 0)
(-1.34399e-15 6.38396e-15 0)
(3.02397e-15 1.04159e-14 0)
(5.04009e-16 6.38393e-15 0)
(3.19197e-15 6.04794e-15 0)
(4.46302e-21 3.02398e-15 0)
(-2.35198e-15 -3.3598e-16 0)
(2.68797e-15 2.35196e-15 0)
(5.04e-16 -3.35987e-16 0)
(1.34399e-15 -1.34399e-15 0)
(-6.71993e-16 -2.35197e-15 0)
(-2.01597e-15 -1.00799e-15 0)
(3.02397e-15 6.72008e-16 0)
(4.19996e-15 -1.67998e-15 0)
(1.17599e-15 1.00799e-15 0)
(-1.34399e-15 -1.50846e-20 0)
(-3.35996e-15 -6.38393e-15 0)
(-6.71998e-16 -2.35198e-15 0)
(1.67998e-16 2.35196e-15 0)
(2.80407e-21 2.57379e-23 0)
(2.68797e-15 3.69596e-15 0)
(-1.34398e-15 -1.67997e-15 0)
(-3.35992e-16 -1.008e-15 0)
(2.35198e-15 -2.68797e-15 0)
(3.35985e-16 -5.37595e-15 0)
(-3.02395e-15 -4.36796e-15 0)
(3.35994e-16 -6.04792e-15 0)
(-1.34399e-15 6.04795e-15 0)
(-4.19996e-15 7.39196e-15 0)
(2.01597e-15 1.47839e-14 0)
(-1.00799e-15 1.27679e-14 0)
(-3.35992e-16 1.00799e-14 0)
(-3.36e-16 8.73594e-15 0)
(3.02397e-15 5.71196e-15 0)
(4.90966e-21 -1.00797e-15 0)
(1.34398e-15 1.344e-15 0)
(-4.03197e-15 4.70394e-15 0)
(-2.51997e-15 6.71998e-16 0)
(1.00798e-15 6.71973e-16 0)
(8.39996e-16 -1.344e-15 0)
(1.84799e-15 1.67997e-15 0)
(2.35197e-15 2.35197e-15 0)
(5.04001e-16 2.68797e-15 0)
(2.18399e-15 3.02396e-15 0)
(2.35197e-15 1.00798e-15 0)
(-5.54395e-15 -1.34398e-15 0)
(-1.84799e-15 -2.352e-15 0)
(-3.36005e-16 -6.71998e-16 0)
(1.51199e-15 -1.34398e-15 0)
(-3.35992e-16 -3.35989e-16 0)
(1.512e-15 -1.00799e-15 0)
(3.19196e-15 -1.34399e-15 0)
(-1.00799e-15 2.68797e-15 0)
(-2.35197e-15 -2.68798e-15 0)
(-3.32901e-21 -2.016e-15 0)
(1.67998e-15 -3.35998e-15 0)
(3.35997e-16 2.01596e-15 0)
(-1.34398e-15 -1.34399e-15 0)
(-1.6801e-16 1.67998e-15 0)
(5.04005e-16 1.344e-15 0)
(-3.35998e-16 -6.71974e-16 0)
(-5.04e-16 2.01599e-15 0)
(-3.19196e-15 2.35199e-15 0)
(-2.01597e-15 3.3602e-16 0)
(2.18397e-15 3.35993e-16 0)
(-3.36e-16 3.36001e-16 0)
(-2.01599e-15 2.35199e-15 0)
(-3.86396e-15 -3.35995e-16 0)
(-6.71994e-16 2.73215e-21 0)
(2.35199e-15 -1.34398e-15 0)
(5.03994e-15 -3.35989e-16 0)
(5.04001e-16 5.63352e-21 0)
(1.176e-15 9.39427e-21 0)
(1.51198e-15 -1.67998e-15 0)
(-1.51198e-15 3.36e-16 0)
(-1.00801e-15 3.35995e-16 0)
(-3.35997e-15 -6.7199e-16 0)
(8.39998e-16 1.00799e-15 0)
(-5.03991e-16 -3.36e-16 0)
(2.35197e-15 -3.35997e-16 0)
(2.35198e-15 -3.36002e-16 0)
(-1.67993e-16 -6.72004e-16 0)
(-2.68798e-15 -5.71194e-15 0)
(3.35984e-16 -1.68e-15 0)
(-6.71996e-16 -2.35198e-15 0)
(8.40011e-16 -2.68798e-15 0)
(1.17599e-15 -2.01598e-15 0)
(3.36e-16 -4.36796e-15 0)
(6.04794e-15 -1.34399e-15 0)
(1.51199e-15 -2.68795e-15 0)
(3.35995e-16 2.01598e-15 0)
(-1.51198e-15 5.71196e-15 0)
(-1.67999e-15 4.70396e-15 0)
(8.39988e-16 8.39991e-15 0)
(-3.36011e-16 3.35997e-15 0)
(-1.67997e-15 -6.71997e-16 0)
(-2.01599e-15 -3.02397e-15 0)
(-3.35997e-15 -1.51586e-20 0)
(-6.7199e-16 -2.35198e-15 0)
(4.36795e-15 4.03195e-15 0)
(5.04015e-16 2.01597e-15 0)
(1.6801e-16 3.35998e-15 0)
(2.51997e-15 5.03995e-15 0)
(-1.68001e-16 -2.01597e-15 0)
(2.01598e-15 -3.35997e-16 0)
(-4.03197e-15 1.344e-15 0)
(-1.84798e-15 3.35998e-15 0)
(1.67998e-15 4.36797e-15 0)
(-3.35991e-16 4.70397e-15 0)
(-1.67999e-15 1.34399e-15 0)
(-1.51199e-15 -3.35998e-16 0)
(-8.39988e-16 -2.68798e-15 0)
(-1.17599e-15 -4.36796e-15 0)
(3.35994e-16 -2.68798e-15 0)
(-1.00799e-15 -1.00799e-15 0)
(1.34399e-15 -5.03996e-15 0)
(3.02397e-15 -4.36797e-15 0)
(6.71997e-16 -2.68798e-15 0)
(4.03198e-15 -1.34399e-15 0)
(3.02397e-15 -1.28038e-20 0)
(5.03997e-16 -3.35986e-16 0)
(-8.39993e-16 1.34399e-15 0)
(-1.34399e-15 -2.01597e-15 0)
(-8.39989e-16 6.72005e-16 0)
(-3.35998e-15 -1.34398e-15 0)
(3.35985e-16 -1.67998e-15 0)
(-2.35199e-15 2.35197e-15 0)
(-3.19197e-15 -2.68797e-15 0)
(-2.51998e-15 2.0694e-21 0)
(5.03997e-15 -1.34399e-15 0)
(2.35198e-15 -2.35196e-15 0)
(5.71193e-15 1.67998e-15 0)
(1.17601e-15 1.008e-15 0)
(-1.51198e-15 7.39193e-15 0)
(1.67998e-15 -6.71981e-16 0)
(-2.85597e-15 2.35197e-15 0)
(-1.34399e-15 3.02396e-15 0)
(1.67999e-16 2.01599e-15 0)
(8.39989e-16 2.68797e-15 0)
(-1.84798e-15 3.69596e-15 0)
(-2.85598e-15 -6.71982e-16 0)
(6.71988e-16 -3.36002e-16 0)
(-3.86396e-15 -1.28479e-20 0)
(-6.71993e-16 -2.68798e-15 0)
(-6.71996e-16 -3.36007e-16 0)
(2.01598e-15 -6.72005e-16 0)
(6.71997e-16 -2.01599e-15 0)
(1.04755e-20 6.71991e-16 0)
(6.55193e-15 1.34398e-15 0)
(1.00801e-15 -6.71992e-16 0)
(1.67998e-15 2.68796e-15 0)
(-6.71987e-16 3.35994e-16 0)
(-3.19197e-15 2.35198e-15 0)
(-1.008e-15 -3.36009e-16 0)
(-5.54395e-15 -2.68798e-15 0)
(-3.35996e-16 6.71993e-16 0)
(-3.52797e-15 -1.34397e-15 0)
(-1.008e-15 -3.35989e-16 0)
(-1.08347e-20 2.68796e-15 0)
(5.71196e-15 -2.01597e-15 0)
(4.03197e-15 2.01596e-15 0)
(5.04013e-16 6.71994e-16 0)
(5.03995e-15 -3.35991e-16 0)
(3.36e-16 2.01597e-15 0)
(-1.00799e-15 6.71993e-15 0)
(-1.68013e-16 -6.71988e-16 0)
(-4.87194e-15 8.10275e-21 0)
(1.67996e-16 -6.71989e-16 0)
(5.04e-16 -6.71984e-16 0)
(8.39966e-16 -3.35983e-16 0)
(-4.03195e-15 2.35196e-15 0)
(-1.34399e-15 -2.01597e-15 0)
(-6.71994e-15 -2.35198e-15 0)
(2.85596e-15 -3.02397e-15 0)
(-1.51198e-15 -1.344e-15 0)
(-1.00798e-15 -7.05593e-15 0)
(1.34399e-15 -2.68798e-15 0)
(1.68006e-16 -1.67997e-15 0)
(4.87195e-15 2.35198e-15 0)
(2.51997e-15 1.34399e-15 0)
(3.35999e-16 -2.01598e-15 0)
(1.34398e-15 3.36002e-16 0)
(-1.67999e-15 2.01597e-15 0)
(-3.02398e-15 9.98701e-21 0)
(-3.86396e-15 4.89177e-21 0)
(1.34398e-15 -3.36001e-16 0)
(-4.03196e-15 3.35997e-15 0)
(-1.34401e-15 4.36795e-15 0)
(-5.03994e-15 3.02397e-15 0)
(3.52797e-15 -9.7229e-21 0)
(8.06393e-15 -7.11141e-21 0)
(1.67999e-15 -4.03195e-15 0)
(3.69597e-15 -5.43071e-21 0)
(3.35996e-16 -3.36002e-16 0)
(-1.84797e-15 -2.35197e-15 0)
(-1.67999e-15 1.00799e-15 0)
(-3.52796e-15 -6.71982e-16 0)
(2.18397e-15 -6.7199e-16 0)
(1.68001e-16 6.7199e-16 0)
(-5.87994e-15 4.70394e-15 0)
(-3.35998e-15 1.87952e-20 0)
(2.68796e-15 1.00799e-15 0)
(-5.54395e-15 -3.36004e-16 0)
(1.67998e-16 -4.36795e-15 0)
(1.17598e-15 -2.01598e-15 0)
(-2.18397e-15 -3.36003e-16 0)
(6.71993e-16 -1.67999e-15 0)
(2.35197e-15 5.71194e-15 0)
(1.68002e-16 2.35197e-15 0)
(1.176e-15 1.34397e-15 0)
(5.04e-16 -5.03995e-15 0)
(6.71994e-16 -2.01599e-15 0)
(-4.87195e-15 -2.35196e-15 0)
(-1.34399e-15 -3.35993e-16 0)
(-1.66855e-20 -3.35998e-16 0)
(3.35996e-16 -1.00799e-15 0)
(3.3599e-16 -1.008e-15 0)
(-4.53596e-15 2.35199e-15 0)
(-2.01598e-15 -3.35995e-15 0)
(6.72e-16 -4.70393e-15 0)
(5.20796e-15 -1.67998e-15 0)
(1.344e-15 -3.36021e-16 0)
(2.68798e-15 -3.69597e-15 0)
(1.84799e-15 -8.06391e-15 0)
(5.03987e-16 -1.67998e-15 0)
(-5.04005e-16 3.36e-16 0)
(-2.01597e-15 5.37595e-15 0)
(-8.39986e-16 1.00799e-15 0)
(1.17598e-15 2.68798e-15 0)
(-5.04008e-16 3.02398e-15 0)
(-2.01598e-15 2.35198e-15 0)
(-3.19197e-15 1.67998e-15 0)
(-8.06393e-15 1.008e-15 0)
(1.17598e-15 4.03195e-15 0)
(-2.51997e-15 -1.67998e-15 0)
(1.67996e-16 -6.7199e-16 0)
(1.00799e-15 2.00676e-22 0)
(6.72006e-16 3.36e-16 0)
(1.67997e-15 6.72018e-16 0)
(-1.67987e-16 -4.36794e-15 0)
(6.71993e-16 1.00798e-15 0)
(6.72002e-16 -3.02396e-15 0)
(-1.67999e-15 3.02396e-15 0)
(-8.39996e-16 2.35197e-15 0)
(-2.35198e-15 4.03197e-15 0)
(-1.34399e-15 1.34398e-15 0)
(-2.01598e-15 -3.02396e-15 0)
(-2.85597e-15 -2.46107e-22 0)
(-1.00799e-15 2.01598e-15 0)
(5.03989e-16 6.04792e-15 0)
(2.01598e-15 -2.01599e-15 0)
(1.00801e-15 -4.70395e-15 0)
(4.36795e-15 -2.68797e-15 0)
(1.176e-15 2.35194e-15 0)
(1.68001e-16 -1.67999e-15 0)
(-8.39983e-16 -6.71984e-16 0)
(2.18396e-15 4.03196e-15 0)
(1.84797e-15 4.70396e-15 0)
(1.008e-15 5.37596e-15 0)
(-1.67998e-15 3.35998e-15 0)
(-2.18399e-15 1.67999e-15 0)
(-3.02398e-15 2.01598e-15 0)
(-1.00799e-14 5.37595e-15 0)
(-6.72e-16 4.36796e-15 0)
(-5.88414e-22 2.35199e-15 0)
(6.71994e-16 7.05592e-15 0)
(5.03995e-16 2.01599e-15 0)
(1.67998e-15 3.02397e-15 0)
(-4.70395e-15 1.67997e-15 0)
(1.84798e-15 3.69596e-15 0)
(1.17599e-15 -1.26284e-21 0)
(2.51997e-15 -1.67999e-15 0)
(5.03994e-16 -3.35992e-16 0)
(-1.51198e-15 1.008e-15 0)
(-2.85599e-15 3.35994e-16 0)
(-1.34399e-15 -1.00798e-15 0)
(-2.01598e-15 3.35995e-15 0)
(-1.67999e-15 -4.03194e-15 0)
(-1.00799e-15 -1.00798e-15 0)
(-1.17599e-15 2.01598e-15 0)
(-8.39991e-16 -3.35991e-16 0)
(4.19995e-15 3.35986e-16 0)
(1.848e-15 -1.00801e-15 0)
(4.19996e-15 -5.71192e-15 0)
(5.03999e-16 -8.3063e-21 0)
(1.84798e-15 1.34398e-15 0)
(6.72001e-16 5.00784e-21 0)
(6.72005e-16 -6.71985e-16 0)
(2.18398e-15 3.29131e-21 0)
(-3.19197e-15 6.72004e-16 0)
(-3.52798e-15 2.35197e-15 0)
(-3.02399e-15 2.35199e-15 0)
(-4.70396e-15 -3.35984e-16 0)
(-4.19996e-15 2.01599e-15 0)
(1.00798e-15 1.67999e-15 0)
(-3.35996e-16 -2.35195e-15 0)
(-5.03988e-16 -4.31112e-21 0)
(8.39994e-16 -3.35997e-15 0)
(1.34399e-15 -1.00799e-15 0)
(8.39987e-16 -1.34399e-15 0)
(-1.17598e-15 6.71994e-16 0)
(3.36011e-16 2.68796e-15 0)
(2.35198e-15 1.34398e-15 0)
(-2.016e-15 -3.36002e-16 0)
(-7.72792e-15 -3.69596e-15 0)
(1.00798e-15 3.36001e-16 0)
(-1.51199e-15 1.20177e-20 0)
(2.01598e-15 4.36795e-15 0)
(1.34398e-15 8.73591e-15 0)
(1.67992e-16 4.70396e-15 0)
(-3.86395e-15 2.35198e-15 0)
(5.37595e-15 1.32299e-20 0)
(6.71996e-16 -2.01597e-15 0)
(1.84799e-15 3.35978e-16 0)
(1.00799e-15 -2.01598e-15 0)
(5.55819e-21 -2.35197e-15 0)
(2.51998e-15 -2.35198e-15 0)
(2.85597e-15 -3.35998e-16 0)
(1.67999e-15 3.36002e-16 0)
(-1.34399e-15 4.03196e-15 0)
(-4.03197e-15 2.35199e-15 0)
(-6.21594e-15 3.69597e-15 0)
(-3.52798e-15 2.35199e-15 0)
(-3.02398e-15 3.69596e-15 0)
(-3.35998e-16 2.01599e-15 0)
(-6.71999e-16 4.70396e-15 0)
(3.35992e-16 -1.34398e-15 0)
(-3.35995e-16 3.35988e-16 0)
(1.00799e-15 -1.00799e-15 0)
(1.34399e-15 -6.71998e-16 0)
(1.68008e-16 1.0783e-21 0)
(5.37594e-15 5.40489e-21 0)
(-1.67998e-15 6.71993e-16 0)
(-4.19996e-15 5.85568e-21 0)
(-1.848e-15 2.35198e-15 0)
(1.17599e-15 6.71995e-16 0)
(-1.67996e-16 4.03196e-15 0)
(-1.51198e-15 2.68798e-15 0)
(-3.35993e-16 6.72005e-16 0)
(-1.84799e-15 1.008e-15 0)
(9.15509e-21 -3.35984e-16 0)
(6.71989e-16 1.00799e-15 0)
(-1.17598e-15 -1.34399e-15 0)
(3.19196e-15 -2.68797e-15 0)
(1.344e-15 -1.34399e-15 0)
(1.09369e-21 -3.36004e-16 0)
(2.85597e-15 -3.36007e-16 0)
(4.03197e-15 -6.00123e-21 0)
(1.00799e-15 -1.67999e-15 0)
(-8.39999e-16 -2.68797e-15 0)
(-8.4e-16 1.00798e-15 0)
(-5.20796e-15 -3.35994e-16 0)
(-5.20796e-15 1.67998e-15 0)
(-1.176e-15 -6.71986e-16 0)
(-2.85597e-15 2.01598e-15 0)
(-3.19197e-15 2.35198e-15 0)
(-1.34399e-15 2.01598e-15 0)
(2.43545e-21 -3.35996e-15 0)
(3.35995e-16 3.35989e-16 0)
(5.04e-16 -2.35198e-15 0)
(4.03196e-15 -4.02432e-21 0)
(2.51999e-15 -1.16626e-20 0)
(-1.84798e-15 -1.34399e-15 0)
(-5.04009e-16 1.00799e-15 0)
(-1.17599e-15 4.36795e-15 0)
(-1.67997e-16 2.35199e-15 0)
(1.51197e-15 1.344e-15 0)
(-4.87194e-15 2.01598e-15 0)
(6.71985e-16 -1.67997e-15 0)
(-5.03996e-16 1.00799e-15 0)
(-5.03997e-16 2.01597e-15 0)
(-5.03994e-16 2.35197e-15 0)
(6.71997e-16 2.01598e-15 0)
(4.36795e-15 1.008e-15 0)
(-5.0399e-16 4.36795e-15 0)
(-6.71988e-16 3.61854e-21 0)
(1.67999e-15 -3.69595e-15 0)
(3.02398e-15 -6.71994e-16 0)
(8.11749e-21 -1.34399e-15 0)
(-2.35198e-15 -3.02397e-15 0)
(-8.39996e-16 -3.02396e-15 0)
(-2.51998e-15 -2.01597e-15 0)
(-2.51999e-15 2.01598e-15 0)
(-2.35197e-15 3.02398e-15 0)
(3.35988e-16 1.008e-15 0)
(-1.00799e-15 5.71193e-15 0)
(1.00799e-15 2.68798e-15 0)
(5.03996e-16 2.01597e-15 0)
(1.67999e-15 -1.67998e-15 0)
(6.71994e-16 -2.01598e-15 0)
(1.68006e-16 -2.01598e-15 0)
(3.86396e-15 -4.70395e-15 0)
(2.85597e-15 -4.70396e-15 0)
(-3.69596e-15 -3.36e-16 0)
(-1.51198e-15 -3.35994e-16 0)
(-1.51198e-15 1.00798e-15 0)
(-1.67991e-16 -3.35985e-16 0)
(-5.04009e-16 3.02397e-15 0)
(-2.18398e-15 2.01597e-15 0)
(1.34397e-15 -4.36796e-15 0)
(-3.86395e-15 -5.12647e-21 0)
(3.35995e-16 -3.35995e-15 0)
(2.18398e-15 -1.00799e-15 0)
(1.67999e-15 2.01598e-15 0)
(8.39995e-16 -1.34397e-15 0)
(1.34398e-15 1.34399e-15 0)
(1.34399e-15 4.03195e-15 0)
(5.04003e-16 1.00799e-15 0)
(3.69596e-15 -3.36004e-16 0)
(-1.51198e-15 -3.02396e-15 0)
(-5.03993e-16 2.01597e-15 0)
(-2.51999e-15 3.02397e-15 0)
(-3.35997e-15 3.36009e-16 0)
(-1.84799e-15 2.35197e-15 0)
(-2.51998e-15 -1.58643e-20 0)
(1.00798e-15 -4.03194e-15 0)
(3.35996e-16 2.35197e-15 0)
(3.35998e-16 -1.67998e-15 0)
(2.35198e-15 -3.69596e-15 0)
(2.18398e-15 1.34399e-15 0)
(-8.39992e-16 1.34399e-15 0)
(-8.39985e-16 -1.344e-15 0)
(3.35991e-16 -2.68798e-15 0)
(6.99118e-21 -3.35997e-15 0)
(-3.36006e-16 -4.36795e-15 0)
(1.67998e-15 1.00798e-15 0)
(3.86396e-15 1.67998e-15 0)
(-4.19995e-15 1.34399e-15 0)
(-1.68004e-16 3.35993e-16 0)
(-4.36796e-15 -1.34398e-15 0)
(5.03994e-16 -3.35999e-16 0)
(3.35999e-16 1.34398e-15 0)
(1.67999e-15 -2.01596e-15 0)
(3.35997e-15 1.34399e-15 0)
(5.04001e-16 6.71988e-16 0)
(6.72001e-16 1.67999e-15 0)
(2.18398e-15 -6.71978e-16 0)
(-1.67994e-16 3.35997e-16 0)
(3.36004e-16 -1.34398e-15 0)
(-6.72002e-16 1.00799e-15 0)
(6.71989e-16 -6.71989e-16 0)
(-4.03196e-15 -1.67998e-15 0)
(-1.51199e-15 2.68796e-15 0)
(-2.85599e-15 -6.71982e-16 0)
(-1.512e-15 3.36e-16 0)
(-1.00798e-15 3.35989e-16 0)
(-1.9335e-21 -6.71988e-16 0)
(1.86795e-21 4.03197e-15 0)
(3.35992e-16 4.03196e-15 0)
(1.34399e-15 4.03195e-15 0)
(-1.67998e-15 -1.34399e-15 0)
(1.00798e-15 -3.02397e-15 0)
(-2.51996e-15 -1.67362e-20 0)
(2.68796e-15 -2.35198e-15 0)
(-8.39986e-16 -3.69596e-15 0)
(6.71994e-16 -1.34398e-15 0)
(1.51199e-15 -3.02397e-15 0)
(5.03975e-16 3.35998e-16 0)
(-2.68797e-15 6.71999e-16 0)
(-4.36796e-15 -6.40198e-21 0)
(-5.0399e-16 -3.35996e-15 0)
(3.52797e-15 2.68797e-15 0)
(3.02397e-15 4.03195e-15 0)
(1.176e-15 1.34398e-15 0)
(1.67999e-15 -6.71975e-16 0)
(2.01598e-15 3.02397e-15 0)
(1.68002e-16 6.04793e-15 0)
(1.67998e-16 5.21631e-21 0)
(1.34398e-15 6.71987e-16 0)
(-3.19196e-15 2.68797e-15 0)
(-2.01599e-15 6.71992e-16 0)
(-6.71994e-16 4.58742e-21 0)
(1.34397e-15 6.72004e-16 0)
(-5.37595e-15 2.35196e-15 0)
(-2.35198e-15 3.36006e-16 0)
(-8.39991e-16 -3.36001e-16 0)
(1.67995e-16 6.71995e-16 0)
(5.03995e-16 3.02396e-15 0)
(-1.51199e-15 1.07156e-20 0)
(5.03991e-16 -2.68797e-15 0)
(-5.03999e-16 1.00797e-15 0)
(-1.00799e-15 -3.02398e-15 0)
(-1.17599e-15 -2.35198e-15 0)
(-3.35982e-16 -2.01598e-15 0)
(1.84798e-15 4.70393e-15 0)
(1.67999e-15 -1.34398e-15 0)
(1.17598e-15 3.35996e-16 0)
(-3.19195e-15 4.77646e-21 0)
(-5.04015e-16 3.35997e-15 0)
(-5.0401e-16 3.35997e-15 0)
(-1.67998e-15 6.7199e-16 0)
(8.40001e-16 1.67998e-15 0)
(1.67999e-15 1.00799e-15 0)
(4.19996e-15 -1.00796e-15 0)
(2.35198e-15 3.35995e-15 0)
(3.36002e-16 3.36006e-16 0)
(2.39069e-21 -2.01596e-15 0)
(5.03997e-16 1.00799e-15 0)
(1.17599e-15 1.344e-15 0)
(-8.40002e-16 2.99665e-22 0)
(-1.34399e-15 1.008e-15 0)
(-5.03997e-16 4.03196e-15 0)
(-3.52798e-15 1.67998e-15 0)
(-2.85598e-15 -3.35968e-16 0)
(-3.35997e-15 3.35996e-16 0)
(-1.51199e-15 3.35997e-15 0)
(1.00799e-15 1.00799e-15 0)
(2.01597e-15 -3.35997e-15 0)
(-5.54393e-15 -3.02399e-15 0)
(8.39981e-16 -4.03196e-15 0)
(-2.51997e-15 -4.36795e-15 0)
(-1.176e-15 -4.03197e-15 0)
(-1.51198e-15 -4.03196e-15 0)
(3.02397e-15 -4.03197e-15 0)
(3.19198e-15 1.34399e-15 0)
(1.176e-15 4.03195e-15 0)
(1.34399e-15 2.01599e-15 0)
(2.68796e-15 2.35197e-15 0)
(-3.52796e-15 -3.35995e-16 0)
(-5.20795e-15 -6.71987e-16 0)
(6.71984e-16 1.67999e-15 0)
(1.51199e-15 3.36015e-16 0)
(6.71998e-16 3.02397e-15 0)
(3.86397e-15 1.00798e-15 0)
(1.84799e-15 -6.7198e-16 0)
(2.68797e-15 6.71995e-16 0)
(3.35999e-16 1.67998e-15 0)
(-8.3999e-16 1.67998e-15 0)
(2.01598e-15 6.71994e-16 0)
(-1.51198e-15 1.00799e-15 0)
(1.34399e-15 -3.35998e-16 0)
(-1.51199e-15 5.03994e-15 0)
(-6.21593e-15 1.48618e-20 0)
(-1.176e-15 2.35196e-15 0)
(-2.35199e-15 3.02399e-15 0)
(-1.51199e-15 2.35199e-15 0)
(3.35997e-16 3.69597e-15 0)
(1.34399e-15 -8.39992e-15 0)
(-3.52796e-15 -2.35198e-15 0)
(1.00799e-15 1.00798e-15 0)
(-1.008e-15 3.35986e-16 0)
(-1.67999e-15 2.68797e-15 0)
(6.71397e-21 3.35998e-16 0)
(1.008e-15 6.71993e-16 0)
(5.54396e-15 1.68e-15 0)
(4.03196e-15 1.008e-15 0)
(2.01598e-15 3.69597e-15 0)
(-2.01597e-15 4.36796e-15 0)
(-2.01599e-15 5.24635e-21 0)
(-6.55194e-15 -1.34398e-15 0)
(2.51998e-15 -2.35196e-15 0)
(2.01598e-15 1.34399e-15 0)
(2.51997e-15 2.68798e-15 0)
(4.03197e-15 3.35997e-15 0)
(9.02778e-21 1.00799e-15 0)
(1.68001e-16 3.35996e-16 0)
(1.67998e-15 -2.01597e-15 0)
(-8.39993e-16 3.35997e-15 0)
(-2.68797e-15 2.05325e-21 0)
(-6.71999e-16 2.01598e-15 0)
(2.85597e-15 -2.68797e-15 0)
(1.67998e-15 -1.67997e-15 0)
(-4.03197e-15 3.02396e-15 0)
(-2.01598e-15 3.36022e-16 0)
(-1.176e-15 5.37594e-15 0)
(-2.35197e-15 3.02399e-15 0)
(3.35994e-16 2.68797e-15 0)
(2.35197e-15 -2.35199e-15 0)
(-1.68003e-16 -6.72e-16 0)
(1.67998e-15 -2.35198e-15 0)
(-1.51198e-15 1.34399e-15 0)
(-1.51198e-15 3.69597e-15 0)
(1.00799e-15 -2.35195e-15 0)
(2.35198e-15 3.69597e-15 0)
(4.87196e-15 1.67998e-15 0)
(3.35998e-15 1.00799e-15 0)
(1.34398e-15 3.35996e-15 0)
(-1.84799e-15 -2.35196e-15 0)
(-4.87195e-15 2.68797e-15 0)
(-1.008e-15 4.36795e-15 0)
(3.36001e-16 1.008e-15 0)
(1.17599e-15 -5.99115e-21 0)
(6.72008e-16 3.36001e-16 0)
(3.86397e-15 1.67998e-15 0)
(1.67998e-15 1.67998e-15 0)
(5.03999e-16 2.01598e-15 0)
(1.34399e-15 1.00799e-15 0)
(-1.67995e-16 1.008e-15 0)
(-1.344e-15 1.00799e-15 0)
(-1.51199e-15 -1.34399e-15 0)
(-8.39975e-16 1.34398e-15 0)
(3.35996e-15 1.67997e-15 0)
(-2.85596e-15 -1.67997e-15 0)
(-1.67999e-15 3.69595e-15 0)
(-2.85598e-15 1.008e-15 0)
(-2.22643e-21 5.37594e-15 0)
(8.39987e-16 2.68798e-15 0)
(1.51199e-15 4.03197e-15 0)
(1.41428e-20 3.36011e-16 0)
(6.71986e-16 6.71994e-16 0)
(1.00798e-15 1.008e-15 0)
(1.34399e-15 2.68799e-15 0)
(8.39991e-16 9.0719e-15 0)
(3.36007e-16 3.35997e-15 0)
(4.53596e-15 -2.35197e-15 0)
(3.69596e-15 -3.36002e-16 0)
(-5.03986e-16 -2.01597e-15 0)
(-2.51997e-15 -3.36001e-16 0)
(-3.02398e-15 -2.01598e-15 0)
(-2.35198e-15 -1.34397e-15 0)
(3.35991e-16 5.37592e-15 0)
(1.51199e-15 1.67999e-15 0)
(1.67998e-15 -2.68798e-15 0)
(4.03196e-15 -2.01598e-15 0)
(5.04005e-16 -1.34399e-15 0)
(8.39994e-16 -1.34398e-15 0)
(2.68798e-15 1.67998e-15 0)
(1.17599e-15 -1.34398e-15 0)
(-3.02397e-15 4.70395e-15 0)
(-4.87195e-15 1.00799e-15 0)
(5.20793e-15 7.80389e-21 0)
(-6.71979e-16 -6.71993e-16 0)
(-1.008e-15 6.71993e-16 0)
(3.35992e-16 6.72004e-16 0)
(-2.85597e-15 1.008e-15 0)
(6.71995e-16 4.03196e-15 0)
(-3.35992e-16 4.36795e-15 0)
(1.40274e-21 2.01598e-15 0)
(1.00799e-15 1.67998e-15 0)
(2.01597e-15 -2.43542e-21 0)
(-8.39987e-16 -6.71997e-16 0)
(-1.67989e-16 1.34399e-15 0)
(-6.71991e-16 -3.35984e-16 0)
(2.51998e-15 1.34399e-15 0)
(3.02397e-15 6.71993e-16 0)
(-1.6798e-16 -2.33691e-21 0)
(6.71987e-16 -3.02396e-15 0)
(-1.34399e-15 -3.36002e-16 0)
(-2.01599e-15 -3.35999e-16 0)
(-1.6801e-16 1.67998e-15 0)
(-1.67997e-15 6.72014e-16 0)
(6.71991e-16 -6.71989e-16 0)
(7.43061e-21 3.35996e-16 0)
(2.68799e-15 -3.35983e-16 0)
(4.36795e-15 1.00799e-15 0)
(1.00799e-15 2.20948e-21 0)
(2.85598e-15 3.16797e-21 0)
(1.17599e-15 -6.78961e-21 0)
(-1.008e-15 -6.71988e-16 0)
(-3.69597e-15 -1.67998e-15 0)
(-3.35995e-16 -6.72002e-16 0)
(1.67998e-15 -3.02397e-15 0)
(-2.01597e-15 -2.01598e-15 0)
(5.03992e-16 -6.61336e-21 0)
(-1.67998e-15 -6.71991e-16 0)
(2.51997e-15 -6.71973e-16 0)
(6.89914e-23 1.34399e-15 0)
(3.35997e-16 4.95546e-21 0)
(-3.35995e-16 6.72001e-16 0)
(1.17599e-15 -1.34398e-15 0)
(1.17599e-15 4.93243e-21 0)
(1.34399e-15 3.46358e-22 0)
(6.7199e-16 2.11277e-21 0)
(1.67998e-15 2.01597e-15 0)
(1.00801e-15 1.008e-15 0)
(3.19196e-15 2.01598e-15 0)
(-2.01597e-15 1.34398e-15 0)
(3.35999e-16 -3.36e-16 0)
(-8.39992e-16 3.36011e-16 0)
(-2.35198e-15 4.70396e-15 0)
(-1.34399e-15 3.69597e-15 0)
(-1.68005e-16 3.35997e-15 0)
(8.39998e-16 3.36006e-16 0)
(5.87994e-15 5.71192e-15 0)
(1.37213e-20 2.01599e-15 0)
(-5.03992e-16 6.71991e-16 0)
(2.51997e-15 -3.35994e-16 0)
(1.17599e-15 -1.34398e-15 0)
(-1.17599e-15 -6.71994e-16 0)
(-3.86397e-15 -1.34398e-15 0)
(-1.17599e-15 -6.71994e-16 0)
(1.51199e-15 -6.7199e-16 0)
(2.85596e-15 6.71988e-16 0)
(-1.17598e-15 -6.71994e-16 0)
(2.01599e-15 3.35997e-15 0)
(3.36003e-16 4.03195e-15 0)
(6.17144e-22 5.71194e-15 0)
(2.50287e-21 2.68798e-15 0)
(-2.24421e-22 4.03196e-15 0)
(-1.34399e-15 5.71194e-15 0)
(4.21394e-21 1.34399e-15 0)
(4.19995e-15 -6.71993e-16 0)
(-1.67987e-16 3.36001e-16 0)
(2.18399e-15 2.3243e-20 0)
(2.01598e-15 3.35996e-15 0)
(-1.00798e-15 -2.01597e-15 0)
(1.58778e-21 4.91379e-21 0)
(1.00798e-15 2.01599e-15 0)
(-1.34399e-15 3.02396e-15 0)
(1.00799e-15 6.71999e-16 0)
(1.17599e-15 3.02398e-15 0)
(-1.34399e-15 2.01598e-15 0)
(-1.67998e-15 2.68797e-15 0)
(4.19996e-15 1.008e-15 0)
(1.34399e-15 1.00798e-15 0)
(6.71993e-16 -1.00799e-15 0)
(-1.67986e-16 1.00799e-15 0)
(-3.35996e-16 6.7199e-16 0)
(2.35197e-15 -1.00799e-15 0)
(-4.36796e-15 3.35995e-15 0)
(-3.35998e-16 -2.01598e-15 0)
(-8.39992e-16 1.00799e-15 0)
(-2.35196e-15 -3.36001e-16 0)
(1.17599e-15 -5.37593e-15 0)
(4.87194e-15 1.008e-15 0)
(2.18399e-15 3.35997e-15 0)
(2.28794e-21 -1.67998e-15 0)
(1.00798e-15 6.72008e-16 0)
(-1.84799e-15 2.01599e-15 0)
(-6.71985e-16 3.36e-16 0)
(2.01598e-15 -1.67996e-15 0)
(-1.51198e-15 -3.36004e-16 0)
(1.00799e-15 3.35992e-16 0)
(3.02397e-15 -3.36005e-16 0)
(8.39998e-16 -2.01597e-15 0)
(8.39994e-16 -5.97172e-21 0)
(2.18398e-15 1.00799e-15 0)
(-6.71987e-16 -2.01596e-15 0)
(-1.34399e-15 3.36004e-16 0)
(-5.04006e-16 -1.34398e-15 0)
(1.176e-15 6.71991e-16 0)
(-1.67999e-15 -2.35196e-15 0)
(3.35998e-16 1.008e-15 0)
(1.00799e-15 -8.60731e-21 0)
(3.36005e-16 -4.36794e-15 0)
(1.00799e-15 -1.67998e-15 0)
(1.34398e-15 1.34398e-15 0)
(3.36e-16 -6.71991e-16 0)
(-1.67998e-16 -1.34399e-15 0)
(-4.03197e-15 -2.01597e-15 0)
(-1.34398e-15 -6.9647e-22 0)
(6.71989e-16 3.35986e-16 0)
(6.71997e-16 -2.01597e-15 0)
(2.51997e-15 3.69595e-15 0)
(2.68799e-15 3.36004e-16 0)
(2.35197e-15 -6.7199e-16 0)
(5.96596e-21 6.71991e-16 0)
(6.71994e-16 4.70395e-15 0)
(-3.02397e-15 -1.67999e-15 0)
(-5.03996e-16 -1.34399e-15 0)
(5.03993e-16 2.68795e-15 0)
(5.03993e-16 -3.35994e-16 0)
(3.36001e-16 -3.35999e-16 0)
(1.67999e-15 -3.35991e-16 0)
(3.69597e-15 4.36795e-15 0)
(-6.7199e-16 3.69598e-15 0)
(2.35198e-15 -1.67997e-15 0)
(1.34399e-15 3.02395e-15 0)
(-3.35996e-15 1.34399e-15 0)
(9.20617e-22 1.83805e-20 0)
(-1.67998e-16 1.00798e-15 0)
(-1.68001e-16 -2.68797e-15 0)
(5.03994e-16 -3.36004e-16 0)
(2.18398e-15 -1.67998e-15 0)
(6.7199e-16 1.00798e-15 0)
(-5.03995e-16 3.35989e-16 0)
(1.344e-15 -1.24723e-21 0)
(-3.35995e-16 3.35997e-16 0)
(-1.00799e-15 -1.00799e-15 0)
(-3.35997e-15 -1.34399e-15 0)
(1.84797e-15 3.35993e-16 0)
(8.4e-16 -3.35992e-16 0)
(-2.01597e-15 2.68796e-15 0)
(1.34399e-15 1.344e-15 0)
(2.01598e-15 1.67998e-15 0)
(1.84799e-15 5.16898e-21 0)
(2.01597e-15 -3.69595e-15 0)
(1.00799e-15 -6.7199e-16 0)
(1.17598e-15 -2.01598e-15 0)
(-1.67998e-15 -2.68799e-15 0)
(-5.03994e-16 -3.69596e-15 0)
(1.68006e-16 -2.35199e-15 0)
(1.51199e-15 -1.67997e-15 0)
(1.51199e-15 1.00798e-15 0)
(3.35997e-15 -6.71986e-16 0)
(8.39999e-16 3.35997e-16 0)
(-1.00799e-15 2.01598e-15 0)
(-1.68e-16 -1.34398e-15 0)
(-3.36001e-16 1.34398e-15 0)
(-1.68006e-16 2.35195e-15 0)
(1.00799e-15 -1.67998e-15 0)
(-1.51198e-15 4.70393e-15 0)
(1.84798e-15 -1.00798e-15 0)
(-1.67998e-15 -2.35198e-15 0)
(-1.67991e-16 -1.67999e-15 0)
(-1.34399e-15 -2.35197e-15 0)
(3.69596e-15 -2.01598e-15 0)
(-1.17598e-15 -2.35198e-15 0)
(-1.27368e-20 -6.72002e-16 0)
(-3.02398e-15 -6.72006e-16 0)
(-6.71982e-16 -3.35995e-15 0)
(4.70394e-15 -8.29802e-21 0)
(1.67999e-15 -2.68797e-15 0)
(2.85598e-15 5.03994e-15 0)
(1.34399e-15 6.71999e-16 0)
(-3.19197e-15 -1.61987e-20 0)
(-1.84797e-15 -3.02397e-15 0)
(-5.03991e-16 3.02395e-15 0)
(-2.01598e-15 -1.67997e-15 0)
(-5.37594e-15 3.36e-16 0)
(5.03985e-16 -6.72015e-16 0)
(4.03197e-15 -1.00799e-15 0)
(2.35199e-15 -1.67999e-15 0)
(4.19996e-15 -1.34399e-15 0)
(1.008e-15 -2.01599e-15 0)
(-1.68004e-16 -3.36003e-16 0)
(2.18398e-15 2.35197e-15 0)
(-1.68009e-16 1.34397e-15 0)
(-3.69595e-15 -6.72e-16 0)
(-3.36003e-16 -3.35996e-15 0)
(6.56276e-21 -6.72002e-16 0)
(-2.18398e-15 -1.34397e-15 0)
(1.34398e-15 -2.01896e-20 0)
(3.35995e-16 -2.68798e-15 0)
(-6.72e-16 -1.67998e-15 0)
(3.36006e-16 6.71972e-16 0)
(3.02397e-15 -4.70395e-15 0)
(5.0399e-16 -9.00003e-21 0)
(-3.02397e-15 -3.36002e-16 0)
(-3.35996e-15 -3.69594e-15 0)
(2.68796e-15 2.35196e-15 0)
(-1.34397e-15 -3.35997e-15 0)
(2.68797e-15 -2.01599e-15 0)
(3.52798e-15 -5.03994e-15 0)
(1.72986e-21 -1.67999e-15 0)
(-2.85597e-15 -5.03994e-15 0)
(3.35989e-16 -1.344e-15 0)
(1.17598e-15 -2.01596e-15 0)
(-8.39987e-16 1.00798e-15 0)
(-1.848e-15 1.008e-15 0)
(-2.01598e-15 -2.68797e-15 0)
(2.18398e-15 -1.34398e-15 0)
(3.02398e-15 -3.36022e-16 0)
(1.84799e-15 -6.04794e-15 0)
(6.71998e-16 -6.38395e-15 0)
(1.008e-15 -6.71995e-15 0)
(1.67998e-15 -8.06393e-15 0)
(-2.18397e-15 -6.04795e-15 0)
(-7.71832e-21 -6.04794e-15 0)
(-2.26813e-21 3.35975e-16 0)
(2.01598e-15 -5.37595e-15 0)
(-3.19197e-15 -3.36015e-16 0)
(-1.00799e-15 -1.00799e-15 0)
(1.17599e-15 -3.69597e-15 0)
(1.008e-15 -6.72007e-16 0)
(2.51996e-15 -2.68797e-15 0)
(-1.51197e-15 -3.36005e-16 0)
(4.86158e-21 -2.68797e-15 0)
(1.34398e-15 -3.35989e-16 0)
(-1.84799e-15 2.35198e-15 0)
(-1.68004e-16 6.72004e-16 0)
(-6.71993e-16 -1.67998e-15 0)
(1.008e-15 -1.00799e-15 0)
(3.19197e-15 -1.008e-15 0)
(-1.51199e-15 -2.68798e-15 0)
(-1.34398e-15 -1.00801e-15 0)
(1.008e-15 -1.34398e-15 0)
(-1.09963e-21 -3.02397e-15 0)
(-5.03995e-15 3.69596e-15 0)
(-1.84799e-15 -3.36011e-16 0)
(-1.176e-15 -6.71993e-15 0)
(-2.01598e-15 -1.00801e-15 0)
(8.39994e-16 -7.05593e-15 0)
(5.20796e-15 -3.69599e-15 0)
(2.68797e-15 -1.344e-15 0)
(-3.81383e-21 -6.38396e-15 0)
(-6.71982e-16 -6.71995e-15 0)
(2.01597e-15 -8.39992e-15 0)
(-1.67999e-16 -5.37596e-15 0)
(-1.00798e-15 -3.69597e-15 0)
(-1.00799e-15 -5.37594e-15 0)
(-1.17599e-15 -6.38394e-15 0)
(-2.76285e-21 -3.35998e-15 0)
(3.36005e-16 -1.344e-15 0)
(1.00799e-15 -5.37595e-15 0)
(1.84799e-15 -3.35997e-15 0)
(2.01599e-15 3.35991e-16 0)
(2.01598e-15 3.35997e-15 0)
(8.39992e-16 4.70396e-15 0)
(-3.02397e-15 1.10879e-14 0)
(-1.00799e-15 3.69597e-15 0)
(6.71977e-16 4.03196e-15 0)
(-2.35196e-15 -3.35998e-16 0)
(2.35198e-15 3.35991e-16 0)
(1.84799e-15 -6.71996e-16 0)
(1.00798e-15 -2.01597e-15 0)
(6.71993e-16 -6.72003e-16 0)
(8.3999e-16 -2.35199e-15 0)
(-3.35998e-15 -1.34399e-15 0)
(-3.86397e-15 -1.67998e-15 0)
(-1.67998e-15 -9.09969e-21 0)
(-5.04008e-16 -1.00799e-15 0)
(1.68002e-16 -1.67999e-15 0)
(4.19996e-15 -3.02397e-15 0)
(5.03995e-16 -3.35998e-15 0)
(-3.69595e-15 -6.04795e-15 0)
(3.35996e-15 -5.03997e-15 0)
(3.36002e-16 -4.70398e-15 0)
(1.176e-15 -3.35998e-15 0)
(1.51198e-15 -5.71194e-15 0)
(-2.01598e-15 -1.00801e-15 0)
(5.03989e-16 -2.35199e-15 0)
(2.38744e-21 -3.35996e-15 0)
(1.51198e-15 -3.35997e-15 0)
(-1.34398e-15 -6.72001e-16 0)
(4.70396e-15 -6.71999e-16 0)
(6.21595e-15 -6.71995e-16 0)
(2.18399e-15 3.56784e-21 0)
(2.85597e-15 6.98057e-21 0)
(-4.70396e-15 1.89593e-20 0)
(-2.01598e-15 6.72e-16 0)
(-1.17599e-15 1.00799e-15 0)
(1.17599e-15 2.84799e-21 0)
(3.35998e-16 -1.34398e-15 0)
(8.39991e-16 -1.34399e-15 0)
(-1.51199e-15 -1.34399e-15 0)
(-3.35994e-16 6.7199e-16 0)
(6.71994e-16 1.008e-15 0)
(-4.70397e-15 -3.35996e-16 0)
(-4.03197e-15 1.34399e-15 0)
(-2.18399e-15 -1.00799e-15 0)
(-1.51199e-15 -1.34399e-15 0)
(-1.67994e-16 -1.00799e-15 0)
(2.68797e-15 -4.03197e-15 0)
(1.17599e-15 -9.07191e-15 0)
(-2.51997e-15 -5.71196e-15 0)
(5.03993e-16 -6.38396e-15 0)
(5.03997e-16 -9.40792e-15 0)
(2.35198e-15 -6.38395e-15 0)
(1.34399e-15 -5.03998e-15 0)
(2.68797e-15 -2.68799e-15 0)
(1.00026e-20 -1.68e-15 0)
(-1.67997e-16 -2.35198e-15 0)
(1.68e-16 -6.72005e-16 0)
(5.04003e-16 -3.35997e-16 0)
(3.35997e-15 -1.00799e-15 0)
(6.21595e-15 -2.01598e-15 0)
(1.848e-15 1.00799e-15 0)
(1.84798e-15 1.67998e-15 0)
(-4.03197e-15 -7.7302e-22 0)
(-3.36011e-16 2.35198e-15 0)
(8.39993e-16 -1.67997e-15 0)
(-2.18397e-15 2.68797e-15 0)
(-1.68003e-16 -1.34399e-15 0)
(3.35995e-16 -3.35997e-16 0)
(-3.69596e-15 -1.344e-15 0)
(3.35995e-16 -2.68798e-15 0)
(6.7199e-16 3.35996e-15 0)
(-3.19197e-15 -2.68797e-15 0)
(-2.85598e-15 2.35198e-15 0)
(-1.67999e-15 1.67998e-15 0)
(-5.03996e-15 -3.35987e-16 0)
(-3.36002e-16 -6.72001e-16 0)
(1.00799e-15 -2.68799e-15 0)
(-3.35993e-16 -1.68001e-15 0)
(-1.008e-15 -7.39192e-15 0)
(-1.51198e-15 -7.05596e-15 0)
(5.03998e-16 -5.37596e-15 0)
(-1.00799e-15 -5.03998e-15 0)
(4.36796e-15 -4.03197e-15 0)
(3.02398e-15 -5.37595e-15 0)
(1.00799e-15 -6.71993e-15 0)
(1.00799e-15 -1.00801e-15 0)
(1.68e-15 -2.01597e-15 0)
(3.86396e-15 -3.35999e-16 0)
(1.00801e-15 1.67998e-15 0)
(5.03996e-15 -1.34398e-15 0)
(5.71194e-15 -1.67999e-15 0)
(1.67998e-15 -3.02397e-15 0)
(-3.35996e-15 -2.68797e-15 0)
(-2.18397e-15 -3.35997e-16 0)
(-1.51199e-15 2.68797e-15 0)
(-5.04001e-16 2.01599e-15 0)
(-2.68797e-15 1.00799e-15 0)
(-1.68002e-16 -6.72004e-16 0)
(-8.40007e-16 -3.35995e-15 0)
(1.00799e-15 -6.08284e-21 0)
(-1.00798e-15 1.344e-15 0)
(-3.36012e-16 2.01599e-15 0)
(-5.54396e-15 3.02397e-15 0)
(-1.67999e-15 4.70395e-15 0)
(-4.87197e-15 2.01598e-15 0)
(-2.68797e-15 -1.008e-15 0)
(-6.85838e-21 -6.04792e-15 0)
(-2.85597e-15 -5.71196e-15 0)
(-5.04001e-16 -3.024e-15 0)
(-1.67994e-16 -1.04159e-14 0)
(3.02396e-15 -5.37598e-15 0)
(-6.71985e-16 -9.40791e-15 0)
(1.176e-15 -7.72794e-15 0)
(5.20795e-15 -4.36796e-15 0)
(1.84799e-15 -2.016e-15 0)
(1.176e-15 -3.69596e-15 0)
(3.02398e-15 -4.70397e-15 0)
(1.344e-15 -1.34399e-15 0)
(4.70396e-15 6.71992e-16 0)
(5.71194e-15 1.34399e-15 0)
(5.04018e-16 -6.71995e-16 0)
(6.72e-16 -3.35996e-16 0)
(-1.008e-15 -1.67998e-15 0)
(-1.68004e-16 -6.71992e-16 0)
(-1.84799e-15 -1.34399e-15 0)
(2.51996e-15 3.02397e-15 0)
(-1.34399e-15 2.01598e-15 0)
(-2.85597e-15 2.5739e-21 0)
(-3.69596e-15 -1.99601e-20 0)
(6.7199e-16 -3.35995e-15 0)
(-3.36e-16 6.38393e-15 0)
(-5.37594e-15 4.03196e-15 0)
(-4.87197e-15 6.71995e-16 0)
(-2.01599e-15 3.36004e-16 0)
(-8.39993e-15 1.67999e-15 0)
(-8.39998e-16 -3.35989e-16 0)
(-2.18398e-15 6.71982e-16 0)
(-1.008e-15 -6.71997e-16 0)
(-2.18398e-15 -4.36794e-15 0)
(-1.51199e-15 -3.69599e-15 0)
(2.18398e-15 -6.38394e-15 0)
(8.3999e-16 -5.37597e-15 0)
(2.18399e-15 -8.73592e-15 0)
(3.35997e-15 -2.352e-15 0)
(3.90714e-21 -7.39194e-15 0)
(1.84799e-15 -4.03198e-15 0)
(6.04795e-15 -1.34399e-15 0)
(4.53596e-15 -3.02398e-15 0)
(1.68e-15 -1.38979e-20 0)
(3.19199e-15 2.68796e-15 0)
(3.86396e-15 -1.00798e-15 0)
(1.84799e-15 2.01597e-15 0)
(1.34398e-15 -6.67461e-21 0)
(-1.00799e-15 2.01597e-15 0)
(-1.84798e-15 2.01598e-15 0)
(-4.03195e-15 1.67998e-15 0)
(-3.3601e-16 -2.68796e-15 0)
(-1.67999e-15 -1.34399e-15 0)
(-1.51199e-15 -3.02396e-15 0)
(-8.39986e-16 -1.008e-15 0)
(1.67998e-15 -2.35197e-15 0)
(-4.19996e-15 6.71993e-16 0)
(-6.04796e-15 3.36006e-16 0)
(-4.53596e-15 1.00798e-15 0)
(-5.03996e-15 2.32686e-21 0)
(-7.41516e-21 4.03196e-15 0)
(-3.02398e-15 6.71994e-16 0)
(-2.68798e-15 -1.34398e-15 0)
(-2.68798e-15 3.69592e-15 0)
(-2.01599e-15 -2.01598e-15 0)
(5.03994e-16 -1.008e-15 0)
(1.68003e-16 -4.03196e-15 0)
(1.68e-15 -7.05594e-15 0)
(3.02398e-15 -5.03995e-15 0)
(1.51199e-15 -6.38393e-15 0)
(2.51998e-15 -4.03197e-15 0)
(2.016e-15 -2.35199e-15 0)
(9.07191e-15 -5.71195e-15 0)
(1.512e-15 -5.03995e-15 0)
(4.70397e-15 -1.67999e-15 0)
(4.03198e-15 -2.68798e-15 0)
(1.67998e-15 -2.35198e-15 0)
(-1.84798e-15 -1.344e-15 0)
(1.67999e-16 -4.03196e-15 0)
(-1.67998e-16 -2.86585e-21 0)
(-1.68003e-16 -1.34398e-15 0)
(-4.19996e-15 3.35996e-15 0)
(-2.18399e-15 1.67998e-15 0)
(-1.67999e-15 -6.71985e-16 0)
(1.17599e-15 3.35991e-16 0)
(1.00799e-15 -1.15134e-20 0)
(-2.01599e-15 6.71982e-16 0)
(-7.05594e-15 -1.67999e-15 0)
(-1.848e-15 -2.35196e-15 0)
(-5.37595e-15 -1.00799e-15 0)
(-3.36002e-16 4.73022e-21 0)
(-6.71994e-15 1.34399e-15 0)
(-3.52798e-15 3.02396e-15 0)
(-1.00799e-15 -2.68796e-15 0)
(-3.19197e-15 -1.67996e-15 0)
(-5.25039e-22 -6.72009e-16 0)
(2.18398e-15 1.34398e-15 0)
(2.01599e-15 2.68796e-15 0)
(1.34399e-15 -2.05532e-21 0)
(1.84798e-15 4.36793e-15 0)
(1.84799e-15 -2.01598e-15 0)
(4.19997e-15 -2.68797e-15 0)
(3.69598e-15 1.67997e-15 0)
(1.344e-15 -4.03196e-15 0)
(7.22393e-15 -4.03196e-15 0)
(4.19997e-15 -2.35198e-15 0)
(1.34399e-15 -3.35997e-15 0)
(-3.52796e-15 -2.68799e-15 0)
(1.67998e-15 -8.73591e-15 0)
(3.19196e-15 -3.36016e-16 0)
(-1.67996e-16 -1.15383e-20 0)
(-2.51998e-15 -2.01598e-15 0)
(-1.84799e-15 3.35999e-16 0)
(-5.37594e-15 6.38392e-15 0)
(-6.75531e-21 2.01598e-15 0)
(5.03991e-16 -3.35997e-15 0)
(-4.36795e-15 -8.39992e-15 0)
(-4.87197e-15 3.35984e-16 0)
(-1.67999e-15 -9.9704e-22 0)
(-3.35997e-15 1.34398e-15 0)
(-1.008e-15 1.00799e-15 0)
(-3.52798e-15 1.00799e-15 0)
(-5.20795e-15 1.008e-15 0)
(-3.35998e-15 3.69596e-15 0)
(-3.36008e-16 6.0479e-15 0)
(-3.35997e-16 -1.00798e-15 0)
(2.352e-15 1.00799e-15 0)
(3.36006e-16 1.34398e-15 0)
(1.51199e-15 -1.34399e-15 0)
(1.84798e-15 1.34401e-15 0)
(1.51199e-15 1.34399e-15 0)
(4.87196e-15 -1.34399e-15 0)
(7.39193e-15 1.008e-15 0)
(1.008e-15 2.68796e-15 0)
(2.18401e-15 -1.00799e-15 0)
(5.71193e-15 1.00798e-15 0)
(-6.71987e-16 -3.69597e-15 0)
(-3.19197e-15 -6.71993e-15 0)
(3.02397e-15 -2.79739e-20 0)
(1.68007e-16 -5.71193e-15 0)
(1.00799e-15 -2.68797e-15 0)
(-2.35197e-15 6.71992e-16 0)
(-6.72005e-16 2.09304e-21 0)
(-5.04006e-16 1.14064e-20 0)
(-1.17599e-15 1.344e-15 0)
(1.51198e-15 -5.71195e-15 0)
(-5.04004e-16 -3.35998e-15 0)
(-4.03196e-15 -6.71994e-15 0)
(1.00798e-15 3.69595e-15 0)
(-1.512e-15 -3.35989e-16 0)
(-8.06392e-15 -6.71991e-16 0)
(-7.52291e-21 2.35197e-15 0)
(-5.37597e-15 -6.04792e-15 0)
(-6.04795e-15 -1.67999e-15 0)
(-4.03197e-15 -3.35995e-15 0)
(3.86396e-15 1.67998e-15 0)
(3.52797e-15 -4.03196e-15 0)
(3.19198e-15 2.35197e-15 0)
(5.54395e-15 -4.70396e-15 0)
(-1.34397e-15 5.71193e-15 0)
(6.71995e-16 5.03996e-15 0)
(5.54395e-15 4.70396e-15 0)
(1.87047e-20 2.01598e-15 0)
(3.69596e-15 -1.34398e-15 0)
(5.87994e-15 3.35994e-16 0)
(-5.03971e-16 -1.34399e-15 0)
(-3.69577e-21 -3.69596e-15 0)
(-1.34399e-15 -1.26037e-20 0)
(1.51199e-15 -2.01596e-15 0)
(3.69596e-15 -2.016e-15 0)
(1.84798e-15 -4.32443e-21 0)
(1.17598e-15 6.71987e-16 0)
(-2.18398e-15 1.46794e-21 0)
(-1.84797e-15 6.72e-16 0)
(-6.71996e-16 1.67999e-15 0)
(-8.39987e-16 -1.67998e-15 0)
(5.03983e-16 3.36e-16 0)
(-4.70395e-15 -1.00799e-15 0)
(2.841e-22 -2.01597e-15 0)
(-2.68798e-15 -2.52884e-21 0)
(-3.36011e-16 -1.34399e-15 0)
(-1.84799e-15 5.72728e-21 0)
(-7.39194e-15 6.71962e-16 0)
(-3.19198e-15 6.59579e-21 0)
(-3.52797e-15 2.01598e-15 0)
(-1.00799e-15 -1.34398e-15 0)
(-6.71987e-16 -1.67998e-15 0)
(6.55194e-15 6.71999e-16 0)
(5.37597e-15 1.344e-15 0)
(2.85597e-15 -4.36795e-15 0)
(1.68004e-16 1.67998e-15 0)
(5.37597e-15 6.51355e-21 0)
(4.70395e-15 3.35997e-15 0)
(1.68015e-16 4.70395e-15 0)
(3.86397e-15 2.68798e-15 0)
(3.35994e-16 2.35198e-15 0)
(1.67997e-15 1.67998e-15 0)
(-1.00799e-15 5.71195e-15 0)
(-6.7199e-16 3.69595e-15 0)
(-1.34398e-15 -6.71979e-16 0)
(1.84799e-15 -1.00799e-15 0)
(2.01599e-15 -2.01597e-15 0)
(-3.35998e-16 -3.35994e-16 0)
(3.19196e-15 4.03197e-15 0)
(3.35996e-16 4.03195e-15 0)
(-1.51198e-15 -2.01599e-15 0)
(2.68795e-15 -1.0504e-20 0)
(-4.53595e-15 -6.71998e-16 0)
(1.84797e-15 -5.39033e-21 0)
(-5.20795e-15 -6.31536e-21 0)
(-2.51998e-15 7.07523e-22 0)
(-1.67999e-15 1.06922e-26 0)
(-6.38395e-15 2.72642e-21 0)
(-1.84799e-15 -1.00799e-15 0)
(-1.67999e-15 6.09326e-22 0)
(-2.01598e-15 -3.36006e-16 0)
(3.52796e-15 3.02396e-15 0)
(6.72013e-16 4.70396e-15 0)
(5.71196e-15 6.71996e-16 0)
(2.68798e-15 -7.04732e-22 0)
(2.35198e-15 -3.35989e-16 0)
(4.87197e-15 7.45116e-21 0)
(5.0401e-16 1.02655e-20 0)
(5.37594e-15 6.72004e-16 0)
(4.19996e-15 1.00799e-15 0)
(-1.34397e-15 3.35999e-16 0)
(-3.35997e-16 -6.71979e-16 0)
(-8.39994e-16 -6.71979e-16 0)
(3.36006e-16 1.18084e-20 0)
(1.34398e-15 2.01598e-15 0)
(1.008e-15 1.00799e-15 0)
(4.03196e-15 1.00799e-15 0)
(-2.68797e-15 2.68797e-15 0)
(3.52797e-15 4.70394e-15 0)
(-5.03995e-16 1.008e-15 0)
(-1.34398e-15 -3.35998e-15 0)
(-1.67994e-16 -3.35997e-15 0)
(8.3998e-16 -3.02398e-15 0)
(-2.51997e-15 -3.69597e-15 0)
(-1.51199e-15 -6.38394e-15 0)
(-1.68006e-16 -1.008e-15 0)
(-5.54395e-15 -2.08065e-21 0)
(-6.38396e-15 6.71995e-16 0)
(-1.008e-15 -6.72007e-16 0)
(1.67996e-16 3.35988e-16 0)
(-8.39995e-16 -1.00798e-15 0)
(8.4e-16 -5.37592e-15 0)
(1.17599e-15 -4.70395e-15 0)
(4.87195e-15 6.71991e-15 0)
(2.85599e-15 3.02397e-15 0)
(3.35998e-15 3.35997e-15 0)
(7.72794e-15 7.39193e-15 0)
(3.02397e-15 4.70395e-15 0)
(6.72002e-16 4.70394e-15 0)
(3.36006e-16 -1.00798e-15 0)
(2.01598e-15 -3.35993e-16 0)
(-1.00798e-15 4.70393e-15 0)
(-5.61708e-21 1.00797e-15 0)
(1.17598e-15 2.68796e-15 0)
(-1.67996e-15 -6.72002e-16 0)
(5.03994e-15 -6.71995e-16 0)
(-1.17598e-15 -6.7201e-16 0)
(3.35993e-16 -5.71195e-15 0)
(1.51198e-15 -7.39193e-15 0)
(-1.67998e-15 -4.03197e-15 0)
(-5.03993e-16 -2.35199e-15 0)
(6.71974e-16 -2.01599e-15 0)
(-3.69595e-15 -2.68798e-15 0)
(-1.008e-15 -1.34399e-15 0)
(-1.67999e-15 1.00799e-15 0)
(1.34399e-15 -1.008e-15 0)
(-2.016e-15 -3.35998e-15 0)
(-5.03995e-15 -6.71993e-15 0)
(-6.72002e-16 -4.03195e-15 0)
(-3.69597e-15 -5.03995e-15 0)
(-3.35992e-16 -1.03424e-20 0)
(3.69596e-15 2.35195e-15 0)
(-3.35989e-16 -4.70396e-15 0)
(4.87196e-15 -7.39192e-15 0)
(2.18399e-15 2.01599e-15 0)
(1.68e-15 7.96185e-21 0)
(1.12559e-14 -3.35984e-16 0)
(3.52798e-15 2.35199e-15 0)
(-6.71985e-16 -1.00798e-15 0)
(-3.35993e-16 -6.71989e-16 0)
(1.84798e-15 1.34399e-15 0)
(1.51198e-15 -3.02396e-15 0)
(-3.19197e-15 -1.67998e-15 0)
(-1.67995e-16 -2.01597e-15 0)
(-1.00798e-15 -3.96846e-21 0)
(2.85596e-15 -3.02398e-15 0)
(-8.39986e-16 -3.35997e-16 0)
(-6.71996e-16 -9.71908e-23 0)
(-1.51198e-15 -3.36007e-16 0)
(-9.60732e-21 -7.72792e-15 0)
(-3.14955e-21 -2.01599e-15 0)
(-3.69595e-15 -4.36797e-15 0)
(2.85596e-15 -5.37595e-15 0)
(-5.03992e-16 1.67998e-15 0)
(-6.71999e-16 1.00799e-15 0)
(-3.69597e-15 -1.34399e-15 0)
(-3.02398e-15 6.71987e-16 0)
(-7.05594e-15 -3.35998e-15 0)
(-1.008e-15 -2.35199e-15 0)
(-3.52797e-15 -1.67999e-15 0)
(1.67997e-15 -4.03196e-15 0)
(8.39995e-16 -2.68797e-15 0)
(3.36008e-16 -3.35998e-15 0)
(8.39993e-15 -1.67999e-15 0)
(6.55195e-15 -2.35198e-15 0)
(3.52798e-15 1.34399e-15 0)
(5.37597e-15 2.01598e-15 0)
(4.19997e-15 6.81747e-21 0)
(5.03991e-16 1.67999e-15 0)
(5.03997e-16 3.02397e-15 0)
(-1.84798e-15 1.67999e-15 0)
(-1.00799e-15 -6.3311e-21 0)
(-1.34399e-15 -4.36795e-15 0)
(-3.35994e-16 -2.68798e-15 0)
(1.84798e-15 -4.70394e-15 0)
(1.0449e-21 3.35987e-16 0)
(-3.35995e-16 -2.17773e-21 0)
(-1.67999e-15 -2.4269e-21 0)
(-1.51199e-15 -1.67998e-15 0)
(-1.00799e-15 -3.3601e-16 0)
(-5.03996e-16 -4.36795e-15 0)
(-8.39994e-16 -2.68798e-15 0)
(4.70394e-15 -1.008e-15 0)
(-8.3999e-16 -5.93211e-21 0)
(-1.67998e-15 -1.54446e-21 0)
(-1.51199e-15 -3.6048e-21 0)
(-3.35996e-15 -3.69595e-15 0)
(-6.21593e-15 -8.43351e-21 0)
(-2.18398e-15 -2.35197e-15 0)
(-8.4e-16 -1.34399e-15 0)
(-5.37593e-15 -4.03196e-15 0)
(1.17287e-21 -6.71993e-15 0)
(4.87195e-15 -4.70394e-15 0)
(8.23192e-15 -3.02398e-15 0)
(6.55194e-15 -1.00798e-15 0)
(6.88794e-15 1.34398e-15 0)
(5.37594e-15 3.35998e-15 0)
(1.67999e-15 2.35197e-15 0)
(3.52796e-15 -3.35997e-16 0)
(-1.51198e-15 2.01598e-15 0)
(-5.04004e-16 1.34399e-15 0)
(-9.5445e-21 1.67998e-15 0)
(-5.87991e-15 -1.67998e-15 0)
(1.00798e-15 -1.34399e-15 0)
(-3.35986e-16 2.35195e-15 0)
(5.03993e-15 -3.69595e-15 0)
(-1.67997e-16 -6.71987e-16 0)
(-1.34399e-15 -6.71991e-16 0)
(-3.86394e-15 3.36002e-16 0)
(-1.00799e-15 1.74925e-20 0)
)
;

boundaryField
{
    outerWall
    {
        type            noSlip;
    }
    axis
    {
        type            symmetryPlane;
    }
    nozzle
    {
        type            zeroGradient;
    }
    back
    {
        type            empty;
    }
    front
    {
        type            empty;
    }
}


// ************************************************************************* //
