/*--------------------------------*- C++ -*----------------------------------*\
| =========                 |                                                 |
| \\      /  F ield         | OpenFOAM: The Open Source CFD Toolbox           |
|  \\    /   O peration     | Version:  2412                                  |
|   \\  /    A nd           | Website:  www.openfoam.com                      |
|    \\/     M anipulation  |                                                 |
\*---------------------------------------------------------------------------*/
FoamFile
{
    version     2.0;
    format      ascii;
    arch        "LSB;label=32;scalar=64";
    class       volVectorField;
    location    "5e-06";
    object      U;
}
// * * * * * * * * * * * * * * * * * * * * * * * * * * * * * * * * * * * * * //

dimensions      [0 1 -1 0 0 0 0];

internalField   nonuniform List<vector> 
3725
(
(2.0372e-15 -1.10362e-21 0)
(-6.79067e-16 -6.79069e-16 0)
(-2.88604e-15 -1.21178e-21 0)
(5.093e-16 -1.05292e-21 0)
(-6.79069e-16 -3.39534e-15 0)
(-1.69767e-16 -1.0186e-15 0)
(6.79067e-16 -1.0186e-15 0)
(-5.77208e-15 6.79066e-16 0)
(-3.39533e-16 1.0186e-15 0)
(3.0558e-15 1.0186e-15 0)
(3.39534e-15 2.02808e-22 0)
(-1.69765e-16 1.0186e-15 0)
(1.69769e-16 2.25287e-21 0)
(1.69767e-15 6.79067e-16 0)
(-2.5465e-15 -1.24052e-21 0)
(-8.48835e-16 3.39531e-16 0)
(2.71627e-15 -4.41109e-22 0)
(2.54651e-15 -1.35814e-15 0)
(-5.09301e-16 -6.7907e-16 0)
(-3.05581e-15 -1.69767e-15 0)
(5.59413e-22 2.37673e-15 0)
(-2.07033e-22 -1.0186e-15 0)
(-5.09298e-16 1.0186e-15 0)
(1.10615e-21 -1.0186e-15 0)
(2.0372e-15 3.0558e-15 0)
(1.69768e-16 1.0186e-15 0)
(-2.0372e-15 1.0186e-15 0)
(-1.18837e-15 1.35813e-15 0)
(1.5279e-15 -3.39534e-15 0)
(1.06052e-21 3.39533e-15 0)
(2.37674e-15 -6.79066e-16 0)
(1.69765e-16 -1.35814e-15 0)
(-1.35814e-15 -4.07441e-15 0)
(-6.87015e-22 -3.39537e-16 0)
(-1.0186e-15 -2.37674e-15 0)
(-6.79068e-16 3.39536e-16 0)
(1.69764e-16 -2.37674e-15 0)
(-3.22558e-15 -5.09301e-15 0)
(2.37674e-15 1.69767e-15 0)
(6.79071e-16 1.69767e-15 0)
(2.54651e-15 -1.0186e-15 0)
(3.39534e-16 6.79071e-16 0)
(-6.79068e-16 1.35813e-15 0)
(5.093e-16 6.79069e-16 0)
(-2.03721e-15 -2.71628e-15 0)
(-3.05581e-15 -4.41394e-15 0)
(3.39534e-15 6.32087e-22 0)
(1.69769e-16 -4.07441e-15 0)
(6.79068e-16 -3.39535e-15 0)
(-2.71627e-15 -5.09301e-15 0)
(1.86743e-15 -1.0186e-15 0)
(6.7907e-16 1.0186e-15 0)
(1.5279e-15 1.69767e-15 0)
(1.5279e-15 2.71627e-15 0)
(2.71627e-15 1.69768e-15 0)
(-1.35814e-15 2.71627e-15 0)
(-3.05581e-15 1.0186e-15 0)
(-2.88604e-15 1.0186e-15 0)
(-8.48835e-16 -2.0372e-15 0)
(6.79067e-16 -3.39534e-15 0)
(6.79068e-16 -3.39536e-16 0)
(-1.69767e-15 -2.71627e-15 0)
(-1.35814e-15 -3.53563e-21 0)
(-1.32671e-22 -2.37674e-15 0)
(1.86744e-15 6.79068e-16 0)
(-3.39534e-16 5.43254e-15 0)
(-5.09302e-16 2.03721e-15 0)
(-3.56511e-15 5.77208e-15 0)
(-3.39532e-16 2.03721e-15 0)
(1.69769e-16 -2.37673e-15 0)
(5.09301e-15 7.47012e-22 0)
(8.14615e-22 3.39533e-16 0)
(-1.0186e-15 3.39536e-16 0)
(3.39534e-16 6.79065e-16 0)
(-2.88604e-15 -5.09301e-15 0)
(-3.98012e-22 3.73487e-15 0)
(1.0186e-15 6.11161e-15 0)
(-4.14912e-22 -2.03721e-15 0)
(5.09301e-16 -6.45115e-15 0)
(2.20697e-15 -6.79072e-16 0)
(1.55571e-21 3.0558e-15 0)
(3.39535e-16 3.39534e-16 0)
(8.48837e-16 6.7907e-16 0)
(1.69767e-15 6.7907e-16 0)
(8.48838e-16 -3.39532e-16 0)
(6.79065e-16 2.03721e-15 0)
(-2.71627e-15 1.69767e-15 0)
(-4.07441e-15 6.79071e-16 0)
(-3.39536e-16 3.39534e-16 0)
(4.36883e-22 -1.42642e-21 0)
(-1.18837e-15 2.02787e-23 0)
(-6.79071e-16 -3.39537e-16 0)
(-1.5279e-15 -2.37674e-15 0)
(3.39535e-16 -1.21685e-22 0)
(3.73487e-15 1.69767e-15 0)
(6.79069e-16 2.37674e-15 0)
(-1.52791e-15 3.05581e-15 0)
(-3.39534e-15 4.91642e-21 0)
(2.1802e-22 4.75348e-15 0)
(9.0757e-22 5.09301e-15 0)
(4.41394e-15 3.39534e-15 0)
(-6.79068e-16 -2.0372e-15 0)
(-2.0372e-15 -1.20333e-21 0)
(-5.09301e-16 -3.05581e-15 0)
(-1.69767e-16 -8.99117e-22 0)
(1.86744e-15 3.73488e-15 0)
(-8.48835e-16 3.39534e-15 0)
(-2.0372e-15 6.8448e-22 0)
(-6.79068e-16 -8.78837e-22 0)
(4.07441e-15 -1.0186e-15 0)
(1.06475e-21 -3.39534e-15 0)
(1.56923e-21 -1.0186e-15 0)
(1.69767e-15 -1.13573e-21 0)
(1.69767e-15 -3.39534e-16 0)
(1.86744e-15 1.0186e-15 0)
(-6.79068e-16 3.39534e-16 0)
(-2.71628e-15 3.39536e-16 0)
(-3.90464e-15 3.39534e-15 0)
(-1.35814e-15 3.05581e-15 0)
(-1.52107e-22 8.06165e-22 0)
(-2.71627e-15 -1.91654e-21 0)
(-3.39534e-15 -1.69767e-15 0)
(3.39533e-16 2.71627e-15 0)
(1.69767e-15 2.37674e-15 0)
(3.05581e-15 3.39533e-16 0)
(8.48835e-16 -1.0186e-15 0)
(-2.54651e-15 2.80383e-21 0)
(-3.39534e-15 2.37674e-15 0)
(3.39534e-15 2.37674e-15 0)
(-7.52074e-23 4.41394e-15 0)
(-2.0372e-15 -3.3953e-16 0)
(-1.0186e-15 -1.69767e-15 0)
(3.39532e-16 -1.0186e-15 0)
(3.39535e-16 1.0186e-15 0)
(1.86744e-15 2.71627e-15 0)
(1.35814e-15 3.39534e-15 0)
(-6.7907e-16 6.79074e-16 0)
(-8.48838e-16 2.03721e-15 0)
(-2.71627e-15 4.07441e-15 0)
(-6.0843e-23 3.0558e-15 0)
(6.33778e-22 3.39532e-16 0)
(2.88604e-15 -3.39532e-16 0)
(1.86744e-15 1.0186e-15 0)
(1.18837e-15 -3.39533e-16 0)
(1.18837e-15 -1.69767e-15 0)
(8.48834e-16 -3.73488e-15 0)
(-2.03721e-15 -3.05581e-15 0)
(-2.20698e-15 -2.71627e-15 0)
(-3.73487e-15 3.39534e-15 0)
(-9.50666e-22 1.21685e-21 0)
(-6.79067e-16 1.35813e-15 0)
(-6.79068e-16 -6.79065e-16 0)
(-1.18837e-15 1.01861e-15 0)
(2.17259e-21 1.69767e-15 0)
(4.58371e-15 1.35814e-15 0)
(-5.09299e-16 6.7907e-16 0)
(-1.18837e-15 3.39534e-16 0)
(-2.37674e-15 1.35813e-15 0)
(1.35814e-15 -3.73487e-15 0)
(-3.39533e-16 -3.39533e-16 0)
(-1.18837e-15 2.28161e-22 0)
(-1.18837e-15 3.39532e-16 0)
(-1.50163e-21 -2.03721e-15 0)
(2.03721e-15 -1.0186e-15 0)
(2.37674e-15 1.35814e-15 0)
(1.5279e-15 1.85063e-21 0)
(-2.5465e-15 -1.69767e-15 0)
(-2.0372e-15 1.35814e-15 0)
(1.0186e-15 3.39534e-15 0)
(-3.05581e-15 1.35814e-15 0)
(1.0186e-15 -2.0372e-15 0)
(1.35814e-15 1.0186e-15 0)
(2.37674e-15 1.0186e-15 0)
(1.0186e-15 -1.0186e-15 0)
(5.093e-16 3.39533e-16 0)
(-2.20697e-15 -2.03721e-15 0)
(-6.79069e-16 -3.05581e-15 0)
(-1.69767e-15 -4.07441e-15 0)
(-2.03721e-15 -2.0372e-15 0)
(-4.81672e-22 -1.07996e-21 0)
(-3.36323e-22 -2.0372e-15 0)
(3.39535e-16 3.05581e-15 0)
(-3.39532e-16 5.77208e-15 0)
(1.18837e-15 3.73488e-15 0)
(2.03721e-15 1.69767e-15 0)
(-8.48837e-16 -5.98594e-29 0)
(-5.09305e-16 -1.0186e-15 0)
(-5.26278e-15 -6.79069e-16 0)
(-1.69766e-16 -4.07441e-15 0)
(2.88604e-15 -6.79068e-16 0)
(-1.24558e-21 3.05581e-15 0)
(-2.37674e-15 3.39533e-16 0)
(-1.0186e-15 -1.35813e-15 0)
(2.37674e-15 -3.39534e-15 0)
(1.69767e-15 -2.37674e-15 0)
(2.20697e-15 1.60557e-21 0)
(-1.5279e-15 -3.34803e-21 0)
(1.69766e-16 1.69767e-15 0)
(1.69767e-16 2.03721e-15 0)
(-3.90464e-15 -1.35813e-15 0)
(1.69768e-16 2.71627e-15 0)
(3.39534e-15 1.35814e-15 0)
(5.09302e-16 1.0186e-15 0)
(2.37674e-15 -1.69767e-15 0)
(-5.093e-16 6.79066e-16 0)
(-5.77208e-15 -1.69767e-15 0)
(-6.79071e-16 -2.71627e-15 0)
(3.39535e-16 1.0186e-15 0)
(6.79067e-16 -1.0186e-15 0)
(-1.0186e-15 -5.44204e-22 0)
(1.35814e-15 -6.79067e-16 0)
(3.73488e-15 2.3154e-21 0)
(1.0186e-15 3.73488e-15 0)
(-4.62235e-22 1.0186e-15 0)
(-4.19982e-22 -1.0186e-15 0)
(-1.35814e-15 -6.79071e-16 0)
(-1.0186e-15 -1.0186e-15 0)
(-4.41395e-15 -6.79069e-16 0)
(6.79068e-16 -4.98573e-22 0)
(4.41394e-15 -2.72101e-21 0)
(-1.18837e-15 -2.0372e-15 0)
(-3.22558e-15 -2.0372e-15 0)
(-6.79069e-16 2.71627e-15 0)
(1.76613e-21 7.63911e-22 0)
(4.41394e-15 -2.66187e-21 0)
(1.18837e-15 -3.39539e-16 0)
(-1.69767e-15 -1.69767e-15 0)
(1.35814e-15 -3.39535e-16 0)
(5.093e-16 1.0186e-15 0)
(-4.75348e-15 -3.05396e-21 0)
(2.37674e-15 1.35814e-15 0)
(3.05581e-15 1.69767e-15 0)
(-2.0372e-15 -3.3953e-16 0)
(3.39537e-16 -6.7907e-16 0)
(8.48834e-16 -2.37674e-15 0)
(-3.90465e-15 1.69767e-15 0)
(-1.69767e-15 1.69767e-15 0)
(-9.31231e-22 1.74077e-21 0)
(7.35171e-23 1.0186e-15 0)
(-1.69767e-16 -3.39535e-16 0)
(8.48837e-16 6.79066e-16 0)
(4.75348e-15 1.35814e-15 0)
(1.69769e-16 -3.39532e-16 0)
(-1.69767e-15 -3.39532e-16 0)
(-1.18837e-15 3.39535e-16 0)
(-3.39536e-16 -2.71627e-15 0)
(-1.35814e-15 -6.11162e-15 0)
(-4.75348e-15 -2.37674e-15 0)
(2.0372e-15 -1.35814e-15 0)
(1.01861e-15 -6.79064e-16 0)
(-1.69766e-16 1.69767e-15 0)
(-6.79071e-16 1.35814e-15 0)
(-5.09302e-16 2.03721e-15 0)
(-3.39535e-16 3.05581e-15 0)
(1.35814e-15 -3.39534e-15 0)
(2.71627e-15 -4.41394e-15 0)
(-6.79065e-16 2.37673e-15 0)
(1.5279e-15 -2.03721e-15 0)
(1.5279e-15 -3.05581e-15 0)
(-2.71627e-15 -1.35814e-15 0)
(1.35814e-15 -1.16784e-21 0)
(1.06137e-21 -2.37674e-15 0)
(-1.35813e-15 -1.0186e-15 0)
(1.0186e-15 3.39533e-16 0)
(1.0186e-15 3.39532e-16 0)
(-2.03721e-15 -3.39534e-16 0)
(-2.03721e-15 2.03721e-15 0)
(-1.69767e-15 3.39534e-16 0)
(-1.18837e-15 -2.71627e-15 0)
(-8.75458e-22 -3.05581e-15 0)
(1.35814e-15 -4.41394e-15 0)
(3.90465e-15 3.39533e-16 0)
(3.39536e-16 -1.0186e-15 0)
(-8.48837e-16 -2.88157e-21 0)
(-1.52791e-15 -3.39537e-16 0)
(-3.05581e-15 1.0186e-15 0)
(-3.56511e-15 -1.69767e-15 0)
(-2.443e-21 1.0186e-15 0)
(2.54651e-15 2.71627e-15 0)
(4.41395e-15 1.69767e-15 0)
(1.0186e-15 4.75348e-15 0)
(-4.41394e-15 4.07441e-15 0)
(1.0186e-15 1.01861e-15 0)
(-2.71627e-15 2.0372e-15 0)
(-1.69765e-16 -1.0186e-15 0)
(2.88604e-15 3.39534e-16 0)
(1.0186e-15 -2.37674e-15 0)
(-2.71627e-15 -1.69767e-15 0)
(-3.39534e-16 -2.37674e-15 0)
(6.79067e-16 -2.71627e-15 0)
(8.87288e-22 -1.69767e-15 0)
(6.10117e-22 -3.05581e-15 0)
(2.03721e-15 -2.71257e-21 0)
(2.37674e-15 -5.20543e-22 0)
(3.39534e-16 -1.0186e-15 0)
(-2.37674e-15 -1.35814e-15 0)
(-3.73488e-15 -3.39537e-16 0)
(-1.70613e-21 -3.39534e-16 0)
(-2.03721e-15 2.26639e-21 0)
(-1.0186e-15 -3.39533e-16 0)
(1.86744e-15 -3.39539e-16 0)
(5.94185e-15 -2.71627e-15 0)
(1.0186e-15 3.39529e-16 0)
(-2.37674e-15 -2.0372e-15 0)
(-1.69768e-16 -2.71627e-15 0)
(-2.20697e-15 1.69767e-15 0)
(-2.20697e-15 5.09301e-15 0)
(-1.52791e-15 2.37674e-15 0)
(2.71628e-15 1.35814e-15 0)
(3.90465e-15 6.79067e-16 0)
(1.69767e-15 3.39538e-16 0)
(-2.37674e-15 4.07441e-15 0)
(-2.20697e-15 1.0186e-15 0)
(-3.56511e-15 -1.35813e-15 0)
(1.69767e-15 -3.92096e-22 0)
(2.54651e-15 1.35814e-15 0)
(-3.05581e-15 -5.74625e-22 0)
(-8.88978e-22 -1.0186e-15 0)
(3.39534e-16 -1.82529e-22 0)
(-1.0186e-15 -6.79069e-16 0)
(-9.12637e-23 -3.39535e-16 0)
(9.1771e-22 -6.79071e-16 0)
(3.39534e-15 -3.39534e-15 0)
(2.19203e-21 -1.35814e-15 0)
(6.27015e-22 -1.35814e-15 0)
(-2.37674e-15 -2.37674e-15 0)
(-1.0186e-15 -3.39534e-15 0)
(3.41394e-22 -1.09854e-22 0)
(-1.18837e-15 6.79068e-15 0)
(-1.0186e-15 3.39534e-15 0)
(8.48837e-16 9.31229e-22 0)
(4.58371e-15 -2.37674e-15 0)
(1.18837e-15 -4.75348e-15 0)
(-1.86744e-15 -2.03721e-15 0)
(2.0372e-15 -1.69767e-15 0)
(-1.69767e-15 -1.0186e-15 0)
(-2.20697e-15 1.0186e-15 0)
(-1.18837e-15 2.58074e-21 0)
(1.18837e-15 3.39534e-15 0)
(3.73488e-15 -1.0186e-15 0)
(2.71627e-15 -6.79069e-16 0)
(-1.0186e-15 7.18281e-22 0)
(-2.88604e-15 1.69767e-15 0)
(-3.73488e-15 1.52107e-21 0)
(1.0186e-15 4.41394e-15 0)
(2.37674e-15 1.01861e-15 0)
(-4.41395e-15 4.49561e-22 0)
(2.37674e-15 5.37443e-22 0)
(9.3461e-22 2.37674e-15 0)
(-2.03721e-15 1.35814e-15 0)
(-1.62247e-22 3.39537e-16 0)
(6.79069e-16 6.79071e-16 0)
(1.35814e-15 6.79069e-16 0)
(2.61961e-22 -1.86753e-21 0)
(1.0186e-15 -6.79071e-16 0)
(-4.24418e-15 -2.0372e-15 0)
(-8.50107e-22 -2.71627e-15 0)
(1.86744e-15 -1.35813e-15 0)
(1.69767e-15 1.0186e-15 0)
(-1.35814e-15 2.71628e-15 0)
(4.68151e-22 1.35814e-15 0)
(2.03721e-15 -3.39536e-16 0)
(-1.35813e-15 -6.79068e-15 0)
(-1.69768e-16 -3.39534e-15 0)
(2.54651e-15 -3.39534e-15 0)
(6.79069e-16 -4.07441e-15 0)
(-1.18837e-15 1.0186e-15 0)
(5.09303e-16 2.03721e-15 0)
(1.6977e-16 4.75348e-15 0)
(3.56511e-15 1.69767e-15 0)
(1.0186e-15 -1.69767e-15 0)
(-5.09301e-16 -3.39534e-15 0)
(-2.20697e-15 -1.01861e-15 0)
(-5.09301e-15 -3.05581e-15 0)
(3.05581e-15 9.10947e-22 0)
(1.35814e-15 3.39532e-16 0)
(-4.41394e-15 6.79068e-16 0)
(1.0186e-15 -3.41394e-22 0)
(2.37674e-15 1.0186e-15 0)
(-1.35813e-15 1.35814e-15 0)
(5.09301e-16 2.37674e-15 0)
(1.69766e-16 5.09301e-15 0)
(-3.39535e-16 5.09301e-15 0)
(-1.69767e-15 -6.79062e-16 0)
(-3.39535e-16 -6.79067e-16 0)
(-2.88604e-15 -1.95203e-21 0)
(8.48835e-16 2.0372e-15 0)
(1.35814e-15 6.79068e-16 0)
(3.05581e-15 -6.79066e-16 0)
(-1.09843e-23 2.0372e-15 0)
(4.56321e-23 7.38563e-22 0)
(6.79069e-16 -6.79069e-16 0)
(-6.79068e-16 -2.28329e-21 0)
(-1.67317e-22 -1.01861e-15 0)
(1.22868e-21 1.69767e-15 0)
(1.69767e-15 -2.71628e-15 0)
(3.05581e-15 1.01742e-21 0)
(2.71627e-15 2.0372e-15 0)
(5.09301e-16 2.37674e-15 0)
(-1.35814e-15 1.69767e-15 0)
(-5.09301e-16 -2.37674e-15 0)
(-1.0186e-15 -2.03721e-15 0)
(-1.69767e-15 -3.73488e-15 0)
(-3.39534e-15 -4.41394e-15 0)
(3.39534e-15 -2.37674e-15 0)
(2.0372e-15 -1.99091e-21 0)
(-3.05581e-15 -2.71627e-15 0)
(1.0186e-15 -1.35814e-15 0)
(2.68299e-21 -3.39534e-16 0)
(1.5279e-15 3.05581e-15 0)
(1.35814e-15 2.37674e-15 0)
(6.79067e-16 2.33737e-21 0)
(-1.18837e-15 6.79072e-16 0)
(-1.18837e-15 3.0558e-15 0)
(-1.86744e-15 -1.0186e-15 0)
(-3.39538e-16 -1.35813e-15 0)
(-2.55201e-22 4.75347e-15 0)
(-1.35813e-15 2.03721e-15 0)
(4.07441e-15 -6.79065e-16 0)
(1.0186e-15 2.71627e-15 0)
(-1.82528e-22 1.69767e-15 0)
(-1.0186e-15 2.28161e-22 0)
(6.79065e-16 1.10193e-21 0)
(-3.39534e-16 1.0186e-15 0)
(-3.39534e-16 -3.05581e-15 0)
(6.7907e-16 -1.35814e-15 0)
(3.05581e-15 -1.35814e-15 0)
(2.03721e-15 -1.0186e-15 0)
(-1.0186e-15 -1.69767e-15 0)
(-5.09302e-16 -3.39534e-15 0)
(-2.20697e-15 -3.39534e-15 0)
(-1.5279e-15 -3.39534e-15 0)
(-2.37674e-15 -2.71627e-15 0)
(-8.48837e-16 -1.69767e-15 0)
(2.71627e-15 -2.37674e-15 0)
(2.03721e-15 -3.73488e-15 0)
(-3.73488e-15 -4.75348e-15 0)
(1.0186e-15 -2.0372e-15 0)
(3.39534e-15 -1.0186e-15 0)
(3.39534e-16 -1.0186e-15 0)
(1.69767e-15 -4.41394e-15 0)
(1.91992e-21 -2.71628e-15 0)
(-8.48837e-16 -1.35814e-15 0)
(-2.54651e-15 -1.69767e-15 0)
(-1.69767e-15 -1.35813e-15 0)
(1.69767e-15 6.79069e-16 0)
(-6.79068e-16 -6.79066e-16 0)
(6.79068e-16 -1.35814e-15 0)
(4.07441e-15 1.35813e-15 0)
(1.69769e-16 9.53201e-22 0)
(-6.08426e-22 1.69767e-15 0)
(-1.69767e-15 6.7907e-16 0)
(-1.69767e-15 2.71627e-15 0)
(-1.03855e-21 -6.79069e-16 0)
(-1.69767e-15 -1.35814e-15 0)
(1.69767e-15 -2.71627e-15 0)
(1.35814e-15 -2.03721e-15 0)
(2.20697e-15 -4.41394e-15 0)
(-1.0186e-15 -3.39534e-15 0)
(-6.79069e-16 -2.71628e-15 0)
(-8.48837e-16 -4.75348e-15 0)
(-1.0186e-15 -1.0186e-15 0)
(-7.97715e-22 1.69767e-15 0)
(-1.18837e-15 4.75348e-15 0)
(1.18837e-15 4.75347e-15 0)
(2.0372e-15 1.54135e-21 0)
(-2.71627e-15 -1.01861e-15 0)
(6.79068e-16 6.79064e-16 0)
(2.37674e-15 -6.79068e-16 0)
(-2.37674e-15 -4.75348e-15 0)
(3.39534e-16 -1.69767e-15 0)
(3.05581e-15 -3.39534e-15 0)
(-3.39532e-16 -4.07441e-15 0)
(-1.0186e-15 -1.0186e-15 0)
(-1.69767e-16 2.0372e-15 0)
(-8.48836e-16 3.73487e-15 0)
(-6.79068e-16 -2.37674e-15 0)
(1.0186e-15 -1.57853e-21 0)
(3.73488e-15 -2.37674e-15 0)
(8.48836e-16 -2.0372e-15 0)
(-4.19139e-22 4.07441e-15 0)
(-3.16213e-21 3.39537e-16 0)
(-3.39534e-15 1.35037e-21 0)
(-1.0186e-15 -1.35814e-15 0)
(-1.69767e-15 3.39532e-16 0)
(2.0372e-15 -3.03199e-21 0)
(1.35814e-15 1.35813e-15 0)
(1.18837e-15 -3.39535e-16 0)
(-5.09302e-16 -3.39535e-16 0)
(-1.35814e-15 -1.0186e-15 0)
(-2.01119e-22 -3.39534e-15 0)
(2.94072e-22 -1.19657e-21 0)
(1.35814e-15 2.503e-21 0)
(-3.88716e-22 4.07441e-15 0)
(2.17005e-21 1.01861e-15 0)
(-3.39533e-16 -1.25234e-21 0)
(-1.69767e-15 -1.35813e-15 0)
(6.79069e-16 2.71627e-15 0)
(2.03721e-15 -6.79069e-16 0)
(-3.05581e-15 1.35814e-15 0)
(-2.63652e-22 6.79067e-16 0)
(1.35814e-15 6.79068e-16 0)
(9.29675e-24 -1.35814e-15 0)
(1.35814e-15 -1.69767e-15 0)
(2.03721e-15 2.37674e-15 0)
(-3.39535e-16 3.05581e-15 0)
(-1.78979e-21 2.37674e-15 0)
(-2.71627e-15 -1.25741e-21 0)
(3.56511e-15 -2.37674e-15 0)
(1.18837e-15 -3.39536e-16 0)
(-6.79068e-16 1.01861e-15 0)
(-2.0372e-15 4.07441e-15 0)
(-3.05581e-15 2.37674e-15 0)
(-2.54651e-15 -2.71627e-15 0)
(-6.7907e-16 -1.0186e-15 0)
(1.35814e-15 3.0558e-15 0)
(2.88604e-15 -1.0186e-15 0)
(6.79073e-16 6.79066e-16 0)
(-1.35814e-15 3.39533e-16 0)
(-1.69767e-15 -3.39533e-16 0)
(-2.2816e-22 3.39534e-15 0)
(5.89063e-28 -6.76028e-22 0)
(1.38924e-21 -3.04212e-22 0)
(1.0186e-15 4.8691e-21 0)
(-1.0186e-15 3.39535e-16 0)
(-3.75197e-22 6.79066e-16 0)
(-7.43632e-22 -1.0186e-15 0)
(9.56581e-22 1.45347e-22 0)
(3.05581e-15 -1.69767e-15 0)
(-2.37674e-15 5.43254e-15 0)
(-4.22517e-22 1.69767e-15 0)
(3.39535e-16 1.69767e-15 0)
(6.79068e-16 -2.37674e-15 0)
(3.05581e-15 1.35814e-15 0)
(1.69767e-15 -1.69767e-15 0)
(-1.0186e-15 -2.0372e-15 0)
(-2.0372e-15 6.7907e-16 0)
(-2.37674e-15 -1.0186e-15 0)
(2.03721e-15 -3.39532e-16 0)
(5.09302e-16 3.12663e-22 0)
(-2.20555e-22 -2.71627e-15 0)
(-6.79071e-16 1.0186e-15 0)
(-3.73488e-15 -2.71627e-15 0)
(-2.54651e-15 1.35814e-15 0)
(3.39533e-16 3.39531e-16 0)
(1.5279e-15 -1.69767e-15 0)
(3.39536e-16 -5.43255e-15 0)
(3.05581e-15 -4.41395e-15 0)
(-3.0558e-15 -2.71627e-15 0)
(-1.22699e-21 -1.16277e-21 0)
(-2.70411e-22 2.03721e-15 0)
(5.44203e-22 -2.0372e-15 0)
(1.0186e-15 -1.40952e-21 0)
(1.69767e-15 2.71627e-15 0)
(-1.0186e-15 1.69767e-15 0)
(-1.18837e-15 -1.35814e-15 0)
(-5.093e-16 3.39534e-15 0)
(2.28174e-23 8.51798e-22 0)
(1.0186e-15 3.39536e-16 0)
(1.35814e-15 2.03721e-15 0)
(-6.79067e-16 1.35814e-15 0)
(3.39534e-16 6.7907e-16 0)
(-6.79068e-16 -6.79069e-16 0)
(1.35814e-15 6.79069e-16 0)
(3.39535e-16 1.35813e-15 0)
(-6.79067e-16 -1.35814e-15 0)
(-1.69767e-15 -9.41371e-22 0)
(5.093e-16 8.56866e-22 0)
(2.71627e-15 2.71627e-15 0)
(3.39535e-16 1.0186e-15 0)
(6.79067e-16 -3.39537e-16 0)
(-1.35814e-15 -3.39535e-16 0)
(-3.39534e-15 -1.77084e-22 0)
(-1.52791e-15 3.39534e-15 0)
(-5.09304e-16 1.69767e-15 0)
(3.39535e-16 -4.41394e-15 0)
(-6.79065e-16 -4.07441e-15 0)
(2.54651e-15 -6.11161e-15 0)
(8.85786e-22 -4.41395e-15 0)
(-3.77447e-22 -4.07441e-15 0)
(5.09303e-16 3.39534e-15 0)
(-5.09302e-16 2.0372e-15 0)
(3.05581e-15 6.3496e-21 0)
(1.86744e-15 -2.37674e-15 0)
(-2.37674e-15 1.0186e-15 0)
(-1.86744e-15 -3.39534e-15 0)
(-6.79068e-16 6.79065e-16 0)
(2.44591e-21 1.53628e-21 0)
(2.37674e-15 3.05581e-15 0)
(1.69767e-15 3.05581e-15 0)
(-1.48163e-21 2.71627e-15 0)
(-6.79072e-16 -3.39539e-16 0)
(-1.0186e-15 9.49818e-22 0)
(1.69767e-15 1.0186e-15 0)
(-6.79069e-16 1.69767e-15 0)
(-2.137e-21 1.76894e-21 0)
(-3.39534e-15 -3.39535e-16 0)
(3.39534e-16 3.05581e-15 0)
(4.58371e-15 2.71628e-15 0)
(5.09307e-16 6.11162e-15 0)
(-2.12208e-15 1.27325e-15 0)
(-6.36627e-16 8.48835e-16 0)
(-3.81976e-15 1.39384e-21 0)
(-6.36629e-16 1.27326e-15 0)
(-3.60755e-15 -4.24415e-16 0)
(-1.15911e-21 -1.27325e-15 0)
(2.12208e-16 -1.27325e-15 0)
(-2.12209e-16 -8.48838e-16 0)
(2.97092e-15 -4.66859e-15 0)
(1.27326e-15 -6.43635e-22 0)
(1.89758e-21 4.34724e-21 0)
(1.90988e-15 5.09301e-15 0)
(6.36627e-16 3.81975e-15 0)
(6.36626e-16 7.49495e-22 0)
(-1.90988e-15 -4.24424e-16 0)
(-1.90988e-15 -8.48839e-16 0)
(6.36626e-16 -8.12173e-22 0)
(4.24418e-15 2.852e-22 0)
(1.90988e-15 8.48836e-16 0)
(1.90988e-15 -6.35181e-22 0)
(-2.97093e-15 -3.37548e-22 0)
(-2.97092e-15 -2.12209e-15 0)
(2.12209e-15 -3.13719e-21 0)
(1.69767e-15 -3.13509e-21 0)
(-1.69767e-15 -8.48835e-16 0)
(-1.06104e-15 -1.26263e-21 0)
(6.36621e-16 -8.48834e-16 0)
(6.3663e-16 1.69767e-15 0)
(5.72965e-15 -4.24412e-16 0)
(4.13808e-14 5.94185e-15 0)
(8.48834e-16 -1.27325e-15 0)
(-2.29956e-21 -8.21801e-22 0)
(-1.69767e-15 2.5465e-15 0)
(-2.12209e-15 1.69767e-15 0)
(-4.45639e-15 1.69767e-15 0)
(-2.12209e-16 1.27325e-15 0)
(6.36626e-16 2.54651e-15 0)
(-8.48834e-16 2.12209e-15 0)
(1.06105e-15 7.68138e-21 0)
(4.66859e-15 4.24418e-15 0)
(3.39534e-15 1.27325e-15 0)
(-4.24416e-16 8.48836e-16 0)
(-4.24419e-16 5.2688e-21 0)
(-1.27325e-15 4.24414e-16 0)
(-3.18313e-15 -4.66859e-15 0)
(-1.48546e-15 -2.12209e-15 0)
(1.27325e-15 -8.4883e-16 0)
(3.39535e-15 -7.77431e-22 0)
(1.48546e-15 8.48837e-16 0)
(1.06104e-15 -2.5465e-15 0)
(-2.97092e-15 -1.69767e-15 0)
(-2.54651e-15 -4.66859e-15 0)
(1.27325e-15 -2.5465e-15 0)
(1.90988e-15 -5.09301e-15 0)
(2.12208e-16 -4.66859e-15 0)
(-1.27325e-15 -4.24421e-16 0)
(5.33425e-22 -2.54651e-15 0)
(6.36628e-16 -3.81975e-15 0)
(6.79069e-15 1.27325e-15 0)
(4.20174e-14 -4.24416e-16 0)
(1.69767e-15 -2.54651e-15 0)
(-4.24419e-16 -3.81976e-15 0)
(-1.69767e-15 -6.36626e-15 0)
(-1.27326e-15 -1.05628e-23 0)
(-4.24418e-15 -4.24416e-16 0)
(6.36626e-16 4.66859e-15 0)
(2.1221e-16 9.7616e-15 0)
(-8.48835e-16 4.66859e-15 0)
(1.90988e-15 2.12209e-15 0)
(3.18314e-15 8.48836e-16 0)
(2.12209e-15 -4.24415e-16 0)
(-5.29203e-22 -1.69767e-15 0)
(-1.90988e-15 -8.48832e-16 0)
(-1.48546e-15 -1.27325e-15 0)
(-8.48839e-16 4.24418e-16 0)
(-6.36628e-16 3.81975e-15 0)
(1.06105e-15 -7.60458e-23 0)
(4.03197e-15 1.27325e-15 0)
(8.48837e-16 4.24418e-16 0)
(-1.69767e-15 8.48828e-16 0)
(-1.48547e-15 -2.5465e-15 0)
(-3.81976e-15 -3.53225e-21 0)
(8.48834e-16 1.69766e-15 0)
(8.48836e-16 -4.66859e-15 0)
(8.48837e-16 -2.12209e-15 0)
(4.24417e-16 -1.69767e-15 0)
(-8.48835e-16 -1.27326e-15 0)
(1.48546e-15 -4.24421e-16 0)
(7.85173e-15 -1.69767e-15 0)
(4.22296e-14 -8.48837e-16 0)
(1.27325e-15 -4.24418e-15 0)
(-1.27325e-15 -2.12209e-15 0)
(4.24417e-16 -5.08289e-21 0)
(-1.69767e-15 -4.36039e-21 0)
(-1.48547e-15 1.27325e-15 0)
(6.36628e-16 5.0998e-21 0)
(8.48835e-16 6.11173e-21 0)
(-1.48546e-15 1.69767e-15 0)
(8.48835e-16 5.09301e-15 0)
(2.3343e-15 8.48837e-16 0)
(2.54651e-15 -8.48835e-16 0)
(1.07953e-21 1.69767e-15 0)
(-1.90988e-15 2.97092e-15 0)
(-6.36629e-16 8.48838e-16 0)
(-1.06105e-15 3.81976e-15 0)
(-1.48546e-15 4.24418e-15 0)
(2.5465e-15 3.39535e-15 0)
(1.90988e-15 1.27325e-15 0)
(1.27325e-15 4.24419e-16 0)
(-1.48546e-15 -2.5465e-15 0)
(-4.03197e-15 1.69767e-15 0)
(-1.48547e-15 4.24421e-16 0)
(6.36626e-16 -4.24413e-16 0)
(2.55624e-22 -1.27325e-15 0)
(1.06104e-15 -4.24417e-15 0)
(4.24418e-16 1.27325e-15 0)
(-1.71119e-22 4.81668e-22 0)
(4.2442e-16 -1.53585e-21 0)
(7.85173e-15 -4.66859e-15 0)
(4.24418e-14 -2.54651e-15 0)
(4.24419e-16 -1.44713e-21 0)
(6.14764e-22 -1.27326e-15 0)
(2.5465e-15 -2.85203e-22 0)
(-2.5465e-15 -7.39461e-22 0)
(-2.3343e-15 -1.27325e-15 0)
(1.90988e-15 -3.13198e-21 0)
(1.30047e-21 -6.4645e-22 0)
(-6.36627e-16 -1.69767e-15 0)
(4.24419e-16 1.27326e-15 0)
(1.48546e-15 4.24417e-16 0)
(2.97092e-15 -8.48837e-16 0)
(1.69767e-15 -8.48834e-16 0)
(-2.12208e-16 1.69767e-15 0)
(-1.06105e-15 1.69767e-15 0)
(-4.24418e-16 3.76608e-21 0)
(-2.19392e-21 2.54651e-15 0)
(-2.75871e-15 5.09301e-15 0)
(2.3343e-15 -4.24414e-16 0)
(1.90988e-15 -4.24417e-16 0)
(-2.12208e-16 1.69767e-15 0)
(-2.12209e-15 2.54651e-15 0)
(-2.12209e-15 4.24418e-15 0)
(-1.27326e-15 4.66859e-15 0)
(-1.48546e-15 -1.27325e-15 0)
(8.48834e-16 -1.02468e-21 0)
(4.24419e-16 -4.24417e-16 0)
(2.12209e-16 -3.80264e-23 0)
(4.24419e-16 2.4717e-22 0)
(7.42731e-15 -4.24426e-16 0)
(4.22296e-14 -5.51743e-15 0)
(3.11947e-13 -3.89048e-15 0)
(1.86992e-12 -7.07364e-16 0)
(1.0667e-11 7.07364e-16 0)
(5.97018e-11 -7.07361e-16 0)
(3.27523e-10 1.06104e-15 0)
(1.75939e-09 -3.18314e-15 0)
(9.23994e-09 -6.01264e-15 0)
(4.73549e-08 -1.06107e-14 0)
(2.36355e-07 5.44661e-14 0)
(1.14611e-06 7.41314e-13 0)
(5.38482e-06 5.48736e-12 0)
(2.44341e-05 3.34239e-11 0)
(0.000106677 1.82409e-10 0)
(0.000446107 9.17431e-10 0)
(0.00177727 4.28718e-09 0)
(0.00670112 1.85442e-08 0)
(0.0237156 7.26521e-08 0)
(0.0779715 2.48169e-07 0)
(0.234992 6.8411e-07 0)
(0.637316 1.37901e-06 0)
(1.5222 1.71227e-06 0)
(3.06669 1.48168e-06 0)
(5.13814 1.27741e-06 0)
(6.27556 1.37995e-06 0)
(7.8796 8.33542e-07 0)
(3.11594e-13 -1.06105e-15 0)
(1.87062e-12 -2.12209e-15 0)
(1.06688e-11 2.47576e-15 0)
(5.97022e-11 -1.06105e-15 0)
(3.27518e-10 -2.1221e-15 0)
(1.75939e-09 -8.48839e-15 0)
(9.23993e-09 -2.7941e-14 0)
(4.73549e-08 -9.12503e-14 0)
(2.36356e-07 -1.69415e-13 0)
(1.14612e-06 2.85768e-13 0)
(5.38485e-06 5.8092e-12 0)
(2.44343e-05 4.3832e-11 0)
(0.000106678 2.58899e-10 0)
(0.000446112 1.33457e-09 0)
(0.00177729 6.20474e-09 0)
(0.00670119 2.62505e-08 0)
(0.0237158 9.97939e-08 0)
(0.0779722 3.30775e-07 0)
(0.234993 8.92957e-07 0)
(0.637317 1.79391e-06 0)
(1.5222 2.28288e-06 0)
(3.0667 1.91136e-06 0)
(5.13815 1.34266e-06 0)
(6.27557 1.30387e-06 0)
(7.87961 7.94226e-07 0)
(3.10533e-13 -3.53681e-16 0)
(1.86921e-12 -1.76841e-15 0)
(1.06695e-11 -2.47577e-15 0)
(5.97019e-11 -3.53689e-16 0)
(3.27513e-10 -2.47578e-15 0)
(1.75937e-09 -1.27326e-14 0)
(9.23986e-09 -5.09303e-14 0)
(4.73547e-08 -1.93464e-13 0)
(2.36355e-07 -6.43703e-13 0)
(1.14612e-06 -1.82677e-12 0)
(5.38486e-06 -3.58601e-12 0)
(2.44344e-05 1.69015e-12 0)
(0.000106678 6.8551e-11 0)
(0.000446114 4.75969e-10 0)
(0.0017773 2.41889e-09 0)
(0.00670121 1.02312e-08 0)
(0.0237159 3.70779e-08 0)
(0.0779724 1.14829e-07 0)
(0.234993 2.93853e-07 0)
(0.637318 5.88022e-07 0)
(1.5222 8.16624e-07 0)
(3.0667 6.63901e-07 0)
(5.13815 2.2208e-07 0)
(6.27557 -2.57501e-08 0)
(7.87961 -6.53945e-08 0)
(3.1124e-13 -1.06105e-15 0)
(1.86886e-12 3.53686e-16 0)
(1.06692e-11 -1.06105e-15 0)
(5.97004e-11 -1.06105e-15 0)
(3.27508e-10 -2.82946e-15 0)
(1.75934e-09 -1.09642e-14 0)
(9.23975e-09 -5.51744e-14 0)
(4.73544e-08 -2.12209e-13 0)
(2.36354e-07 -7.75272e-13 0)
(1.14611e-06 -2.64095e-12 0)
(5.38486e-06 -8.1584e-12 0)
(2.44343e-05 -2.20581e-11 0)
(0.000106678 -4.66742e-11 0)
(0.000446114 -4.63049e-11 0)
(0.0017773 2.2007e-10 0)
(0.00670122 1.70022e-09 0)
(0.0237159 7.07392e-09 0)
(0.0779724 2.06181e-08 0)
(0.234994 3.66407e-08 0)
(0.637318 -6.54325e-09 0)
(1.5222 -2.97894e-07 0)
(3.0667 -9.48487e-07 0)
(5.13815 -1.37887e-06 0)
(6.27557 -1.44176e-06 0)
(7.87961 -1.15637e-06 0)
(3.12655e-13 3.53677e-16 0)
(1.86815e-12 7.07355e-16 0)
(1.0672e-11 -3.5368e-16 0)
(5.96955e-11 9.74828e-28 0)
(3.27505e-10 -2.47577e-15 0)
(1.75931e-09 -6.01259e-15 0)
(9.23966e-09 -2.58188e-14 0)
(4.7354e-08 -9.65553e-14 0)
(2.36353e-07 -3.54036e-13 0)
(1.14611e-06 -1.26866e-12 0)
(5.38484e-06 -4.25126e-12 0)
(2.44343e-05 -1.33413e-11 0)
(0.000106678 -3.87364e-11 0)
(0.000446114 -1.05137e-10 0)
(0.0017773 -2.8126e-10 0)
(0.00670122 -8.24683e-10 0)
(0.0237159 -2.86219e-09 0)
(0.0779724 -1.16052e-08 0)
(0.234993 -4.83659e-08 0)
(0.637317 -1.79663e-07 0)
(1.52219 -5.43907e-07 0)
(3.06669 -1.18271e-06 0)
(5.13814 -1.53569e-06 0)
(6.27556 -1.4921e-06 0)
(7.8796 -1.13029e-06 0)
(3.69504e-23 -5.56931e-22 0)
(7.20635e-22 -2.01598e-15 0)
(1.6607e-21 1.46781e-22 0)
(-3.35999e-16 -2.35198e-15 0)
(-1.00799e-15 -6.71998e-16 0)
(8.16319e-22 -6.71988e-16 0)
(1.00799e-15 -2.79828e-22 0)
(9.32727e-22 2.01598e-15 0)
(1.51199e-15 1.34399e-15 0)
(6.71996e-16 -2.35198e-15 0)
(1.17599e-15 -6.71997e-16 0)
(1.45711e-21 -2.35198e-15 0)
(3.35997e-15 -6.71994e-16 0)
(-3.35997e-15 -3.35998e-16 0)
(1.00799e-15 -6.71994e-16 0)
(1.65573e-22 6.71997e-16 0)
(-3.36e-16 2.71934e-21 0)
(1.17599e-15 2.01598e-15 0)
(-1.67995e-16 -6.0843e-23 0)
(3.02397e-15 -1.00799e-15 0)
(-1.34399e-15 1.67999e-15 0)
(-3.02398e-15 2.35198e-15 0)
(-5.03996e-15 -2.68797e-15 0)
(-1.51723e-21 -3.35998e-16 0)
(1.47041e-21 3.35997e-15 0)
(1.67999e-15 -1.67998e-15 0)
(4.32411e-22 -6.92401e-22 0)
(4.58413e-22 -4.51567e-22 0)
(2.35198e-15 -3.35997e-15 0)
(3.36002e-16 -6.71995e-15 0)
(4.13935e-22 1.45515e-21 0)
(1.67999e-15 1.34399e-15 0)
(2.10731e-22 3.35997e-15 0)
(-1.00799e-15 3.35997e-15 0)
(-6.71995e-16 1.00799e-15 0)
(3.00265e-22 5.37595e-15 0)
(1.13457e-21 1.34399e-15 0)
(1.67999e-15 1.34399e-15 0)
(-1.34399e-15 1.67999e-15 0)
(-8.98102e-22 1.34398e-15 0)
(-2.01598e-15 -2.01599e-15 0)
(1.00799e-15 -3.69597e-15 0)
(3.02398e-15 -3.69597e-15 0)
(-1.18347e-21 -2.68798e-15 0)
(1.00799e-15 -6.71995e-16 0)
(2.31945e-22 1.00799e-15 0)
(-1.34399e-15 -1.00799e-15 0)
(5.03997e-16 -1.34399e-15 0)
(1.67997e-16 -2.01599e-15 0)
(1.68001e-16 -2.01599e-15 0)
(-1.67999e-16 -3.35997e-15 0)
(-1.67999e-15 -3.35994e-16 0)
(-2.68798e-15 -2.9839e-22 0)
(3.35997e-16 4.03197e-15 0)
(1.34399e-15 3.39806e-21 0)
(8.71157e-22 1.67998e-15 0)
(4.75108e-28 -5.24723e-22 0)
(4.13861e-28 4.67247e-28 0)
(7.33738e-22 1.67493e-21 0)
(2.62051e-23 -2.35198e-15 0)
(-7.20634e-22 2.68798e-15 0)
(1.37576e-21 2.01599e-15 0)
(-8.08919e-22 2.68798e-15 0)
(-2.68798e-15 3.36001e-16 0)
(-1.67999e-15 -1.34398e-15 0)
(1.00799e-15 3.7735e-21 0)
(1.34399e-15 2.01598e-15 0)
(3.35998e-16 2.90414e-21 0)
(-1.67999e-15 1.67999e-15 0)
(-1.83263e-21 8.82699e-22 0)
(-6.71995e-16 -4.70396e-15 0)
(6.71996e-16 2.68798e-15 0)
(1.00799e-15 1.67998e-15 0)
(3.35997e-16 -2.01599e-15 0)
(3.02397e-15 -3.36e-16 0)
(3.35998e-16 6.71994e-16 0)
(-2.35198e-15 -1.34399e-15 0)
(-1.84799e-15 -3.36e-16 0)
(1.44571e-21 -3.02398e-15 0)
(2.51998e-15 -4.03197e-15 0)
(5.03997e-16 -2.46872e-21 0)
(-8.39994e-16 2.68798e-15 0)
(-2.85598e-15 3.02398e-15 0)
(1.67998e-16 2.01599e-15 0)
(2.69575e-22 -3.31146e-22 0)
(-4.8479e-22 -1.67998e-15 0)
(5.63405e-22 -1.34399e-15 0)
(5.50303e-22 1.0085e-21 0)
(7.8615e-23 6.71994e-15 0)
(-6.28917e-22 6.71996e-16 0)
(-1.67999e-15 3.35999e-16 0)
(1.00799e-15 -3.35997e-16 0)
(1.00799e-15 -3.35993e-16 0)
(-2.18398e-15 1.34399e-15 0)
(-2.18398e-15 4.03196e-15 0)
(1.34399e-15 1.67998e-15 0)
(1.67999e-15 -1.34399e-15 0)
(1.98151e-21 2.35198e-15 0)
(-2.21673e-21 3.02398e-15 0)
(-3.35997e-15 6.77351e-22 0)
(6.71995e-16 1.3547e-22 0)
(2.35198e-15 1.00799e-15 0)
(-8.46043e-22 -3.35999e-16 0)
(-2.01598e-15 -6.71995e-15 0)
(1.00799e-15 -5.03996e-15 0)
(3.02397e-15 -1.67998e-15 0)
(-3.02398e-15 -6.71994e-16 0)
(-1.34399e-15 -6.71994e-16 0)
(1.34399e-15 -4.39868e-22 0)
(6.72e-16 -1.00799e-15 0)
(1.67999e-15 1.67999e-15 0)
(6.71992e-16 1.34399e-15 0)
(-4.36797e-15 -1.34399e-15 0)
(-6.71996e-16 1.00799e-15 0)
(2.7909e-22 4.51563e-23 0)
(-1.67998e-16 -1.09335e-21 0)
(8.39993e-16 -3.35997e-16 0)
(3.35996e-16 4.39946e-22 0)
(6.71995e-16 -6.71992e-16 0)
(-1.00799e-15 -6.71995e-16 0)
(-6.71996e-16 2.01598e-15 0)
(2.96108e-21 3.35997e-16 0)
(1.67999e-15 -1.34399e-15 0)
(-1.00799e-15 -1.34399e-15 0)
(-3.35998e-15 -3.35996e-16 0)
(8.71468e-22 -1.67998e-15 0)
(2.01599e-15 -6.71996e-16 0)
(3.69597e-15 1.00799e-15 0)
(-2.68798e-15 -6.71994e-16 0)
(-4.19997e-15 1.42996e-21 0)
(1.84798e-15 4.70396e-15 0)
(2.01599e-15 6.71997e-16 0)
(-1.51199e-15 6.71995e-16 0)
(-2.18398e-15 -1.00374e-21 0)
(1.84799e-15 3.69597e-15 0)
(2.85598e-15 2.01598e-15 0)
(-1.84799e-15 2.68798e-15 0)
(-8.39994e-16 1.34399e-15 0)
(1.48662e-21 2.35198e-15 0)
(3.35997e-15 4.36797e-15 0)
(3.02398e-15 1.34399e-15 0)
(-1.34399e-15 1.67999e-15 0)
(-6.38395e-15 4.46575e-22 0)
(-3.35999e-16 5.241e-23 0)
(6.71993e-16 1.39559e-28 0)
(-1.00799e-15 6.47245e-22 0)
(1.00799e-15 1.34399e-15 0)
(1.92239e-21 3.35995e-16 0)
(-8.38556e-22 -1.34399e-15 0)
(-6.28918e-22 -5.9039e-22 0)
(-3.19197e-15 3.36001e-16 0)
(6.71994e-16 -1.00799e-15 0)
(5.03994e-16 -5.17937e-22 0)
(-5.25464e-22 -3.35999e-16 0)
(-2.68798e-15 8.23426e-22 0)
(-5.46325e-22 1.67998e-15 0)
(6.71995e-16 -1.00799e-15 0)
(3.35997e-15 -3.35997e-15 0)
(-6.71995e-16 -1.00799e-15 0)
(-4.03197e-15 -1.16983e-23 0)
(2.35198e-15 2.52292e-21 0)
(2.01598e-15 -3.35998e-16 0)
(-1.34399e-15 3.35997e-16 0)
(-1.67998e-15 2.68798e-15 0)
(4.36796e-15 6.04795e-15 0)
(1.67999e-15 2.68798e-15 0)
(-2.51998e-15 5.71195e-15 0)
(-2.00456e-21 5.37596e-15 0)
(-8.39992e-16 3.02398e-15 0)
(3.02398e-15 2.35198e-15 0)
(6.71996e-16 3.35997e-16 0)
(-2.01599e-15 -1.67998e-15 0)
(-5.71196e-15 1.67999e-15 0)
(-1.27722e-21 -3.35997e-16 0)
(5.57555e-22 -1.50522e-23 0)
(-5.03997e-16 4.51567e-23 0)
(1.33918e-21 3.35999e-16 0)
(1.51199e-15 6.71994e-16 0)
(-1.00799e-15 -4.70396e-15 0)
(-5.26827e-22 -8.42925e-22 0)
(-1.68001e-16 1.67999e-15 0)
(-1.51199e-15 1.34399e-15 0)
(-6.71992e-16 -1.00799e-15 0)
(-7.04179e-22 2.35198e-15 0)
(5.03992e-16 1.00799e-15 0)
(1.67998e-16 -6.71995e-16 0)
(-2.18398e-15 -3.35998e-16 0)
(1.17599e-15 -1.34399e-15 0)
(-6.71995e-16 -1.34399e-15 0)
(-2.56835e-21 6.71994e-16 0)
(3.35998e-16 -1.53938e-21 0)
(1.50175e-21 -2.01598e-15 0)
(5.03996e-16 -6.71992e-16 0)
(2.01598e-15 2.01599e-15 0)
(3.52797e-15 -1.00799e-15 0)
(2.32319e-21 -1.34399e-15 0)
(1.00799e-15 -3.02397e-15 0)
(-1.84798e-15 -1.00799e-15 0)
(-1.68001e-16 3.35997e-16 0)
(-2.68798e-15 -2.01599e-15 0)
(1.00799e-15 -6.38395e-15 0)
(-3.35997e-16 -3.36001e-16 0)
(-3.02398e-15 -6.71993e-16 0)
(-3.35998e-16 6.91389e-22 0)
(-2.25783e-23 -2.68155e-28 0)
(1.16983e-23 -1.44127e-21 0)
(5.03996e-16 -4.78317e-22 0)
(9.95785e-22 -1.00799e-15 0)
(-5.03997e-16 1.00799e-15 0)
(-9.03137e-23 -2.22429e-22 0)
(-1.17599e-15 3.69597e-15 0)
(-2.18398e-15 -6.71992e-16 0)
(2.68798e-15 1.67999e-15 0)
(-1.34399e-15 6.71994e-16 0)
(-4.70396e-15 -2.10732e-22 0)
(-9.97892e-22 -1.00799e-15 0)
(-7.46605e-22 2.02931e-22 0)
(2.01599e-15 1.34399e-15 0)
(-2.45672e-23 2.01598e-15 0)
(-1.34399e-15 -3.35997e-16 0)
(-6.71994e-16 -1.00799e-15 0)
(1.34399e-15 3.35997e-15 0)
(1.00799e-15 1.34399e-15 0)
(1.00799e-15 2.01598e-15 0)
(2.35198e-15 -1.34399e-15 0)
(8.39993e-16 -1.00799e-15 0)
(-1.00799e-15 -2.35198e-15 0)
(-6.71997e-16 -2.01599e-15 0)
(-1.17599e-15 -3.35997e-15 0)
(-3.35997e-15 -5.71195e-15 0)
(3.02398e-15 -2.68798e-15 0)
(1.34399e-15 -3.69597e-15 0)
(-4.70396e-15 -3.93073e-22 0)
(-1.96108e-21 2.68798e-15 0)
(-3.1446e-22 -2.85992e-22 0)
(2.83689e-29 -3.35997e-15 0)
(4.71688e-22 -8.27873e-22 0)
(6.67402e-28 -6.38432e-22 0)
(-7.8615e-23 -3.35998e-16 0)
(-1.55192e-28 6.71996e-16 0)
(-3.52797e-15 1.34399e-15 0)
(-1.84799e-15 6.71995e-16 0)
(2.35198e-15 -3.02398e-15 0)
(-2.35198e-15 -3.35997e-15 0)
(-3.35997e-15 -1.00799e-15 0)
(-8.27872e-22 -1.00799e-15 0)
(1.74668e-21 6.71995e-16 0)
(5.37596e-15 3.69597e-15 0)
(-1.67999e-15 1.67999e-15 0)
(-3.35997e-15 1.67999e-15 0)
(1.67999e-15 1.00799e-15 0)
(2.68798e-15 4.90959e-21 0)
(9.69581e-22 1.34399e-15 0)
(-2.68798e-15 1.67999e-15 0)
(1.67999e-15 -2.35198e-15 0)
(6.71994e-16 -3.02398e-15 0)
(-6.71996e-16 -4.70396e-15 0)
(-2.01598e-15 -3.02398e-15 0)
(-3.35999e-16 -6.71997e-16 0)
(-2.18398e-15 -6.71998e-16 0)
(1.51199e-15 -1.67999e-15 0)
(1.67999e-15 -3.02398e-15 0)
(3.35997e-16 1.07214e-21 0)
(-2.68798e-15 3.69597e-15 0)
(-5.03999e-16 -3.61253e-22 0)
(-8.53373e-28 -5.37596e-15 0)
(5.03996e-16 -1.32459e-21 0)
(6.71267e-22 1.32459e-21 0)
(6.71995e-16 3.35997e-15 0)
(-1.38277e-22 1.67999e-15 0)
(-1.17599e-15 -1.34399e-15 0)
(-4.53596e-15 -6.79612e-22 0)
(3.35996e-16 -4.91733e-22 0)
(-1.07994e-21 -6.71996e-16 0)
(-1.34399e-15 3.84648e-22 0)
(9.11714e-23 1.00799e-15 0)
(1.00799e-15 1.60396e-21 0)
(4.03197e-15 6.71994e-16 0)
(-5.24099e-22 -6.71994e-16 0)
(-4.03197e-15 -2.51987e-22 0)
(2.17119e-21 2.30041e-21 0)
(1.67999e-15 1.00799e-15 0)
(1.34399e-15 3.35998e-16 0)
(-3.69597e-15 7.93947e-22 0)
(-3.44485e-22 -3.35998e-16 0)
(6.71996e-16 -1.25448e-21 0)
(-8.19681e-23 -1.78755e-21 0)
(-3.35997e-16 1.00799e-15 0)
(-1.78548e-21 1.38324e-21 0)
(-2.85598e-15 -5.241e-23 0)
(3.35997e-16 6.55122e-22 0)
(1.51199e-15 6.08408e-24 0)
(4.70396e-15 2.01598e-15 0)
(-1.00799e-15 6.71995e-16 0)
(-5.71195e-15 6.92402e-22 0)
(-1.18912e-21 1.34399e-15 0)
(1.34399e-15 5.9039e-22 0)
(6.71994e-16 1.0482e-21 0)
(1.67999e-15 5.29571e-23 0)
(6.71996e-16 6.71996e-16 0)
(-2.85598e-15 -3.35997e-15 0)
(-1.84799e-15 -1.34399e-15 0)
(-1.67999e-15 1.34399e-15 0)
(-4.28989e-22 -6.71994e-16 0)
(-1.17599e-15 -1.3547e-22 0)
(8.39994e-16 -2.01598e-15 0)
(1.67999e-15 1.34399e-15 0)
(3.35999e-16 -1.34399e-15 0)
(-1.04422e-21 -3.02398e-15 0)
(-3.35997e-15 -2.01598e-15 0)
(6.04795e-15 2.01598e-15 0)
(8.39994e-16 1.67998e-15 0)
(-5.03996e-16 -9.7356e-22 0)
(-5.03996e-15 6.71993e-16 0)
(-6.90453e-22 -1.97396e-22 0)
(2.01598e-15 -1.38106e-21 0)
(-3.35996e-16 -2.01599e-15 0)
(2.35198e-15 1.67999e-15 0)
(-2.01598e-15 1.67998e-15 0)
(-4.19997e-15 1.1651e-21 0)
(3.35997e-16 3.35997e-15 0)
(2.51998e-15 2.35198e-15 0)
(3.69597e-15 1.67999e-15 0)
(-1.67999e-15 -1.67999e-15 0)
(-5.03996e-15 2.06621e-21 0)
(-7.34206e-22 5.37596e-15 0)
(1.00799e-15 6.71997e-16 0)
(9.85687e-22 1.67998e-15 0)
(2.35198e-15 -4.03196e-15 0)
(1.39104e-21 2.35198e-15 0)
(-6.71996e-16 -2.01598e-15 0)
(-1.68001e-16 1.00799e-15 0)
(-1.17599e-15 1.06379e-21 0)
(-4.13937e-22 -6.71996e-16 0)
(-5.03996e-16 -3.79113e-22 0)
(1.51381e-22 2.01599e-15 0)
(1.54718e-21 -2.01598e-15 0)
(1.17599e-15 -1.67999e-15 0)
(-1.17599e-15 -1.00799e-15 0)
(-2.93522e-21 -1.25776e-21 0)
(1.00799e-15 -1.67999e-15 0)
(7.3483e-22 -5.03996e-15 0)
(1.67998e-16 -4.03197e-15 0)
(-1.00799e-15 -2.35198e-15 0)
(-1.67999e-16 -1.34399e-15 0)
(1.35985e-21 -3.35997e-15 0)
(8.39993e-16 -1.53587e-21 0)
(8.39994e-16 -3.02397e-15 0)
(-1.4853e-21 -2.68798e-15 0)
(-1.67999e-15 -6.71994e-16 0)
(1.17599e-15 1.34399e-15 0)
(1.34534e-21 3.35997e-15 0)
(1.67998e-16 -1.67998e-15 0)
(-1.34399e-15 -4.03197e-15 0)
(-7.49883e-22 2.68798e-15 0)
(5.03996e-16 4.03197e-15 0)
(6.71994e-16 1.34399e-15 0)
(-3.35998e-16 1.78185e-21 0)
(8.39995e-16 -3.23927e-21 0)
(2.68798e-15 -2.35198e-15 0)
(-1.67999e-15 2.01598e-15 0)
(-1.00799e-15 1.67999e-15 0)
(-3.35997e-15 6.71994e-16 0)
(-1.66643e-21 -2.01598e-15 0)
(9.30273e-22 -6.71995e-16 0)
(6.02089e-22 3.91904e-22 0)
(1.67999e-15 1.67998e-15 0)
(1.67999e-15 -1.34399e-15 0)
(-9.68957e-22 1.67998e-15 0)
(-3.35997e-15 9.01494e-22 0)
(1.00799e-15 1.00799e-15 0)
(-3.35998e-16 -1.22937e-21 0)
(-6.71996e-16 -2.35198e-15 0)
(-1.05405e-21 -2.25581e-21 0)
(-1.31025e-23 -2.96115e-21 0)
(7.0028e-22 -1.44127e-21 0)
(6.71996e-16 2.55139e-21 0)
(-3.44836e-22 -1.00799e-15 0)
(-3.35997e-16 -1.77242e-21 0)
(6.71995e-16 2.17984e-22 0)
(3.69597e-15 6.71994e-16 0)
(6.71995e-16 6.71995e-16 0)
(-3.02398e-15 1.67999e-15 0)
(-1.34399e-15 3.35997e-16 0)
(1.84798e-15 -1.34399e-15 0)
(1.68002e-16 2.01598e-15 0)
(3.35996e-16 1.67998e-15 0)
(-1.67999e-15 -2.35198e-15 0)
(6.71995e-16 6.71995e-16 0)
(1.34869e-21 -1.00799e-15 0)
(-1.84798e-15 1.02082e-21 0)
(-1.51199e-15 6.71995e-16 0)
(-3.35997e-15 3.36001e-16 0)
(-1.67999e-15 1.05826e-21 0)
(1.34399e-15 6.71995e-16 0)
(5.79511e-22 -4.96722e-22 0)
(2.36289e-21 -1.67998e-15 0)
(1.67999e-15 1.34399e-15 0)
(-8.53221e-23 2.7838e-21 0)
(-3.35999e-16 1.00799e-15 0)
(2.01598e-15 -2.35197e-15 0)
(-3.33958e-22 2.35198e-15 0)
(-3.35997e-15 -4.63382e-21 0)
(-1.00799e-15 -4.03197e-15 0)
(2.09639e-22 -5.03996e-15 0)
(1.00799e-15 1.05365e-22 0)
(2.35198e-15 6.71994e-15 0)
(-1.67999e-15 3.69597e-15 0)
(-1.3501e-21 -6.71993e-16 0)
(1.34399e-15 1.34399e-15 0)
(3.02398e-15 -1.34399e-15 0)
(1.00799e-15 3.36e-16 0)
(-2.35198e-15 2.68798e-15 0)
(-1.84799e-15 -1.00799e-15 0)
(-1.67999e-16 -1.34399e-15 0)
(2.35198e-15 -2.35198e-15 0)
(-3.02397e-15 -3.02398e-15 0)
(-1.00799e-15 -1.72952e-21 0)
(2.01598e-15 3.02398e-15 0)
(5.64459e-22 1.34399e-15 0)
(-3.35999e-16 -2.68798e-15 0)
(-1.00799e-15 1.34399e-15 0)
(-2.01599e-15 2.35198e-15 0)
(-1.00799e-15 4.36796e-15 0)
(-3.35997e-16 2.01599e-15 0)
(5.83682e-22 4.5156e-23 0)
(2.01598e-15 -2.01599e-15 0)
(2.01599e-15 -1.34399e-15 0)
(5.45001e-22 2.35198e-15 0)
(-1.67999e-15 2.35198e-15 0)
(-1.34399e-15 2.01598e-15 0)
(-1.00799e-15 -5.37596e-15 0)
(-1.67999e-15 -9.40792e-15 0)
(8.39993e-16 -1.008e-15 0)
(3.35998e-16 -1.008e-15 0)
(5.03998e-16 -7.22505e-22 0)
(5.37596e-15 -1.34398e-15 0)
(-3.35997e-15 2.35198e-15 0)
(-2.01598e-15 2.01598e-15 0)
(6.71996e-16 1.34399e-15 0)
(3.69597e-15 1.00799e-15 0)
(1.34399e-15 -1.34399e-15 0)
(-1.84799e-15 2.35198e-15 0)
(-2.01598e-15 2.01598e-15 0)
(-1.84799e-15 3.35997e-15 0)
(3.87597e-23 6.71992e-16 0)
(-1.63032e-21 -2.01598e-15 0)
(1.00799e-15 6.71994e-16 0)
(2.35198e-15 3.35998e-16 0)
(1.48861e-21 2.01598e-15 0)
(5.03996e-16 -1.34399e-15 0)
(6.49858e-22 3.35997e-16 0)
(-1.67999e-15 2.39182e-21 0)
(-1.17107e-21 2.68798e-15 0)
(-1.17599e-15 2.01599e-15 0)
(-5.03999e-16 3.12355e-22 0)
(-3.02397e-15 -4.03197e-15 0)
(5.54395e-15 -1.82639e-21 0)
(1.68e-16 3.93073e-22 0)
(-1.00799e-15 3.28966e-22 0)
(-2.68798e-15 -1.00799e-15 0)
(-3.02398e-15 -5.62e-22 0)
(-6.71996e-16 9.03135e-23 0)
(1.34399e-15 6.71996e-16 0)
(3.35997e-15 1.34399e-15 0)
(8.39996e-16 4.47666e-22 0)
(3.19198e-15 3.35995e-16 0)
(-1.84798e-15 1.54047e-21 0)
(-1.17599e-15 8.86763e-23 0)
(-1.67998e-16 7.33738e-22 0)
(1.51199e-15 1.67992e-21 0)
(1.67999e-15 -1.00799e-15 0)
(-1.68e-16 3.35998e-16 0)
(-1.84799e-15 9.43377e-22 0)
(-3.35998e-16 1.53158e-21 0)
(-2.68798e-15 -1.31025e-22 0)
(-3.35997e-16 -4.45483e-22 0)
(1.34399e-15 -1.49729e-23 0)
(1.84799e-15 -2.01598e-15 0)
(2.01598e-15 -2.01598e-15 0)
(1.17599e-15 1.00799e-15 0)
(3.69597e-15 -1.00799e-15 0)
(1.67999e-15 1.00799e-15 0)
(-6.71994e-16 2.86117e-21 0)
(-2.68798e-15 2.35198e-15 0)
(-4.03197e-15 3.35997e-15 0)
(-1.51199e-15 -6.71994e-16 0)
(4.53597e-15 -1.15902e-21 0)
(1.34399e-15 -1.00799e-15 0)
(-2.35198e-15 -1.00799e-15 0)
(-2.35198e-15 1.73921e-22 0)
(-2.56492e-21 3.35998e-15 0)
(-1.67999e-15 9.40792e-15 0)
(1.34399e-15 6.04796e-15 0)
(1.68e-16 4.70396e-15 0)
(2.51998e-15 3.35998e-16 0)
(2.01599e-15 -6.71993e-16 0)
(8.3999e-16 -1.34399e-15 0)
(-2.85598e-15 2.84355e-22 0)
(1.34399e-15 1.34399e-15 0)
(6.71995e-16 3.02397e-15 0)
(6.71995e-16 1.00799e-15 0)
(-1.17599e-15 -1.67999e-15 0)
(-2.18398e-15 -1.00799e-15 0)
(1.67998e-15 -5.71984e-22 0)
(-2.35198e-15 -1.00799e-15 0)
(-1.00799e-15 1.34399e-15 0)
(2.01388e-21 1.34399e-15 0)
(1.00799e-15 3.02397e-15 0)
(3.22258e-22 -1.67998e-15 0)
(-5.03996e-16 5.03996e-15 0)
(1.30911e-21 -6.71995e-16 0)
(1.47442e-21 -1.34399e-15 0)
(-3.35997e-16 -2.68798e-15 0)
(-1.68002e-16 3.35996e-16 0)
(-3.02398e-15 1.34399e-15 0)
(-1.34399e-15 6.71996e-16 0)
(2.68798e-15 -4.81671e-22 0)
(1.34399e-15 -1.67999e-15 0)
(-2.35198e-15 -3.35998e-16 0)
(1.00799e-15 5.56931e-22 0)
(-5.03995e-16 2.68798e-15 0)
(-1.67999e-16 4.95374e-21 0)
(1.68e-16 1.67999e-15 0)
(-1.17599e-15 1.00799e-15 0)
(6.71995e-16 1.76727e-22 0)
(2.68798e-15 -2.01599e-15 0)
(-6.71993e-16 3.35996e-16 0)
(-2.35198e-15 -1.00799e-15 0)
(4.36796e-15 -2.35198e-15 0)
(-3.35994e-16 6.71994e-16 0)
(8.39992e-16 -9.62874e-22 0)
(-2.51998e-15 -1.00799e-15 0)
(-1.00799e-15 6.71993e-16 0)
(1.00799e-15 -4.66618e-22 0)
(-3.35997e-15 -3.02397e-15 0)
(-3.22804e-22 -1.21664e-23 0)
(2.68798e-15 -1.34399e-15 0)
(3.30603e-22 -1.34399e-15 0)
(-1.00799e-15 -1.67999e-15 0)
(-1.15996e-21 2.01599e-15 0)
(-2.18398e-15 -3.35994e-16 0)
(-5.03997e-16 -8.31848e-22 0)
(1.34399e-15 -3.35998e-16 0)
(3.35996e-16 -3.35999e-16 0)
(-4.03197e-15 -1.34399e-15 0)
(-1.84799e-15 2.35198e-15 0)
(2.18398e-15 5.71984e-22 0)
(6.71995e-16 -2.01598e-15 0)
(-1.00799e-15 -1.00799e-15 0)
(2.35198e-15 -6.47245e-22 0)
(-5.46403e-22 -6.71992e-16 0)
(-2.35198e-15 2.10732e-22 0)
(2.01598e-15 1.34399e-15 0)
(-6.71996e-16 1.34399e-15 0)
(-2.01598e-15 2.89891e-22 0)
(3.02397e-15 -3.35998e-16 0)
(-3.53766e-22 -6.71996e-16 0)
(-3.02398e-15 -6.71995e-16 0)
(3.35997e-15 -3.35999e-16 0)
(1.00799e-15 -6.71992e-16 0)
(-5.03995e-16 -1.34399e-15 0)
(-1.17599e-15 -1.67999e-15 0)
(-1.34399e-15 3.35998e-16 0)
(-1.12854e-22 1.02527e-21 0)
(-1.67999e-15 1.67998e-15 0)
(-2.25784e-22 6.02088e-22 0)
(1.15302e-21 -1.24044e-21 0)
(8.83075e-29 -3.69597e-15 0)
(-7.59942e-22 -1.34526e-21 0)
(-3.35997e-15 1.00799e-15 0)
(-2.35198e-15 2.68798e-15 0)
(-1.51199e-15 -6.71994e-16 0)
(1.01583e-21 1.00799e-15 0)
(8.3999e-16 -3.35997e-15 0)
(-3.02398e-15 -1.67998e-15 0)
(-5.03997e-16 4.36796e-15 0)
(1.84799e-15 1.20418e-21 0)
(-3.35997e-16 5.35795e-22 0)
(5.01471e-23 3.35997e-16 0)
(-2.23568e-21 -4.81672e-22 0)
(-3.35997e-16 -2.68798e-15 0)
(-5.33067e-22 -9.03134e-22 0)
(2.01598e-15 -2.01598e-15 0)
(-1.00799e-15 -2.35198e-15 0)
(1.00799e-15 -3.35998e-16 0)
(6.71997e-16 -6.71994e-16 0)
(-3.35998e-16 1.03868e-21 0)
(-3.02398e-15 6.71996e-16 0)
(1.67999e-15 1.23272e-21 0)
(5.03996e-16 6.71993e-16 0)
(3.76266e-22 3.35997e-16 0)
(1.84798e-15 -1.00799e-15 0)
(-4.14015e-22 2.35198e-15 0)
(-1.00799e-15 1.67999e-15 0)
(-3.35997e-15 8.547e-22 0)
(-8.27872e-22 2.78304e-28 0)
(1.82739e-28 -5.74388e-28 0)
(2.6205e-23 -1.68827e-21 0)
(-2.65688e-28 3.35998e-16 0)
(-8.39995e-16 8.69754e-22 0)
(-2.85598e-15 -1.02558e-22 0)
(-3.75935e-21 3.35997e-16 0)
(-6.71996e-16 -1.00799e-15 0)
(-1.67998e-15 -6.71995e-16 0)
(-1.67999e-15 1.67998e-15 0)
(-4.25753e-22 3.35998e-15 0)
(2.68798e-15 1.84924e-21 0)
(6.5169e-22 1.67998e-15 0)
(-8.54077e-22 3.35998e-16 0)
(-3.35997e-15 -2.16097e-21 0)
(-1.24715e-21 -2.68798e-15 0)
(4.8479e-22 -1.79792e-21 0)
(2.62051e-23 -2.68798e-15 0)
(-4.07579e-22 -2.01598e-15 0)
(1.00799e-15 -2.42692e-21 0)
(3.19198e-15 -1.67999e-15 0)
(-5.03995e-16 -1.34399e-15 0)
(-2.68798e-15 2.35198e-15 0)
(3.52797e-15 3.35997e-15 0)
(-3.35995e-16 -3.35995e-16 0)
(-2.29955e-22 1.67999e-15 0)
(1.67999e-16 1.67998e-15 0)
(-1.67998e-16 -2.01598e-15 0)
(-8.39997e-16 1.34399e-15 0)
(-3.35997e-15 -3.35997e-16 0)
(-6.05131e-22 -1.62221e-22 0)
(-6.35625e-23 7.86149e-23 0)
(3.35998e-16 8.61409e-22 0)
(1.50523e-23 6.71995e-16 0)
(-1.51199e-15 6.71996e-16 0)
(-3.35998e-15 -2.01599e-15 0)
(-5.03998e-16 -1.67999e-15 0)
(-1.34399e-15 -1.67999e-15 0)
(3.35999e-16 -6.62921e-23 0)
(4.03196e-15 6.38355e-22 0)
(-1.34399e-15 2.68798e-15 0)
(-2.68798e-15 2.35198e-15 0)
(-9.06486e-22 -1.34398e-15 0)
(-6.71996e-16 -9.68627e-23 0)
(-2.51998e-15 -2.01598e-15 0)
(-5.03996e-16 -3.02398e-15 0)
(1.00799e-15 -1.34399e-15 0)
(-1.34399e-15 -2.28193e-21 0)
(1.67998e-16 -5.03996e-15 0)
(3.35997e-16 -4.70396e-15 0)
(2.18399e-15 -1.34399e-15 0)
(2.01598e-15 -1.67999e-15 0)
(2.35198e-15 3.35998e-16 0)
(3.75564e-21 3.35998e-16 0)
(-6.71994e-16 1.00799e-15 0)
(5.03995e-16 -3.35999e-16 0)
(-1.17599e-15 -1.00799e-15 0)
(1.00799e-15 -1.34399e-15 0)
(-2.01598e-15 -2.01598e-15 0)
(-2.68798e-15 -1.67998e-15 0)
(3.35996e-16 6.71995e-16 0)
(-6.71995e-16 6.71996e-16 0)
(2.35198e-15 3.35998e-15 0)
(2.40836e-22 2.35198e-15 0)
(-1.51199e-15 3.35994e-16 0)
(-4.53596e-15 -2.35198e-15 0)
(-8.39995e-16 -1.67999e-15 0)
(-3.35997e-16 -1.00799e-15 0)
(3.35997e-15 6.71992e-16 0)
(1.00799e-15 -3.35994e-16 0)
(-6.71995e-16 -2.01598e-15 0)
(-3.35997e-15 -1.34399e-15 0)
(-3.35998e-16 1.34399e-15 0)
(-8.39994e-16 2.35198e-15 0)
(-1.67999e-15 -6.71991e-16 0)
(3.35997e-16 5.37595e-15 0)
(1.17599e-15 2.68798e-15 0)
(-1.17599e-15 1.62564e-21 0)
(-6.71994e-16 5.71195e-15 0)
(5.03998e-16 4.70396e-15 0)
(4.70396e-15 1.00799e-15 0)
(3.35999e-16 1.34399e-15 0)
(-2.18398e-15 -1.00799e-15 0)
(3.52797e-15 -3.02398e-15 0)
(1.34399e-15 -1.34399e-15 0)
(-1.00799e-15 -1.00799e-15 0)
(-3.02398e-15 -2.01598e-15 0)
(-3.35998e-16 -6.71997e-16 0)
(-1.39104e-21 -3.35996e-16 0)
(-2.01598e-15 2.01598e-15 0)
(3.35997e-16 9.32691e-22 0)
(6.71996e-16 1.34399e-15 0)
(3.35997e-15 4.36797e-15 0)
(5.33223e-22 2.35198e-15 0)
(-3.52797e-15 -1.34399e-15 0)
(-3.86397e-15 -1.4557e-21 0)
(-3.35999e-16 -6.71994e-16 0)
(1.00799e-15 -4.93447e-22 0)
(1.008e-15 1.00799e-15 0)
(1.67999e-16 1.67999e-15 0)
(-5.03998e-16 -1.00799e-15 0)
(1.00799e-15 6.71994e-16 0)
(1.51199e-15 9.24892e-22 0)
(-1.17599e-15 2.35198e-15 0)
(-2.85598e-15 2.01599e-15 0)
(1.67998e-16 1.34399e-15 0)
(1.67999e-16 3.35999e-16 0)
(-1.17599e-15 1.30463e-21 0)
(-3.86094e-22 1.34399e-15 0)
(9.41349e-23 1.79862e-21 0)
(3.35997e-15 4.45484e-22 0)
(4.47668e-22 1.68382e-22 0)
(-1.00799e-15 -3.35998e-16 0)
(1.00799e-15 -1.34399e-15 0)
(-1.67997e-16 -1.34399e-15 0)
(-3.35998e-16 -2.01599e-15 0)
(-1.84799e-15 -2.01599e-15 0)
(1.34399e-15 -4.5266e-22 0)
(4.52736e-22 -6.71993e-16 0)
(-1.67999e-15 2.01599e-15 0)
(6.71994e-16 3.35998e-16 0)
(2.18398e-15 -8.4807e-22 0)
(1.84799e-15 2.01599e-15 0)
(-3.35996e-16 1.00799e-15 0)
(-8.39996e-16 -2.35198e-15 0)
(-3.52797e-15 1.34399e-15 0)
(-1.67999e-15 6.71993e-16 0)
(2.01598e-15 1.41662e-21 0)
(4.19997e-15 3.35995e-16 0)
(-6.71994e-16 1.67999e-15 0)
(-2.35198e-15 2.01598e-15 0)
(-1.51199e-15 2.68798e-15 0)
(1.34399e-15 -3.35996e-16 0)
(1.67999e-15 -1.34399e-15 0)
(-2.01598e-15 6.38395e-15 0)
(3.35997e-16 2.68798e-15 0)
(-6.71994e-16 1.34399e-15 0)
(-6.71995e-16 3.69597e-15 0)
(-1.10529e-21 2.68798e-15 0)
(-2.01598e-15 7.71018e-22 0)
(2.35198e-15 6.71995e-16 0)
(1.14233e-21 -1.00799e-15 0)
(1.00799e-15 1.34399e-15 0)
(-3.35997e-15 -2.2016e-21 0)
(-5.20665e-22 -6.38395e-15 0)
(6.71995e-16 -2.68798e-15 0)
(-6.71995e-16 -2.35198e-15 0)
(2.35198e-15 -6.71995e-16 0)
(6.71995e-16 -5.92729e-22 0)
(3.35995e-16 4.36797e-15 0)
(-2.35198e-15 8.30611e-23 0)
(1.34399e-15 -2.68798e-15 0)
(4.19997e-15 -1.34399e-15 0)
(3.35998e-16 -2.68798e-15 0)
(-3.19197e-15 -6.38395e-15 0)
(-6.71997e-16 -3.35996e-16 0)
(-1.17599e-15 1.67998e-15 0)
(-1.00799e-15 2.01598e-15 0)
(2.85598e-15 -2.68798e-15 0)
(1.68e-16 -6.71992e-16 0)
(-3.35997e-16 -3.35998e-16 0)
(-1.51199e-15 -6.71993e-16 0)
(5.03995e-16 -2.35198e-15 0)
(3.35999e-16 -2.35198e-15 0)
(1.00799e-15 2.68798e-15 0)
(-6.71997e-16 2.01599e-15 0)
(3.35996e-16 6.71995e-16 0)
(1.67998e-16 8.52985e-22 0)
(-1.34399e-15 2.68798e-15 0)
(-2.85598e-15 6.71997e-16 0)
(1.67997e-16 -3.46201e-22 0)
(1.00799e-15 -1.67999e-15 0)
(-5.03995e-16 -5.61377e-22 0)
(-2.85598e-15 1.00799e-15 0)
(1.51199e-15 2.01598e-15 0)
(6.04897e-22 1.00799e-15 0)
(3.35998e-16 1.67999e-15 0)
(3.02398e-15 6.71995e-16 0)
(5.03997e-16 5.10137e-22 0)
(-6.71994e-16 3.35997e-16 0)
(-3.02398e-15 -6.71994e-16 0)
(1.67999e-16 -3.35998e-16 0)
(1.51199e-15 -1.67999e-15 0)
(6.48104e-22 -6.71997e-16 0)
(1.34399e-15 -3.35997e-15 0)
(1.67999e-15 -1.34399e-15 0)
(-6.71994e-16 -2.01598e-15 0)
(-6.71996e-16 -1.00799e-15 0)
(1.00799e-15 -1.34399e-15 0)
(1.17599e-15 -2.01598e-15 0)
(-1.67999e-16 -6.71994e-16 0)
(-1.00799e-15 1.34399e-15 0)
(-3.35996e-16 6.7199e-16 0)
(1.84798e-15 -1.67999e-15 0)
(2.51998e-15 -6.71996e-16 0)
(-2.35198e-15 -1.67999e-15 0)
(-1.34399e-15 -1.67999e-15 0)
(3.35996e-16 -2.01598e-15 0)
(-1.67525e-22 -3.69597e-15 0)
(-2.2831e-21 2.68798e-15 0)
(-3.02397e-15 -6.71995e-16 0)
(1.34399e-15 -6.71996e-16 0)
(8.39995e-16 -6.71996e-16 0)
(-2.68798e-15 -1.34399e-15 0)
(1.17599e-15 1.00799e-15 0)
(3.35998e-16 2.35198e-15 0)
(3.35997e-16 4.03197e-15 0)
(1.67999e-15 6.71996e-16 0)
(9.37449e-22 -6.32193e-22 0)
(-2.0595e-21 -2.35198e-15 0)
(-3.35997e-15 2.01598e-15 0)
(7.01916e-22 4.36796e-15 0)
(4.36796e-15 9.16467e-22 0)
(1.18912e-21 -1.28404e-21 0)
(8.12351e-22 9.02341e-23 0)
(7.86147e-23 1.00799e-15 0)
(-1.20262e-21 -2.35198e-15 0)
(-5.03996e-16 -1.34399e-15 0)
(1.84799e-15 -3.69597e-15 0)
(2.85598e-15 6.71995e-16 0)
(2.01598e-15 1.34399e-15 0)
(-3.86397e-15 6.71996e-16 0)
(-2.01598e-15 -6.71993e-16 0)
(2.68798e-15 -1.61012e-21 0)
(2.18398e-15 -1.00799e-15 0)
(-2.18398e-15 -5.43596e-22 0)
(-1.00799e-15 9.31206e-23 0)
(-1.34399e-15 2.98314e-22 0)
(1.67998e-15 -1.00799e-15 0)
(-3.35995e-16 6.71991e-16 0)
(-2.01599e-15 -1.34399e-15 0)
(5.78457e-22 -1.84706e-21 0)
(1.67998e-15 -3.02398e-15 0)
(-1.00799e-15 -3.56098e-21 0)
(2.68798e-15 1.34399e-15 0)
(1.00799e-15 3.02398e-15 0)
(-1.34399e-15 2.68798e-15 0)
(3.35996e-16 1.34399e-15 0)
(1.23772e-22 -1.67204e-21 0)
(-1.00799e-15 -2.01598e-15 0)
(1.34398e-15 1.00799e-15 0)
(6.71993e-16 -1.67998e-15 0)
(-3.69597e-15 -2.6867e-21 0)
(-1.15902e-21 -2.68797e-15 0)
(1.00799e-15 2.35198e-15 0)
(-2.01598e-15 -3.35994e-16 0)
(-1.00799e-15 1.67998e-15 0)
(-5.03996e-16 2.50771e-21 0)
(2.68798e-15 3.35997e-15 0)
(3.35997e-15 3.02397e-15 0)
(-6.71993e-16 1.85041e-21 0)
(-1.51199e-15 -6.71994e-16 0)
(-1.0783e-21 1.67999e-15 0)
(3.35998e-16 6.71992e-16 0)
(8.39996e-16 -3.02397e-15 0)
(-1.84799e-15 -3.35999e-16 0)
(-3.35999e-16 1.34399e-15 0)
(-2.35198e-15 3.02398e-15 0)
(8.63044e-22 -6.71996e-16 0)
(3.02397e-15 -4.03196e-15 0)
(-3.86397e-15 -3.36002e-16 0)
(8.39993e-16 -3.35998e-15 0)
(1.59589e-21 -6.71994e-15 0)
(3.35997e-15 -2.01598e-15 0)
(3.54226e-21 -1.34399e-15 0)
(2.35198e-15 -3.35997e-15 0)
(-2.35198e-15 -4.70396e-15 0)
(-1.77452e-21 -1.67999e-15 0)
(6.71996e-16 -1.67998e-15 0)
(-1.56886e-21 3.35995e-16 0)
(-3.35997e-15 -2.01598e-15 0)
(-3.33878e-22 -1.34399e-15 0)
(-3.35999e-16 -1.67998e-15 0)
(6.77427e-22 2.68797e-15 0)
(1.02027e-21 1.34399e-15 0)
(3.35993e-16 -1.00799e-15 0)
(3.35997e-16 -1.34399e-15 0)
(3.35998e-16 3.02397e-15 0)
(2.35198e-15 1.67999e-15 0)
(1.17599e-15 2.78825e-21 0)
(-2.35198e-15 -3.35998e-16 0)
(-2.18399e-15 -1.67999e-15 0)
(-3.53728e-22 -1.00799e-15 0)
(8.36841e-22 -1.67999e-15 0)
(1.51199e-15 -1.00799e-15 0)
(5.03994e-16 -1.00799e-15 0)
(-3.35997e-16 8.86521e-22 0)
(-1.67999e-15 -3.35996e-16 0)
(-2.35198e-15 1.00799e-15 0)
(1.3003e-21 -2.26142e-21 0)
(-1.67999e-15 -1.34399e-15 0)
(-7.05232e-22 -3.35997e-15 0)
(-6.71993e-16 1.34398e-15 0)
(1.51199e-15 -1.67999e-15 0)
(3.19197e-15 -1.13344e-21 0)
(9.97151e-22 -6.71996e-16 0)
(-2.35198e-15 -1.67999e-15 0)
(1.00799e-15 -1.34399e-15 0)
(1.00799e-15 1.34399e-15 0)
(-6.71997e-16 -6.71994e-16 0)
(-1.5985e-21 -1.26899e-21 0)
(-2.1759e-23 -6.81329e-22 0)
(1.00799e-15 -1.02371e-21 0)
(1.00799e-15 1.34399e-15 0)
(-1.17407e-21 -3.35998e-16 0)
(-4.03196e-15 -1.67999e-15 0)
(-3.35998e-16 -1.67999e-15 0)
(2.0751e-21 -3.02397e-15 0)
(5.03996e-15 4.03197e-15 0)
(1.51199e-15 6.71995e-16 0)
(-1.51199e-15 1.00799e-15 0)
(-3.69597e-15 1.00799e-15 0)
(-1.92512e-21 3.35997e-16 0)
(-1.34378e-22 -3.00577e-22 0)
(3.36e-16 -1.008e-15 0)
(6.71995e-16 3.35995e-16 0)
(1.00799e-15 -1.41117e-21 0)
(-2.01598e-15 -1.67999e-15 0)
(-1.34399e-15 -1.00799e-15 0)
(1.67995e-16 1.05365e-22 0)
(-2.51998e-15 1.34399e-15 0)
(4.21813e-22 2.01598e-15 0)
(1.00799e-15 5.37596e-15 0)
(1.34399e-15 4.03197e-15 0)
(8.73653e-22 8.94242e-22 0)
(8.54077e-22 -2.35198e-15 0)
(3.35997e-15 -1.34398e-15 0)
(2.1495e-21 3.02398e-15 0)
(1.34399e-15 2.35198e-15 0)
(-3.35997e-15 1.34399e-15 0)
(-3.35998e-16 -3.35997e-16 0)
(1.486e-21 -5.63099e-23 0)
(5.54396e-15 -3.35998e-16 0)
(8.39995e-16 4.70396e-15 0)
(-3.46201e-22 -3.35997e-15 0)
(-6.71995e-16 -1.00799e-15 0)
(1.34399e-15 -1.00799e-15 0)
(2.35198e-15 2.01598e-15 0)
(3.35997e-15 7.55496e-22 0)
(1.68001e-16 -4.70396e-15 0)
(1.00799e-15 -3.35999e-16 0)
(-4.53597e-15 -2.01598e-15 0)
(-2.01598e-15 -1.34399e-15 0)
(6.39446e-22 1.00799e-15 0)
(3.02397e-15 -1.00799e-15 0)
(7.24456e-22 -1.00799e-15 0)
(-6.71993e-16 -3.35997e-15 0)
(-3.35997e-15 -2.68798e-15 0)
(-1.08992e-21 2.49256e-22 0)
(6.45372e-22 1.35471e-22 0)
(-6.71996e-16 1.008e-15 0)
(6.71995e-16 4.70396e-15 0)
(1.34399e-15 1.34399e-15 0)
(-1.34399e-15 6.71995e-15 0)
(-1.00799e-15 1.34399e-15 0)
(3.35998e-16 1.54968e-22 0)
(3.52797e-15 1.34399e-15 0)
(1.51199e-15 1.34399e-15 0)
(6.71994e-16 3.35999e-16 0)
(-4.03197e-15 9.03136e-23 0)
(-1.00799e-15 -3.35998e-16 0)
(1.41491e-21 -3.35998e-16 0)
(6.38395e-15 -4.03197e-15 0)
(1.51199e-15 -1.67998e-15 0)
(8.61408e-23 -2.35198e-15 0)
(1.67999e-16 5.26826e-22 0)
(1.84799e-15 2.35198e-15 0)
(4.03197e-15 -1.67999e-15 0)
(1.83224e-21 -4.36797e-15 0)
(1.00799e-15 -1.008e-15 0)
(-2.35198e-15 -3.35997e-15 0)
(-2.68798e-15 -2.35198e-15 0)
(3.35996e-16 -3.35998e-16 0)
(3.35997e-16 -6.71996e-16 0)
(-1.00799e-15 -2.68798e-15 0)
(-1.00799e-15 -2.68798e-15 0)
(-1.41506e-21 -4.36797e-15 0)
(1.00799e-15 -6.71994e-15 0)
(2.03205e-22 1.00799e-15 0)
(1.01238e-27 1.3848e-21 0)
(1.51988e-21 5.71196e-15 0)
(5.24332e-22 3.35998e-15 0)
(2.01598e-15 1.67999e-15 0)
(1.67999e-15 3.36002e-16 0)
(-1.67999e-15 2.01599e-15 0)
(-3.35997e-16 3.02398e-15 0)
(2.85598e-15 4.36797e-15 0)
(1.84799e-15 4.03197e-15 0)
(-6.71995e-16 6.71994e-16 0)
(-3.69597e-15 -1.34399e-15 0)
(-2.01599e-15 -3.35998e-16 0)
(2.55889e-22 3.35998e-16 0)
(3.69597e-15 -6.71998e-16 0)
(1.67999e-15 -4.03197e-15 0)
(5.03996e-16 1.00799e-15 0)
(1.34399e-15 1.00799e-15 0)
(3.35998e-16 1.6977e-21 0)
(9.55427e-22 -3.39268e-21 0)
(-1.00799e-15 -1.67999e-15 0)
(1.17599e-15 -3.69597e-15 0)
(1.51199e-15 -1.00799e-15 0)
(-2.01598e-15 -1.09499e-21 0)
(-2.89892e-22 -4.12571e-23 0)
(1.0875e-21 -3.35997e-16 0)
(-1.1488e-21 1.05935e-21 0)
(-1.34399e-15 -9.34484e-22 0)
(-1.34399e-15 1.34399e-15 0)
(2.68798e-15 6.71993e-16 0)
(1.32857e-21 -1.00799e-15 0)
(1.76064e-21 8.1424e-23 0)
(4.36797e-15 1.67999e-15 0)
(8.39995e-16 3.02398e-15 0)
(-1.34399e-15 1.67999e-15 0)
(-1.00799e-15 3.31281e-21 0)
(8.3999e-16 1.00799e-15 0)
(1.1972e-21 1.34399e-15 0)
(2.68798e-15 1.00799e-15 0)
(1.17599e-15 1.37997e-21 0)
(-4.03197e-15 -1.34399e-15 0)
(-3.19198e-15 -1.67999e-15 0)
(-1.23962e-21 1.45133e-21 0)
(2.40289e-22 6.71996e-16 0)
(1.00799e-15 2.236e-22 0)
(5.03997e-16 -1.34399e-15 0)
(7.86148e-23 1.34399e-15 0)
(-8.41516e-23 7.7944e-22 0)
(-6.71993e-16 -1.53532e-21 0)
(-3.35998e-16 -5.03995e-15 0)
(-5.03996e-16 -1.67999e-15 0)
(1.34399e-15 -2.01599e-15 0)
(1.68e-16 -2.01598e-15 0)
(-1.45106e-21 1.12517e-21 0)
(5.94562e-22 5.63094e-22 0)
(1.51199e-15 -1.00799e-15 0)
(-1.67996e-16 4.70396e-15 0)
(-1.34399e-15 1.34399e-15 0)
(-2.35002e-21 3.02398e-15 0)
(-1.34399e-15 6.04795e-15 0)
(1.34399e-15 -5.37595e-15 0)
(3.35998e-15 1.34399e-15 0)
(2.68798e-15 3.02397e-15 0)
(-3.75252e-22 -1.34399e-15 0)
(-1.51199e-15 3.35997e-16 0)
(1.67996e-16 1.00799e-15 0)
(-5.03994e-16 -3.6188e-22 0)
(-2.56471e-22 -3.35998e-16 0)
(1.17599e-15 -2.68798e-15 0)
(-1.34399e-15 -6.71994e-16 0)
(-2.51998e-15 -1.00799e-15 0)
(-1.17599e-15 1.67999e-15 0)
(6.71994e-16 4.03197e-15 0)
(3.35997e-16 2.01599e-15 0)
(3.45383e-22 2.01599e-15 0)
(5.03996e-16 1.00799e-15 0)
(-1.88026e-28 2.35198e-15 0)
(-7.33738e-22 1.86273e-21 0)
(-6.02713e-22 2.14919e-21 0)
(-3.7358e-23 4.70396e-15 0)
(3.35998e-16 2.01599e-15 0)
(2.00709e-21 3.69597e-15 0)
(3.02397e-15 4.03197e-15 0)
(-2.01598e-15 3.35997e-15 0)
(-1.95679e-22 1.34399e-15 0)
(1.00799e-15 1.008e-15 0)
(3.35999e-16 2.68798e-15 0)
(-2.33551e-21 1.34399e-15 0)
(-2.68798e-15 1.40274e-21 0)
(-1.67999e-15 2.0641e-21 0)
(1.17599e-15 -2.35198e-15 0)
(5.54396e-15 1.67999e-15 0)
(1.00799e-15 -1.51708e-21 0)
(-1.00799e-15 1.07002e-22 0)
(-6.71996e-16 -2.01599e-15 0)
(6.71994e-16 -6.71995e-15 0)
(-1.34399e-15 -2.01599e-15 0)
(-3.35997e-16 -2.01599e-15 0)
(2.01599e-15 -3.02397e-15 0)
(6.71995e-16 3.35997e-16 0)
(3.35995e-16 2.35198e-15 0)
(5.00426e-22 4.70396e-15 0)
(-1.67999e-15 3.35997e-15 0)
(-1.34399e-15 3.35999e-16 0)
(-3.35997e-16 4.70396e-15 0)
(1.67999e-16 6.71994e-16 0)
(-4.21462e-22 5.37596e-15 0)
(-2.35198e-15 3.35997e-15 0)
(-1.86273e-21 1.00799e-15 0)
(-2.07455e-22 3.83582e-21 0)
(2.35198e-15 3.35997e-15 0)
(1.00799e-15 2.01599e-15 0)
(1.34399e-15 6.71995e-16 0)
(-2.35198e-15 1.00799e-15 0)
(-2.15535e-21 1.00799e-15 0)
(-2.01598e-15 -6.71995e-16 0)
(3.02397e-15 -2.35198e-15 0)
(-3.35997e-15 6.71994e-16 0)
(-3.81351e-21 -1.50528e-23 0)
(-1.34399e-15 -2.01599e-15 0)
(2.01598e-15 2.35198e-15 0)
(2.68798e-15 3.35997e-16 0)
(1.00799e-15 -3.02397e-15 0)
(-2.01598e-15 -1.67999e-15 0)
(-2.35198e-15 -3.02398e-15 0)
(3.35998e-16 -1.34399e-15 0)
(6.71994e-16 -2.01599e-15 0)
(1.68001e-16 -1.00799e-15 0)
(3.86397e-15 4.70396e-15 0)
(2.18398e-15 -4.3051e-23 0)
(-1.00799e-15 6.71997e-16 0)
(8.3999e-16 -1.00799e-15 0)
(-2.35198e-15 -2.01598e-15 0)
(-1.34399e-15 -2.51325e-21 0)
(1.00799e-15 -2.68797e-15 0)
(3.74355e-22 -6.71996e-16 0)
(-3.16097e-22 3.35997e-16 0)
(-2.01599e-15 6.23849e-22 0)
(-3.35997e-15 2.01599e-15 0)
(-1.00799e-15 3.16099e-22 0)
(3.35997e-15 1.32358e-21 0)
(1.34051e-21 1.00799e-15 0)
(2.01598e-15 -1.00799e-15 0)
(-2.01598e-15 -6.71994e-16 0)
(-1.34399e-15 1.00799e-15 0)
(-8.39992e-16 -3.35994e-16 0)
(1.17599e-15 1.34399e-15 0)
(1.00799e-15 -2.9886e-22 0)
(-3.35997e-15 -4.67631e-22 0)
(-8.39995e-16 -3.35997e-15 0)
(8.39995e-16 2.01598e-15 0)
(2.35198e-15 1.50803e-21 0)
(-3.35997e-16 1.34399e-15 0)
(-3.35999e-16 -1.67998e-15 0)
(-1.67999e-15 3.35997e-15 0)
(6.71993e-16 1.34399e-15 0)
(2.78014e-21 2.24956e-21 0)
(2.68798e-15 3.02397e-15 0)
(4.36797e-15 3.69597e-15 0)
(3.36001e-16 -1.34399e-15 0)
(-6.71995e-16 1.34399e-15 0)
(-3.02398e-15 -1.00799e-15 0)
(-2.01599e-15 -5.37596e-15 0)
(-3.35998e-16 -2.35198e-15 0)
(-2.01598e-15 -1.34399e-15 0)
(-3.16096e-22 -3.35997e-15 0)
(-1.731e-22 -4.36796e-15 0)
(-1.67998e-16 -2.35198e-15 0)
(-1.51199e-15 3.35997e-15 0)
(-1.67999e-15 1.51653e-21 0)
(2.35198e-15 1.84596e-21 0)
(1.68002e-16 6.71994e-16 0)
(3.35998e-16 -3.35995e-16 0)
(8.39989e-16 2.35198e-15 0)
(-1.34399e-15 1.00799e-15 0)
(-3.35996e-16 2.35198e-15 0)
(1.00799e-15 6.71994e-16 0)
(-6.71994e-16 -1.00799e-15 0)
(-1.34399e-15 1.67999e-15 0)
(-1.00799e-15 5.37595e-15 0)
(1.22344e-21 3.35998e-15 0)
(4.70396e-15 -1.59569e-21 0)
(9.58896e-22 -2.68798e-15 0)
(-1.34399e-15 1.67998e-15 0)
(-1.41662e-21 -3.35992e-16 0)
(-3.02397e-15 -6.71993e-16 0)
(2.68797e-15 3.02397e-15 0)
(2.01598e-15 3.35998e-16 0)
(8.39998e-16 -3.35997e-15 0)
(-3.35997e-16 -3.35997e-15 0)
(-6.71996e-16 -3.35998e-15 0)
(-4.53597e-15 -3.69597e-15 0)
(6.71994e-16 -2.83005e-21 0)
(-2.24692e-22 -6.71995e-16 0)
(-1.00799e-15 6.71988e-16 0)
(-6.0209e-23 -5.38138e-22 0)
(2.85992e-22 1.67999e-15 0)
(1.67999e-15 2.35198e-15 0)
(-5.42739e-22 -1.67998e-15 0)
(2.22975e-22 3.35997e-15 0)
(3.35998e-16 -6.66353e-22 0)
(2.68798e-15 3.35999e-16 0)
(-6.71993e-16 4.70396e-15 0)
(-3.35999e-16 6.71995e-16 0)
(-1.67999e-15 -3.69597e-15 0)
(-6.71995e-16 -1.00799e-15 0)
(1.67999e-15 1.34399e-15 0)
(-1.67999e-15 2.68798e-15 0)
(-1.34399e-15 -1.67998e-15 0)
(-1.67998e-15 3.73006e-21 0)
(6.71994e-16 1.00799e-15 0)
(5.03998e-16 -3.02397e-15 0)
(1.34399e-15 -5.03996e-15 0)
(-1.67998e-16 -3.69597e-15 0)
(-3.35995e-16 3.35995e-16 0)
(1.34398e-15 4.03197e-15 0)
(2.95187e-21 -1.34399e-15 0)
(1.34399e-15 -6.71992e-16 0)
(-1.84798e-15 -6.71998e-16 0)
(8.39992e-16 -2.03501e-21 0)
(-3.35998e-16 -2.01598e-15 0)
(-3.02398e-15 -1.00799e-15 0)
(-4.33161e-22 -3.35998e-16 0)
(-3.35998e-16 -3.35998e-16 0)
(-1.19872e-22 5.4209e-21 0)
(2.15726e-28 6.8866e-22 0)
(-4.96723e-22 1.67999e-15 0)
(-2.01598e-15 1.14849e-21 0)
(1.67999e-15 3.35998e-16 0)
(-9.41739e-22 1.67999e-15 0)
(3.35998e-16 -2.68798e-15 0)
(2.01598e-15 -1.67999e-15 0)
(6.71993e-16 -1.34399e-15 0)
(-4.70396e-15 -1.67999e-15 0)
(-2.01599e-15 3.35995e-16 0)
(6.71995e-16 -3.35992e-16 0)
(3.02398e-15 5.57558e-22 0)
(-3.02398e-15 2.01598e-15 0)
(-1.67999e-15 2.01598e-15 0)
(1.67998e-15 3.35997e-15 0)
(-1.00799e-15 6.71997e-16 0)
(6.71995e-16 1.67999e-15 0)
(-1.34399e-15 5.37596e-15 0)
(1.17599e-15 3.35999e-16 0)
(2.85598e-15 3.02398e-15 0)
(-1.34399e-15 4.36796e-15 0)
(1.34399e-15 1.67999e-15 0)
(-5.91834e-22 -2.68798e-15 0)
(-8.39993e-16 -3.3235e-21 0)
(6.71995e-16 -6.71995e-16 0)
(-1.51199e-15 -1.34399e-15 0)
(-1.67999e-15 -8.05644e-22 0)
(-2.25784e-22 2.35844e-22 0)
(-2.62044e-23 -1.76728e-22 0)
(1.44127e-21 -6.71995e-16 0)
(6.28918e-22 3.35997e-15 0)
(-5.41879e-22 6.71994e-16 0)
(-1.34399e-15 -1.00799e-15 0)
(-1.68195e-21 -1.67999e-15 0)
(-2.01598e-15 -2.68798e-15 0)
(-1.00799e-15 -3.36001e-16 0)
(1.67999e-15 -6.04795e-15 0)
(1.51199e-15 -5.03996e-15 0)
(-3.02398e-15 -2.01598e-15 0)
(3.35997e-16 1.34399e-15 0)
(1.34399e-15 5.03996e-15 0)
(3.86397e-15 6.71997e-16 0)
(-8.39993e-16 1.00799e-15 0)
(-3.19197e-15 3.93339e-21 0)
(8.80478e-22 1.008e-15 0)
(1.6506e-21 3.35997e-15 0)
(1.34399e-15 6.38395e-15 0)
(-1.67999e-15 4.70396e-15 0)
(6.71994e-16 2.68798e-15 0)
(2.68798e-15 -6.71993e-16 0)
(-1.17599e-15 -3.35995e-16 0)
(-2.18398e-15 3.35998e-16 0)
(-3.35997e-15 -3.36e-16 0)
(1.67999e-15 -5.03996e-15 0)
(5.66448e-22 -6.71997e-16 0)
(-7.99484e-22 1.34399e-15 0)
(-1.67999e-15 3.36e-16 0)
(-4.87833e-22 1.34399e-15 0)
(8.27872e-22 4.23178e-22 0)
(3.35997e-15 -6.71995e-16 0)
(1.00799e-15 1.67999e-15 0)
(1.95677e-22 -6.71996e-16 0)
(-1.68002e-16 -3.40094e-21 0)
(-3.35997e-16 -3.02398e-15 0)
(-3.36e-16 -3.02398e-15 0)
(-6.04795e-15 -3.35998e-16 0)
(3.35996e-16 -3.35998e-15 0)
(2.51998e-15 -6.38395e-15 0)
(3.02398e-15 -1.00799e-15 0)
(1.17599e-15 2.68798e-15 0)
(1.00799e-15 3.05755e-21 0)
(1.34399e-15 -6.07523e-23 0)
(-8.39994e-16 -3.02398e-15 0)
(-2.01598e-15 -1.00799e-15 0)
(1.67999e-15 6.71993e-16 0)
(2.68798e-15 6.71996e-16 0)
(5.03995e-16 2.01598e-15 0)
(-4.03197e-15 1.00799e-15 0)
(-5.03997e-16 9.50628e-22 0)
(6.71995e-16 -1.67999e-15 0)
(-1.51198e-15 6.71993e-16 0)
(-1.84799e-15 3.35997e-16 0)
(-1.9029e-21 3.35998e-16 0)
(8.39994e-16 -2.88254e-21 0)
(3.35998e-16 -3.35998e-16 0)
(3.35998e-16 -3.35998e-16 0)
(-1.00799e-15 1.34399e-15 0)
(-1.34399e-15 2.41467e-21 0)
(-7.69772e-23 1.00799e-15 0)
(2.85598e-15 -4.05318e-22 0)
(5.03997e-16 -1.34399e-15 0)
(-1.05061e-21 -7.05595e-15 0)
(-3.86397e-15 -3.69597e-15 0)
(-6.71994e-16 -3.69597e-15 0)
(6.71994e-16 -4.70396e-15 0)
(-1.68002e-16 1.00799e-15 0)
(-1.00799e-15 1.67999e-15 0)
(1.34399e-15 2.01598e-15 0)
(5.37596e-15 -6.71995e-16 0)
(2.68798e-15 6.71993e-16 0)
(-1.51199e-15 -6.71995e-16 0)
(-1.67999e-15 -1.67999e-15 0)
(-5.03997e-16 -1.00799e-15 0)
(-1.17599e-15 6.7199e-16 0)
(4.53596e-15 -2.68798e-15 0)
(5.03999e-16 -6.71997e-16 0)
(1.34399e-15 -4.03197e-15 0)
(-4.87196e-15 -7.72794e-15 0)
(-2.68798e-15 -2.01599e-15 0)
(1.34399e-15 -3.69597e-15 0)
(5.20796e-15 -1.67999e-15 0)
(-3.86397e-15 6.71993e-16 0)
(-1.34399e-15 -6.71995e-16 0)
(-1.00799e-15 -1.67999e-15 0)
(6.71993e-16 -1.67999e-15 0)
(1.00799e-15 -1.67999e-15 0)
(6.71997e-16 1.67999e-15 0)
(-6.71994e-16 3.69597e-15 0)
(-1.00799e-15 3.35997e-15 0)
(6.71995e-16 -3.08376e-22 0)
(1.26579e-22 -1.67999e-15 0)
(-3.35998e-16 -2.20121e-21 0)
(-1.34399e-15 -1.28404e-21 0)
(6.71994e-16 1.02745e-21 0)
(6.71995e-16 3.35997e-15 0)
(-5.03995e-16 -3.35995e-16 0)
(-1.67999e-16 3.35998e-16 0)
(1.00799e-15 -1.80081e-21 0)
(4.03197e-15 -1.34399e-15 0)
(1.00799e-15 -1.34399e-15 0)
(-5.03994e-16 -3.39026e-22 0)
(-3.35999e-16 2.35198e-15 0)
(-1.68e-16 9.73402e-22 0)
(-1.67999e-15 -6.71994e-16 0)
(3.35999e-16 -2.68798e-15 0)
(6.71992e-16 -2.68798e-15 0)
(-1.67998e-15 -3.02398e-15 0)
(-1.51199e-15 -5.37596e-15 0)
(1.67996e-16 -2.32818e-21 0)
(1.82085e-21 -2.6226e-21 0)
(3.69597e-15 -3.02397e-15 0)
(-2.35198e-15 -1.00799e-15 0)
(-1.34399e-15 -1.18155e-22 0)
(-3.35997e-16 -1.83434e-22 0)
(2.10732e-22 1.30471e-21 0)
(1.67999e-15 -6.71993e-16 0)
(3.02398e-15 2.50351e-22 0)
(-1.89674e-21 6.71996e-16 0)
(-1.34399e-15 6.71995e-16 0)
(-2.01598e-15 -2.68798e-15 0)
(5.03996e-16 3.35997e-16 0)
(-1.00799e-15 -4.3324e-22 0)
(-2.18398e-15 -6.71996e-16 0)
(1.00799e-15 3.35997e-15 0)
(3.35999e-16 2.01599e-15 0)
(-6.71996e-16 1.67999e-15 0)
(-6.71995e-16 -4.04437e-21 0)
(2.18398e-15 -1.67999e-15 0)
(1.176e-15 -2.25237e-21 0)
(8.10366e-22 -3.35997e-15 0)
(2.68798e-15 -2.35198e-15 0)
(1.00799e-15 3.35996e-16 0)
(-2.01599e-15 -6.71995e-16 0)
(-2.35198e-15 1.00799e-15 0)
(-3.35999e-16 1.00799e-15 0)
(-3.35996e-16 -2.01599e-15 0)
(-3.35999e-16 -3.35997e-15 0)
(-7.07534e-22 1.34398e-15 0)
(3.35998e-16 -6.71994e-16 0)
(3.35998e-16 -5.22929e-22 0)
(3.69597e-15 -1.00799e-15 0)
(-1.67998e-15 1.12229e-21 0)
(-1.00799e-15 1.34399e-15 0)
(1.67998e-15 1.60895e-21 0)
(-1.34399e-15 4.03196e-15 0)
(2.27423e-22 1.67999e-15 0)
(4.03197e-15 -1.00799e-15 0)
(3.35997e-16 2.01598e-15 0)
(-3.02397e-15 2.06785e-21 0)
(-1.34399e-15 2.55888e-22 0)
(1.00799e-15 1.00799e-15 0)
(-4.71688e-22 -1.00799e-15 0)
(-4.60143e-23 -3.35995e-16 0)
(1.34399e-15 1.17033e-21 0)
(1.34399e-15 1.34399e-15 0)
(-2.01599e-15 -1.00799e-15 0)
(-2.85598e-15 -2.68798e-15 0)
(5.03999e-16 -2.35198e-15 0)
(2.68798e-15 -3.35997e-15 0)
(2.11211e-21 -3.35999e-16 0)
(4.03197e-15 1.00799e-15 0)
(2.45828e-22 -6.71995e-16 0)
(-2.68798e-15 -6.71994e-16 0)
(-2.49602e-21 6.71995e-16 0)
(-2.35198e-15 -6.71993e-16 0)
(1.67999e-15 -3.35998e-16 0)
(-1.00799e-15 1.67999e-15 0)
(-6.71997e-16 2.01599e-15 0)
(-1.80627e-22 1.62221e-22 0)
(3.35999e-16 -3.35998e-16 0)
(2.18399e-15 -2.35198e-15 0)
(8.39991e-16 -1.00799e-15 0)
(-1.00799e-15 6.71994e-16 0)
(1.00799e-15 2.01598e-15 0)
(3.35997e-16 -1.00799e-15 0)
(-1.00799e-15 3.35997e-15 0)
(2.18398e-15 -1.34399e-15 0)
(-3.35997e-16 -1.34399e-15 0)
(-2.18398e-15 -1.00799e-15 0)
(1.00799e-15 2.68798e-15 0)
(1.34399e-15 3.02397e-15 0)
(6.62297e-22 -1.67999e-15 0)
(1.84798e-15 2.49259e-22 0)
(9.24347e-22 -1.50522e-22 0)
(3.32904e-22 -1.34399e-15 0)
(-1.67999e-15 -2.35198e-15 0)
(-1.67999e-15 2.01598e-15 0)
(1.34399e-15 -3.35999e-16 0)
(2.01599e-15 6.71994e-16 0)
(1.34399e-15 6.71996e-16 0)
(2.68798e-15 -1.00799e-15 0)
(-6.71992e-16 -3.69597e-15 0)
(-1.51481e-21 3.35996e-16 0)
(-6.71995e-16 -1.00799e-15 0)
(-2.35198e-15 -3.34501e-22 0)
(6.79065e-22 3.35998e-16 0)
(3.02397e-15 1.67999e-15 0)
(-3.02397e-15 1.34399e-15 0)
(-3.35998e-16 3.94167e-22 0)
(3.35997e-16 4.73873e-22 0)
(2.35198e-15 1.00799e-15 0)
(-3.35997e-16 -1.67821e-21 0)
(-1.36511e-21 1.25407e-22 0)
(-5.03993e-16 -2.0974e-21 0)
(2.51998e-15 -2.35198e-15 0)
(-3.35997e-16 6.71996e-16 0)
(-5.03994e-16 2.35198e-15 0)
(3.35996e-16 -1.68218e-21 0)
(-8.39993e-16 -3.35997e-16 0)
(1.34399e-15 6.71998e-16 0)
(2.01598e-15 -1.34399e-15 0)
(2.03205e-22 1.34399e-15 0)
(1.00799e-15 2.35198e-15 0)
(1.80627e-22 7.37558e-22 0)
(-3.35998e-16 -2.16892e-22 0)
(-1.00799e-15 3.35997e-16 0)
(-3.35998e-16 2.35198e-15 0)
(3.35999e-16 3.35999e-16 0)
(1.34399e-15 2.68798e-15 0)
(1.34399e-15 2.01598e-15 0)
(6.71994e-16 -1.67999e-15 0)
(-3.35998e-16 -3.69597e-15 0)
(4.21461e-22 -5.71196e-15 0)
(6.71992e-16 6.71991e-16 0)
(-1.67998e-15 2.85991e-22 0)
(1.50538e-21 2.62057e-23 0)
(2.68798e-15 2.38784e-21 0)
(-3.02398e-15 3.69597e-15 0)
(-1.2934e-21 1.34399e-15 0)
(-1.00799e-15 6.71997e-16 0)
(3.69597e-15 1.00799e-15 0)
(-6.71993e-16 -1.34399e-15 0)
(-1.00799e-15 -2.35198e-15 0)
(8.77788e-22 -4.03197e-15 0)
(3.35997e-15 -3.36003e-16 0)
(1.34399e-15 -6.71994e-16 0)
(-1.34399e-15 -1.34399e-15 0)
(3.47682e-22 -2.01598e-15 0)
(-3.35998e-16 -3.35998e-16 0)
(-1.34399e-15 4.36796e-15 0)
(4.80112e-22 -1.67999e-15 0)
(7.52612e-23 1.15302e-21 0)
(6.71995e-16 2.56808e-21 0)
(4.68335e-22 2.31634e-27 0)
(-2.95195e-22 1.22438e-21 0)
(-6.71995e-16 6.71995e-16 0)
(-6.71994e-16 3.36003e-16 0)
(-3.35997e-16 1.63757e-21 0)
(5.03996e-15 1.30019e-21 0)
(6.91038e-22 6.71996e-16 0)
(-3.02398e-15 -1.5287e-21 0)
(-2.68798e-15 -3.35997e-15 0)
(6.35626e-23 -4.36797e-15 0)
(2.35198e-15 -2.35198e-15 0)
(3.35997e-16 -1.26166e-21 0)
(3.02397e-15 -2.62055e-23 0)
(1.58844e-21 -2.46482e-21 0)
(-1.00799e-15 -2.68797e-15 0)
(-6.71994e-16 1.34399e-15 0)
(-1.34399e-15 2.35198e-15 0)
(-3.35997e-16 -1.00799e-15 0)
(-6.71994e-16 -1.67999e-15 0)
(-6.13865e-22 -1.34399e-15 0)
(1.00799e-15 -1.08828e-21 0)
(2.35198e-15 8.53607e-22 0)
(1.17599e-15 -1.28404e-21 0)
(-6.71996e-16 3.35997e-16 0)
(5.03994e-16 -1.00799e-15 0)
(-3.35995e-16 -3.75215e-22 0)
(1.34399e-15 -1.00799e-15 0)
(4.51566e-22 -3.29846e-21 0)
(3.28827e-28 1.34399e-15 0)
(1.30019e-21 2.35198e-15 0)
(1.67999e-15 4.74293e-21 0)
(-5.50303e-22 3.02398e-15 0)
(-1.67999e-15 1.34399e-15 0)
(-1.00105e-21 2.68798e-15 0)
(-3.35996e-16 3.35997e-15 0)
(3.02398e-15 2.68798e-15 0)
(8.53883e-22 1.34399e-15 0)
(-2.68798e-15 -3.35993e-16 0)
(-1.51199e-15 3.35997e-15 0)
(-3.35998e-16 -1.00799e-15 0)
(1.51199e-15 -1.34399e-15 0)
(3.35998e-16 -2.68798e-15 0)
(1.51626e-21 -3.35997e-16 0)
(5.41881e-22 -3.35997e-15 0)
(3.69597e-15 -3.35997e-15 0)
(1.67999e-15 1.00799e-15 0)
(-2.01598e-15 2.35198e-15 0)
(-3.35997e-15 -2.35198e-15 0)
(-1.27336e-21 -1.4741e-21 0)
(4.44513e-24 1.34399e-15 0)
(1.00799e-15 6.71992e-16 0)
(2.35198e-15 6.71995e-16 0)
(1.95562e-21 -2.35198e-15 0)
(-2.35198e-15 1.00799e-15 0)
(-6.55124e-23 -1.34399e-15 0)
(2.35198e-15 -1.00799e-15 0)
(-3.35997e-15 -6.04795e-15 0)
(-8.27871e-22 -6.04795e-15 0)
(5.4188e-22 -5.40461e-23 0)
(2.68798e-15 4.92847e-21 0)
(2.01598e-15 8.73593e-15 0)
(-1.00799e-15 3.35997e-15 0)
(-2.35198e-15 2.68798e-15 0)
(-1.34399e-15 9.3901e-22 0)
(3.35998e-16 -3.35997e-15 0)
(4.03197e-15 -1.67999e-15 0)
(1.34399e-15 1.00799e-15 0)
(-2.35198e-15 6.38395e-15 0)
(-4.36797e-15 3.35998e-15 0)
(6.71993e-16 6.04795e-15 0)
(3.35998e-16 1.34399e-15 0)
(1.57506e-21 2.68798e-15 0)
(6.71994e-16 2.68798e-15 0)
(4.36515e-22 2.35198e-15 0)
(2.01599e-15 4.03197e-15 0)
(1.67999e-15 2.01598e-15 0)
(-1.67999e-15 -1.00799e-15 0)
(-2.68798e-15 2.68798e-15 0)
(-1.66534e-21 -6.02091e-23 0)
(-6.71995e-16 -1.67998e-15 0)
(5.03998e-16 -2.68798e-15 0)
(1.17599e-15 -1.00799e-15 0)
(3.02397e-15 -3.02398e-15 0)
(-6.71995e-16 -1.00799e-15 0)
(-1.00799e-15 -2.01598e-15 0)
(1.1722e-22 -6.71998e-16 0)
(-3.52797e-15 -2.73982e-21 0)
(-8.12821e-22 -3.36e-16 0)
(1.07791e-21 -5.37819e-28 0)
(4.53596e-15 -1.6754e-21 0)
(3.36e-16 -1.00799e-15 0)
(-3.35998e-16 -6.71994e-16 0)
(-2.51998e-15 3.35997e-16 0)
(-4.36797e-15 -3.61252e-22 0)
(-3.35996e-16 -1.34399e-15 0)
(5.87996e-15 3.35995e-16 0)
(1.84799e-15 -1.467e-22 0)
(-1.61991e-21 6.71997e-16 0)
(-4.03197e-15 2.01599e-15 0)
(-2.01598e-15 6.71997e-16 0)
(1.00799e-15 5.9546e-22 0)
(2.68798e-15 5.24098e-22 0)
(-3.35995e-16 2.62055e-23 0)
(1.30408e-21 1.44127e-21 0)
(2.18398e-15 7.49337e-22 0)
(-5.03996e-16 3.35998e-16 0)
(-5.03997e-16 3.35997e-16 0)
(-3.52797e-15 1.23608e-21 0)
(-1.67999e-15 -2.86735e-28 0)
(-1.34399e-15 -1.72055e-21 0)
(1.67998e-15 -1.00799e-15 0)
(1.34399e-15 -5.93744e-22 0)
(1.60489e-21 -2.17267e-21 0)
(1.33754e-22 -3.02397e-15 0)
(1.67998e-15 -2.05552e-21 0)
(-8.1282e-22 -1.34399e-15 0)
(-4.70396e-15 -5.11775e-22 0)
(-1.33965e-21 1.36265e-21 0)
(3.35998e-16 -4.21462e-22 0)
(3.69597e-15 -2.35198e-15 0)
(2.01598e-15 -6.71994e-15 0)
(-5.05108e-22 -2.01598e-15 0)
(-4.36797e-15 -1.67999e-15 0)
(-8.39995e-16 1.30954e-21 0)
(1.17599e-15 6.04795e-15 0)
(6.04795e-15 1.03189e-21 0)
(3.46864e-21 -1.67999e-15 0)
(-2.39666e-22 -6.71995e-16 0)
(-2.35198e-15 2.01598e-15 0)
(-2.35198e-15 1.00799e-15 0)
(1.67998e-15 1.67999e-15 0)
(-1.67998e-15 -1.32803e-21 0)
(8.12353e-22 -2.35198e-15 0)
(1.67999e-15 1.00799e-15 0)
(1.67999e-15 -1.00799e-15 0)
(8.12352e-22 -3.35997e-16 0)
(-1.67999e-15 3.36e-16 0)
(-3.35997e-15 1.34399e-15 0)
(-2.84924e-21 -4.51559e-23 0)
(-1.34399e-15 -6.71993e-16 0)
(-1.67997e-16 1.34399e-15 0)
(1.51199e-15 1.50526e-23 0)
(-3.35997e-16 -8.73029e-22 0)
(-3.01038e-23 -3.35997e-15 0)
(1.34399e-15 -7.37559e-22 0)
(1.50516e-23 1.00799e-15 0)
(-1.84799e-15 9.33237e-22 0)
(-8.27885e-23 2.68798e-15 0)
(9.20456e-24 -2.28064e-29 0)
(1.008e-15 1.05373e-21 0)
(8.39993e-16 1.34399e-15 0)
(3.35998e-16 -1.34399e-15 0)
(-1.84799e-15 6.71996e-16 0)
(-3.35998e-16 1.85657e-21 0)
(1.34924e-21 2.01599e-15 0)
(2.01599e-15 -1.34399e-15 0)
(2.68798e-15 -1.67999e-15 0)
(1.17599e-15 -1.34399e-15 0)
(-2.35198e-15 -2.35198e-15 0)
(-1.34399e-15 3.35998e-16 0)
(-2.18398e-15 -3.91357e-22 0)
(-2.42902e-22 -3.35997e-15 0)
(3.35997e-15 -1.78802e-21 0)
(6.71998e-16 7.52689e-22 0)
(3.35998e-16 6.71997e-16 0)
(1.67999e-15 -6.71995e-16 0)
(-1.34399e-15 2.35198e-15 0)
(-4.70397e-15 2.01598e-15 0)
(-1.17599e-15 8.31147e-22 0)
(-6.89399e-22 2.35198e-15 0)
(6.71995e-16 2.01598e-15 0)
(5.03995e-16 1.95304e-21 0)
(-5.03996e-16 1.76727e-22 0)
(1.50522e-22 6.71993e-16 0)
(1.84799e-15 -6.28451e-22 0)
(1.27944e-22 1.67998e-15 0)
(-1.51199e-15 5.98735e-22 0)
(-1.58049e-22 3.35999e-16 0)
(1.59725e-21 -3.77553e-22 0)
(4.70396e-15 3.35997e-15 0)
(-5.03993e-16 5.37596e-15 0)
(3.35997e-16 4.03197e-15 0)
(-1.17599e-15 4.03197e-15 0)
(-6.71995e-16 3.02398e-15 0)
(6.71993e-16 3.35997e-15 0)
(-1.84798e-15 3.35997e-15 0)
(4.19903e-22 -6.71995e-16 0)
(1.67998e-16 -3.35997e-15 0)
(-4.70597e-22 -1.67999e-15 0)
(-3.35999e-16 1.34399e-15 0)
(-1.34399e-15 -1.67999e-15 0)
(-1.87879e-22 3.35997e-15 0)
(3.36e-16 -9.63496e-22 0)
(3.69597e-15 1.62564e-21 0)
(6.71997e-16 4.03196e-15 0)
(1.34399e-15 3.36e-16 0)
(3.35995e-16 -1.34399e-15 0)
(-5.37596e-15 -4.03197e-15 0)
(-1.00799e-15 -1.00799e-15 0)
(7.81077e-22 2.74036e-21 0)
(3.35997e-15 1.67999e-15 0)
(-3.35997e-15 3.35997e-15 0)
(-1.03751e-21 3.35999e-16 0)
(6.59794e-23 1.00799e-15 0)
(3.02398e-15 -3.35997e-15 0)
(1.28404e-21 -6.71996e-16 0)
(-3.02398e-15 -6.71996e-16 0)
(-8.1282e-22 -1.89516e-23 0)
(8.39995e-16 -1.67998e-15 0)
(5.37596e-15 1.00799e-15 0)
(1.00799e-15 1.34399e-15 0)
(1.67998e-16 3.35998e-16 0)
(-5.03998e-16 -1.34399e-15 0)
(-1.00799e-15 1.34399e-15 0)
(-6.71996e-16 -1.34399e-15 0)
(-3.02397e-15 -1.67998e-15 0)
(-6.08171e-22 -1.38262e-21 0)
(1.09554e-21 -1.97474e-22 0)
(1.34399e-15 1.67998e-15 0)
(-3.02397e-15 3.35995e-16 0)
(-1.30151e-21 -1.69786e-21 0)
(1.00799e-15 1.67998e-15 0)
(1.00799e-15 -1.34398e-15 0)
(2.35198e-15 -8.42922e-22 0)
(1.00799e-15 6.71996e-16 0)
(-1.00799e-15 -1.00799e-15 0)
(-1.67999e-15 -1.34399e-15 0)
(-4.03197e-15 -2.01598e-15 0)
(8.39992e-16 1.15356e-21 0)
(5.03997e-16 3.35997e-15 0)
(2.01497e-21 5.37596e-15 0)
(-2.21236e-21 3.30447e-21 0)
(3.35996e-16 1.34399e-15 0)
(-2.01598e-15 2.01598e-15 0)
(1.67999e-15 -2.68798e-15 0)
(2.35198e-15 -2.35198e-15 0)
(-2.35198e-15 -6.71994e-16 0)
(-4.231e-22 -3.46201e-22 0)
(3.02398e-15 1.67998e-15 0)
(3.35998e-15 2.01598e-15 0)
(-2.01598e-15 -1.34399e-15 0)
(-1.34399e-15 -4.03197e-15 0)
(-1.00799e-15 -2.68798e-15 0)
(-1.67999e-15 -4.36796e-15 0)
(-8.39992e-16 -3.35997e-15 0)
(2.18398e-15 -2.04336e-21 0)
(6.71995e-16 6.71995e-16 0)
(6.71994e-16 6.71994e-16 0)
(-6.71995e-16 -1.67999e-15 0)
(-2.35198e-15 -3.69597e-15 0)
(-8.39993e-16 -6.04795e-15 0)
(1.84799e-15 -1.67998e-15 0)
(1.54348e-21 2.01598e-15 0)
(2.35198e-15 -1.00858e-21 0)
(-1.34399e-15 -3.69597e-15 0)
(1.34399e-15 -2.35198e-15 0)
(-1.59452e-21 -1.34399e-15 0)
(-3.35997e-15 2.01599e-15 0)
(1.91296e-21 3.35997e-15 0)
(3.35997e-15 3.02398e-15 0)
(6.71994e-16 3.35998e-15 0)
(-6.71993e-16 1.00799e-15 0)
(-1.17599e-15 1.67999e-15 0)
(-4.36797e-15 1.34399e-15 0)
(8.39993e-16 3.35997e-15 0)
(8.39994e-16 -4.26063e-22 0)
(-8.32474e-22 3.35999e-16 0)
(5.03995e-16 3.01053e-23 0)
(1.91678e-21 -2.99796e-22 0)
(4.36797e-15 -6.38395e-15 0)
(-1.34399e-15 -5.71196e-15 0)
(-6.71996e-16 -1.008e-15 0)
(-2.35198e-15 -2.35198e-15 0)
(-1.07939e-21 -2.06013e-21 0)
(1.7783e-23 1.34399e-15 0)
(2.68798e-15 -1.67999e-15 0)
(1.11956e-21 1.00799e-15 0)
(-2.01598e-15 -1.67999e-15 0)
(-2.18398e-15 -4.36796e-15 0)
(-1.17599e-15 -3.35997e-15 0)
(1.00799e-15 4.03197e-15 0)
(2.01598e-15 2.35198e-15 0)
(1.97555e-21 -1.00799e-15 0)
(3.02397e-15 -1.00799e-15 0)
(-1.67999e-15 1.34398e-15 0)
(-6.71994e-16 3.35998e-16 0)
(-1.00799e-15 -1.34399e-15 0)
(2.35198e-15 3.69597e-15 0)
(3.02397e-15 1.67999e-15 0)
(1.00799e-15 1.00799e-15 0)
(-6.71993e-16 1.67999e-15 0)
(-6.71997e-16 2.01599e-15 0)
(-1.34399e-15 1.67999e-15 0)
(-3.69597e-15 6.71992e-16 0)
(-1.0386e-21 2.68798e-15 0)
(1.10061e-21 2.31804e-21 0)
(-1.28355e-28 3.02397e-15 0)
(-3.14458e-22 1.41491e-21 0)
(7.13485e-28 -4.71689e-22 0)
(1.54913e-21 -2.93659e-21 0)
(1.67999e-15 -2.01599e-15 0)
(-2.88254e-22 1.19324e-22 0)
(-1.67999e-15 1.00799e-15 0)
(-4.61628e-22 8.80906e-22 0)
(1.87607e-21 1.31024e-21 0)
(3.35997e-15 -7.69378e-22 0)
(1.00799e-15 -1.00799e-15 0)
(-3.02397e-15 2.68797e-15 0)
(-2.68798e-15 -3.69597e-15 0)
(6.88034e-22 1.14857e-21 0)
(1.34399e-15 3.69597e-15 0)
(-6.41552e-22 6.9903e-22 0)
(2.35198e-15 -2.80392e-21 0)
(1.6559e-21 -3.41147e-21 0)
(1.74467e-22 -6.71994e-15 0)
(3.35997e-16 -1.382e-21 0)
(1.00799e-15 1.00799e-15 0)
(6.71995e-16 1.77359e-21 0)
(6.71998e-16 -6.71994e-16 0)
(1.67999e-15 -1.36819e-21 0)
(3.35996e-16 3.35998e-16 0)
(-1.00799e-15 2.35198e-15 0)
(-2.35198e-15 -3.35995e-16 0)
(-3.02398e-15 -1.67999e-15 0)
(-6.71994e-16 9.40101e-22 0)
(1.00799e-15 -9.93444e-22 0)
(-4.7673e-28 -2.68797e-15 0)
(-1.00799e-15 -2.17266e-21 0)
(1.53603e-22 -2.35198e-15 0)
(3.35999e-16 -2.70941e-22 0)
(3.35997e-15 -3.54625e-22 0)
(5.96006e-22 6.71995e-16 0)
(-2.01598e-15 2.35198e-15 0)
(-1.00799e-15 3.02398e-15 0)
(1.67998e-15 2.01598e-15 0)
(-1.00799e-15 3.68126e-23 0)
(1.00799e-15 -1.00799e-15 0)
(-1.51199e-15 6.71997e-16 0)
(-1.00799e-15 3.02397e-15 0)
(2.85598e-15 5.71195e-15 0)
(1.67999e-15 1.67999e-15 0)
(-4.03197e-15 -1.67998e-15 0)
(1.63781e-22 -4.70396e-15 0)
(6.40617e-22 -4.36797e-15 0)
(1.00799e-15 -3.304e-21 0)
(6.71995e-16 -8.00577e-22 0)
(4.83387e-22 -1.67999e-15 0)
(3.35998e-16 -2.35199e-15 0)
(2.35198e-15 -1.34399e-15 0)
(1.34399e-15 -2.01598e-15 0)
(1.51199e-15 -1.00799e-15 0)
(-1.67999e-15 -2.35198e-15 0)
(-4.87196e-15 -1.00799e-15 0)
(-1.008e-15 -1.34399e-15 0)
(3.35996e-16 -6.32193e-22 0)
(-3.35996e-16 -7.22507e-22 0)
(-1.45437e-21 -2.01598e-15 0)
(3.35996e-16 -2.01598e-15 0)
(6.71995e-16 -6.71996e-16 0)
(1.67999e-15 -1.05366e-22 0)
(2.35198e-15 -1.25443e-28 0)
(6.71995e-16 1.13165e-22 0)
(1.34399e-15 6.71995e-16 0)
(-1.34399e-15 3.35998e-16 0)
(-1.34399e-15 3.35999e-16 0)
(1.67998e-15 1.00799e-15 0)
(6.71995e-16 -1.4759e-21 0)
(-3.35996e-16 1.34399e-15 0)
(-3.35997e-15 2.01599e-15 0)
(9.69659e-22 2.58306e-21 0)
(1.51199e-15 3.55795e-22 0)
(-3.52797e-15 -2.01598e-15 0)
(3.35995e-16 -1.00799e-15 0)
(3.35997e-16 -1.04204e-21 0)
(3.35998e-15 2.55887e-22 0)
(-1.00799e-15 6.71994e-16 0)
(-1.58146e-21 -3.73031e-22 0)
(-1.67998e-16 -1.44127e-21 0)
(1.67999e-15 -1.10669e-21 0)
(1.00799e-15 -1.34399e-15 0)
(1.84799e-15 -2.68798e-15 0)
(-8.39995e-16 -6.71997e-16 0)
(-2.85598e-15 -3.35998e-16 0)
(-2.01598e-15 3.35997e-16 0)
(-5.76743e-22 4.38231e-22 0)
(-1.05814e-21 1.35471e-22 0)
(-2.51998e-15 3.35998e-16 0)
(-1.67999e-16 -1.34399e-15 0)
(5.4496e-22 -3.35994e-16 0)
(1.67999e-15 -4.51566e-22 0)
(1.34399e-15 -2.25783e-22 0)
(1.67999e-15 -3.35997e-16 0)
(1.68e-16 9.97424e-22 0)
(-1.00799e-15 -1.34399e-15 0)
(1.51199e-15 1.67999e-15 0)
(3.98337e-22 4.03197e-15 0)
(1.77194e-22 -1.00799e-15 0)
(2.68797e-15 -6.71993e-16 0)
(-4.36796e-15 3.02397e-15 0)
(-6.71995e-16 -3.35993e-16 0)
(6.71994e-16 -1.58734e-21 0)
(-2.85598e-15 2.35198e-15 0)
(6.71994e-16 3.35995e-16 0)
(1.68001e-16 1.34399e-15 0)
(3.35997e-15 3.01044e-22 0)
(-3.66322e-22 3.35996e-16 0)
(-2.01598e-15 -6.71996e-16 0)
(-8.74977e-22 -2.68798e-15 0)
(1.68e-16 -3.35999e-16 0)
(1.58703e-21 -2.68798e-15 0)
(8.39992e-16 -3.69597e-15 0)
(3.88002e-22 -3.35997e-15 0)
(-3.35999e-16 -1.34399e-15 0)
(-3.35997e-16 1.00799e-15 0)
(-1.67999e-15 1.67999e-15 0)
(-9.80384e-22 3.09701e-21 0)
(-1.67999e-15 3.35997e-15 0)
(-4.13936e-22 1.33752e-22 0)
(2.84774e-28 3.35997e-15 0)
(8.10948e-22 8.27871e-22 0)
(1.00799e-15 -1.95679e-22 0)
(6.71996e-16 -2.01599e-15 0)
(2.35198e-15 -2.68798e-15 0)
(6.71993e-16 -1.34399e-15 0)
(3.87224e-22 -1.34399e-15 0)
(-1.34399e-15 -3.35998e-16 0)
(-2.01598e-15 -5.06682e-21 0)
(1.52191e-21 -3.02397e-15 0)
(3.35996e-16 1.00799e-15 0)
(1.67998e-15 1.67998e-15 0)
(1.34399e-15 1.008e-15 0)
(-5.03996e-15 2.35198e-15 0)
(-1.68e-16 -1.67998e-15 0)
(3.35997e-16 -2.01598e-15 0)
(1.68001e-16 -6.59411e-22 0)
(7.52615e-24 -3.35997e-15 0)
(-1.19763e-21 -6.71996e-16 0)
(1.00799e-15 1.67999e-15 0)
(-3.35997e-16 3.35997e-16 0)
(1.00799e-15 -1.34399e-15 0)
(-6.71991e-16 -3.35998e-15 0)
(-6.71995e-16 -1.34399e-15 0)
(-3.15584e-28 -1.67999e-15 0)
(6.71996e-16 2.80946e-21 0)
(6.71994e-16 3.35997e-15 0)
(-1.17599e-15 3.35997e-15 0)
(-1.00799e-15 -2.01598e-15 0)
(5.03996e-16 3.35997e-15 0)
(7.84119e-35 1.44127e-21 0)
(2.62052e-23 7.86153e-23 0)
(8.38558e-22 2.62054e-23 0)
(1.23773e-22 1.02924e-21 0)
(6.71997e-16 -6.71996e-16 0)
(-5.76508e-22 1.94118e-22 0)
(-6.71995e-16 -2.68798e-15 0)
(1.00799e-15 -4.70396e-15 0)
(-9.54568e-22 -1.8905e-21 0)
(1.84799e-15 -3.35999e-16 0)
(-5.03995e-16 7.02464e-22 0)
(1.16054e-21 1.34399e-15 0)
(6.71995e-16 -1.34399e-15 0)
(-3.52798e-15 9.3667e-22 0)
(-1.51199e-15 2.68798e-15 0)
(3.35998e-16 -4.03196e-15 0)
(1.67999e-15 1.34399e-15 0)
(1.25682e-22 -2.64006e-21 0)
(7.49881e-22 6.71996e-16 0)
(2.01599e-15 1.00799e-15 0)
(-1.00799e-15 3.35999e-16 0)
(-1.00799e-15 1.22438e-21 0)
(-2.34393e-21 -8.76459e-22 0)
(1.98486e-22 -1.00799e-15 0)
(3.35998e-16 4.23099e-22 0)
(2.35198e-15 3.35997e-15 0)
(6.71994e-16 6.71996e-16 0)
(-2.03556e-21 6.71997e-16 0)
(-3.35997e-15 1.00799e-15 0)
(-7.0995e-22 1.57674e-21 0)
(1.50521e-23 2.53462e-21 0)
(3.35997e-16 6.71995e-16 0)
(1.67999e-15 3.35998e-16 0)
(8.12819e-22 3.02397e-15 0)
(1.34399e-15 -1.34399e-15 0)
(-3.35997e-15 2.68798e-15 0)
(-1.87884e-21 -1.34399e-15 0)
(-5.03996e-16 -4.03197e-15 0)
(3.35998e-16 -4.03197e-15 0)
(1.51199e-15 -1.34399e-15 0)
(2.35198e-15 6.71994e-16 0)
(3.36e-16 3.35997e-16 0)
(1.11121e-21 1.34399e-15 0)
(-4.03197e-15 -6.71992e-16 0)
(-6.71997e-16 4.36797e-15 0)
(1.17599e-15 4.03197e-15 0)
(1.67999e-16 2.68797e-15 0)
(3.35999e-16 -1.34398e-15 0)
(1.34399e-15 2.35198e-15 0)
(1.00799e-15 3.02397e-15 0)
(1.72355e-23 1.00799e-15 0)
(-1.33302e-21 3.35997e-15 0)
(-2.68798e-15 3.02398e-15 0)
(1.00799e-15 2.35198e-15 0)
(1.3926e-21 1.34399e-15 0)
(4.36796e-15 1.76571e-21 0)
(-1.00799e-15 3.35994e-16 0)
(-2.68798e-15 -6.71994e-16 0)
(-2.35198e-15 -2.00442e-23 0)
(-4.21463e-22 4.51754e-28 0)
(-4.06411e-22 6.38395e-15 0)
(-2.01599e-15 2.85618e-21 0)
(2.01598e-15 -3.35998e-16 0)
(1.35708e-23 6.71994e-16 0)
(1.00799e-15 -6.71994e-16 0)
(-2.35198e-15 5.82668e-22 0)
(-2.18398e-15 6.32193e-22 0)
(-3.35999e-16 4.03197e-15 0)
(9.60574e-22 -3.35993e-16 0)
(3.86397e-15 5.85479e-22 0)
(3.36e-16 3.35998e-16 0)
(3.02397e-15 3.36e-16 0)
(3.35996e-16 -1.34399e-15 0)
(-2.35198e-15 -7.63921e-22 0)
(-3.02398e-15 3.35997e-15 0)
(-6.71994e-16 2.68798e-15 0)
(1.17599e-15 -4.03196e-15 0)
(6.71995e-16 3.02397e-15 0)
(1.17599e-15 3.35998e-16 0)
(3.35997e-16 -2.68797e-15 0)
(-3.35997e-16 -2.61891e-22 0)
(-3.35996e-16 -1.34399e-15 0)
(5.03995e-16 1.67999e-15 0)
(1.67999e-16 1.00799e-15 0)
(-3.35997e-16 1.34399e-15 0)
(3.35996e-16 1.00799e-15 0)
(-3.35996e-16 -3.69597e-15 0)
(-1.34399e-15 -3.35999e-16 0)
(-1.67999e-15 -9.03135e-23 0)
(-2.25784e-22 -1.21169e-29 0)
(-1.46006e-21 3.35998e-16 0)
(-5.71195e-15 2.68798e-15 0)
(2.68798e-15 -1.00799e-15 0)
(-1.51199e-15 -1.00799e-15 0)
(1.67997e-16 -6.71994e-16 0)
(-1.34399e-15 -1.67999e-15 0)
(-1.19813e-21 1.34399e-15 0)
(1.63383e-21 1.67999e-15 0)
(1.17599e-15 4.70396e-15 0)
(1.84799e-15 3.02398e-15 0)
(1.67999e-15 1.00799e-15 0)
(-3.02397e-15 -1.16191e-21 0)
(-1.67999e-15 -3.02398e-15 0)
(2.35198e-15 -2.68798e-15 0)
(-1.00799e-15 -1.00799e-15 0)
(2.26407e-22 1.34399e-15 0)
(-6.71995e-16 -2.35399e-21 0)
(3.35998e-16 -6.71992e-16 0)
(2.01598e-15 -3.35998e-16 0)
(3.35997e-16 1.00799e-15 0)
(-3.93897e-24 6.71994e-16 0)
(8.39993e-16 1.01076e-21 0)
(5.14037e-22 1.00799e-15 0)
(8.39994e-16 6.71993e-16 0)
(1.67999e-16 2.35198e-15 0)
(-2.85598e-15 7.20244e-22 0)
(-3.35999e-16 1.00799e-15 0)
(-6.83513e-22 -1.00799e-15 0)
(-2.01599e-15 2.54252e-22 0)
(-3.16097e-22 2.6205e-23 0)
(-2.20714e-22 -4.70396e-15 0)
(-3.69597e-15 3.35999e-16 0)
(2.35198e-15 2.68798e-15 0)
(1.00799e-15 2.01598e-15 0)
(-1.67999e-15 2.01598e-15 0)
(-1.67999e-15 -1.34399e-15 0)
(-1.74466e-22 -7.23749e-23 0)
(1.00799e-15 -3.35994e-16 0)
(2.68798e-15 1.008e-15 0)
(2.68798e-15 3.35997e-15 0)
(-2.35198e-15 6.71998e-16 0)
(-2.35198e-15 -6.71995e-16 0)
(-1.67999e-15 -2.72625e-21 0)
(5.07954e-22 -6.38395e-15 0)
(5.49678e-22 -2.35198e-15 0)
(1.67998e-15 -1.34399e-15 0)
(6.71998e-16 1.19256e-21 0)
(3.35999e-16 2.01598e-15 0)
(1.17599e-15 2.68798e-15 0)
(6.71996e-16 6.71998e-16 0)
(-8.39994e-16 2.35198e-15 0)
(-1.34399e-15 2.35198e-15 0)
(1.00799e-15 2.35198e-15 0)
(5.03994e-16 -6.71991e-16 0)
(1.34399e-15 -6.71993e-16 0)
(-5.03998e-16 6.71994e-16 0)
(-1.34399e-15 -1.00799e-15 0)
(-1.37927e-21 1.67998e-15 0)
(-3.35997e-15 2.01599e-15 0)
(-8.27872e-22 3.35998e-16 0)
(1.34399e-15 -1.34399e-15 0)
(6.71992e-16 -1.00799e-15 0)
(2.01599e-15 7.22583e-22 0)
(-6.71994e-16 1.00799e-15 0)
(-3.52797e-15 3.35997e-16 0)
(-1.93401e-21 -2.35198e-15 0)
(-5.03997e-16 -4.25282e-22 0)
(2.51998e-15 -3.35998e-16 0)
(2.18398e-15 1.34399e-15 0)
(2.35198e-15 2.68798e-15 0)
(-3.02398e-15 -1.67999e-15 0)
(-3.02398e-15 -1.00799e-15 0)
(-1.51199e-15 6.71995e-16 0)
(2.01839e-22 -3.35995e-16 0)
(5.03995e-16 -9.03211e-22 0)
(2.31874e-21 1.63312e-22 0)
(3.35997e-15 3.35997e-15 0)
(2.18398e-15 2.35198e-15 0)
(2.76477e-21 2.01599e-15 0)
(1.196e-22 2.01598e-15 0)
(-5.03996e-16 -3.35997e-16 0)
(3.35996e-16 1.67999e-15 0)
(-5.03997e-16 3.35998e-16 0)
(-8.3999e-16 3.35996e-16 0)
(1.00799e-15 2.01598e-15 0)
(-1.67998e-15 -1.67999e-15 0)
(-3.36e-16 3.35997e-15 0)
(-6.71995e-16 1.67999e-15 0)
(-2.01598e-15 3.35997e-15 0)
(-1.45039e-21 3.35999e-16 0)
(2.68484e-22 -6.71996e-16 0)
(-5.03994e-16 -2.68798e-15 0)
(3.52797e-15 -1.67999e-15 0)
(1.67999e-15 -2.35198e-15 0)
(-4.70396e-15 -6.71994e-16 0)
(1.00799e-15 2.01598e-15 0)
(1.82366e-21 2.35198e-15 0)
(2.35198e-15 -3.35997e-16 0)
(3.69597e-15 -3.35999e-16 0)
(-5.03994e-16 -3.69597e-15 0)
(-4.53596e-15 -6.71996e-16 0)
(-1.17599e-15 6.71994e-16 0)
(-3.35997e-16 1.008e-15 0)
(-5.03999e-16 9.07192e-15 0)
(6.81015e-22 3.36e-16 0)
(1.34399e-15 6.71995e-16 0)
(3.69597e-15 -3.35997e-16 0)
(1.34399e-15 6.71997e-16 0)
(6.71995e-16 -1.34399e-15 0)
(-1.00799e-15 1.67999e-15 0)
(3.35997e-16 1.82919e-21 0)
(-3.35998e-16 1.67999e-15 0)
(-3.69597e-15 -1.67998e-15 0)
(3.02397e-15 -2.01598e-15 0)
(-5.03993e-16 -6.71993e-16 0)
(6.71993e-16 -1.34399e-15 0)
(6.71995e-16 -1.34399e-15 0)
(-1.17599e-15 -2.68798e-15 0)
(-1.67999e-15 1.67999e-15 0)
(-1.17599e-15 2.35198e-15 0)
(9.70133e-29 -7.86151e-23 0)
(4.74107e-22 -8.12352e-22 0)
(3.35997e-15 -6.55124e-22 0)
(5.24098e-22 -2.1488e-21 0)
(-3.35997e-15 -2.62049e-22 0)
(5.36967e-22 2.19559e-21 0)
(2.35198e-15 1.00799e-15 0)
(1.00799e-15 4.13663e-22 0)
(-1.00799e-15 -5.98736e-22 0)
(-1.65364e-21 -3.02398e-15 0)
(-1.5542e-21 -9.33785e-22 0)
(-7.33504e-22 3.35998e-16 0)
(1.00799e-15 1.67999e-15 0)
(-3.02397e-15 4.26352e-21 0)
(5.03996e-16 6.71995e-16 0)
(7.55147e-22 3.35999e-16 0)
(2.35198e-15 -1.34399e-15 0)
(1.34399e-15 -6.71995e-16 0)
(3.35998e-16 -6.71994e-16 0)
(1.17599e-15 7.1034e-22 0)
(-1.68e-16 6.71994e-16 0)
(-1.00799e-15 -1.00799e-15 0)
(-2.68798e-15 -2.35198e-15 0)
(3.35998e-16 -3.35999e-16 0)
(1.67999e-15 -2.35198e-15 0)
(-1.34399e-15 -1.67999e-15 0)
(5.03996e-16 -8.99313e-22 0)
(-3.35997e-16 -1.72609e-21 0)
(-1.67999e-16 -1.34398e-15 0)
(-9.76249e-22 1.34399e-15 0)
(1.38052e-28 5.10404e-28 0)
(2.25784e-22 1.44127e-21 0)
(1.67999e-15 -6.02088e-22 0)
(7.11232e-28 -1.67999e-15 0)
(-1.67999e-15 -6.71996e-16 0)
(1.34399e-15 4.51566e-22 0)
(3.02398e-15 1.34399e-15 0)
(-1.00799e-15 3.35998e-16 0)
(1.00799e-15 -3.35998e-16 0)
(-1.00799e-15 1.00799e-15 0)
(-3.35998e-16 6.71991e-16 0)
(-1.00799e-15 -1.00799e-15 0)
(6.71995e-16 6.71994e-16 0)
(-1.00799e-15 1.78349e-21 0)
(1.00799e-15 1.67999e-15 0)
(-3.35996e-16 2.01599e-15 0)
(2.01598e-15 6.71994e-15 0)
(1.38547e-21 -3.35996e-16 0)
(8.39994e-16 1.34399e-15 0)
(-1.68e-16 -3.35997e-16 0)
(-5.03997e-16 -1.34399e-15 0)
(-1.51199e-15 -2.35198e-15 0)
(-2.68798e-15 -2.68798e-15 0)
(-3.35999e-16 -1.34399e-15 0)
(1.00799e-15 -2.68798e-15 0)
(2.35198e-15 -3.36e-16 0)
(1.62182e-21 -1.00799e-15 0)
(1.34399e-15 6.71993e-16 0)
(8.39996e-16 4.03197e-15 0)
(-1.88152e-22 3.35997e-15 0)
(5.24098e-22 8.54076e-22 0)
(-2.62051e-23 3.35997e-15 0)
(-7.20634e-22 6.02087e-22 0)
(6.77349e-22 -1.67999e-15 0)
(2.01598e-15 -3.044e-22 0)
(-1.00799e-15 -1.18912e-21 0)
(6.71997e-16 -3.69597e-15 0)
(-8.95411e-22 -3.35999e-16 0)
(8.88158e-22 -2.68798e-15 0)
(-7.69762e-23 -2.01598e-15 0)
(2.01598e-15 -2.35198e-15 0)
(-2.18616e-21 1.34399e-15 0)
(1.00799e-15 -2.01598e-15 0)
(-1.00799e-15 -6.71995e-16 0)
(1.34399e-15 -6.71997e-16 0)
(1.00799e-15 1.67998e-15 0)
(5.03998e-16 3.36e-16 0)
(5.03997e-16 2.01598e-15 0)
(6.71994e-16 6.71995e-16 0)
(-2.85598e-15 1.00799e-15 0)
(-1.00799e-15 -2.01598e-15 0)
(-1.9686e-21 -1.00799e-15 0)
(-5.03998e-16 5.03996e-15 0)
(-1.67999e-15 2.35198e-15 0)
(-3.56183e-22 6.71996e-16 0)
(-1.67999e-15 -1.94509e-22 0)
(1.34399e-15 -3.35997e-15 0)
(3.69597e-15 -1.34399e-15 0)
(2.18398e-15 6.71993e-16 0)
(4.36514e-22 -3.35999e-16 0)
(1.67999e-15 3.35998e-16 0)
(-3.35998e-16 1.008e-15 0)
(-2.68798e-15 -9.20911e-22 0)
(-1.30712e-22 -4.03196e-15 0)
(1.00799e-15 -1.3547e-21 0)
(-2.78543e-22 -1.9073e-27 0)
(1.00799e-15 -2.24637e-21 0)
(-6.71995e-16 -6.71994e-16 0)
(-3.32865e-22 -1.23608e-21 0)
(1.00799e-15 -1.00799e-15 0)
(6.92481e-22 -3.35997e-15 0)
(-1.34399e-15 -2.01599e-15 0)
(2.01598e-15 -2.01599e-15 0)
(-2.51998e-15 -2.02308e-21 0)
(5.03995e-16 -7.05594e-15 0)
(1.34399e-15 -4.70396e-15 0)
(2.68798e-15 -1.67999e-15 0)
(3.35999e-16 -3.02398e-15 0)
(1.67999e-15 -2.01598e-15 0)
(-2.35198e-15 1.34399e-15 0)
(-1.51199e-15 -6.71995e-16 0)
(1.00799e-15 -6.07157e-22 0)
(-1.67998e-16 2.94329e-21 0)
(-6.71994e-16 6.71996e-16 0)
(-1.90282e-21 4.03197e-15 0)
(-2.01599e-15 1.51029e-21 0)
(1.67999e-15 3.35996e-16 0)
(1.34399e-15 -6.71995e-16 0)
(3.35997e-15 -6.71994e-16 0)
(6.78168e-22 -1.67999e-15 0)
(6.71996e-16 2.35198e-15 0)
(-6.71994e-16 1.67999e-15 0)
(-1.67999e-15 1.67999e-15 0)
(3.35996e-16 2.68797e-15 0)
(3.35997e-16 9.63339e-22 0)
(8.27875e-23 -2.4075e-21 0)
(3.35998e-16 -6.71994e-16 0)
(1.00799e-15 3.35997e-15 0)
(-1.00799e-15 3.35998e-16 0)
(1.34399e-15 2.2512e-21 0)
(-2.50311e-22 5.03995e-15 0)
(-1.67999e-15 -3.35997e-16 0)
(1.58824e-21 -3.02397e-15 0)
(-1.17599e-15 1.34399e-15 0)
(-1.67999e-16 -1.00799e-15 0)
(1.34399e-15 -2.68798e-15 0)
(3.02398e-15 -4.03197e-15 0)
(2.35198e-15 -2.35198e-15 0)
(1.00799e-15 -3.35998e-16 0)
(-2.51998e-15 -3.36e-16 0)
(-2.01598e-15 -3.35998e-16 0)
(1.34399e-15 -3.35996e-16 0)
(5.03996e-16 3.35995e-16 0)
(2.01598e-15 6.71994e-16 0)
(-6.71994e-16 1.00799e-15 0)
(-4.36797e-15 2.35198e-15 0)
(6.71995e-16 1.67999e-15 0)
(1.84799e-15 1.67999e-15 0)
(1.17599e-15 -1.00799e-15 0)
(-5.68473e-22 -4.36796e-15 0)
(1.00799e-15 3.02398e-15 0)
(1.34399e-15 -6.71993e-16 0)
(-3.35997e-15 1.67998e-15 0)
(-1.00799e-15 3.36003e-16 0)
(-2.01598e-15 -1.74605e-21 0)
(3.18358e-22 -3.69597e-15 0)
(1.00799e-15 -3.35999e-16 0)
(6.71995e-16 -1.00799e-15 0)
(1.16744e-21 6.71995e-16 0)
(2.01598e-15 2.01599e-15 0)
(5.03997e-16 2.35198e-15 0)
(-1.84799e-15 2.68798e-15 0)
(1.34399e-15 4.70396e-15 0)
(-6.71995e-16 2.35198e-15 0)
(-2.01598e-15 6.04795e-15 0)
(5.03998e-16 -1.00799e-15 0)
(1.51199e-15 -2.35198e-15 0)
(-3.35994e-16 -3.35999e-16 0)
(1.34399e-15 -2.01598e-15 0)
(1.00799e-15 -2.68798e-15 0)
(-1.67999e-15 1.00799e-15 0)
(1.00799e-15 1.34399e-15 0)
(-3.35997e-16 -1.44127e-21 0)
(2.4794e-21 -3.69597e-15 0)
(2.01598e-15 -3.35997e-16 0)
(-1.34399e-15 -3.35996e-16 0)
(5.03996e-16 1.34399e-15 0)
(3.35996e-16 5.86489e-22 0)
(-2.18398e-15 -3.36002e-16 0)
(-2.18398e-15 -1.34399e-15 0)
(-6.71993e-16 3.69597e-15 0)
(-1.00799e-15 -2.35198e-15 0)
(-4.70396e-15 -1.34399e-15 0)
(-2.09152e-21 1.00799e-15 0)
(1.18639e-21 6.10978e-22 0)
(-3.35998e-16 6.71995e-16 0)
(1.67999e-15 -2.01599e-15 0)
(3.14439e-21 3.27795e-22 0)
(1.67999e-15 3.35998e-16 0)
(3.02398e-15 1.67999e-15 0)
(1.00799e-15 2.35198e-15 0)
(-3.35997e-15 2.01598e-15 0)
(5.03994e-16 6.71999e-16 0)
(-1.17599e-15 -1.00249e-21 0)
(-3.02398e-15 1.008e-15 0)
(-1.09023e-21 3.69597e-15 0)
(1.34399e-15 -1.008e-15 0)
(2.01598e-15 -1.34399e-15 0)
(3.35999e-16 1.00799e-15 0)
(1.68001e-16 -3.69597e-15 0)
(1.67996e-16 -1.16737e-21 0)
(-6.71995e-16 3.35997e-16 0)
(-2.35198e-15 -2.68797e-15 0)
(2.35198e-15 1.00799e-15 0)
(-6.71992e-16 -1.67999e-15 0)
(-6.71997e-16 -1.00799e-15 0)
(-1.67999e-16 -3.02398e-15 0)
(-1.67998e-16 -1.00799e-15 0)
(-1.67999e-15 -2.68797e-15 0)
(-1.8781e-21 -2.45359e-21 0)
(-1.55935e-21 -5.03996e-15 0)
(-3.02397e-15 -1.67999e-15 0)
(-3.36003e-16 -2.01598e-15 0)
(-1.34399e-15 -2.68798e-15 0)
(1.34399e-15 -1.34399e-15 0)
(7.51831e-22 3.02397e-15 0)
(1.00799e-15 -1.34398e-15 0)
(3.35997e-16 -2.08935e-22 0)
(1.52371e-21 -3.35998e-16 0)
(2.01598e-15 -3.02397e-15 0)
(1.17599e-15 -3.02398e-15 0)
(-6.71997e-16 -1.34399e-15 0)
(-3.35998e-16 1.00799e-15 0)
(-3.35998e-16 -5.03996e-15 0)
(-2.18398e-15 6.71994e-16 0)
(-1.00799e-15 1.34399e-15 0)
(-6.1441e-22 3.36e-16 0)
(1.95468e-21 -1.6619e-21 0)
(3.35997e-15 -2.68798e-15 0)
(-1.51199e-15 -1.67999e-15 0)
(7.14825e-22 -6.71996e-16 0)
(6.71995e-16 3.36e-16 0)
(-8.39994e-16 2.35198e-15 0)
(1.67999e-15 2.01661e-21 0)
(-4.23486e-23 -6.71993e-16 0)
(-3.35997e-15 -3.35999e-16 0)
(3.35997e-16 -3.35998e-16 0)
(1.51199e-15 -1.00799e-15 0)
(-8.39993e-16 -3.70659e-21 0)
(-1.00799e-15 3.66867e-22 0)
(-3.76306e-22 -3.02398e-15 0)
(-3.02398e-15 6.71992e-16 0)
(-1.17599e-15 -3.36001e-16 0)
(-3.35998e-16 -4.03196e-15 0)
(1.00799e-15 6.71995e-16 0)
(3.35997e-16 3.30002e-21 0)
(1.68001e-16 3.35997e-15 0)
(1.51199e-15 2.01598e-15 0)
(-9.0828e-22 3.35998e-16 0)
(-5.03995e-16 -6.71998e-16 0)
(2.68798e-15 -6.38395e-15 0)
(-1.00054e-21 -2.68798e-15 0)
(-2.01598e-15 -3.02398e-15 0)
(-6.71994e-16 -4.70396e-15 0)
(6.71993e-16 -1.00799e-15 0)
(3.35997e-16 1.67999e-15 0)
(-1.34399e-15 -3.35998e-16 0)
(-2.22428e-22 -1.65576e-22 0)
(1.00799e-15 -1.00799e-15 0)
(6.71995e-16 1.67999e-15 0)
(2.01598e-15 1.00799e-15 0)
(1.51199e-15 3.02398e-15 0)
(-2.85598e-15 6.38395e-15 0)
(-6.71993e-16 3.02398e-15 0)
(2.68798e-15 2.01598e-15 0)
(-4.70396e-15 7.09716e-22 0)
(-1.0007e-21 6.71995e-16 0)
(1.29761e-21 -1.00799e-15 0)
(3.02397e-15 -4.03197e-15 0)
(3.93541e-22 -9.63341e-22 0)
(4.06409e-22 -1.34399e-15 0)
(-1.68002e-16 -1.34399e-15 0)
(-1.84798e-15 -1.50523e-22 0)
(-1.34399e-15 -2.05014e-21 0)
(3.35997e-15 6.71994e-16 0)
(1.63765e-21 2.55889e-22 0)
(2.01598e-15 2.44259e-21 0)
(1.00799e-15 6.71993e-16 0)
(-3.02398e-15 -3.35997e-16 0)
(-7.42862e-22 -3.35998e-16 0)
(1.7626e-22 -2.86133e-21 0)
(-1.67998e-15 -1.67999e-15 0)
(5.03995e-16 -4.03196e-15 0)
(1.00799e-15 1.67998e-15 0)
(1.84798e-15 1.08165e-21 0)
(-8.39994e-16 -1.34399e-15 0)
(-5.03997e-16 -3.35997e-16 0)
(-3.35998e-16 -1.3547e-22 0)
(1.00799e-15 -6.71995e-16 0)
(2.18398e-15 -6.71995e-16 0)
(2.18398e-15 4.22633e-22 0)
(2.85598e-15 1.00624e-23 0)
(-2.68798e-15 -3.35994e-16 0)
(-6.71996e-16 6.71995e-16 0)
(-1.17599e-15 3.35996e-16 0)
(-3.02398e-15 1.3547e-22 0)
(-6.71996e-16 7.33738e-22 0)
(3.35998e-16 1.42178e-22 0)
(1.15302e-21 -3.35997e-16 0)
(-3.35998e-16 1.3476e-21 0)
(3.38675e-22 -2.01598e-15 0)
(1.00799e-15 -6.71994e-16 0)
(-1.51199e-15 3.35999e-16 0)
(-8.12351e-22 6.71997e-16 0)
(1.51199e-15 1.67999e-15 0)
(8.12821e-22 2.51988e-22 0)
(2.01599e-15 -9.78393e-22 0)
(3.35997e-16 -2.68798e-15 0)
(-2.35198e-15 -1.34399e-15 0)
(-4.21462e-22 -9.62876e-22 0)
(1.64549e-28 -8.3181e-28 0)
(-1.10786e-21 9.46572e-22 0)
(6.71996e-16 3.69597e-15 0)
(2.68798e-15 4.03196e-15 0)
(-6.71994e-16 2.01598e-15 0)
(-1.67998e-15 1.53478e-21 0)
(-6.71997e-16 1.34399e-15 0)
(-3.35998e-16 6.92401e-22 0)
(3.35998e-16 -2.55887e-22 0)
(2.68798e-15 -2.01598e-15 0)
(1.84799e-15 -9.77304e-22 0)
(1.51199e-15 -1.34399e-15 0)
(-1.67999e-15 -6.71995e-16 0)
(-3.36e-16 1.21549e-21 0)
(-1.00799e-15 -3.02398e-15 0)
(-3.02398e-15 -3.79659e-22 0)
(1.00799e-15 1.67999e-15 0)
(1.1153e-23 1.34399e-15 0)
(-1.34399e-15 2.68797e-15 0)
(2.68756e-22 2.68798e-15 0)
(-7.07532e-22 2.01598e-15 0)
(4.76718e-22 -1.00799e-15 0)
(-8.39993e-16 6.01308e-23 0)
(8.39993e-16 2.68798e-15 0)
(3.35998e-16 2.63039e-21 0)
(3.40039e-22 3.35998e-16 0)
(1.34399e-15 -2.34339e-21 0)
(-1.67998e-15 -3.27998e-21 0)
(-1.33583e-21 -4.70396e-15 0)
(5.81478e-28 -2.01599e-15 0)
(1.51988e-21 -4.51567e-22 0)
(-4.58624e-22 5.24098e-22 0)
(8.39993e-16 2.20456e-21 0)
(1.84799e-15 -1.00799e-15 0)
(6.71995e-16 -1.00799e-15 0)
(-1.00799e-15 6.71991e-16 0)
(-2.35198e-15 -6.71993e-16 0)
(6.71994e-16 1.50532e-23 0)
(1.18141e-21 6.71996e-16 0)
(1.67999e-15 -1.00799e-15 0)
(3.52797e-15 -1.68647e-21 0)
(1.34399e-15 -2.01598e-15 0)
(-1.34399e-15 -3.02398e-15 0)
(-2.85598e-15 -3.35998e-16 0)
(-1.00799e-15 -6.71994e-16 0)
(3.35996e-16 -6.71995e-16 0)
(-3.35996e-16 6.71995e-16 0)
(4.6966e-22 2.01598e-15 0)
(2.01598e-15 -6.71988e-16 0)
(6.71994e-16 -3.35998e-16 0)
(-1.00799e-15 3.02398e-15 0)
(-2.1488e-21 1.96139e-21 0)
(1.00799e-15 5.30183e-22 0)
(6.02946e-22 3.35998e-15 0)
(-1.24317e-22 1.67999e-15 0)
(-1.34399e-15 -3.35998e-16 0)
(-2.18465e-24 -6.04795e-15 0)
(-1.00799e-15 -2.35198e-15 0)
(-8.21243e-22 -1.34399e-15 0)
(1.89502e-21 -5.03996e-15 0)
(2.68798e-15 -1.14233e-21 0)
(-6.71992e-16 -1.008e-15 0)
(1.73686e-22 -6.71997e-16 0)
(2.01599e-15 -3.35996e-16 0)
(9.36674e-23 -2.43136e-21 0)
(-1.67999e-15 -2.35198e-15 0)
(-1.3983e-21 -7.89967e-22 0)
(1.6793e-21 8.94242e-22 0)
(2.35198e-15 2.35198e-15 0)
(1.17599e-15 3.02398e-15 0)
(-8.39989e-16 6.71995e-16 0)
(6.71995e-16 -3.35997e-16 0)
(6.71995e-16 -1.00799e-15 0)
(-1.51199e-15 -1.65637e-21 0)
(-8.39995e-16 6.71995e-16 0)
(1.67998e-15 3.35998e-16 0)
(3.35998e-16 3.35996e-16 0)
(-3.35998e-16 -1.34399e-15 0)
(-3.02397e-15 -3.62283e-21 0)
(-1.2583e-21 -3.69597e-15 0)
(-6.71996e-16 6.71995e-15 0)
(-5.37596e-15 5.37596e-15 0)
(-3.35999e-16 6.71996e-16 0)
(-9.36669e-23 8.31305e-22 0)
(-2.63414e-22 1.0482e-21 0)
(-8.39993e-16 -4.17562e-22 0)
(-1.17599e-15 6.71995e-16 0)
(-6.71996e-16 -2.01598e-15 0)
(-1.00799e-15 -2.68797e-15 0)
(2.01598e-15 -6.71996e-16 0)
(1.67999e-15 -2.01598e-15 0)
(-8.58092e-22 1.00799e-15 0)
(-1.17599e-15 -5.37596e-15 0)
(2.18398e-15 -2.46084e-21 0)
(2.10731e-22 -1.67999e-15 0)
(-1.00799e-15 -1.66035e-21 0)
(1.34399e-15 1.50522e-22 0)
(3.02398e-15 1.34399e-15 0)
(3.35998e-16 3.35997e-15 0)
(-1.67998e-15 4.70396e-15 0)
(1.17599e-15 -1.00799e-15 0)
(8.39995e-16 2.35198e-15 0)
(6.71991e-16 1.00799e-15 0)
(-1.00799e-15 3.35996e-16 0)
(-1.51199e-15 1.67999e-15 0)
(-2.85598e-15 2.01598e-15 0)
(6.71991e-16 -3.02397e-15 0)
(-5.87622e-22 -2.68798e-15 0)
(-1.51199e-15 -3.35997e-15 0)
(-1.34399e-15 -1.49976e-21 0)
(-1.23573e-21 4.96879e-21 0)
(-3.69597e-15 3.02398e-15 0)
(-2.68798e-15 1.67999e-15 0)
(-6.71995e-16 -2.56363e-21 0)
(-7.13616e-23 -7.07532e-22 0)
(-9.29689e-22 4.8167e-22 0)
(-1.00799e-15 6.71993e-16 0)
(-6.71995e-16 -2.0281e-23 0)
(-2.01598e-15 6.71994e-15 0)
(1.17599e-15 -1.00799e-15 0)
(2.01599e-15 1.34399e-15 0)
(-1.67998e-16 -6.71995e-16 0)
(-1.00799e-15 -1.67999e-15 0)
(1.17599e-15 -1.67999e-15 0)
(4.79448e-22 -4.03196e-15 0)
(5.03994e-16 -1.42996e-21 0)
(1.72964e-21 -1.50522e-22 0)
(4.36796e-15 -1.34399e-15 0)
(1.17599e-15 -2.01598e-15 0)
(-8.39991e-16 1.00799e-15 0)
(3.35999e-16 6.71994e-16 0)
(8.39992e-16 4.62718e-22 0)
(-1.17599e-15 3.35996e-16 0)
(-1.67998e-16 -1.00799e-15 0)
(-1.67999e-16 3.35996e-16 0)
(-2.18398e-15 1.008e-15 0)
(-2.18398e-15 1.67998e-15 0)
(-3.35998e-16 1.58891e-21 0)
(3.35994e-16 9.08591e-23 0)
(-5.97449e-22 1.34399e-15 0)
(-7.35883e-22 3.35994e-16 0)
(-3.02398e-15 -1.17532e-21 0)
(-4.87196e-15 -1.02909e-21 0)
(1.17599e-15 -5.03996e-15 0)
(-3.35997e-16 -1.00799e-15 0)
(-3.35997e-16 1.05367e-22 0)
(-5.03996e-16 2.01598e-15 0)
(-1.68001e-16 2.01599e-15 0)
(-3.35997e-16 6.71999e-16 0)
(3.35999e-16 2.01599e-15 0)
(1.00799e-15 4.03197e-15 0)
(-1.23639e-21 2.01599e-15 0)
(-6.71996e-16 3.02398e-15 0)
(1.5723e-22 3.35997e-16 0)
(6.71995e-16 4.03196e-15 0)
(6.01035e-22 1.42996e-21 0)
(4.12573e-22 1.50522e-22 0)
(1.34399e-15 1.34399e-15 0)
(1.51177e-21 -2.01598e-15 0)
(1.00799e-15 -2.68798e-15 0)
(8.39995e-16 -2.68798e-15 0)
(1.51199e-15 -3.02398e-15 0)
(-2.35198e-15 -2.21728e-21 0)
(6.71994e-16 -3.69597e-15 0)
(2.35198e-15 1.00799e-15 0)
(-6.71995e-16 1.67998e-15 0)
(-3.35998e-15 1.34399e-15 0)
(-1.00799e-15 1.34399e-15 0)
(-3.35997e-16 3.69597e-15 0)
(-1.72282e-22 -1.3274e-22 0)
(3.35996e-16 -3.02398e-15 0)
(-4.36796e-15 -2.68798e-15 0)
(-2.68798e-15 3.35997e-16 0)
(3.35998e-16 1.00799e-15 0)
(-1.07241e-21 1.34399e-15 0)
(-4.18772e-22 1.0386e-21 0)
(-1.84569e-21 -3.35999e-16 0)
(1.95051e-21 -1.63648e-21 0)
(5.57249e-23 1.34399e-15 0)
(1.67999e-15 6.71994e-15 0)
(2.01598e-15 3.36e-16 0)
(-2.35198e-15 1.67999e-15 0)
(-1.67999e-15 4.70396e-15 0)
(6.70697e-24 1.34399e-15 0)
(3.35997e-16 4.15207e-21 0)
(-2.72383e-22 9.17173e-22 0)
(1.34399e-15 -1.50522e-22 0)
(2.01598e-15 -1.34399e-15 0)
(1.00799e-15 -1.34399e-15 0)
(-4.03196e-15 -1.00799e-15 0)
(3.02397e-15 -1.00799e-15 0)
(1.77601e-21 -3.69597e-15 0)
(-3.35997e-16 -2.68798e-15 0)
(3.35998e-16 -4.96029e-21 0)
(1.00799e-15 -5.37596e-15 0)
(2.13071e-22 -1.67999e-15 0)
(-3.69597e-15 4.36592e-22 0)
(3.35994e-16 -6.71994e-16 0)
(-1.43402e-21 -1.00799e-15 0)
(-1.00799e-15 -3.02397e-15 0)
(6.71995e-16 -5.71196e-15 0)
(3.35995e-16 -3.02398e-15 0)
(-3.69597e-15 6.71993e-16 0)
(1.00799e-15 4.03196e-15 0)
(3.35998e-16 -3.35995e-16 0)
(-1.34399e-15 1.20419e-22 0)
(5.60748e-23 3.02398e-15 0)
(-4.3238e-22 -4.70396e-15 0)
(2.25783e-22 -1.31788e-21 0)
(1.00799e-15 2.49118e-21 0)
(1.51199e-15 -3.35997e-16 0)
(8.3999e-16 -2.01598e-15 0)
(-1.00799e-15 1.74021e-21 0)
(1.00799e-15 9.12494e-22 0)
(-2.68798e-15 4.03197e-15 0)
(-6.71995e-16 1.67999e-15 0)
(-1.27788e-21 5.26827e-22 0)
(1.79808e-21 -6.23302e-22 0)
(1.00799e-15 -1.00799e-15 0)
(3.35995e-16 -1.75011e-21 0)
(-3.02397e-15 -2.3522e-22 0)
(1.67999e-15 -1.67998e-15 0)
(3.35998e-16 -3.12322e-21 0)
(-3.36e-16 -2.01598e-15 0)
(1.00799e-15 -1.008e-15 0)
(2.35198e-15 -1.00799e-15 0)
(-1.59515e-21 -2.29878e-21 0)
(-3.02397e-15 -9.42132e-23 0)
(-2.68798e-15 -1.00799e-15 0)
(-6.71996e-16 -9.42129e-23 0)
(3.35999e-16 -6.04795e-15 0)
(4.70396e-15 -1.67999e-15 0)
(-3.35997e-15 9.76834e-22 0)
(4.29962e-22 1.00799e-15 0)
(-1.31024e-22 -9.31201e-23 0)
(-1.28404e-21 1.67867e-28 0)
(-2.91114e-28 1.86819e-21 0)
(-2.20726e-28 4.70396e-15 0)
(1.10351e-28 1.47512e-21 0)
(3.93074e-22 -6.47245e-22 0)
(2.0964e-22 -3.35997e-15 0)
(9.28869e-22 -1.67999e-15 0)
(1.00799e-15 -1.91163e-21 0)
(1.00799e-15 -5.03996e-15 0)
(1.34399e-15 -2.01598e-15 0)
(-1.00799e-15 1.34399e-15 0)
(-2.35198e-15 1.50522e-22 0)
(1.67999e-15 4.21462e-22 0)
(1.39526e-21 2.35198e-15 0)
(-3.35997e-16 2.11355e-21 0)
(-6.71996e-16 1.67999e-15 0)
(2.35198e-15 1.67998e-15 0)
(7.13615e-23 -6.71996e-16 0)
(-2.01598e-15 2.01598e-15 0)
(-1.00799e-15 -1.67998e-15 0)
(1.42957e-21 -2.35198e-15 0)
(9.30273e-22 -4.03196e-15 0)
(-1.37381e-21 1.00799e-15 0)
(3.35996e-16 1.008e-15 0)
(-1.29076e-22 3.35997e-15 0)
(6.71996e-16 -1.91296e-21 0)
(6.71995e-15 -2.35845e-22 0)
(-2.35198e-15 2.67027e-29 0)
(1.00799e-15 2.62053e-23 0)
(-1.00799e-15 -1.44127e-21 0)
(-1.00799e-15 -5.16535e-28 0)
(-3.61253e-22 9.37062e-28 0)
(-5.23127e-28 2.56808e-21 0)
(-9.19716e-30 7.10253e-28 0)
(-2.81546e-23 -3.1446e-22 0)
(-3.35998e-16 -1.93917e-21 0)
(3.35997e-16 -3.03977e-21 0)
(-1.00799e-15 3.61252e-22 0)
(1.00799e-15 1.00799e-15 0)
(2.68798e-15 -6.71993e-16 0)
(-9.34486e-22 -3.35996e-16 0)
(-2.68798e-15 -8.30594e-23 0)
(1.51961e-21 9.89625e-22 0)
(2.85598e-15 6.71996e-16 0)
(-3.35998e-16 1.00799e-15 0)
(-2.51998e-15 6.71996e-16 0)
(6.3816e-22 3.20207e-21 0)
(-6.02088e-22 -1.34399e-15 0)
(-1.67999e-15 2.76384e-21 0)
(-2.06512e-21 2.62057e-23 0)
(1.00799e-15 5.11776e-22 0)
(1.67999e-15 2.35198e-15 0)
(3.35998e-16 3.02398e-15 0)
(-5.03997e-16 4.70396e-15 0)
(-5.03997e-16 3.38308e-21 0)
(1.10805e-21 1.34399e-15 0)
(3.35998e-15 4.51566e-22 0)
(-6.71996e-16 -9.66227e-22 0)
(-5.03995e-16 -6.71996e-16 0)
(-5.03998e-16 -3.35997e-15 0)
(-4.78395e-22 -8.27872e-22 0)
(1.38886e-21 -1.17672e-27 0)
(-1.41506e-21 -2.83013e-21 0)
(-8.61417e-23 -1.28123e-21 0)
(-1.67999e-16 -2.01599e-15 0)
(-3.35998e-16 -3.69597e-15 0)
(6.23341e-22 -6.04795e-15 0)
(5.03996e-16 -7.19777e-22 0)
(3.35997e-15 4.03197e-15 0)
(1.46911e-21 2.68798e-15 0)
(-1.34399e-15 6.71994e-16 0)
(-6.71995e-16 6.71996e-16 0)
(3.02398e-15 2.35198e-15 0)
(6.71995e-16 2.68798e-15 0)
(-1.67998e-15 -2.01598e-15 0)
(6.71993e-16 1.61285e-21 0)
(-6.71994e-16 6.38395e-15 0)
(-5.95461e-22 4.70396e-15 0)
(-3.29113e-21 3.35997e-15 0)
(-3.35997e-15 2.01598e-15 0)
(5.03996e-15 2.35198e-15 0)
(1.00799e-15 5.37596e-15 0)
(3.35997e-16 1.67999e-15 0)
(-1.00799e-15 2.35198e-15 0)
(-2.01598e-15 2.01598e-15 0)
(8.27871e-22 3.35997e-15 0)
(3.35997e-15 3.16097e-22 0)
(-3.02397e-15 -1.34399e-15 0)
(-1.02246e-21 -2.75931e-22 0)
(-1.31026e-22 -7.33737e-22 0)
(7.97767e-22 -6.17012e-28 0)
(2.68798e-15 -1.62564e-21 0)
(-3.02397e-15 -6.04795e-15 0)
(-5.03998e-16 -4.03197e-15 0)
(-1.17599e-15 -3.69597e-15 0)
(2.22176e-21 -1.00799e-15 0)
(1.00799e-15 2.01598e-15 0)
(1.30537e-21 -2.68798e-15 0)
(3.69597e-15 -6.71994e-16 0)
(-3.35996e-16 -3.02397e-15 0)
(-6.71995e-16 -1.34399e-15 0)
(3.35997e-16 -6.71996e-16 0)
(2.01599e-15 -2.01598e-15 0)
(-6.71993e-16 -3.02397e-15 0)
(-1.67999e-15 -2.01599e-15 0)
(3.02398e-15 -1.00799e-15 0)
(1.34399e-15 -1.00799e-15 0)
(-2.01599e-15 -1.34399e-15 0)
(-3.02398e-15 -2.68798e-15 0)
(-1.00799e-15 -1.67999e-15 0)
(5.71196e-15 6.71996e-16 0)
(-3.35995e-16 1.00799e-15 0)
(-6.71995e-16 -3.35994e-16 0)
(-2.68798e-15 2.83887e-22 0)
(-2.19279e-21 -2.35198e-15 0)
(-9.6334e-22 2.01598e-15 0)
(-1.67998e-15 3.61252e-22 0)
(1.34399e-15 -2.01598e-15 0)
(2.85991e-22 1.34399e-15 0)
(-1.67999e-15 2.01598e-15 0)
(-2.25783e-22 4.0641e-22 0)
(1.07276e-21 -3.01054e-23 0)
(-2.01599e-15 -6.71998e-16 0)
(-1.00799e-15 -6.71998e-16 0)
(-8.39993e-16 -2.01598e-15 0)
(1.00799e-15 -3.69597e-15 0)
(8.39994e-16 -2.68798e-15 0)
(1.77686e-21 -3.35997e-15 0)
(2.01599e-15 -2.68798e-15 0)
(1.85073e-22 -1.00799e-15 0)
(-8.44367e-22 -2.01598e-15 0)
(2.4378e-21 -6.69551e-22 0)
(8.39994e-16 -6.71995e-16 0)
(5.03994e-16 -1.34399e-15 0)
(1.67999e-16 -1.00799e-15 0)
(1.51199e-15 1.00799e-15 0)
(6.71995e-16 3.35996e-16 0)
(-3.35997e-15 -2.35198e-15 0)
(-2.68798e-15 -2.68798e-15 0)
(1.51199e-15 -4.36796e-15 0)
(5.71195e-15 -3.35999e-16 0)
(1.26883e-21 -5.10137e-22 0)
(-1.00799e-15 -3.35998e-16 0)
(-2.51998e-15 -1.67999e-15 0)
(-1.34399e-15 -2.29597e-21 0)
(-6.24104e-28 -2.01598e-15 0)
(-8.64292e-22 -6.77348e-22 0)
(3.02397e-15 3.6732e-23 0)
(3.05443e-28 1.34399e-15 0)
(-3.02397e-15 3.35999e-16 0)
(-8.12819e-22 1.50525e-23 0)
(-2.63414e-22 -1.0765e-29 0)
(-2.18398e-15 -1.42724e-22 0)
(-1.68e-16 -1.00799e-15 0)
(3.35998e-16 6.7199e-16 0)
(-3.52797e-15 -1.34399e-15 0)
(1.26579e-22 -4.03197e-15 0)
(2.35198e-15 -3.69597e-15 0)
(2.51998e-15 3.35993e-16 0)
(6.71995e-16 -1.77353e-22 0)
(1.65574e-22 -7.07533e-22 0)
(1.00799e-15 9.18183e-22 0)
(-6.71994e-16 1.34398e-15 0)
(9.31092e-22 -1.00799e-15 0)
(2.18398e-15 -6.71995e-16 0)
(2.18398e-15 1.34399e-15 0)
(3.35996e-16 6.71993e-16 0)
(-5.37596e-15 -2.35198e-15 0)
(-5.03998e-16 -1.34399e-15 0)
(2.90161e-21 3.35997e-15 0)
(5.20796e-15 -1.67999e-15 0)
(6.71996e-16 -1.67998e-15 0)
(-1.00799e-15 -1.00799e-15 0)
(-3.69597e-15 -1.34399e-15 0)
(-1.34399e-15 -2.35198e-15 0)
)
;

boundaryField
{
    outerWall
    {
        type            noSlip;
    }
    axis
    {
        type            symmetryPlane;
    }
    nozzle
    {
        type            zeroGradient;
    }
    back
    {
        type            empty;
    }
    front
    {
        type            empty;
    }
}


// ************************************************************************* //
