time,flux
169.76578890573,1.0007938568096688
169.78622323879972,1.0004088983122248
169.8066573718679,0.9989067971699072
169.82709170469752,0.9988917755623884
169.84752583706722,1.00004027283248
169.86796016943845,0.9990964151600541
169.8883943013352,0.9998618614384184
169.90882853300718,0.9987367907229097
169.92926286444708,1.0004813835294581
169.94969699564535,0.9996857152073955
169.97013122661883,1.0004480021794164
169.99056555736024,1.0004271388356405
170.01099978786078,1.0002028876948252
170.03143391790218,1.0006166972162338
170.05186814794433,0.9995158875890588
170.07230237751355,1.0008497705709885
170.09273660685722,1.000557802977232
170.11317083596805,1.0005285942959457
170.13360516483954,0.9997642805991004
170.1540393934847,1.0005604257975922
170.1949077498357,1.00026166271472
170.21534197778237,1.0011784576497909
170.2357762052634,0.9998038613427211
170.25621043273713,0.9997589157392723
170.27664475975325,0.9996217541563336
170.29707888653502,1.000186793115341
170.31751311307744,1.0013621742941268
170.3379473393943,1.00068465210739
170.35838156547834,1.0000724619914485
170.37881579108944,0.999765711228388
170.3992500167078,1.0000427168241794
170.41968434186128,0.9989323696684211
170.44011846700596,0.9987231997446785
170.460552691693,0.9989761826903508
170.48098681614647,0.9996779659654215
170.50142114036134,0.9986861226023108
170.5218553643499,1.0002371035786182
170.54228948787204,1.0012621494631093
170.56272381138842,1.0008470285315207
170.58315803444566,0.9996850595023054
170.6035922575029,1.0021630882569104
170.62402638008643,1.0001741558899682
170.64446070244594,0.9997571870622166
170.66489492457185,1.0000331196860424
170.6853290464569,0.999965403233101
170.7057633681179,0.9992849005686818
170.72619758954534,0.9993125594015734
170.74663171049906,1.0006460251166276
170.76706603146158,0.981612633967222
170.78750025195768,0.9671407992184442
170.8079343722129,0.9689373280106217
170.82836859224335,0.9909989188571758
170.84880291204172,1.001083430208136
170.86923703159846,1.0001115651984425
170.8896712509304,1.0003898199742798
170.91010556979745,0.9987789465676337
170.93053978865646,1.0003205543252816
170.95097390705632,1.0000573210154922
170.97140812522412,0.9991395809707646
170.99184244315256,1.0001388661168942
171.01227656085393,1.000267144668223
171.03271077832323,1.0006511457963168
171.0531450955532,0.9991811880473571
171.07357921232324,0.9998209117522168
171.09401342909405,1.0003074403469858
171.11444764539192,0.9996262883925104
171.13488186146424,0.999871877440593
171.15531607753655,1.0014634971427414
171.1757502929031,1.0001497149534844
171.19618450827693,0.9996695645208862
171.21661872341792,0.9994463288448986
171.2370529383188,0.9999911550340913
171.25748705276055,0.9989767292039292
171.277921366971,1.0001928718638755
171.29835558117338,0.999911934683387
171.31878969491663,1.0004416797975397
171.33922400842857,0.998891845998961
171.35965822169965,0.9979659991312868
171.38009243451233,0.9984439440311716
171.40052654732426,0.9984141991440374
171.42096085966477,0.9990566648625405
171.4413950720118,1.000280139428534
171.4618291838924,0.9995058782281594
171.48226349553443,0.9997508115773271
171.50269770695013,0.9992742376842642
171.52313181813224,0.9990834889090544
171.54356602884945,0.9989904988811397
171.56400033956015,0.9998006446948506
171.58443444981094,0.9999334535295904
171.6048686598224,1.000082476010223
171.62530296984187,1.0000256090316137
171.64573707939417,1.000556009844681
171.66617128848156,1.0010301397690617
171.6866054975617,1.000500454263901
171.70703980641701,0.9995708520297152
171.72747391479788,1.0012466396289248
171.7479081231868,0.9996379121459998
171.7683424311108,0.9989884721754031
171.78877653880045,0.9984354199452794
171.80921074625076,0.9999317248688151
171.82964485347475,0.9987505726873211
171.85007916022732,1.0000149986309925
171.87051336698642,1.0002274450793824
171.89094757327985,1.000566620245302
171.91138177957328,1.000360253914122
171.93181598539377,0.9998545908328397
171.9522501909887,0.9994924065959102
171.97268429635005,1.0006573451315113
171.99311860123998,0.9988875541515186
172.01355280613643,0.9998417748995053
172.03398691056645,0.9987033623654568
172.05442121499073,1.000881355724398
172.07485541895585,0.9995962454604149
172.0952895226801,0.9995581553143653
172.11572372617957,0.9989596214231525
172.13615802944696,1.000582118583288
172.15659223224065,1.0006166917987946
172.17702633504086,0.9999351821903657
172.19746063737693,0.9995907614331276
172.21789483947214,1.0010557716357305
172.23832894134102,1.0003790903556742
172.25876314297784,1.0007944458136933
172.2791974443753,1.0016115658794977
172.2996315455457,0.9999967582793631
172.3200657462512,0.9998700295618332
172.34050004671735,0.9994155109959038
172.36093414718925,1.0001402967327084
172.38136834719626,1.001093802172788
172.40180254697043,1.0005195291414222
172.42223674627166,1.0005793765696442
172.44267094558018,1.0004147365330414
172.46310514464858,0.9997701248908171
172.48353944325936,1.0015182181976297
172.5039735416358,1.0004457332090129
172.52440773978014,1.0013957813275418
172.54484183768363,1.0007424667724487
172.5652761353631,1.000607631231972
172.58571033280168,1.001137197519148
172.60614442978112,0.9989909161440854
172.62657872652926,1.0002500964964387
172.64701292327663,1.0006826193442266
172.66744711955107,1.0016698634739212
172.6878812155992,1.0009028149616093
172.7083155111759,1.0004879363755281
172.72874970675912,0.9976007432446362
172.74918380187592,0.9725565693576517
172.76961809699424,0.9666091519104756
172.79005229163886,0.9744001728510749
172.81048638605716,0.9974250075936415
172.8309205802434,0.9995205166160246
172.8513548741903,0.9987355258649545
172.87178896767728,0.9991510952110514
172.89222316116502,0.9988255619253423
172.9126574541806,0.9990998329362466
172.93309154696908,0.9978807185122363
172.9535257395255,0.9993983672976383
172.97395993184182,0.9980649534627526
172.99439422393334,0.9999058757120045
173.01482831555768,0.9994539113401761
173.03526250694267,0.9995188514841283
173.0556967983357,1.0003237048799603
173.07613088926155,0.9987374288728359
173.09656507994805,0.9986247945938567
173.11699927017617,0.9992048551837003
173.13743346040428,0.9991007844401872
173.17830183992191,0.999172741925702
173.1987360292187,1.0000406324576048
173.2191702182754,0.9996379084147073
173.23960440710653,0.9990944807265802
173.26003849570407,0.9993443694490042
173.2804727838302,1.0000557375826633
173.30090697196283,0.999395631723809
173.32134105962905,0.9988928808291463
173.34177534705668,0.9999917489426517
173.362209534258,1.0003222776240492
173.38264362122572,1.0004283703134362
173.40307780772127,0.9990176467833695
173.42351209422486,0.9994090717169711
173.44394618026126,0.9992926314222291
173.46438036605832,0.9991646541422061
173.4848146516306,1.0004585805635533
173.50524883696926,0.9983325639460718
173.52568292206706,1.000018153177006
173.54611710670724,1.0001435138211918
173.56655139111535,1.0005833465177765
173.58698547551467,0.999631961515078
173.60741965945635,1.0003103838247906
173.62785394316597,0.9995457314704529
173.64828802640113,0.998834601212779
173.66872220964433,1.0010045059495247
173.68915639242186,1.000773528367922
173.70959057519212,0.9991903447486049
173.730024757504,1.0012316775153647
173.75045893958304,0.999395037033846
173.7708932211899,1.0003176390423385
173.79132730280253,0.9993251014942052
173.81176148395025,1.000042297589501
173.83219556508993,1.0013855832777714
173.85262984577275,0.9993898037621721
173.87306402622198,1.0010208004545091
173.89349810643034,1.0001413729373254
173.91393238618184,0.9996402871745591
173.93436656593258,0.9993614965199367
173.95480074521038,1.000052050504893
173.97523482426186,0.9995403792607865
173.99566910308204,1.00063318153667
174.01610328166134,1.0004940240853442
174.03653736001434,0.9989396234602327
174.0569716379032,0.9994351191373476
174.07740581555117,1.0001344745337555
174.09783989320567,1.000767819344278
174.11827407039527,1.0005533741436448
174.1387083471127,1.0007710306700777
174.15914242383587,1.000432533143177
174.17957660009415,1.0019056991193516
174.2000108763459,1.0004749940065303
174.22044505213853,1.000643529142025
174.24087912769755,1.0011657858674718
174.26131330301723,1.00058810403748
174.2817475778793,1.0007908933148395
174.30218165273982,0.999896836424568
174.32261582712817,1.0004864120538186
174.34305010129174,1.0005204283196982
174.36348417522095,1.0010191353226128
174.3839183489108,1.0007923205707507
174.40435252237512,1.00002707352645
174.42478669537377,1.0005732367884066
174.44522086836514,1.000511864784232
174.46565504089813,1.000195608661945
174.48608921319828,0.9989230910792632
174.5065234852591,1.0013032781869018
174.52695755686,1.00010616729152
174.54739172846166,1.0010010567477399
174.5678258995904,1.0002176121905733
174.58826007049356,1.0009239849285438
174.6086942411639,0.9992387525115874
174.62912841159414,1.0010200868265537
174.649562581566,1.002010602428813
174.66999675153784,1.0000539535127746
174.69043092103675,1.0018480141929473
174.7108650903101,0.9886058891860544
174.73129925935064,0.9697568636450886
174.75173342815106,0.9723057016031506
174.7721675964931,0.9863213203791169
174.79260176483513,1.000619063225051
174.81303593270422,1.000252830757503
174.833470000347,1.000089994691224
174.85390426775848,0.9988216813422597
174.87433843469626,0.9996950964150765
174.89477250164055,1.0002546149364615
174.9152067681207,0.9996922417287428
174.93564093435998,0.9992314477763947
174.9560751003737,1.0000426544761918
174.97650916615385,1.0018468162390253
174.9969434316954,1.0011707313590184
175.0173775967778,1.0007224266593797
175.03781166185945,1.0002629411049344
175.05824592646968,0.9997656309565691
175.0786800908536,1.0009819652252092
175.0991141547711,1.0000941577754607
175.13998258213542,1.0017665281858927
175.16041664535442,1.000428512912283
175.18085080833407,0.9997519522512206
175.20128507108893,1.00011152378399
175.22171913360944,0.9997499301817343
175.24215329566505,0.9998284340559082
175.26258745771338,1.001136594068279
175.2830217193041,1.0009830357325844
175.30345578065317,1.0008899015909507
175.32388994177745,1.0005336605255708
175.34432420243684,1.001272191669125
175.3647582628546,1.0018270713252178
175.3851924232804,0.9990537435521284
175.40562648323976,1.0001976401550534
175.42606074296054,0.999747908112248
175.44649490222218,0.9994972904412109
175.46692906148382,0.9996336017136402
175.48736322027253,0.9994786160347786
175.50779737883568,1.000845535007516
175.528231537166,0.9999259691723061
175.54866559525544,0.9991214234072873
175.56909985288803,1.000423992992255
175.58953401051986,1.0008226975168473
175.60996806768526,0.999295321383109
175.63040232461208,1.0017516600279055
175.65083648131258,1.000928796692246
175.67127053753939,1.0016290274608246
175.69170469377423,0.9998898098120805
175.71213894954417,1.0007664364070226
175.73257310507324,1.000857429533906
175.753007160376,1.001180722761186
175.77344141544745,1.0015029454810906
175.7938755700452,1.0001571987653275
175.81430962464947,0.9997471944406646
175.83474377878883,1.0002641305575735
175.85517803268885,0.9999276344060007
175.87561208612897,1.0003156338568422
175.89604623956984,1.000899060376271
175.91648049253854,1.0011100692744295
175.936914545513,0.9998937350057893
175.95734869802254,0.9992459590985905
175.97778285006643,1.0004627691482861
175.99821700210305,1.001370797292898
176.01865115368128,0.9996604833432816
176.03908530525223,1.0011738239358798
176.05951955636556,0.9990794357291307
176.07995360724453,0.9998105922663232
176.1003877576586,1.0006953071392106
176.12082180806465,0.998287854997877
176.16169020772213,1.0002365352563487
176.18212425720412,1.0001392380304786
176.2025585064548,0.9999027748458456
176.22299265523907,0.9994581574493878
176.24342680401605,0.9988980442016834
176.2638608523339,1.0004345791207419
176.28429510041315,0.9993216082864308
176.30472924826609,1.000040275570914
176.3251632956526,0.9998565051381886
176.3455975428078,0.9996012486018595
176.36603168995498,1.0007715510533703
176.386465736643,1.0001645733716893
176.40689988286613,0.9993164936400831
176.42733412908274,0.9995371371046174
176.44776817483944,0.9995650892416339
176.4682023205969,0.9983859848405944
176.4886365658822,0.9997086561751611
176.50907061070757,0.9982067343278973
176.5295047555337,0.9983688567225928
176.5499388998869,0.9993922617731874
176.57037314424815,0.999220385866852
176.5908071881422,0.998601513658781
176.6112413315641,0.9990036675960264
176.631675574994,0.9987040444762627
176.65210961795674,0.9985839097597239
176.67254376091296,0.997331946805044
176.6929779034108,0.9771949094539697
176.7134120456758,0.9686156446180814
176.73384618746786,0.9719196686443119
176.7542803292672,0.9957312868074281
176.77471447060088,1.0005409424350398
176.79514861169446,1.0008314846123387
176.81558275256248,1.0011142774086264
176.83601679296407,1.0008553288616042
176.85645103335992,1.0002796094630912
176.8768851732966,0.9997559301385998
176.89731921299972,1.0007921416010508
176.91775345246424,1.0008490101355487
176.9381875914696,1.0022756115690978
176.95862163047423,1.0021034560894013
176.97905576900666,0.9998000419997407
176.9994900073143,1.0018887386247666
177.0199240453876,1.0016272864315716
177.0403581829887,1.0001353517550353
177.06079242059786,1.00164063921116
177.0812265577406,1.0006917573116434
177.10166059464245,0.9998793241285482
177.12209473131952,1.0003960886207526
177.1425289675244,1.0015414471342161
177.16296300373506,1.0022295921680153
177.1833971394808,1.0000859345484328
177.20383137499448,1.0036276997236921
177.22426541026653,1.0009684698243684
177.24469954508095,1.0018390233650483
177.26513367989537,1.0004353124107943
177.28556781423686,1.000197942909357
177.3060019483528,1.000041465023553
177.32643608200306,1.0005055337248807
177.3468703156468,1.0001918626257944
177.36730434883066,1.0011251265420422
177.38773848178243,0.9999244493702829
177.40817251449334,0.9999662364171206
177.42860674698022,1.0008686816411927
177.44904087900068,1.0001702835802093
177.4694749110131,1.0004304243396946
177.48990914256865,1.0014550117306291
177.5103432738906,0.9993607713176489
177.53077740473964,0.9993595194945625
177.55121143559518,0.9998191173991531
177.57164566598658,1.000753990802226
177.5920797961371,1.0004009766918518
177.61251382606133,1.0003119184208455
177.63294805575424,1.0001715950139187
177.65338218497345,0.9995551615597851
177.67381621396635,1.0010068590656858
177.69425034272717,1.002082830813787
177.71468457124865,1.0014134035156608
177.73511859931023,1.0000311523857457
177.75555272737256,0.9997397160490993
177.77598695496272,0.9984833029446822
177.79642108232656,0.9994687857668211
177.81685510922398,0.9994484585443224
177.83728923611488,0.9996069631913141
177.85772346254817,0.9987611480592473
177.8781574887471,0.9980502317673994
177.89859161470667,0.9987758718831687
177.91902584044146,0.999541629948327
177.93945986570907,0.9988730371989252
177.95989399073733,0.9989592937706427
177.98032811554003,1.0007715163254363
178.0007622401099,0.999372454999789
178.02119636443967,0.999705320719534
178.04163048831106,0.999649584786876
178.0620646119496,1.0003881007972488
178.08249873534805,0.9999931208081673
178.10293285852094,0.9983834551508833
178.1233668812274,1.0002519501339433
178.14380110392813,1.0001795828374227
178.1642352261697,0.9998143485493
178.18466924817767,1.0021708160935763
178.20510346971423,1.0022690544005497
178.2255375912573,0.9998383716304349
178.24597161233396,0.9984113529225239
178.26640573317127,0.9998086855400995
178.28683995355095,1.0007331270841189
178.30727407392988,0.9988772695531698
178.32770809384238,0.9993850924518995
178.3481423135163,0.9999295162732518
178.3685764329639,0.9982796730559557
178.38901045217062,0.9996551881854534
178.40944457091973,0.998224712061399
178.4298787896696,0.9980873691856303
178.4503128079523,0.999331621722922
178.4707469257628,0.9992291510617038
178.49118114358134,1.000104950337222
178.51161516092543,1.0006381077507962
178.53204927804472,0.999532867186722
178.5524833949312,0.9995799595790211
178.57291751157754,1.0000045064371916
178.59335162776551,0.9995185010265395
178.61378574395349,0.9976619877787356
178.63421995966928,0.9979599216733067
178.65465397492517,0.9904212529044917
178.67508809018182,0.9700518261034932
178.69552220496553,0.9684717620969835
178.71595631952368,0.9815005882158637
178.736390433849,0.9993299593482111
178.75682454793423,1.0002107147793502
178.77725866156106,1.0005134539368985
178.7976927751879,0.9999706010164517
178.8181268883418,1.000682942493057
178.8385610010373,1.0009287874646173
178.85899511373282,1.0013264497656287
178.8794292259554,1.0003061752236255
178.89986323795165,0.9999114979271256
178.9202974497166,1.001278689693446
178.94073156124068,1.0001402686728809
178.96116567230638,1.0012918834133864
178.98159968313848,1.000894221112375
179.002033893732,1.0001707157188975
179.0224680040992,1.0000143611825891
179.042902014,1.0005850940451726
179.06333622389502,1.0010137406930124
179.0837703333309,0.9999379450670969
179.1246384512633,0.9998789613779512
179.14507266000146,1.0008757140844042
179.1655067682732,0.9996274448978191
179.18594077631133,1.0006347645202425
179.20637498387805,1.0005203194472747
179.2268090914513,0.9995226712394683
179.24724309855083,1.0005686168202697
179.26767720542557,0.9993755105170553
179.28811141206825,1.0003826510392082
179.30854541824374,1.000075732875344
179.32897952417989,0.9996669663575504
179.3494136301233,1.0007157775426825
179.36984783536172,1.0002880860962864
179.41071594538516,1.0005561395014118
179.4311501499251,0.9999441538764806
179.45158415423793,1.0010115317896737
179.4720182583187,1.0016325918283198
179.49245246192731,1.0000029584653556
179.51288646554167,1.0000926280008786
179.53332056869112,1.0000794939810285
179.55375467137492,1.0012297356194586
179.57418877405144,0.9996959806014012
179.59462287626957,1.000571601824781
179.6150569782476,0.9993537796842122
179.63549118000083,0.9995797445257266
179.6559251815197,0.9997650536057955
179.67635928257369,1.0009847861492516
179.6967932833868,0.9991401130612847
179.71722748397588,1.0003982924628478
179.7376615843241,1.0005301699621625
179.75809558421315,1.0007972681658444
179.7785297838709,0.999430852500697
179.79896388329507,1.001421134108731
179.81939798247913,1.0003342342660329
179.83983198120404,1.0008315360176354
179.86026617969037,0.9990699057551762
179.88070027795038,0.999083159175207
179.9011342759768,0.999879140478222
179.9215684737719,1.000129045055918
179.94200257109333,1.00095045859737
179.96243656818842,0.9986564826303447
179.98287066505145,1.0002701760692179
180.0033048614423,0.998797971844186
180.02373885760608,0.9997423675715087
180.04417295353778,0.9992562894368692
180.06460714923014,0.9998066048685944
180.08504114469542,1.000041465023553
180.1054752396958,1.0002400872237427
180.12590933445608,1.0003174585406787
180.14634352899157,0.9990404139106034
180.1667775232927,1.0022645769834773
180.18721161712165,0.999693831398153
180.2076458107258,0.9996292956006161
180.22807980409561,1.0012893163095067
180.24851389722608,1.0009272949623615
180.26894798989815,1.000224744300554
180.28938208257023,0.9993755105170553
180.30981617453654,0.9991122928192384
180.33025026651012,0.9992719905605993
180.3506843582436,0.9999248110472466
180.3711184495187,0.9990573687362283
180.39155254056095,1.000036509916064
180.41198653136962,0.9986389905039077
180.43242072170688,0.9993008854042699
180.45285481181782,0.9997938290492856
180.47328880169516,0.9998356191124455
180.49372299133393,0.9992580804395761
180.51415708074637,1.0017196345598727
180.5345910696924,0.9989610127905997
180.55502515839908,0.9995183131328816
180.57545934688096,0.999281064974314
180.59589333489566,0.9993769433192208
180.61632742290385,1.0000091075746491
180.6367616104544,0.98102433064904
180.65719569777139,0.9686709148800465
180.67762968461466,0.9703668443115954
180.69806377123314,0.9929276014259913
180.71849795761227,0.9959661723066566
180.73893194376433,0.9997831384340777
180.75936602968432,1.0005425923325857
180.7798002151394,0.9996610812105716
180.80023420035286,1.0005391885841806
180.82066828534153,0.9999731511959155
180.84110236986453,0.9995912147959425
180.86153645438026,0.9997046730761097
180.8819705384376,1.000041465023553
180.9024046222621,0.99925818488621
180.92283880561445,1.0007366657065557
180.94327278897254,1.0005941262777354
180.96370687186572,0.99996126793394
180.98414085428522,0.9988903411989314
181.0045750367135,1.0006759953841082
181.02500911867537,1.0009021356509467
181.04544310039637,0.9998515716914838
181.06587728189334,0.9997704788786065
181.0863113631567,0.9988661566707906
181.10674544394715,1.0005379942864947
181.12717942451127,0.9989052102051217
181.14761360484408,0.9994545274257833
181.1680476847032,0.999853004848707
181.18848166456883,0.9996254314246454
181.20891574396956,1.0011645825674385
181.22934992313094,1.0004447196372204
181.24978390183242,1.001016250794841
181.27021798030182,0.9999723151875353
181.29065215853188,1.00001447389585
181.31108613653487,0.9997762115074992
181.33152021430578,1.0012784588517956
181.35195429160376,1.0016535877549586
181.37238846867695,0.9988398821216992
181.39282244551578,1.0001995303222908
181.41325652188243,1.0015563122084363
181.43369069825712,1.0005147651965025
181.45412467416463,1.000970449478584
181.47455874959996,1.0007289027715969
181.4949927250418,1.0010693970418665
181.51542690001952,1.0012998964952586
183.72230457082333,1.0000077121742565
183.74273861366964,1.0012678980600012
183.76317265628313,1.0008933964812354
183.78360669842368,0.9994501938207724
183.80404074033868,0.9992294883521399
183.82447478202084,1.0002839965396102
183.8449088234629,0.9967651129154375
183.86534286444657,0.999217144112203
183.88577690519742,0.9985009396598182
183.9062108457074,0.9996910555845677
183.9266449857605,1.0002110045121564
183.94707902581285,0.9995718471998619
183.9675129653915,0.9997460381411954
183.9879471045133,0.9991538724282745
184.00838114363432,1.001205163082157
184.02881508228165,1.001223172552983
184.04924922047212,1.0000168361776882
184.06968325866183,0.9992864984650858
184.0901172963786,1.002271299901452
184.11055123386905,1.0011729607171038
184.1309853711282,1.0014775712369024
184.15141940791364,1.0009026993866952
184.17185334447277,1.0019305511719827
184.1922874808006,0.9993370681050211
184.2127215166547,1.0003317633811057
184.23315545251535,1.0000938236837689
184.25358948791109,0.9992436216123577
184.27402362283465,0.9999547571739469
184.29445755776396,1.0001809489714402
184.31489159222838,1.0002996802840713
184.33532572622062,0.9997825341549222
184.3557596602186,0.998775733174938
184.3761936937517,1.0006856315926336
184.39662782704545,1.0004547883424104
184.41706186011288,0.9997850984173245
184.4374957927139,1.000041465023553
184.45792982507555,0.9992950261284239
184.47836395721242,0.9999788493137274
184.4987978888821,1.0012358149629668
184.51923192054528,0.9992635393714832
184.53966605175083,1.00004450635803
184.5600999824892,1.0000502312229285
184.58053401322104,0.9855785361004757
184.6009680434945,0.9681373013296266
184.6214020733023,0.9699389483224279
184.64183610310283,0.9867412132032961
184.66227013244497,0.9990804710991907
184.68270426155505,1.0010937098895367
184.7031381904235,1.0008428293633551
184.7235722188343,1.0009520684148785
184.74400634701306,1.001219269279183
184.76444027495018,1.0004124251178212
184.78487430242967,0.9997074341615333
184.80530822967557,1.0006085074284077
184.8257423566829,1.0007325181728308
184.8461763834639,1.0002240860333518
184.86661040977924,1.0010816781074168
184.88704443585448,1.000010492119086
184.90747846170416,1.0000401546314408
184.92791248708818,0.9999595059532714
184.94834641223133,1.0003482159043304
184.96878053715045,1.0009925714437968
184.9892144616024,0.9996381025061499
185.0096484860478,1.0012477405259814
185.0300826100356,0.9998767129971003
185.05051663355698,1.0003791888087974
185.09138458012603,1.000560499426484
185.11181860271608,1.000585516003169
185.13225262529886,1.0013723469031828
185.15268664742325,0.9995317224919618
185.1731206693148,1.0002387385996958
185.19355469073344,0.9990650442102351
185.21398871215933,1.0003102145330807
185.23442273311957,0.9994620334569113
185.25485675360687,0.9997104123254245
185.27529077410145,1.001114199657107
185.2957246941296,1.0000293141148773
185.31615881391917,0.9988890942875522
185.3365928332496,0.99885526234575
185.35702675234643,0.9992129398290645
185.37746087120468,0.9994312988055557
185.3978948898366,1.000242550649476
185.41832890800288,0.999045447891832
185.43876282592828,0.9999683213183888
185.45919694362965,0.999887434387108
185.4796309608646,1.001288481808011
185.50006487809878,0.9993359975610424
185.52049899462872,0.9984797158790892
185.54093301116518,1.0003426169562153
185.56136692722794,1.0001090097806018
185.5818009430659,0.9981057180576519
185.6022350586718,0.9994988435626047
185.6226689738105,0.9986458378609318
185.64310298870987,0.9976519054439346
185.66353710338444,0.997554340794864
185.68397101758455,0.9986542958463823
185.70440503155987,0.999321821500921
185.72483904530236,0.9988052291923804
185.7452731588055,1.000367037900122
185.76570707184874,0.9977490531500605
185.7861410846599,0.9981060754373188
185.80657519723172,0.9987266056656569
185.82700910934363,1.0000426562891094
185.84744312122348,1.0000508760214486
185.86787703286973,1.0000200222435374
185.88831114404456,0.9995600746122044
185.90874515499308,1.000513920943228
185.9291791657015,1.0002136028964552
185.94961317618436,1.0003535765993343
185.97004718620155,1.0010046032259166
185.99048119598592,1.0004205257236052
186.0109151052966,1.0001293804216165
186.03134921461606,0.9992629134191561
186.05178322346183,1.0001975208114435
186.07221713184845,0.9995936683008955
186.0926512402366,0.9984228329487703
186.1130852481583,1.0002314718798015
186.13351915583917,1.0001649992617534
186.1539531630624,0.9997885593459254
186.17438727004628,0.9988716422471506
186.19482127680385,0.9991073341374879
186.21525518332783,0.9988060630782699
186.23568928938766,0.9988890942875522
186.25612329520663,0.9999698699636121
186.2765572007993,1.0002082422014515
186.29699120592704,0.9994753756311433
186.31742531081545,1.0019898989676297
186.33785921547678,1.0000990031499277
186.35829321967321,1.0005529944534788
186.3787273236303,1.000721796782823
186.3991612273603,1.0019689326938368
186.41959523085097,1.0017115002070949
186.44002923388325,1.0018524269224192
186.4604632366827,0.9991446803126817
186.48089723901649,1.001180314895488
186.501331241343,1.0001968060521098
186.52176534321188,1.001396529593978
186.5421992446063,0.99810303771015
186.56263324600877,0.9743454579853743
186.5830671469448,0.9673242399533379
186.60350124741672,0.9727030532324293
186.62393524788058,0.9961181651121293
186.6443691478853,1.000578208000801
186.66480324765143,1.0005128415645745
186.68523724695842,0.9996895102230325
186.70567124603258,0.9997082033568897
186.72610514487315,1.0010442266372142
186.74653924347513,1.0009499275161002
186.76697324161796,1.000904921117387
186.7874071395272,0.9997538050783373
186.80784123719786,0.9998767987552446
186.82827523440938,0.999106927395243
186.8487091313873,0.9996015215229025
186.86914312812587,0.9999406173523618
186.88957722440682,0.9997226101670598
186.91001112045342,0.9995349644412074
186.93044511626067,1.0000778987748922
186.9508792116103,0.9994510239356705
186.97131310672557,1.0005860662608939
186.9917471016015,1.000030153891601
187.01218109625188,1.0010825654213031
187.03261519043008,1.000778355504074
187.0530490843812,1.0020447260244847
187.07348307786742,0.9990832335504176
187.0939171713544,0.9999059695692254
187.11435106436693,0.9993592251700409
187.13478505692183,0.9994306638981573
187.15521904947673,0.9991464568248007
187.1756530415587,1.0003486515544537
187.19608703318227,1.0005495134450078
187.21652102480584,0.9995217482765058
187.23695501595648,1.0007685922112313
187.25738900664874,0.9992474235605386
187.277822997341,1.0023477452962455
187.29825688755955,1.0010599431573997
187.31869097755407,1.001386418144892
187.33912496708217,1.0006944149985373
187.3595588563694,0.9991135950098671
187.3799929454326,1.0003974680186665
187.4004269342622,1.0004949818825455
187.42086082261812,1.0010312486016062
187.44129481074924,1.000041465023553
187.4617288986483,0.9997939298306294
187.48216278607288,1.002350007522636
187.50259677327267,0.9995409176685504
187.52303086000757,0.9998409603266395
187.54346484673442,0.9995653259006568
187.56389873300213,0.9994035171814731
187.58433271880494,1.000400563696885
187.60476680460124,1.0009625483580675
187.62520068993763,0.9998298873237814
187.64563467480912,1.0006759599937738
187.6660687596741,1.0000118179513846
187.68650264407916,0.9997249914579971
187.70693662825215,1.0014365443191202
187.7273706119522,0.9986912135298787
187.74780459542671,0.9996567674726459
187.7682385786684,0.9990035793685679
187.78867256143712,1.0003948485986356
187.8091066442139,0.9998258391291882
187.82954052629066,1.0003186472886447
187.8499745083609,0.9998346499056558
187.870408389972,1.0015044111108307
187.8908424713518,0.9998941821790861
187.9112764524907,1.0000331305052725
187.93171033317049,0.9984142693938807
187.95214441361895,1.0002688783080569
187.97257839359372,0.9990535864782494
187.99301237357577,0.9989710747472749
188.01344625285856,1.000798120218853
188.0338803321356,1.0001736266705683
188.0747481895378,1.0004453319665045
188.0951822678835,0.9992945731210955
188.11561624577007,1.0028530552331223
188.13605012342305,1.000868130172407
188.15648410083668,1.0000732552575646
188.1769181777927,0.9996893911584858
188.19735205451434,0.9994119707643001
188.21778603099665,1.002295952218361
188.23822010725416,1.0004341398990997
188.25865408304526,0.9998591772023091
188.27908795836265,1.0001100462025447
188.29952193368808,1.0003472227798913
188.31995600854862,1.0008584859441114
188.34038988316752,1.000438069029146
188.3608238573288,0.9987600923702377
188.381257931258,1.000450094548379
188.40169180494559,0.9991702697341729
188.42212577817554,0.9997015357422655
188.44255975117267,1.0023096446412498
188.46299372392969,1.001135549144656
188.48342769646115,0.9987427089463959
188.50386166852695,1.0000571815437385
188.52429564035265,0.9894902641757531
188.54472961171996,0.9697759447838074
188.56516358285444,0.9692432979941434
188.58559745375533,0.9809506815012702
188.60603152441763,0.9981803044372678
188.6264654946208,0.9982725776684814
188.64689936458308,0.998714323872037
188.6673334340885,0.9996817658941438
188.68776740336034,1.0000122134579876
188.70820127239858,0.9996548925046408
188.72863524119748,0.9985869725439056
188.749069209538,1.0001915279330782
188.7695031776384,0.9993673710187196
188.78993714551325,1.0002703644695405
188.81037111292244,0.9989519036606516
188.8308050800988,1.0001540716600985
188.85123904680222,0.9987369165446279
188.87167291327933,0.9988754453002516
188.89210697951785,0.9996663077497393
188.91254094553005,0.9999269558461575
188.93297481107584,0.9991025611141926
188.9534088763903,0.9994771238439907
188.97384284146392,1.000070716589118
188.99427680607914,0.9997167250822582
189.01471067046077,0.9994074432853679
189.035144734371,0.999092097139519
189.05557869828772,0.9998056688669849
189.07601256173803,1.000290341148463
189.09644662471692,0.9996469256148324
189.1168805874695,0.9991001829381304
189.13731444998848,0.9994812856520995
189.15774841226812,0.9991388282991414
189.17818247409014,0.9982139556285481
189.1986163356778,0.9991930507133596
189.21905029702612,0.9986888773881712
189.2394843579168,1.0008505205199165
189.25991821857315,0.9997152981766209
189.28035217899014,1.000707592138578
189.30078613894875,0.9996009079080286
189.3212201986753,1.0000942605321341
189.34165405792737,0.9986809104983628
189.3620880171875,0.9996464499796199
189.3825220757426,0.9993626146665952
189.40295593430346,0.9988536849892824
189.42338989239943,1.0004434956868695
189.4438237502618,0.9993157645981696
189.4642578078856,0.9998930668372711
189.48469176505023,0.9997822438327721
189.50512572198204,0.9992327662535986
189.52555967867374,1.0005760790023377
189.54599363490706,0.9997865245496841
189.56642759090755,1.0010927377518526
189.58686144643434,0.9984799546211062
189.6072955017371,0.999444186105529
189.627729456799,0.9996170795052516
189.64816331163456,1.0004682287179163
189.66859726600524,0.998999704999502
189.68903132014384,1.0000012738481014
189.70946517380798,0.9992885344822574
189.72989912748017,1.001273003497368
189.75033318068017,0.9992410898698163
189.77076713342103,1.0010194899291365
189.7912009859283,1.0016021430643778
189.8116349382035,0.9999788000843137
189.83206899023935,0.9998634585452966
189.8525028418153,1.000308534195339
189.87293679315917,1.0000881961831753
189.89337084403087,1.0006603853437428
189.9138046946755,1.0003034211168054
189.93423864508804,1.001139231093869
189.95467249525973,1.0013368575246384
189.97510654497455,1.0002754775480742
189.99554049445578,1.0015757453100873
190.01597444346407,1.0003648969680135
190.0364083922468,1.0006991496135569
190.05684234079672,1.0002477717969496
190.0772762888737,1.0005996229453535
190.09771013672434,1.0011505274301642
190.1181441843437,1.001835679953687
190.13857813172217,1.0010324509886757
190.1590119786415,1.0015561253575742
190.1794460250967,1.0012518377304145
190.19987997154385,1.0014097486209452
190.22031381753186,1.001883243474931
190.24074776305497,1.000741362238661
190.26118180857156,1.0007486156756509
190.281615753629,1.0012422061173625
190.30204959822004,1.0014901309718478
190.3224836428053,1.0013872748571573
190.34291758693143,1.0022757614339988
190.36335143059114,1.0016115368598235
190.38378537424433,1.001246962469487
190.4042194174399,1.0014601659534639
190.42465326016827,1.003654984641277
190.44508720289014,1.0011433929019775
190.46552124492155,1.001017944114696
190.48595508695144,1.001818438177236
190.50638902850915,0.980071677118938
190.5268229698413,0.9705965564395681
190.54725691094063,0.9702787358337558
190.56769085156702,0.9922091777839008
190.58812479196786,0.9986276720754637
190.6085588319038,1.0003563266904347
190.6289926715981,0.9991156246134758
190.6494266110676,0.9992616663285969
190.66986045030353,0.9999520129900832
190.69029448906804,0.9997465343137307
190.71072842760623,0.9995048714593834
190.73116236567876,0.9992904950343438
190.75159630351118,1.0007449803530963
190.77203024111805,0.9987974411204176
190.79246417825925,0.99943013037041
190.81289801516687,0.9990111057255621
190.8333320518359,0.9988898590701164
190.85376598804578,1.0003337857270935
190.8741998240148,0.9996033398781896
190.89463385975978,0.9999278111136536
190.91506779503834,1.0001576103030847
190.9355016300833,0.9997177056079839
190.95593556488893,1.000209217245471
190.97636959923693,0.9993329669547445
190.9968034333433,0.9999470302508182
191.01723736722488,0.9988999431852954
191.0581052338166,0.9995373779012543
191.07853916653403,0.9987355127895539
191.09897309901862,0.9998849832833054
191.11940713126387,0.9986569753278072
191.13984096328204,0.9994134026028779
191.1602748948353,0.9983712982766197
191.18070892614924,1.001115482608436
191.20114275700325,1.000041465023553
191.2215766876252,1.000239469591008
191.24201061800704,0.9992963082301528
191.2624445479305,0.9998603068602792
191.28287847762113,1.0028155457909584
191.30331240707164,1.0012062396450467
191.32374633606378,0.9991624860898956
191.34418026482308,1.000199014493643
191.36461419334228,0.9991293864647788
191.38504802140233,0.9987469019078736
191.40548204923107,0.9986503316754539
191.4259159765861,1.0004977415762382
191.44634980394767,1.0007746395153876
191.46678383061226,0.9991801629506211
191.4872177572688,0.9996131867200703
191.5076515834662,0.9990892872773613
191.52808550943155,1.0003069738443822
191.5485195349247,1.0012224928659823
191.56895346019155,1.0000208222465983
191.5893872852248,1.0006526810400467
191.60982130978664,1.00081972144207
191.630255234355,0.9992094662029646
191.6506890582241,1.0008145014295067
191.67112298186112,1.0003212102422818
191.6915570052588,1.000561805366787
191.7119908284294,1.000751979915397
191.73242475112784,1.00041659410821
191.75285877360147,1.0005805499573548
191.77329259584076,0.9996860296226571
191.79372651761514,0.9990197662009511
191.81416043914942,1.0002968897292033
191.83459446022607,1.000798129571922
191.8550282810611,1.0012496606586405
191.87546220167133,1.001359755469065
191.91633004196046,1.0005726013018608
191.93676396139927,0.9997535338760315
191.95719778084458,1.0004378300684102
191.97763179981848,1.000738218064094
191.99806571833324,1.0017951519714976
192.01849963661516,0.9991953484417141
192.03893355466425,0.9998575782173484
192.05936747247324,1.0003304639009167
192.07980138982384,1.0003074483909788
192.10023520694085,1.0000794287512853
192.12066922358645,1.0016747357725961
192.14110314000573,0.9999612666487179
192.1615369561914,0.999458365892911
192.18197097213852,1.0006206491447724
192.20240488762647,0.9998603068602792
192.222838702648,1.000367597172105
192.24327261766302,1.0006656124348055
192.26370663222042,1.0015132712930837
192.28414044631063,0.9993428137966252
192.30457436039433,1.00053297666104
192.3250082737868,1.002229836654035
192.34544228717277,1.0014946453391649
192.36587610009883,1.000989609123673
192.38631001279282,1.001348010440798
192.40674392502115,0.9994571795264193
192.42717783700937,1.0007197107468244
192.44761174877203,1.0015322531569497
192.46804566030187,0.9969753764215015
192.48847957135877,0.9724833495817574
192.50891338195652,0.9690400079147939
192.5293473925558,0.9778548561384882
192.54978130244854,0.9987946328608872
192.57021521234856,1.0001306515341897
192.59064902178216,1.0013035964679633
192.61108303097717,0.9998143477790457
192.63151693994587,0.999159325042015
192.65195074844814,1.0006254469096905
192.67238465647824,1.0002816281672224
192.69281866451638,1.0001962368272512
192.71325247208733,0.9998429301581194
192.7336863791861,1.0011998222700818
192.75412038629293,0.9996454626844355
192.77455419293256,1.001068295886709
192.7949880991,0.9996563738000985
192.8154220050419,0.9997675011411447
192.83585591075098,0.9986333381076079
192.85628981621994,0.9999333026595891
192.87672372123052,1.0011732560754238
192.89715772600903,1.0006165519784436
192.91759153031308,1.000754008315981
192.93802543439233,0.9999220357466762
192.958459238238,1.000231342155906
192.97889324161224,1.0006035060792815
192.99932714476017,1.0012575800236456
193.0197609476745,1.0004318932057554
193.04019495011744,1.0009908506853182
193.06062885233405,1.0006945901752506
193.081062754085,1.0023626862817756
193.10149655559508,1.002185143454085
193.12193055688113,1.0003685612952766
193.14236445770075,0.9995052785679825
193.1627982582795,1.0004970041024837
193.18323225863423,1.000510050001646
193.20366615852254,0.9995845027556226
193.22409995816997,1.0003365395427875
193.24453385759261,0.9996859049718387
193.26496785655036,1.0003803026045228
193.28540165526647,1.0006201099509424
193.30583555352496,0.999993432394819
193.32626955155138,0.9993709058066108
193.34670344933693,1.0000575944988808
193.36713724666333,1.0006370696198534
193.38757114375767,1.0003066525737974
193.40800514061266,1.00056709616071
193.42843893700774,0.9997581318135644
193.44887283317075,0.9997835120173892
193.46930682909442,1.000470912304159
193.48974062455818,0.9995576993627983
193.51017451955704,1.000733846471821
193.53060831455514,1.0004429229205019
193.55104230908182,1.0013149819799596
193.5714762033822,0.9999896372241536
193.59191009720962,1.000290285900303
193.61234389081073,0.9997035762352494
193.6327778839477,1.001085729951953
193.65321177707665,0.9989610273747481
193.6736455695136,1.0009751956063235
193.6940795619521,1.0004656939444942
193.71451345391688,1.0009751956063235
193.73494724565535,0.999935674641255
193.75538113692892,0.9987611879193984
193.77581512796314,1.0004506318609159
193.79624891853746,0.9984805824883257
193.81668280911254,1.0001191474231101
193.8371167989826,0.9999769471222412
193.8575506888592,0.9990444025303036
193.87798447826935,0.9998718683344431
193.89841836744745,0.9997371397758216
193.91885235615337,0.9990128551741474
193.9392861446322,1.0000545109227152
193.9597200328717,0.9984325498595917
193.98015402065357,0.9988214362537116
194.0005878082011,1.0006431181731013
194.04145558212622,1.0000284191243907
194.06188946874317,1.0007352696608205
194.08232335512002,0.9991599180374314
194.1027572410385,0.999242107202154
194.1231911264913,1.0007268491259067
194.1436250119441,0.9991854168403396
194.16405889669113,0.9988874959431061
194.18449268144468,0.999713894355496
194.20492666572682,0.997610183816034
194.22536054978264,0.9987054463502503
194.24579433337203,1.0003277632106236
194.26622831672285,0.9979638462824154
194.28666219984734,0.9995645781096293
194.30709608250618,0.999747457896068
194.32752986492414,1.0003548038016146
194.34796384711808,1.0003014342141325
194.3683977288456,0.9990653945680464
194.38883151010668,0.9985192457894794
194.40926549136202,0.9977706483757302
194.4296993721582,0.9979228109995959
194.45013315271353,0.9858875958864805
194.47056703281123,0.9703462240259496
194.49100101267686,0.9701207218101625
194.5114347920753,0.9908185581323194
194.5318686712344,1.0021254129975017
194.5523026501687,1.0010723731682538
194.5727364288614,1.0024144337596759
194.5931703068636,1.0013160596733723
194.61360418486584,1.002446322423432
194.6340380624024,1.001365677482276
194.65447193969885,1.0036133523268513
194.67490581676975,1.0005518026311964
194.69533979336848,1.0026036239662868
194.71577356974012,1.0018810125670752
194.73620744564687,1.0013982800713397
194.75664122132002,1.0012986874908787
194.7770751967546,1.0006734079086528
194.79750907173002,1.0010423883053194
194.81794294646534,1.0005218177682618
194.83837682074227,1.0026170695595868
194.85881069478637,1.0011635176325706
194.87924456859764,1.0021212484332052
194.8996783419352,0.9998578672318547
194.92011231504875,1.0007087472113971
194.94054618792143,1.000557870996314
194.96097996033495,1.0006766205725388
194.98141393251717,1.0004489973868496
195.00184780423297,1.0022904487311928
195.0222815757079,1.0009060285714981
195.04271544695803,1.0004868354281715
195.06314941773599,1.001661480534876
195.08358318828687,1.0006970864313671
195.10401705860568,1.0006018963903052
195.1244510284596,0.999782072161659
195.14488489807263,1.0011594720558255
195.16531866722653,1.0007288561075716
195.18575253614836,0.9997381657552193
195.20618650483084,1.0001484348321963
195.2266202730534,1.0006793572862194
195.24705414104392,1.000815598032489
195.26748810856225,1.0002034070809096
195.28792187608633,1.0005426405897442
195.30835574291268,1.0003336984496132
195.32878960973176,1.000904124770677
195.34922347609245,1.0012948798892363
195.36965734198748,0.999669747913206
195.3900912076424,1.0013305761546345
195.41052517307253,0.9999112926424006
195.4309589382683,1.0004711290713961
195.4513928029919,0.9996096591997856
195.47182656725636,0.9991946306207555
195.49226053152233,0.9989616529952563
195.5126943953146,0.9997029454400262
195.53312815864774,0.9995088767438113
195.55356212174956,1.0007490839912971
195.57399598461052,1.0000514599778645
195.5944298470131,1.0003595187482512
195.61486360918207,0.9991632179072051
195.63529757111246,0.9995051881297201
195.6557314325837,1.000041465023553
195.67616519382136,0.9988650351035785
195.6965991545876,0.9991088405962484
195.71703301536036,0.9998097962611184
195.73746677543386,0.9992040306373103
195.75790063550085,0.9989927087461529
195.77833459487738,0.9992823244460839
195.7987683542524,0.9994975729264352
195.81920221315522,0.9999362800281795
195.83963617183326,0.9988204147718307
195.86006993004412,0.9983552924336917
195.88050378801563,0.9992535294586625
195.9009376457616,0.999151200164521
195.92137160304264,0.9985961232375785
195.94180536008207,1.0002022172053961
195.96223921666387,0.9996403579880282
195.98267307301285,1.0001585487740592
196.0031069291217,0.9992168812928537
196.0235407847722,0.9993860815908413
196.04397454018908,0.999286013060175
196.0644084953674,0.9982047731812626
196.08484225008579,0.9986897664404731
196.10527620457287,0.998539604150698
196.12571005858626,0.9981163059368505
196.1461439123741,1.0006046331039857
196.1665776656955,0.9989021592195926
196.1870115190104,0.9979903576137704
196.20744547163486,0.9972840475090907
196.22787932425854,0.9979928563523484
196.24831307640852,0.9976740887023421
196.26874702810164,0.9962514140448956
196.28918077979324,0.9982259529653987
196.30961463101266,0.9970531521657399
196.3300484817737,0.998316502491959
196.3504823323019,0.9982715251975572
196.37091618259,0.9970578521740173
196.39135003241972,0.9982461808491245
196.4117838820166,0.9965818019666021
196.43221773114055,0.9754411019525795
196.45265158027178,0.9687415156997604
196.47308532870375,0.9754334819087027
196.49351927712996,0.9975901958172484
196.51395312509703,1.0026219617746424
196.53438697259844,1.0013264078924191
196.55482081985974,1.001156396390569
196.5752546668955,1.0020036462608215
196.59568841369764,1.000542479242111
196.6161222600349,1.0013275428954183
196.63655620589998,1.0010782006576382
196.65699005153874,1.0020276007978004
196.67742379693664,0.9999881198826
196.6978577421105,1.001930707383886
196.71829158681794,1.0013959417603577
196.73872533105896,1.0012681643174703
196.75915917529346,1.0005588471800964
196.77959311907034,1.0017752119730232
196.80002686237276,1.0013503624293978
196.8204607054504,1.0004127304782253
196.84089464829594,1.0012853088364555
196.86132839067432,1.0025127847113722
196.88176223281334,1.001207590999524
196.90219607472682,1.0006638648260036
196.9226300161681,1.0018551400789524
196.9430637571495,1.0010899091096277
196.96349759813165,1.0004282620982117
196.98393153864163,1.0014631458852985
197.0247991185097,1.0001041291364976
197.0452328580941,1.0007954654368876
197.06566679743992,0.9995632703389749
197.0861006363266,1.0000326239475608
197.10653437474684,1.0006196594460426
197.1269683129285,1.0003891343632463
197.14740215088386,1.0014628472002987
197.1678359885991,0.9990789824804023
197.18826972562238,1.000867627732824
197.20870366264717,1.0004170912792214
197.22913749920554,1.000579456445078
197.24957123552304,1.000640029763025
197.2700051716165,1.001136205284587
197.29043900723627,0.9990915869873911
197.3108727423969,1.0003083699393174
197.33130657755828,1.000011835471579
197.35174051202193,1.000508190204141
197.3721742464768,1.0005976164930621
197.39260808047402,1.0015919388571848
197.4130420142319,0.9995372250069978
197.43347584753064,1.0001232449764805
197.4539095805958,1.0015839340991919
197.47434341319604,0.9999617758656233
197.49477734555694,0.9989679313975002
197.51521107769076,0.9997921825227729
197.5356449093524,0.9991916464623027
197.55607884078927,0.9990795201134017
197.57651257199177,0.99922874313927
197.59694640272937,0.9995583719049792
197.61738023299404,0.9993608813831535
197.63781406326598,0.999231132619268
197.65824789306498,1.0000095057285812
197.6786817224056,0.9999805930206066
197.6991155515134,0.9993123749391962
197.71954938038834,1.0006531121660132
197.73998320879036,0.9997209162818358
197.76041693696607,0.9997615971787999
197.7808508649032,0.9987110622977269
197.80128469238116,0.9999230662896573
197.82171841962554,0.998804909124644
197.84215234640578,0.9993335218371776
197.86258617294516,0.9990875248713947
197.88301999902615,0.9994366278990866
197.90345372487354,1.0005054423021433
197.92388765048236,1.0000995293875017
197.94432147563202,0.9992760548432283
197.9647552005481,0.9993793998531371
197.98518902522483,0.9998001275437659
198.00562294944393,0.9990113601964619
198.02605667342868,1.0004396121282018
198.06692442022904,0.9993154215261936
198.08735814328247,0.999373963786142
198.10779196586373,0.9993089699301992
198.1282257879866,0.9994562216350693
198.14865961010946,0.998238303680144
198.1690934317594,0.9985721737728495
198.18952725295094,0.9986982785797381
198.20996107390965,0.9989278478705356
198.23039489462826,0.9995066994000247
198.25082871488848,1.0001643440324446
198.27126243491512,0.9999740219506125
198.29169635470316,0.9983607047930361
198.31213017403206,0.9995227686530106
198.33256389312737,1.000050306099545
198.35299781175127,0.9984567021519514
198.37343163014884,0.9983116607160792
198.39386544808076,0.9890425524475656
198.41429916600464,0.9703173671267878
198.43473308323883,0.9708259926208154
198.45516690047225,0.9841755315204888
198.47560061699915,1.0003395240128081
198.49603453353484,1.0008119543922842
198.5164683496041,1.0015725702952
198.5369020654325,1.0015922573876443
198.5573358808033,1.0014693476980379
198.577769795942,1.0011483104610663
198.59820351060625,0.9990883464568279
198.61863732527854,1.000051218810995
198.6390712392531,1.0012702627236847
198.65950495298603,1.0010483790191758
198.67993876649416,1.0003389256209405
198.70037257976946,0.9990625557673339
198.7208064925726,1.001228375292952
198.74124020514864,0.9997290446294751
198.7616740172598,0.9998539888514315
198.7821079291316,0.9997043908845297
198.8025416405435,0.9998604514836017
198.82297545172332,1.0009906940431386
198.84340916266956,1.000339284656061
198.86384307314438,0.9990773360464638
198.8842768833929,1.0000317710752977
198.90471069316845,0.9998453121693512
198.92514450271847,0.9982498797719362
198.94557831203565,1.0008011833386672
198.9660121208799,1.0007683316251357
198.98644582949782,1.000139720968214
199.00687973765162,1.0004545947689492
199.02731354556454,0.9996307288456272
199.04774725325115,1.0004022354805333
199.0681811604736,0.999727788006553
199.08861496745521,1.0029307403171086
199.10904867397767,1.0008376254034046
199.12948248026805,1.0013103549788145
199.1499163863191,1.0009064404681796
199.17035019191098,1.0012362740656047
199.19078389726928,1.000866826926544
199.21121780215617,0.9999234621472608
199.23165160681674,1.001221972499969
199.25208531124372,0.9990148639354857
199.27251911519852,0.9998342419198004
199.2929530186957,1.0008983621779668
199.31338672219135,0.9999452436112417
199.33382052521483,0.9996343790360196
199.3542544277807,1.0005068343789913
199.3746881301122,0.9990829609300192
199.39512193220435,0.9995284038362663
199.41555573383812,0.9998630844078191
199.43598953523906,0.9993725825939412
199.45642333616706,1.000527658415984
199.4768571368695,1.0003513123326
199.5177247373358,1.0003996623955027
199.53815853710694,0.998274713034442
199.55859223641164,1.0014878380067467
199.57902613547776,0.9986299184470537
199.59945993431757,1.0002509021772155
199.61989363269095,0.9995779506829042
199.64032753082574,0.9990476558098305
199.6607613285014,0.9966313494484317
199.6811951259442,0.9997131274057967
199.70162882315344,1.0002728631587565
199.72206271989126,0.9986447585653704
199.742496416402,1.00107434922623
199.76293021244055,0.9998827715002634
199.78336410825432,1.0003257011606663
199.80379790360166,0.9993940648619883
199.82423159871541,1.0001559373878262
199.84466539358982,1.0011460365719695
199.86509918800584,1.000996079569947
199.88553298218176,0.9983520252637368
199.90596677613212,1.0000068181344184
199.92640056961682,0.9995200263501198
199.94683436263585,0.9990404152682324
199.96726815564762,0.9989283364714295
200.00813574028143,1.0000541509311462
200.02856953213632,0.9988782510721108
200.04900322352478,1.0001648534266536
200.06943711468193,0.9990626156065207
200.08987090559822,1.0000884986243468
200.11030469628895,1.0002438411531778
200.13073838628043,0.9994308061226594
200.15117227626615,0.9989178646137464
200.17160596579197,1.0001633574469844
200.19203975508572,0.9987303884416251
200.2124736439073,1.0004507052218097
200.23290743250254,0.9996038610507715
200.25334112063138,0.9992341745549637
200.27377490852086,0.9985079063452486
200.29420879618556,0.998843963218097
200.33507627034123,1.0001853782677126
200.35551015684177,0.9992548190743962
200.37594384310796,0.9795409854238111
200.3963776291348,0.9698668844382398
200.41681141470326,0.9703761650053266
200.4372452000389,0.9928663703691653
200.45767898490158,0.999047438376688
200.4781127695387,0.9989252484585445
200.49854665370367,0.9981296682866672
200.51898033764155,0.9980425862892043
200.53941412134736,0.9992014467169813
200.55984780458675,0.999309641314104
200.58028168758756,0.9983805673109512
200.60071547036205,0.9977137560542787
200.6211491526701,0.9994704678877153
200.64158303450677,0.9995147265952171
200.6620168161171,0.9978791281167685
200.68245049749385,0.9985526977976947
200.70288427839841,0.9982995260289714
200.7233181590782,0.9992100592222249
200.7437519395171,0.9983687849253053
200.76418561949686,0.9998890117189284
200.7846194992453,0.9988272812113985
200.80505327852734,1.0000369793437385
200.8254869575685,0.9996718450068486
200.84592073615204,0.9992195090543673
200.86635461449623,0.9983900769521576
200.88678829261335,0.9991159795642516
200.90722207026556,0.9984355318409432
200.9276559476857,0.9987323642265263
200.9480896246314,0.998723512485026
200.9685234013523,1.0001256163768706
200.98895717784035,0.9988319463184054
201.00939105385623,0.9997431972204293
201.0298247294122,0.9982833177725755
201.05025850496895,0.9991955256196263
201.07069237982068,0.9996080885444203
201.09112605467817,0.9983447416815003
201.11155982907076,1.000381718789739
201.13199350322247,0.9992431934437871
201.15242737691733,0.9988013838866036
201.17286115014576,1.000554626794317
201.19329492336692,0.9993986970106854
201.2137286961297,0.9998075517734994
201.2341624684268,1.0008403346939605
201.2545962404838,0.9994920589598886
201.2750299123145,1.0000459507033672
201.29546378368104,1.0014069657681122
201.31589755480672,1.0005260380616334
201.3363312257061,0.9996052775184032
201.35676499614056,0.9995120949963927
201.37719886610284,1.0000274098934678
201.39763253583806,0.9990606561798743
201.4180663053412,1.000278069681495
201.43850017437217,1.000568921160659
201.45893394317682,1.0005301050779984
201.47936761174788,1.0020541596517298
201.49980137984676,1.0012969170899997
201.52023524772085,1.000513358540025
201.54066891512775,1.0001498390478682
201.5611026822953,1.0000775896983247
201.58153654900525,0.9996743569875446
201.60197021548083,1.0007527742239841
201.62240398171707,1.0022999749055574
201.64283774749492,1.0008103105437365
201.6632715128071,1.001331725965359
201.68370527811203,1.0009926683804566
201.70413904295856,1.0014489517311747
201.72457280733943,1.0008406935483456
201.7450065714802,1.001774612085698
201.7654403353954,1.000090568265254
201.78587399884418,1.0007364463494597
201.80630786205438,0.9998613799312719
201.82674162480544,1.0020703080990614
201.8471752873229,1.0022030244125029
201.86760914936895,1.000545834861881
201.8880429114215,1.0008799881035197
201.90847657277482,1.0001698750843724
201.92891043412237,0.9999028276127566
201.94934419477795,1.0000357831624547
201.96977795543353,0.9999705314734216
201.9902116156154,1.0010111493812919
202.01064547534043,1.0001814182337614
202.03107923483185,1.0005744235945644
202.05151289408968,1.0002443373692909
202.07194675310893,1.0002571365090278
202.0923805114362,1.0005830360998083
202.11281416975544,1.000620117719607
202.13324792761705,1.001057022933527
202.15368178501376,1.0001393126525704
202.17411544240167,1.0021217438942664
202.19454919909913,1.0016963818297355
202.21498305579735,1.0012636034412448
202.2354167120211,0.9995278845893393
202.25585046778724,1.0006261584350902
202.27628422332054,1.0010753843162337
202.2967180786145,1.0001481643940708
202.31715173344855,1.0001359035359114
202.33758548805054,0.9957141616270934
202.35801934218034,0.9723183713176061
202.37845299608307,0.9711656936035411
202.39888674975373,0.9794658979012825
202.41932040295796,0.9998787196903767
202.43975425592362,0.9999802488890553
202.46018800843012,1.000322700903893
202.48062176069652,1.0008620598411098
202.50105551250454,0.9997601694201547
202.52148926407972,0.9994941629196161
202.5419230154148,1.0008075924121715
202.56235666629073,0.9999306787508769
202.58279051693535,1.0005238481633933
202.60322426710627,1.0002774308258942
202.62365791705088,0.999696325471103
202.64409176653135,0.9989183131939333
202.66452551577095,1.0012080952394302
202.68495916478423,0.9984938614203979
202.70539291333262,0.9995191868809375
202.72582676164166,1.0000430775461202
202.74626050949155,1.0018306483965054
202.76669415710785,1.0002968408197592
202.78712800448557,1.000054663819381
202.80756175140414,0.9996536234845999
202.82799539785628,1.000611103551199
202.8484291440691,1.0000646972931329
202.8688629900571,1.0008862476796185
202.88929663581075,1.00135483479305
202.90973038086668,0.9994318717700739
202.9301642259161,0.9993068116865248
202.9505978705056,0.9991787057270154
202.99146535874752,1.0005405108965884
203.01189910240646,0.9995037186089036
203.03233284559974,1.0000189494306695
203.0527665885529,0.999523546664175
203.07320043104846,0.9989790515439665
203.0936340735352,0.9986658041045133
203.1140678153315,1.0005613542438465
203.1345014568942,0.9995046741778323
203.1549352982256,0.9990041352283459
203.17536903931614,0.999602201931622
203.19580267994752,0.9994603596687619
203.2162365201075,0.9983521386036539
203.23667026004114,0.9991425732768974
203.25710399974196,1.000134214932699
203.27753763897636,1.0001433525605798
203.29797147797217,1.000698478385121
203.31840521650884,1.000096768575304
203.3388388548119,0.9993008991037782
203.3592726928764,0.999885767011226
203.37970643048175,0.9997591541281677
203.4001400678535,1.0002705029511607
203.42057380475308,1.0001759613502732
203.44100764142786,1.0001179105378524
203.46144127763546,0.999884393380891
203.4818750136037,1.0000398525009857
203.5023087493464,0.9999954185457991
203.52274248462345,0.9996417983191067
203.54317621942755,0.9990515553364347
203.56360995423893,1.0001555360644214
203.58404368858464,0.9987223618404832
203.60447742245742,0.9999294842897161
203.62491115610464,0.9990651124706112
203.6453448892862,0.999844498378116
203.66577862222766,1.0002492415424962
203.68621235494356,1.0003575194467342
203.70664598719304,1.0003168480442046
203.72707981920394,1.00034969572613
203.74751345098775,0.9997750404616081
203.76794718230667,1.0008702419000621
203.7883810131534,0.9993317162017301
203.80881474377384,0.9988956781549336
203.82924837416067,0.9998556068669127
203.84968210407533,1.0008128480412795
203.8701159337652,1.0007070187824214
203.89054956298787,1.0009946450299727
203.9109832919712,1.0016518375607146
203.93141712072975,1.0001668237223922
203.9518507490211,1.0000388969320568
203.97228447707312,1.0000118423867619
203.99271820466674,1.0008987297987502
204.01315193202754,0.9999863406409761
204.0335856589154,1.0002550944021846
204.0540193855777,1.0003769891636571
204.07445321176783,1.0003452164967765
204.0948868379637,1.0005021089702646
204.11532056346186,1.0001671820607405
204.13575418872642,1.0015223579708703
204.1561880137524,0.9997549137910465
204.17662173831923,0.9999881323327175
204.19705536265246,0.9987392634659102
204.21748918674712,1.0001533860343317
204.23792291038262,1.0007546777827425
204.25835653378454,1.001011606378458
204.27879025671427,1.0019129467704933
204.29922407941922,1.0015507861465003
204.31965780165774,0.9838389610669783
204.3400914236554,0.9700749117131844
204.3605252451962,0.9712650672470902
204.38095896650339,0.9889793193697973
204.40139258756972,1.0003285927666932
204.42182630817842,1.000041465023553
204.44226012855506,0.9994923302313418
204.46269374845724,0.999551939669288
204.48312746813463,1.000783271362439
204.5035612873471,1.0015378468902343
204.52399490631797,0.9995490158830425
204.54442862506403,0.9998178848794244
204.56486234334443,1.0012970223741675
204.5852961613855,1.0003366480961455
204.60572977896663,1.0001902201074366
204.6261634963157,0.9994720427349438
204.64659731319261,1.000284676303902
204.66703092984244,0.9988722488708445
204.6874646462602,0.999375975472588
204.70789826220425,1.000484030790567
204.72833207792428,0.9995199570279074
204.74876579317788,0.9999517226865449
204.76919950819138,0.9992434503858227
204.7896332227465,0.9983494878239509
204.81006693706877,0.9995095746032803
204.83050065115094,0.9986819044193446
204.85093426477397,0.9991121783503056
204.87136807793286,0.9997157910372563
204.89180179085088,0.9993908927493513
204.91223540354258,1.0013724441254825
204.93266921600298,0.9996343427061286
204.95310292798968,1.0010721295096836
204.97353653951723,1.000589585440944
204.99397035081347,1.0002964907870986
205.01440406186885,0.9988645515560346
205.03483777246583,0.9997691948880689
205.0552713825964,0.9989295312136156
205.07570519272122,0.9996799895730243
205.09613890238688,1.0005511585360016
205.11657251158613,0.9996726502728567
205.1370063205468,1.001224822754633
205.15744002928113,1.0015604018127005
205.17787363754906,1.0000303069005338
205.1983073453448,1.0000133012050239
205.21874115314858,0.9993130842337539
205.23917476048518,1.0002511422657379
205.25960846735688,0.9994034829309395
205.28004227398924,1.0001729160663912
205.30047588016168,1.0000977926606112
205.32090958609479,1.0003239385763432
205.34134329180233,0.9983804560905116
205.36177699704422,0.9989729703235504
205.382210702046,1.000081861009028
205.4026444065894,0.9997182374706455
205.4230782109007,0.9993399353319279
205.4435118149704,0.9981092003298475
205.46394551858248,1.000502229868218
205.48437912172813,1.0003917226819554
205.50481292486802,0.9997138219567235
205.52524662731594,1.0011341257119122
205.54568032976385,1.0009823275035685
205.566114031506,0.9996938924749676
205.58654773325543,1.001566965414476
205.6069814345392,0.9993466779410248
205.62741503535653,1.001596919306217
205.6478488359353,1.0012926068602455
205.66828253628773,1.0008835154622884
205.68871613616648,1.0002091948834797
205.7091499358212,1.000516610123018
205.72958363500948,1.000541492140659
205.75001723396417,0.9993679798122429
205.77045093267952,1.000882143072826
205.79088473093725,1.0000074536325325
205.81131832872052,0.999700873760493
205.831752026279,0.9998203313128136
205.8521858236054,1.001390822210455
205.8726195204581,0.9998520156086588
205.8930531170845,1.001140927990116
205.9134868134788,1.001845739482629
205.93392060940096,1.0011909307018267
205.97478790009336,1.0005864826473774
205.99522169508418,0.9999023166659048
206.0156552896151,0.9987958724138164
206.03608898391394,1.0006394091453334
206.05652267773985,0.9995886958392329
206.0769563713402,1.0003590240112903
206.09739006470772,1.000948256443441
206.11782375760959,1.0011663470297207
206.13825755003927,0.9999838246661394
206.15869114224188,1.0013821105208254
206.17912483420514,1.0012603855424367
206.19955842570926,0.9997612588968309
206.21999221698206,1.0023016114605159
206.24042590802128,0.9993220345998118
206.2608594985868,1.0024053163685744
206.28129328869545,0.997432097431388
206.30172697856324,0.9745457742252397
206.32216066820547,0.9670346186095428
206.34259425738128,0.9739926016801603
206.36302804632578,0.9951304151787687
206.38346173479658,0.9975089475883202
206.40389532304107,0.9976060753031969
206.42432911081414,0.9998324590284049
206.4447627983609,0.9974667181470694
206.46519638567406,0.9975613477823229
206.48563007252233,0.9980955799531878
206.50606385913125,1.0010912532461944
206.52649744528026,0.9973192719712095
206.5469311311972,0.9974461387292205
206.56736491664196,0.9977371650053329
206.58779850185965,0.9980923681365294
206.60823218684527,0.9993623442345374
206.62866587135795,0.9975176908670017
206.649099655413,0.9966990939656863
206.66953323923371,0.9985030048441281
206.68996692281507,1.0000957090382299
206.7104007059388,0.9985899618062529
206.7308342888282,0.9981218692673185
206.75126797147823,0.9994651223676096
206.77170155366912,0.9982365430176446
206.79213533539587,0.9972169101847412
206.81256901688175,0.998433891307884
206.83300269814208,1.0003092353679344
206.85343637893675,0.9983246895414947
206.8738700594913,0.9985482081896923
206.89430373958749,0.999045207078553
206.91473731945007,0.999022605405771
206.93517109884124,0.9984024868783341
206.9556047780061,0.999657593454775
206.97603835693735,0.999287401845839
206.9964721353972,0.9990427089989298
207.01690581363073,1.00153971801666
207.03733939139784,0.9995288828760897
207.0577730689256,0.9984964622546385
207.07820674599498,0.9999985218452669
207.09864042283152,0.9994090940103446
207.11907409919513,1.0000845271580114
207.13950787533395,0.9990907672926349
207.1599414512384,0.999922151982498
207.1803751266707,0.99938637338139
207.20080880187743,0.9996939940435715
207.2212424766185,1.0000886906240503
207.24167615111946,0.9997477622335583
207.26210982516204,0.9992579007150498
207.2825434989718,1.0003852483621858
207.3029771723086,0.999791062280362
207.32341084541986,1.0012069976020732
207.34384441829752,1.0003939321627808
207.36427819070377,0.9997439556360371
207.3847118628837,0.9991511970282838
207.40514543459722,0.9998455442073839
207.42557920607214,1.0002804479741803
207.44601287708792,0.9994106404405877
207.4664464478701,1.0001947995299534
207.48688011841296,0.9987107023213783
207.50731388849817,1.0001522132201852
207.5277474581162,1.0007155896533217
207.54818112772773,1.0011079071103497
207.58904846556834,1.0013683021720339
207.60948213378288,1.0004221247756722
207.6299158020047,1.0010772164178352
207.6503495697616,1.0014790503686661
207.67078313704405,1.0008272894993342
207.6912168041017,1.001211161068112
207.7116505709273,0.9989550382997697
207.73208413727843,1.0012324542229962
207.75251780340477,1.0007699526241713
207.77295136906469,1.000767454544548
207.79338513448602,1.0008212227345348
207.8138187994482,1.0012129454107002
207.8342523641768,1.0027351085944873
207.8546861286668,1.001215800358841
207.87511979269766,1.0003192276864277
207.89555345626286,1.000915317067012
207.91598701982002,1.0010205932797074
207.9364207826875,1.0013313068023746
207.9568544455542,1.0007431874853503
207.97728800772165,1.0010632985456482
207.99772176988336,1.0024970772932402
208.0181554315859,1.0011829684552207
208.03858899281477,1.0009571896397451
208.05902265381883,1.0015403127975226
208.07945641459082,1.0014722698668315
208.09988997489563,1.0027552121876462
208.1203236349611,1.00273475172597
208.14075739456894,1.0011118326640436
208.1611910539359,1.0008128958024574
208.18162461284373,1.0008343079135138
208.2020582715195,1.0011923659928512
208.2224920299559,1.0010025119414818
208.2429255879324,1.002360872475685
208.263359245444,0.9907990423170899
208.2837930029491,0.9714617852690062
208.30422655976145,0.9690258322710511
208.32466021657456,0.9831385514517637
208.34509387268918,0.9982674734081051
208.36552752879652,0.9977158045611607
208.38596118444548,0.9993819511388601
208.4063948396215,0.9986727811323907
208.42682849457196,0.9994282889517827
208.4472621492896,0.9995443112506353
208.46769580354157,0.9982172247311761
208.48812935755268,0.9985721652675023
208.50856311110692,0.9992802686746971
208.5289967644203,0.9984957256528343
208.54943031727453,1.0004048198430442
208.56986406989745,0.9981615245468445
208.5902977222795,0.9972326350898413
208.61073137420317,0.9981951816795044
208.6311649256604,0.998567306315252
208.65159867687908,0.9992690101268004
208.67203232787142,0.9990712152169078
208.69246587839734,0.9979067258312847
208.71289962868468,0.9991603355118385
208.7333332787457,0.99916554999718
208.75376682810747,0.998901270399181
208.77420047746273,0.9994990400369871
208.79463422636036,1.0023604888682376
208.8150677747908,0.9992453079207018
208.835501423222,0.9993541010466943
208.85593517094821,0.9982928347686305
208.87636871868017,0.999614706802748
208.89680236570712,0.9998225751502325
208.91723601274134,0.9994004388596169
208.9581033054128,0.9975405267470618
208.9785369512756,1.0000426501338577
208.9989706969136,1.0001215784801663
209.01940424207714,0.9992276497771583
209.03983788678306,0.999224212957274
209.0602714312554,0.9990372025511562
209.0807051754964,0.9989497414106526
209.10113881949655,0.9981170829104096
209.1215724628055,0.99785268480138
209.14200610610715,1.0004186856336117
209.16243974895042,0.999367729815201
209.18287339132803,1.000040279913248
209.20330693347205,1.0003591930963043
209.22374067537748,0.9997301365464482
209.24417431682377,0.9985878087235274
209.26460785803647,0.9993637004401641
209.28504159877775,0.9985985932273022
209.30547523929272,0.9992874978475572
209.32590877934126,1.0004572017185218
209.34634241915046,1.0008667758399052
209.36677615873487,1.000829918909422
209.3872096978521,1.0009781762085685
209.40764333672996,0.9994460656063567
209.4280770751502,1.0003158180591438
209.44851071310404,1.0000836549504084
209.46894425104983,1.0009003144615347
209.48937788830517,1.0008414144793798
209.509811625554,1.0001282150978739
209.5302451623429,1.0003263655408579
209.55067879866692,0.9995111281620972
209.57111253475887,1.000198492138956
209.59154607060918,1.0004436914610457
209.61197970600188,1.0017851178151944
209.63241334116174,0.9998695055183078
209.65284697584866,1.0012604694832026
209.6732806100772,1.001319250954327
209.69371424430574,1.00217110824151
209.7141479780621,1.0015073279597193
209.73458151135856,1.000232623315738
209.75501514442294,0.999772919028456
209.77544867724646,1.0015362446511595
209.7958824096131,1.0012594028839281
209.81631604151335,1.0013607298149996
209.8367495731727,0.9997705488078461
209.85718330460804,1.001678931931873
209.87761693557695,1.002217801587524
209.89805056630576,1.0014221185287948
209.91848409680824,1.0030482083781875
209.9389178268466,1.0020125404827103
209.95935145641124,1.000334898335053
209.97978498574957,1.0008356074388856
210.0002187148566,1.0013639296128227
210.02065234348993,1.0022164979661887
210.04108587189694,1.0007449465005585
210.0615195998398,1.0016196764166265
210.08195322754182,1.0017759924658465
210.10238675478467,1.001952099857159
210.12282038179546,1.001311547737345
210.14325410833408,1.0007309621989604
210.1636876346456,1.0025550839803068
210.18412126072508,1.0025504620501176
210.20455498633237,1.0023249355590897
210.2249886114805,1.0025965628409794
210.2454221366279,0.9807337199555108
210.26585576107027,0.9715414174453174
210.28628948552068,0.9744585467743937
210.3067230095039,0.99576868866065
210.32715663301497,0.9992880123688896
210.34759035630123,1.0005470028669552
210.3680238791203,1.0002449824832271
210.38845750170003,1.0023936959070932
210.4088911240542,1.0009662322588726
210.42932474594272,1.0002874855478128
210.44975836759113,1.0009529722498653
210.47019198878115,1.001434476326942
210.49062560973834,1.0003414727273425
210.5110592302226,1.0022313791896915
210.5314928504813,1.0002765933975568
210.5519263705064,1.0011781556171138
210.57236008982727,1.0025940167574532
210.59279370915465,1.0002955362675672
210.6132272280156,1.000746021395002
210.63366094663797,1.0003038237731967
210.65409446480044,1.0006698947361476
210.67452808273083,1.000187798694383
210.6949617001883,0.9998700320499588
210.71539541742095,0.9995554620148489
210.73582893418643,1.0005966095077947
210.75626255071256,1.0011774452594884
210.7766962670139,1.0002348006905966
210.79712988284882,1.000120906684659
210.81756339821004,1.0003755698933612
210.83799701334647,1.002575310673318
210.85843062825006,0.9993871072576315
210.87886424268072,1.0005216667783163
210.89929785688582,1.000041465023553
210.91973147062527,0.999975283371454
210.9401650841246,1.0021930198779208
210.96059869739838,1.0006548588330768
210.98103230997367,1.0007205669134254
211.00146592254168,1.001356928952837
211.0218995346513,1.0006756959900882
211.04233304652735,0.9987731214834197
211.06276675793197,1.0007243554874274
211.08320036911027,1.0007637803356366
211.10363387982215,1.000812676618851
211.1240674902947,0.9997517575053315
211.1445012003096,1.0010912552009412
211.16493471009017,1.0015242181736164
211.18536831940582,0.999299851662646
211.20580202848214,0.9993650861712444
211.22623563733214,1.0001300229408516
211.24666914570844,1.0002679507131147
211.2671028538607,0.9994132720968334
211.28753646154655,1.000654266868389
211.30796996876597,1.00004987092212
211.32840357597888,0.9988218993736965
211.34883728273417,0.9981665944642745
211.369270789015,1.000137481695918
211.38970439507102,1.00020058513164
211.41013810066215,0.9992031246326555
211.43057160601893,0.9993109805987772
211.45100521113636,0.9995392421824024
211.4714388157954,0.9999292285187413
211.49187242021435,0.9986198026292731
211.5123060241749,0.9992635050308137
211.53273962790263,0.9980940195935472
211.55317333115818,1.0003978277656234
211.57360683418665,1.001184075263992
211.59404043675022,0.9998407889943802
211.6144739390802,1.0002061495997057
211.6349076411716,0.9998417361378807
211.65534124280384,0.9992736868234443
211.67577474396967,0.9977227393413435
211.6962084448969,0.9979547894989708
211.71664204559784,0.9979943327401175
211.73707564582583,0.997937030558336
211.7575091458275,0.9996497027931505
211.77794284559786,0.9988321995592646
211.7983764446617,1.0001379552676684
211.81880994373205,0.999192114089462
211.83924364233826,0.9993109805987772
211.85967724047077,0.9984609193070609
211.88011073837697,0.9988241488395102
211.9005443360511,0.9974802706052105
211.94141153022792,0.9984122598097217
211.9618451267379,0.9984532237661192
211.98227882300853,0.9991099493907919
212.00271191882348,0.9989740342984674
212.0231454143941,0.997265979388218
212.04357890973915,0.9992172133922258
212.06401260462007,0.9991523340624402
212.0844461990273,0.9989580512518961
212.1048796932082,0.9991989808798407
212.1253133871578,0.9985344413212888
212.1457469806337,0.9972869349381669
212.1661804738833,0.9977428661407296
212.18661406666797,0.9981861292989728
212.2070477592133,0.9920911162412658
212.22748125129874,0.9732112210336779
212.2479148431521,0.9702565260688145
212.26834853476612,0.981233353634915
212.288782125921,1.0022842106816494
212.30921561660944,1.0021687411769262
212.32964920729864,1.0005880444384003
212.35008289728285,1.0010040672836067
212.37051638703997,1.0021618510212946
212.39094997655775,1.0011328419164462
212.4113836656179,1.0000655805682637
212.4318171544437,1.0019601357753891
212.45225074303744,1.00203034408536
212.472684431159,1.0040889562739903
212.49311791882064,1.001195328500278
212.51355150624295,1.0015557549172844
212.5339850934397,1.0016253692483212
212.55441868017078,1.0014447996524578
212.57485226666904,1.0000464544465963
212.5952857526936,1.000762674244926
212.6157194382613,1.001337289465447
212.63615302382095,1.000964627082405
212.65658650892146,1.0009401551503339
212.67702009355708,1.0009446693902306
212.69745377796062,1.0017959599980977
212.7178872618897,1.0010729688399231
212.738320845594,1.0001954243631839
212.75875452905893,1.0009470453059655
212.77918801206397,0.9997347343021585
212.79962159483694,0.999840937735515
212.82005517714424,1.000021269739805
212.8404888592122,1.0018673562659357
212.86092234082025,1.0011403260510117
212.88135592218896,1.0019318623781421
212.90178960310004,1.0007107604861154
212.92222308377677,1.0011813105974412
212.94265666422143,1.0011021926034642
212.9630901441924,1.0000136668094528
212.98352382393932,1.0008004513051132
213.00395740321255,1.0011466222277097
213.0243909820274,1.000430877612527
213.04482456084224,1.0003928629607661
213.0652581389586,1.0005375562290304
213.08569171706768,1.000088508155107
213.1061251947176,0.9990001011568823
213.12655887189612,0.9990691215089853
213.14699244884832,1.0002663454478748
213.1674259253341,0.9994939352424116
213.18785960158857,1.0001893657780594
213.20829317760217,0.9983306868985331
213.22872665315663,0.9997481582260614
213.249160228479,0.999907582171883
213.26959390332922,0.9997153705889179
213.29002747795312,0.9998734877810852
213.3104609521106,0.999606434852466
213.33089462602948,1.0009596376593612
213.35132819948922,1.0001405407097044
213.37176167271537,1.0010218866516196
213.39219524570217,1.0000958734938856
213.41262891823135,1.0002800069633515
213.43306239052617,0.9988331930764953
213.45349596234882,0.9982736649208921
213.47392963371385,0.9994400019552261
213.49436310507735,0.9989843013172442
213.51479667573585,0.9994698196977009
213.5352303464024,0.9983104916147851
213.55566381660174,0.9997200036246012
213.5760973863289,0.9999010484036117
213.59653095583053,0.9988442410846633
213.6169645248665,0.9982926722467723
213.63739809366234,0.9981596209656098
213.65783166223264,0.9987170107970516
213.67826533033804,0.9987613216255101
213.6986987982018,0.9975105207867953
213.71913236560795,0.9972570105778659
213.7395658327805,1.0000363568047226
213.75999949948164,0.9977750790038926
213.78043306595646,0.9987732012041854
213.80086663196562,0.9983915103413503
213.82130019773467,0.9974736940929021
213.84173376327817,0.9978180830786969
213.862167328356,0.9982351750859842
213.88260079319298,0.9980867991483307
213.90303445757309,0.9984107552588041
213.92346802148677,0.9998768140631142
213.94390148539242,0.9989985568116545
213.96433514860837,0.9982628545042975
213.98476871182356,0.9976874077132695
214.00520217433223,0.9971856143100277
214.02563573684893,0.9963912862819085
214.04606929889997,0.9959130738423372
214.06650286047807,0.998701448548987
214.08693642183061,0.9972233401602747
214.10736998295033,0.9965626990061202
214.1278035435971,0.9966352026513784
214.14823710401834,0.9978170684864461
214.16867056397314,0.9982437509016125
214.18910422368936,0.9828825124108665
214.20953778294643,0.9695270262669899
214.2299712419699,0.9703470224375669
214.25040490052197,0.990961547949986
214.27083845884772,1.000783091941012
214.29127191693988,0.9984571922496221
214.31170547456713,1.000377976474929
214.33213913172222,1.0001401692544083
214.35257268865098,1.0003665574302623
214.37300614533888,0.999156994915411
214.3934398015699,1.0001767811462
214.41387335756735,0.9998101078102636
214.4343068130911,0.9985358904139238
214.4547404683908,1.000221150710374
214.47517402345693,1.0006597746617878
214.49560747781652,1.0004160050644846
214.51604103218415,0.9994965688506862
214.53647468608688,1.001386668570531
214.55690813974797,0.9993531292393136
214.57734169295145,0.9998921537689791
214.59777534569002,1.0006584671756424
214.6182087984198,0.999998231160824
214.63864235045912,1.002556502428869
214.65907590249844,1.0016338822307171
214.67950955383276,0.9993660596440787
214.69994300517283,1.0010760442092792
214.720376556048,1.0011342258294404
214.740810206451,0.9997756925007191
214.7612436566269,0.9999209215518496
214.78167720657075,1.0000020979079798
214.80211075604166,0.9999222867086265
214.82254430505418,0.9986748137258723
214.8429778540667,1.0009885009882349
214.86341140237346,0.9997747536230813
214.8838449506875,1.0008876739399857
214.9247120459113,0.998786705158226
214.9451454930604,0.9983922729438859
214.9655791397454,0.9997120241079085
214.9860126861895,1.0000087707069836
215.0064461324073,0.999828171268096
215.02687977816095,0.9986564848736789
215.04731332367373,0.9987739339997168
215.06774676872737,1.0008167146008498
215.08818031331612,0.9982452184847928
215.10861395789834,1.0001268518367148
215.12904750202142,0.9999273748317685
215.14948094567808,1.0008601627371552
215.16991458909615,0.9994246245370115
215.19034813205508,1.0003400749987041
215.2107815747804,1.000106212858174
215.2312151172664,1.0000360344563055
215.25164875929477,1.000262809530577
215.27208220085595,1.0005109578601508
215.2925157424179,0.9995577003593071
215.31294938327483,0.9986793687153932
215.33338282413752,1.0009352455560698
215.3538163642952,1.0007614219838465
215.37424990446016,0.9992137643510502
215.39468344415945,1.0014955837134865
215.4151169833931,0.9992576752792248
215.43555052238662,0.9999803463426098
215.4559840611546,1.0004322906187135
215.47641759944963,1.001109455144094
215.49685113728628,0.9998053903877766
215.5172846748901,0.9992471602531428
215.5377182122611,1.001301090819713
215.55815174915915,1.0019743751338532
215.5785851858309,1.000600919563083
215.5990188220312,0.9994345479375192
215.61945225800446,0.9995160798769516
215.63988579374563,0.9998808811276523
215.6603194290219,0.9995926118781349
215.6807529638245,1.0001711841663017
215.70118639840075,0.9988028116388841
215.72161993274494,0.9999226761757398
215.74205356661696,0.9999711467003427
215.7624870002619,0.9993965060786907
215.80335416638263,1.00063644544984
215.82378759886342,1.0000400921598076
215.84422113111214,1.000156906266776
215.86465466288792,1.0005286695084132
215.88508819443814,1.00006361057092
215.90552172575553,1.0000012315701177
215.9259552566,0.9993083081726097
215.94638878698606,1.0008296154445482
215.9668223171393,1.0000577019146566
215.98725584705244,0.9994975771783644
216.00768927650643,0.9999002788952532
216.0281229057291,1.0000719710703425
216.0485564344781,1.0001606239637169
216.06898986300075,1.0016123694966919
216.08942349128483,1.0014718405766667
216.10985701910977,1.0008038099723917
216.13029044646828,0.999956865324079
216.15072397359472,0.9978366939876993
216.17115760048182,0.9757319002905012
216.19159112690977,0.969640702664816
216.2120245528713,0.9754201703227146
216.23245817882707,0.9986850318665422
216.25289170409087,1.0028419220976177
216.2733251293539,1.0001717384596607
216.2937587539127,0.9999928075183667
216.314192278478,0.9985592869390333
216.3346257025769,1.0009565120751143
216.3550592262036,1.000782417277933
216.3754928496055,0.9990920721545321
216.39592627277307,1.0003428624583084
216.41635979546845,1.000629280488743
216.43679341793904,1.0004308815740304
216.45722683994245,0.999823946248211
216.4776603617065,0.9999803224110275
216.4980938830122,1.0006454750792333
216.5185275040858,1.0007446689758037
216.53896092468494,0.9994597715613707
216.5593944450593,0.9990705000803319
216.57982806496148,0.9992143917442898
216.60026148463658,1.0003049774928632
216.6206950040796,1.0003762722653589
216.64112852305698,0.9997837977903259
216.66156204179424,1.001387991708852
216.68199556007312,1.0001096000767717
216.70242907811917,1.0003858403911596
216.72286259569228,1.0013017464526008
216.74329611303983,1.0002006676524342
216.76372962992173,0.999907936315098
216.78416304656275,0.9992092773873179
216.80459666274692,0.9993898049587314
216.8250301786975,1.0000813586492598
216.8454635944072,0.9999465652543413
216.86589720966003,0.9992087237475149
216.88633072467928,0.9982763094099047
216.90676413922483,0.9988619826381969
216.92719765331276,1.0002131275455923
216.9476311674007,1.000370693969629
216.9680647807836,1.0013556017780583
216.98849819417228,0.9993905778872323
217.00893180709681,1.0007149898324164
217.0293652195469,1.0008450347385607
217.04979873177217,1.0010403642920918
217.07023224376462,1.0005212368121146
217.09066575528414,1.0002783080664899
217.11109926634526,1.0010902301310798
217.1315326771728,1.0002957606018368
217.15196628776175,1.0001139857501529
217.17239979789156,0.9992096760058794
217.19283320778777,1.0012760702517296
217.21326681721257,1.000494905864938
217.23370032641105,1.0011687391985062
217.2541338353767,0.9992154251117639
217.27456724387594,0.9998641705429295
217.29500085190375,0.9980788752405026
217.31543435970525,0.9987501074626586
217.33586776726588,1.0016157260319176
217.35630137436965,1.0002556380451264
217.37673488123983,1.0000807152804922
217.39716828764358,0.9998581777402541
217.417601793808,0.999380280919618
217.43803539951477,1.0006333554980655
217.45846880497993,1.0001768444223118
217.47890230998746,0.9984180592023024
217.49933591476292,1.0009967005705023
217.51976941929752,0.9984765484011745
217.54020282337297,0.9998953950665326
217.5606363269835,1.0003381402136706
217.58106993058755,0.9998122365046634
217.60150333349884,0.9998909762929594
217.62193683617807,1.00001105662549
217.64237043861795,0.9995535712326267
217.66280384083075,1.0008940536918347
217.68323734234582,0.9995404434127082
217.70367084385362,0.9996670996182069
217.72410434490303,1.000456438082036
217.74453784548678,0.9996360529627177
217.76497134583042,0.9996147462600465
217.80583834560093,1.000354623950053
217.82627184501325,1.0005146878628128
217.84670524396643,0.9987882233478854
217.8671388426883,1.0005252341301736
217.9080057389583,0.999746676234226
217.92843933651602,1.0005883785441354
217.94887283383287,1.0007662753419224
217.96930633092416,1.0020443921471416
217.98973972754902,0.9995208353151218
218.01017332370247,0.9991643922436949
218.0306068196296,1.0007348902841844
218.05104021532316,0.999771864942146
218.07147381054529,0.9991997859834373
218.0919073055411,1.0000199702758508
218.1123407000705,0.9988281390360912
218.1327742943613,0.9879456902402689
218.1532077884258,0.9717916386360791
218.19407467514975,0.9879813040010336
218.21450826805085,1.0003832609152863
218.2349416607176,1.0001704758865166
218.25537515291944,1.0002599580798501
218.2758087446491,1.0001501698935207
218.29624213638454,1.0005508857139087
218.31667562741495,1.0003240987874558
218.33710911845264,0.9979127245148223
218.35754260879185,0.9995465221553976
218.37797609913105,0.9986136440332711
218.3984095889973,0.999075192607275
218.4188430784052,1.0003518896677566
218.43927656757296,0.999352087386744
218.45970995651442,1.0008810819539549
218.48014354499173,0.9985945618827262
218.50057703323546,1.0022907354200543
218.52101042100549,1.0006189212039667
218.54144390855072,1.0004117725971713
218.56187749562378,1.0012816062543741
218.58231098247052,1.0013461571380795
218.60274436885084,0.9997646786475045
218.62317785499908,1.0001999551915794
218.643611440908,1.0001376776528237
218.66404482635699,1.0004553449837663
218.68447831134108,1.0001284264268158
218.70491189608583,1.0003502324725249
218.7253452806035,1.0007305946426155
218.74577876465628,0.9998004195137203
218.76621224846895,1.0000609050509965
218.78664573182323,0.9991551262073917
218.80707921494468,1.0001036574950113
218.8275126975932,1.0000439692814513
218.8479462800169,1.0004086813620694
218.86837966220628,0.9993403329252691
218.88881314392347,1.0012412012905663
218.90924672518304,1.000137983401963
218.92968010644108,0.9996911063252533
218.95011358699412,1.0004706821061238
218.97054696732084,0.9998119036516753
218.99098054741626,0.999169227463586
219.01141402703797,0.9993307908173276
219.03184750643413,0.999095119036692
219.05228098559746,1.0003063567431547
219.07271446428786,1.0004030238177415
219.09314794251986,1.0000861655169644
219.11358132051828,1.0004716567265337
219.1340148982781,1.0007490339975085
219.1544483755788,0.9986475302017744
219.1748817526459,0.9996137299152049
219.19531532924157,0.9995643854135302
219.21574880561093,1.000112028283013
219.23618218151387,1.0003722394488537
219.25661565717746,0.9999728079299597
219.27704923238343,1.0005781949609
219.29748260735505,1.0011882344508096
219.31791608208732,1.0009728532586424
219.33834965636197,1.0001307402114674
219.3587831301702,0.9985754760009344
219.37921650373755,0.9985167519269057
219.39964997708012,1.0002237117355628
219.4200835499505,1.0009269608298283
219.44051692259382,1.0006059863729642
219.46095039477223,0.9996168206618219
219.48138396671857,1.0004144467852814
219.50181733842328,1.0002636578652118
219.52225080967037,0.9995871647120042
219.5426842804518,0.9998145572861622
219.56311775099311,1.002141151581375
219.58355122130888,0.9997339047326415
219.60398469115898,0.9996227438997013
219.62441816076898,1.0018584198407914
219.6448516299206,1.0010503270877393
219.66528509883938,0.9996692313176195
219.68571866728598,1.001075727634846
219.7061520355055,1.000330902930202
219.72658550326014,1.0005646846889764
219.7470188707739,0.9999505051930133
219.76745243806363,0.9983519069520086
219.78788580488617,0.9989517650525217
219.8083193712373,1.0002297123754758
219.82875283736212,1.000459697767733
219.8491863032541,0.9996958966176307
219.86961966867239,0.9991211702757613
219.89005313386588,0.998836506081691
219.9104866988273,0.9991901749869033
219.93092006308143,1.00023455930141
219.9513535273436,1.0005087317198864
219.97178709114087,1.000169582243405
219.99222045446368,0.9992362128492581
220.01265391779452,1.0012979844181853
220.03308728042612,1.0006102923725506
220.05352084281913,0.9993367971921798
220.07395430498582,0.9998064837825982
220.09438776668685,0.9993854665533463
220.11482122814778,0.9782312214065955
220.13525468938315,0.9709389835356084
220.15568814992002,0.9734656165354122
220.17612151044887,0.9949738445940649
220.19655507052084,0.9994235545367809
220.2169885301264,0.9998729568375215
220.2374218897312,1.000218204671346
220.25785544863174,0.9995079064559712
220.27828890730598,1.000904560118852
220.29872226573934,0.9996570164175845
220.31915572371508,1.0003316412060734
220.33958928145876,1.001340972116538
220.36002273896156,1.0000527959562806
220.38045609600522,0.9992703526334383
220.40088965258474,1.0009839708157653
220.4213231089234,1.000769331485281
220.44175646503572,0.9995911466529954
220.46219002068392,0.9997135122219798
220.48262347585842,0.998967879458354
220.50305683103943,0.9997793352403507
220.5234902855227,0.9988186102739598
220.54392383999948,1.0003583445996753
220.56435719401634,0.999853112832529
220.5847906475683,1.000291253097509
220.6052242008809,1.000273896596507
220.62565755396645,1.0006703560483194
220.64609100658708,1.0001442358587591
220.66652445873478,0.9997580172605774
220.6869580106577,1.0017366497198052
220.70739136234624,1.0002389041856885
220.7278248135699,0.9997149943911171
220.7482583645542,0.999884880770928
220.7686917150786,1.0003428270423524
220.78912516536366,0.9989922287601072
220.8095585154224,0.9987503457846535
220.829992065017,1.000890439092993
220.8504255141379,1.0003587655263724
220.89129241169576,0.9999842564030451
220.91172585988534,1.0004654429547029
220.93215930784936,1.0006861927340327
220.95259265534696,1.0000593631712973
220.97302620260598,0.9994445482285405
220.99345964963868,0.9997795469925357
221.01389299597213,1.0002135949815085
221.03432654229982,0.9994578816702687
221.05475998816837,1.0016268542587548
221.07519333380333,0.9993586423187343
221.09562677897338,1.000437882799636
221.11606032367126,0.999748615441381
221.1364936683749,1.000042479395952
221.15692711237352,0.9988353257119459
221.1773606563802,1.0006495972502842
221.19779409992043,1.001347918017789
221.21822744299425,0.9996750377586339
221.23866098582948,1.0005273632607448
221.25909442820557,1.0002791324089315
221.2795277703408,1.000418823016412
221.29996121225122,0.9997354667798288
221.32039465369598,0.9996982258123417
221.34082809490792,1.0000218322707723
221.36126153564692,0.9996756592171729
221.38169497616036,1.0006470517283048
221.40212841620087,1.00075626402961
221.42256185601582,0.9998750845414607
221.44299519559718,0.9990522181421991
221.4634287347144,0.9995122862543988
221.48386217335792,1.0000212935483466
221.50429551200796,1.0010240156081383
221.52472904995375,0.9994538511160365
221.54516248767322,1.0000144885785518
221.5655958251591,0.9988881484825549
221.58602926241292,0.9990840089852436
221.60646279896173,0.999854295866276
221.6268961355163,0.9992031851362045
221.64732957160595,0.9988474373668413
221.66776310722344,0.9995144278145882
221.6881965426146,1.0002467949673126
221.70862987777218,1.0000858146238507
221.72906331245758,1.000110467572397
221.7494968469182,1.0002536645145672
221.76993018091162,1.000301179091731
221.7903636146657,1.0006348542105412
221.81079714796215,1.0010437605940696
221.83123048102425,0.9998471025543616
221.851663913847,0.9997219127028492
221.87209724621061,0.9995383855174975
221.89253077811009,1.0018444651882092
221.9129642097687,0.9997843885620946
221.93339764120174,0.9999537019457646
221.95383107216912,1.0004572987172637
221.9742645028964,1.0020271560964817
221.9946979331653,1.0015534296136366
222.0151312632006,1.0000120296176636
222.03556479299732,1.0002652522765498
222.0559982223349,0.9997546204972901
222.07643155120604,0.99235805654255
222.0968650798386,0.9727436672346033
222.11729850824486,0.9699587313386479
222.13773183618468,0.9814336613702924
222.15816536388593,0.9999032321567748
222.17859879112802,0.9999158894808481
222.1990322181373,0.9988300974160481
222.21946554467286,1.0021562084550684
222.2398990709844,1.0000358515616372
222.26033249706234,1.000307094308136
222.28076582266658,0.9991670971186124
222.30119934781396,1.000459881244909
222.32163277272775,0.9991862332839262
222.34206609740068,1.0006258105340757
222.36249952161597,0.9983713195573154
222.3829330455992,0.9992521939847059
222.4033663693408,1.000621699759097
222.42379979239195,0.9995819842833218
222.44423331544385,1.0010126386221336
222.4646666380213,0.9993888127420963
222.48510006014112,1.0001551293323518
222.50553348226094,1.0009564627672232
222.52596700367576,1.000744668283378
222.5464003248635,1.0008032705391516
222.56683374581917,1.0003153327479484
222.58726726630266,0.9993086162975677
222.60770058655908,0.9985511459883067
222.62813400658342,1.0007519255921469
222.64856742613483,1.000163678997218
222.66900084522786,0.999473817136168
222.68943426408805,0.998911179372683
222.70986768270814,0.9985919520088944
222.73030110086984,0.9997319199271603
222.7507345187987,1.0000691223343108
222.77116793625464,0.9994689019196948
222.79160125348426,1.00125768222687
222.81203477024974,0.9998310752182418
222.8324680867736,0.9992677028023321
222.85290150307264,0.9999067595129145
222.8733350189068,0.9990845448235767
222.8937683342665,0.9986580810327353
222.91420174963423,0.9997549069771539
222.93463526430423,1.0000733646215403
222.95506857896544,0.9999181077133839
222.9755019929362,0.9999148219482077
222.99593540690694,1.0008424835756315
223.01636882040475,1.0009152445939378
223.03680223344418,0.9994064555932952
223.05723564625077,0.9995009601278776
223.07766915881803,0.9997124906333363
223.09810247092537,0.9995115339185365
223.11853588280064,0.9999186448712689
223.13896919420222,1.0000498282540025
223.15940270537976,0.9997209148265944
223.17983611609088,1.0003317279038777
223.2002694265684,1.000870137181825
223.22070293657453,0.9999903302523968
223.24113634635432,1.0014329719675237
223.26156975589402,0.999627072796644
223.28200306497456,0.9999403314606693
223.3024365738238,0.9992972730806907
223.32286998219934,1.0015730314998996
223.34330329034856,1.0005476041979395
223.36373679803364,1.0005657612007106
223.38417020547786,0.9997838880653425
223.40460351246293,0.9999410511994002
223.42503691921593,0.9998166851793294
223.44547042572958,1.000524293582845
223.46590373178333,0.9910567524557058
223.87457178274053,1.0007394023157736
223.8950051815773,1.0000055675274708
223.9154384804133,0.9991316605490296
223.9358719785523,1.0007534458538507
223.9563053766833,1.0022012416936512
223.97673867435515,1.0011447969838656
223.99717217155558,0.9997001088095739
224.0176055685297,1.000302961665651
224.03803896527097,0.9987107523630114
224.05847226154583,0.9821662601993792
224.0789057575821,0.9701411037983804
224.09933915315924,0.9717498957027135
224.1197724484955,0.9901146380754446
224.14020594360773,0.9998596495108931
224.16063923825277,1.0002249517576927
224.18107263243292,0.9995554559209269
224.20150602637295,1.000257261392204
224.22193942008744,1.0002674725161103
224.24237281332898,1.001524353416855
224.26280620634498,0.9996323440199896
224.2832395988953,0.9995510044498374
224.3036729912128,0.9978257062237794
224.3241063832902,1.0005439741437216
224.3445397749092,1.0002592708668583
224.36497316605528,0.999922441482545
224.3854065569758,0.9989708121885879
224.40583984766272,1.0002568092792845
224.4262733378855,0.9985135467122541
224.44670672786742,0.9992768074374355
224.4671400173902,1.0004399965927973
224.4875734066809,0.9991782016842873
224.50800689573225,0.9999617510555158
224.5284401843237,0.9992731280791465
224.54887357245025,0.9999395446121055
224.56930706033745,1.0002200440698266
224.58974044799834,0.9998450404227602
224.6101737351928,1.000207494939114
224.63060712214792,1.0014192084899638
224.65104060864542,0.9996232856382737
224.67147389490856,0.9994606919741962
224.69190728093236,0.9991751444102399
224.71234076649853,0.9998906274962239
224.73277405159752,0.9998615060037424
224.75320743669,1.0015583091369573
224.773640921092,1.0002999511196555
224.7940742054925,1.0000424795853065
224.814507589188,1.0001002472204974
224.83494097289076,0.9989027555097448
224.85537445612135,0.9998996255303708
224.87580773889204,1.0008865524855017
224.89624112143065,1.0009365092292914
224.9166746037372,1.0010018526863604
224.93710788556928,1.0001237352524663
224.95754126717657,0.9998334442748037
224.97797454831743,1.0010754260535089
224.99840802921972,1.0008880539159704
225.01884140966285,1.0003392156142965
225.03927478987316,0.9997298887441596
225.05970816984336,0.9994128641266858
225.08014154935518,1.0005191320143065
225.10057492863416,1.0002446199338895
225.12100820743944,0.9992486408573271
225.1414416860207,1.0001251693601934
225.16187506413553,1.000066801272161
225.1823083420095,0.9994274279996744
225.2027418194266,0.9997970807993789
225.2231751966101,1.000223844145357
225.24360847355274,1.000146950027848
225.26404185003776,0.9989761120205779
225.2844753262907,1.0005029945179778
225.3049086020692,0.9992874554159685
225.32534197762288,0.9999579442249388
225.34577545271168,0.9999473439672858
225.3662088275596,0.9989276741763031
225.38664210194838,0.9990421913875742
225.4070754761051,1.0002696753484015
225.42750895002246,1.000858235876443
225.4479422234799,1.0000157423651352
225.4683755967053,0.999445720691997
225.4888090694585,1.00016529471759
225.50924234198465,1.0000288451401924
225.52967571404588,1.0003999145159574
225.550109085867,0.9997236388937084
225.57054245746258,1.0006845605180865
225.5909758285925,1.000271050112546
225.6114091994823,0.9999269791657956
225.63184256991372,0.9994050753032546
225.6522759401123,0.9990577948196893
225.67270930983796,1.000799801176207
225.69314267933805,0.9994959086542385
225.7135760483725,0.9984535217207822
225.73400931716606,1.0016151527921362
225.75444268573483,1.000541483734105
225.7748761538387,0.9998017067325249
225.79530942170095,1.0010070423924033
225.81574278910557,0.9999664373513285
225.83617625627812,0.999550197811964
225.8566095229762,0.9995138481951791
225.8770428894495,0.9996704412195363
225.89747625568998,1.0011518494061151
225.91790972145827,0.9995559080064133
225.9383429869995,0.9990983503635162
225.9587763520758,0.99960162615619
225.97920981691277,1.0007760921838549
225.99964308128983,1.0006777732302934
226.02007644543482,0.9959870227885629
226.0405097091134,0.9739787152524425
226.06094317255338,0.969490750836609
226.08137653576705,0.9755771209441955
226.10180989850778,0.9999658999968104
226.12224326102296,1.00120072278433
226.14267662307248,1.0010364786760373
226.16310998488188,1.0012794280955453
226.18354324623215,1.0007411597610303
226.2039767073511,1.0006181757537342
226.2244100682292,1.0001770795012417
226.24484332864813,0.999230321934206
226.26527678860293,0.9999379263493059
226.28571014831687,0.999398658789465
226.30614340780448,1.001824601114349
226.32657676706003,0.9998020061905473
226.34701022561057,1.0004630120622393
226.36744358416763,0.9995395747259412
226.38787684225827,0.9993976182524592
226.40831030011032,0.9992541665964702
226.42874365750322,1.0003525457903284
226.4491769144297,1.0033506825011596
226.46961027134967,1.0012461954161003
226.490043727812,0.9997039528047849
226.51047698380717,1.0000412276771031
226.53091033957026,1.0008211249807393
226.551343795094,0.9994524176196175
226.57177705015783,1.0000945034707829
226.5922104047495,0.9995342437060286
226.61264375934843,0.9993397991850941
226.63307711324887,0.9998280297664859
226.65351046714932,1.000069463355793
226.67394382057682,0.9997724080194432
226.6943772735467,0.9991363502841831
226.71481052627496,1.0011197327351822
226.73524387877842,1.000579736287058
226.75567733081698,0.9985404875321968
226.79654393395322,1.001172358515593
226.81697718505893,0.9991094906585269
226.85784398610122,0.998407448130111
226.87827733627637,1.0020369296614373
226.89871068598586,1.000520334899056
226.91914403545525,0.9999463615743875
226.93957738446625,0.9989863617027974
226.96001063324366,0.9987648051435721
226.98044408154965,0.9994835005190571
227.00087742962933,0.9998169121267326
227.0213106774754,1.0011928728740587
227.04174412485008,1.0003998430395162
227.06217737199768,1.0005967370406952
227.08261071868037,1.001047169324522
227.10304406512296,1.0014271785334299
227.12347751110792,0.9996462701000932
227.14391075685853,0.999741103114031
227.1643441023698,1.0004419880299509
227.18477744742268,0.9994089892041578
227.20521079200262,0.999150975464626
227.22564413658984,1.0013184024378634
227.2460773804778,0.9992199304962933
227.2665108243673,0.9984542906171028
227.28694416778308,0.9988673317569596
227.30737741073972,0.9985861538519221
227.32781085345778,0.9993506324957324
227.34824419594952,1.0000789091355502
227.36867743797484,1.0004238387189959
227.3891107797681,1.0006934037785153
227.40954422108916,1.0009660055450866
227.42997756218392,0.9996424173367014
227.45041080281226,1.0007768598460052
227.470844243202,1.0012468292840238
227.49127758336545,0.9992629845876848
227.51171082306246,0.9995032570555381
227.5321442625209,0.9997384265350516
227.55257760152017,1.0002204630897964
227.57301084028586,1.0013320934667858
227.5934441788122,1.0004949249675847
227.61387761688093,1.0003563290594606
227.63431085448246,0.9987650716612779
227.65474419184466,0.9998858128960115
227.67517762898206,1.000725067731063
227.69561086565227,1.0012137018749758
227.71604420208314,1.0009919252522022
227.73647753828845,1.0007654399828072
227.75691097402887,0.9995371043372209
227.77734420929482,1.0013844485489904
227.797777544336,0.9994896123684339
227.8182109791378,0.9992210978318636
227.8386442134797,1.0007494443477236
227.85907754758955,1.0005997113977558
227.8795107814658,1.0004202668589655
227.89994421487063,1.0014120658529135
227.92037754781632,0.9994425929023034
227.94081088052917,0.9997786266585497
227.96124421300192,1.000279190958389
227.98167754501628,0.9990448275717324
228.00211087679781,0.9883932575387873
228.02254410810565,0.9701391484292986
228.04297753918945,0.971773472772437
228.06341087003966,0.9863913728483982
228.08384410041617,0.9996079342845384
228.10427753056865,1.0001017581146772
228.1247108602547,0.9992288634881002
228.1451440896999,0.9990698056540869
228.16557741868746,0.999469587352314
228.18601084744296,1.0000940560749016
228.20644417595759,0.9997824198805004
228.22687740401307,0.9987081207812103
228.24731083183724,0.999925149826388
228.2677441591877,1.0025092046259096
228.28817738631187,1.0006736230755624
228.30861071297113,0.9997580144819277
228.32904413939104,0.9994043172048306
228.34947736558388,0.9987727703933202
228.36991069131182,0.9997824155849449
228.39034411656758,1.0001201182626438
228.4107773418291,1.001058632138135
228.4312106666257,0.999347051754393
228.45164399094938,0.9998730125667823
228.4720773150475,1.0005567765902605
228.49251063867996,1.0006908770600942
228.51294396230514,1.0001755628095275
228.53337738523987,0.9997255357173297
228.55381060817308,0.9999963319019802
228.57424383040052,0.9992095341309077
228.59467725263676,0.9991340932269009
228.61511057440657,0.9990453513901214
228.63554389570345,0.9998252761354062
228.65597711700684,1.0002639344084878
228.67641053761326,0.9992386499914245
228.6968437582109,0.9998990718174696
228.71727707811806,1.0020008807191594
228.737710498026,1.0004187798834914
228.75814371745946,1.0000244052414513
228.7785770364353,0.9994700729417724
228.79901035541116,1.0006965047057865
228.819443773682,0.9986308900974114
228.8398769919586,1.000241686973519
228.86031030953745,0.9995981280927937
228.8807437271098,0.9993379345298498
228.90117694422224,1.0008553918675611
228.92161026110261,1.0003215498539055
228.94204357751005,1.0007781956638808
228.96247689369193,1.000211607928636
228.98291020940815,1.0002748780638695
229.00334352488426,0.999620123983613
229.02377683990198,1.0001188364698461
229.04421015468688,1.0014759042339896
229.06464346923167,0.9999338739273848
229.0850766833173,1.0000733395802266
229.10551009717165,0.9994786065320574
229.12594341055228,1.001162210198872
229.1463766237066,1.0003382981492164
229.1668100366296,0.9992476331020269
229.18724334907893,0.9994831926382471
229.2076765610691,0.999405787449647
229.22810987306002,1.0006683955814855
229.24854328457877,1.0004318594650818
229.26897659563838,1.000661332071978
229.2894098064644,1.0001511017328037
229.309843216819,1.0008726050204766
229.3302765271801,1.0005164394208452
229.35070973684196,0.9998579629332383
229.37114304650459,0.9995811478613829
229.3915764554622,1.0003398612863053
229.41200966442557,1.0007255450029608
229.43244297291676,0.9990500334340574
229.45287638095033,1.001578368864531
229.47330958898237,0.9998370397211013
229.4937428963167,1.0000577108283615
229.51417620364373,1.000037432996138
229.53460961051314,0.9992139041748633
229.5550428169081,0.9991238370362548
229.57547612307826,0.9995539797784141
229.59590952901635,0.9991759188939118
229.61634273448726,1.0029015206336362
229.63677603971882,0.9992910494346607
229.65720944449276,0.9997381242464721
229.67764264902507,0.9995348758342577
229.6980759533326,0.9993596009888066
229.71850925717445,0.9996395808091008
229.73894256055064,1.0013871039415863
229.75937586391956,1.0006117994730905
229.77980916659726,1.0000470429735793
229.8002424692677,1.0004135531385363
229.8411090732261,0.9997922009953415
229.8615422747389,1.0003288524650906
229.8819756760131,1.0017598674309753
229.902408977061,0.9994094948413458
229.92284217740962,1.0008424436971095
229.9432755777525,1.0008143660793212
229.96370887763624,0.998470241642908
229.98414207728638,0.9775140140879104
230.00457537646435,0.9702157626113043
230.02500867541676,0.973556185146116
230.045442073897,0.9946253768035441
230.06587527215015,1.000798104634775
230.0863085699384,1.0008776280393354
230.10674186772667,1.0000952738963815
230.12717516480916,0.999656335625131
230.14760836189816,1.0016246514590024
230.1680417582902,0.999963759988413
230.1884750546742,1.0008913079253239
230.20890825059905,1.0003988077357424
230.22934164605977,0.999640114818675
230.24977494151244,1.000185047308866
230.2702082362739,0.9987011940875
230.2906414310346,0.9981589568826642
231.39403874999698,0.9976073189253196
231.41447202659037,0.998509856727237
231.43490530272538,0.9989630402225198
231.45533857839473,1.0003086345632366
231.4757718540568,1.0004105530929972
231.4962051292605,1.000604585044745
231.5166384039985,1.000429234662151
231.53707167849643,1.0000023270582592
231.55750485276803,1.0005984724002552
231.5779382265755,1.0002684433308595
231.5983714001486,1.0005273159326376
231.61880467324954,0.999831215931497
231.63923804612568,1.0005888845865891
231.65967131876096,0.9996357481870022
231.68010449093708,0.9998180969256457
231.7005377626483,1.0003231153532788
231.72097113435302,0.9994761840602491
231.74140430559783,1.0020837240063465
231.76183757637773,1.000815022283375
231.7822709469183,1.0014767454436648
231.80270411723177,1.0006504476098872
231.82313738708035,1.000521849877057
231.84357065668883,0.9995450107267426
231.86400392607175,1.0000335234499944
231.884437194989,1.0000286618403604
231.90487046343333,1.0016829960743834
231.92530383188569,1.0007433500303473
231.94573699963803,0.9943911023083405
231.96617026738386,0.9730623907017241
231.98660343467054,0.9699177439099079
232.0070368014931,0.9811572499107744
232.0274700683076,1.0007191359259986
232.04790323466295,1.001142804189659
232.06833660055418,0.9999386116975632
232.08876986620453,1.0003377280099597
232.1092031313965,0.999408394003417
232.12963639658847,1.0007712269521178
232.15006966107467,0.9996555853317464
232.17050292556814,0.9998301586036366
232.1909360895952,0.9995089738457252
232.21136945315084,1.0003016302031718
232.23180271648016,0.9990626609468136
232.2522358795759,1.0006005311967923
232.2726692422002,1.000659046463554
232.2931025045982,0.9981276586562716
232.31353566676262,1.0014136991940055
232.33396892846213,0.9985073281122694
232.35440228968946,0.9980487425805541
232.37483545092255,0.9993455256492195
232.39526871145063,0.9998581569953785
232.41570207198674,0.9995045529252294
232.43613533205644,0.9993802330610849
232.45656849189254,0.999714318198716
232.47700175125647,0.999102963609318
232.4974351103956,1.0007141097714392
232.51786826906027,1.000307587835299
232.53830152750015,1.000338916772343
232.55873488570796,0.9997404034857337
232.5791680434486,1.000698750421429
232.59960130094987,0.9998366282237131
232.62003455799277,0.9992398843985901
232.64046781479556,0.9993227639122079
232.6609010713728,0.9991741994837571
232.68133432748436,0.9995336066611841
232.7017675833631,1.00082067254956
232.7222008387689,0.9996471170908171
232.74263409394916,1.0001561736074391
232.76306724889582,1.0009294383888259
232.80393385762,1.000696981557451
232.8243670114025,0.9996726725639261
232.84480036494642,1.0005765357486232
232.8652336180312,0.9998168100677486
232.88566687087587,1.0012446789660747
232.90610012349498,1.000345190084728
232.9265332758805,0.9998068013738829
232.94696652780112,1.000138983544555
232.9673997792488,0.9996448059119176
232.9878331304717,1.0006080144111986
233.00826628146024,0.9992587874392819
233.0286995319766,1.0008474222555241
233.04913288226817,1.0006147708001971
233.06956603232538,0.9997039231856331
233.08999928191042,0.9993943083907695
233.11043253103708,0.9995217322289554
233.13086578016373,0.9996937724636252
233.15129902881745,1.0002173207390197
233.17173227701278,1.0002388088056293
233.19216552497528,1.000018197713266
233.21259877269767,1.0009806902528815
233.23303201996168,1.0002695167856552
233.2534651669921,1.000169760615666
233.27389851378393,1.0024848502693455
233.29433176011662,0.9998698220558779
233.31476490621571,0.9995688772418304
233.3351982518434,0.99965892339743
233.35563149724476,1.0009439155765139
233.3760646421797,1.0023349305357985
233.3964978868753,0.9995670607770243
233.4169312313461,0.9993065751460973
233.43736437534972,1.0000058760001884
233.457797619114,0.9996956437180369
233.47823096265347,0.9991698311446463
233.49866420572653,0.9994345813375592
233.51909734855872,0.9989003848823734
233.53953059093328,0.9997191915129249
233.55996393307578,0.9994840930775142
233.58039707474381,0.9998331992868301
233.60083031618706,0.999873874698091
233.62126365739095,0.9990134545636901
233.64169679813494,0.9997520826566043
233.66213003864686,0.9998709191463329
233.68256337892672,1.0008065368627581
233.7029965187321,1.0008454805857134
233.7234297583127,0.9994665969179429
233.74386299742764,1.0010257103846285
233.76429633630323,1.0001168446084272
233.78472947495175,1.0003114969219533
233.80516271313536,0.9998641450856338
233.8255960508468,1.0007870603056932
233.846029188564,1.0020254300241545
233.86646242581628,1.0004080431767393
233.88689556259487,0.9989638224079466
233.90732889914943,1.0004739005447836
233.9277621354704,0.9837658907114615
233.94819537131843,0.971832131958607
233.9686286069409,0.9737807066565838
233.98906184233056,0.9910168479612753
234.00949507724727,1.0014482909074787
234.02992821193766,0.9999401682307102
234.0503615461639,0.9983008314068967
234.0707947801493,0.9993203037295183
234.09122791390837,1.0001749486762468
234.1116612472033,1.0003831872844324
234.13209448025736,1.0014612424554374
234.15252761285228,0.9989212533289251
234.17296084521513,0.999740039977096
234.19339417733863,0.9997555826379374
234.213827409003,0.999455210089894
234.23426054043375,1.000857892636225
234.2546938713931,0.9996436539295231
234.27512710212613,0.99887208513746
234.29556023262558,0.9994341826627571
234.31599346265284,0.9990461104160699
234.33642669245455,0.9999297353903588
234.3568599217906,0.9992437404856067
234.37729315088654,0.9997233230682386
234.39772637975693,0.9995632195331247
234.41815960816166,1.0002987676648523
234.4385927363328,0.9991686655034987
234.45902606426534,0.9995893015213367
234.47945929173875,1.001087944031955
234.49989251873922,1.0004962929090757
234.5203256457462,0.9987380155116341
234.54075897228904,0.9999994201164356
234.56119219835819,0.9995173072878333
234.581625324201,0.9997333943008196
234.60205854981177,1.0008002495514225
234.62249187495036,0.9986689128018182
234.64292499986186,1.0009501415272644
234.6633582245413,1.0010391865259174
234.68379154874856,1.0003059372730798
234.70422467272874,1.000266107304383
234.72465789624403,0.9999531256673736
234.74509121951996,0.9991381423630409
234.76552434256882,1.0007155421226233
234.78595756515278,1.0014076574129334
234.80639078750391,0.9989960988797342
234.82682410938287,1.0015142639339365
234.84725723103475,1.0010485835913145
234.86769045244728,1.0012089026274231
234.88812377340219,1.000675477062567
234.90855689412274,1.000534564747095
234.9289901143784,1.0005722978633256
234.94942333462677,1.000683825199891
234.96985655418393,0.9997629663577965
234.99028977373382,1.0000504352699862
235.01072299282532,0.9998254014293911
235.03115621145116,1.0007428101356106
235.05158942984417,0.999612706037749
235.07202264799707,1.0022355844887179
235.09245576569083,1.0002783901643775
235.112889083146,1.0001340934035756
235.13332230037486,0.998998483166694
235.1537554171373,0.9987493689431255
235.17418873366114,0.9991968042983896
235.19462194972584,1.0007283888660143
235.21505506555695,1.0001487978430088
235.23548828114872,1.0001673943160116
235.25592159628286,1.0005199441498318
235.2763548111834,0.9993904500418502
235.29678792585037,0.9986063905576542
235.3172212400459,1.0007402330678141
235.3376544537823,0.9994756188779998
235.35808756751067,0.9991219091510981
235.3785207807814,1.0001105811370716
235.39895409358724,0.9989746542244999
235.41938720615872,1.0000792512607197
235.43982041849085,0.9989478742878484
235.4602537305982,0.9986547844550852
235.48068684223108,0.9999587766529283
235.50112005340634,0.9997162027486859
235.5215532645816,0.9994102571481455
235.54198647505837,1.0012525445199305
235.56241968552786,0.9997508075106052
235.58285289553896,1.0006275721718478
235.60328620531072,1.0000620946128367
235.62371931462258,0.9997546776098261
235.64415252370236,1.0007735684241188
235.66458563231572,0.999494476339562
235.68501894092333,0.9993874923243758
235.70545214883896,0.9998120747554065
235.7258853567473,1.000881063019229
235.74631856419728,1.0015595612970452
235.7871849781659,1.0004442756417888
235.80761808444367,1.0012612171785464
235.82805139073025,0.9992001442356936
235.84848449654964,1.0012235722971687
235.8689177021297,1.0001312861888034
235.88935100725212,0.9953126950367762
235.9097841121402,0.9747478535590586
235.9302173167889,0.9697827604619476
235.95065062098,0.9793425870411668
235.97108372470393,0.9997275126689377
235.99151692842133,1.0000919961879957
236.01195013168035,1.0003575076724516
236.03238333470654,1.0000151536207649
236.0528165372598,0.9999911753092814
236.07324973958748,1.000504898518786
236.09368294144952,1.000274912838407
236.11411614307144,1.0008772549098104
236.1345493444678,1.0001228512536633
236.15498244539776,1.0006410113777482
236.17541574608913,1.0005124402881231
236.19584894655418,1.0004228581668286
236.2162820465528,1.0006806386121485
236.23671534631285,0.9997435554714841
236.25714854584658,0.999198281067989
236.27758164491388,1.0013026214112721
236.298014843509,0.9998796580140988
236.31844814211217,1.0001987310152125
236.33888134024892,1.0014201216901262
236.35931443791196,1.0009137581236325
236.37974773535097,0.9998814566670862
236.4001809325564,0.9983964699857332
236.42061402952095,0.9978760455999138
236.44104722602788,0.9998362581443158
236.4614805220699,0.9987169410026011
236.48191361810314,0.9987933069385441
236.5023468134459,0.9997876033709527
236.52278010878945,0.9986829855673702
236.54321320365852,0.9988351946747387
236.5636463983028,0.9991404765673307
236.58407959248143,1.0000379375672142
236.6045128864207,0.9989422039135352
236.6249459801329,1.0007636265696367
236.6453791733802,0.9999196831079105
236.66581246638816,1.001284581605886
236.68624555916904,1.0006140126959013
236.70667875148501,1.0004231149917955
236.72711184356012,1.0003382732612116
236.74754513517837,1.000559079105422
236.76797832656302,1.0008020565628406
236.78841151770757,1.0004001612399762
236.80884470839374,1.000578032216021
236.82927789884707,0.9997934848492877
236.84971108882746,1.0010985597819126
236.87014417858154,0.9999919802691831
236.8905774681043,0.9984615246741786
236.91101065715338,0.9994033848849234
236.93144374597614,0.99876614346004
236.9518770345676,0.9999203489611397
236.97231022268534,1.0004235486647257
236.99274331057677,1.000065302839009
237.01317649823613,1.0001028179240408
237.03360978542332,1.000416254200035
237.05404287238343,0.9987969034351958
237.07447605887864,0.9988308131375337
237.0949093451345,1.0005649860567842
237.11534253116406,0.9995066817348186
237.1357756167272,1.0000129178501833
237.15620890205173,1.0014146441882803
237.17664208691713,1.0001462662663019
237.19707517154893,1.000400159075491
237.2175083559414,0.999143185053296
237.23794164010906,1.0015413603106438
237.25837472380954,1.0007082915963614
237.27880790703784,0.9995403390856653
237.29924109027343,0.9996112147951887
237.31967427281052,0.998979787903788
237.34010745534033,1.0012621133853479
237.360540537411,1.000387605508604
237.38097381925036,1.000147288828761
237.40140700061602,0.9995007958013032
237.42184008175536,0.9992931911122027
237.4422733626634,1.000347920853545
237.46270654309774,1.0002520716457357
237.48313962330576,0.9992355911277016
237.5035728032817,0.9999808940384655
237.5240060827855,0.9995951021508128
237.5444391620622,0.9997598727132017
237.564872340874,1.0008393966494176
237.58530561944644,1.0010728290695512
237.60573869779182,1.001210052148542
237.62617187590513,1.0010372257556734
237.64660505355278,1.0002019730348626
237.66703833072825,0.9997424198567357
237.68747140767664,1.001805414729561
237.7079045843857,1.0014784123353802
237.72833786086994,1.000573481915395
237.748770936887,1.0006467909612384
237.769204112672,0.9997456065056507
237.78963728798408,1.0006487239981465
237.8100704630706,0.9995348627870564
237.830503637917,1.0004798079582145
237.850936812305,0.9989145431699206
237.8713699864602,0.9874471117582544
237.89180316038255,0.9720910339259097
237.91223633383197,0.9716786702748028
237.93266940705507,0.9890328803157791
237.95310267980676,1.0001641728501118
237.97353585233213,1.0005400975604573
237.9939689246239,0.9997661767188134
238.01440219645156,0.9990974224732846
238.03483536803833,1.000880211952626
238.0552684393988,0.9996751480264863
238.07570161029435,0.9995699818481627
238.09613488095056,0.999354238132513
238.1165679513797,0.998140900976414
238.13700112134393,0.9994504530884786
238.15743439106882,1.0001289129640767
238.17786756033456,0.9971961498034629
238.1983006293667,1.0006759127352631
238.21873379815952,0.9988678103563388
238.2391670664947,1.000060911419405
238.25960013459553,0.9992281730326895
238.280033302457,1.000334242041005
238.30046656986087,0.9994429758154721
238.3208996370231,1.0000328752342438
238.3413328037277,1.0006969718343999
238.36176597019949,0.9997402745588808
238.38219913643843,0.9998379906753674
238.40263230243727,0.9995932433341979
238.42306546797772,1.0004222168666899
238.44349873327883,0.9999498412983419
238.46393179812003,0.9997884806593685
238.48436496272916,1.0001804543359867
238.5047980271047,1.0006465152013104
238.52523129100882,1.0004788892879923
238.54566445468663,1.000141500534797
238.56609751789802,1.000813190836989
238.58653078087082,0.9997065845805985
238.6069639436173,1.000125810976236
238.62739710613096,1.0004531856174912
238.64783026817167,0.9993934616219265
238.668263429754,0.9996533641485044
238.68869659132906,1.0006240958519987
238.70912965244497,1.0005900307180942
238.72956291309674,0.9997080097988285
238.77042913392506,1.0002762494889774
238.7908623936455,0.9993980840193055
238.81129545336444,0.999111233234133
238.83172861237836,1.0006923668518204
238.85216177139955,1.0007945907616695
238.87259492995508,1.0010075207253368
238.8930280882705,0.9997897495684175
238.91346124612755,1.0008848248571312
238.93389440375176,0.9984545392954
238.95432756113587,1.0000344267368684
238.9747607180616,0.999524751947592
238.99519377475372,1.0006282588645428
239.01562703120726,1.0006508641272804
239.03606018720166,1.000263937926495
239.05649324296246,0.999329807034118
239.07692649848468,0.999892062105308
239.09735965354776,0.99908248140527
239.11779270837724,0.9996133572686864
239.13822586273454,1.0003464181389206
239.15865911686706,0.9991715088464591
239.17909227076598,1.0001483479895494
239.1995253241912,1.0038279768350387
239.2199585773924,1.0004380622010682
239.24039173036,1.0015435267490511
239.26082478308672,0.9993368377098208
239.28125793535582,1.0001223491473898
239.30169118716003,0.9999264588598501
239.3221242387226,0.9996983518692154
239.3425573900604,1.0013784514711521
239.3629906411661,1.000349977151126
239.38342369179736,0.9993432425539794
239.40385684220382,1.0002784636831934
239.42428999214462,1.0018056848557393
239.44472314207815,1.0004967960561586
239.46515629132045,1.0000260745308696
239.48558944056276,0.9990760865111014
239.5060226893329,0.9996143423497871
239.52645573787595,1.0003221411172607
239.5468888859541,1.001336578728489
239.5673219337914,1.0005024755169944
239.58775518140465,0.9997702784034154
239.60818832855148,0.9996279514055463
239.6286214754582,1.00065846013753
239.64905462213937,0.9984377524943617
239.66948776835488,0.9997207101853078
239.6899209143303,1.0010855273588535
239.71035396007937,0.9997765452232701
239.73078720536432,0.999825518711582
239.7512203504084,0.9997018581780607
239.77165339499334,1.0030547409238841
239.79208663934696,1.0000715894639378
239.81251978345972,1.0001225305508896
239.83295282711333,0.9991582147512369
239.8533859707677,0.9775368979480228
239.87381921371707,0.9759518849694004
239.8942522566722,0.9764847183301474
239.9146853991624,0.9964571660315664
239.93511864141328,0.9998010712149313
239.955551783205,0.9996311388538455
239.97598482476315,1.0003310035413886
239.99641796608194,1.0001674427764065
240.0168512069431,1.000337255832138
240.03728424756991,1.0011863084899468
240.05771738772455,1.0004269493456703
240.07815062788723,0.9998808488181447
240.09858366758272,0.9996629746284644
240.11901680680603,0.9992106703827744
240.1394499458038,1.0003727643847058
240.15988308456872,0.9990747312062784
240.18031622309354,0.9986572642477887
240.20074936115998,0.9989623918556494
240.22118249899358,0.9986559399987338
240.24161563635425,0.9989636967445981
240.2620486734886,1.0002013386545452
240.2824818103909,1.0006290581867388
240.30291504705383,0.999930080045349
240.32334818325762,1.000561166745804
240.34378121922782,1.0014215386826268
240.38464748999831,0.999804048197901
240.40508062503795,1.0000262024095674
240.42551385960542,1.0010618021658009
240.4459468939458,1.0002368822400345
240.46638002805412,1.000490467358993
240.48681316169677,1.0002976118102127
240.50724639510008,0.9979069971705817
240.52767942827631,1.000336037984387
240.54811256098037,1.0004058940266285
240.56854579345963,1.0005076853765125
240.58897882570454,1.0000710264530326
240.60941195748455,0.9996746409886166
240.6298449890237,1.0001847309679872
240.65027822010597,1.0003436025086236
240.67071135118022,1.000767283895276
240.69114448179607,1.0000259719956086
240.71157761194627,0.9993452844513491
240.73201074186363,0.9997439165877666
240.7524438715409,0.9992018255080621
240.77287690099183,1.0006928639886117
240.79331012997136,1.0004861196432797
240.81374325872457,0.9999855870075791
240.83417628701136,1.001285512111651
240.85460951506684,1.0000506381879428
240.87504264288145,1.0004043322493719
240.89547567046975,0.9998067880571669
240.91590879759315,0.9999299682254673
240.9363420244772,0.9994898319339766
240.95677505090134,1.0003415109338423
240.97720817709342,1.0013200011788828
240.99764140304615,0.9980109791784224
241.01807452853973,1.0002676469618195
241.03850755403255,1.0004610577605142
241.05894067882036,1.002890138149835
241.07937390361622,1.0003209864577314
241.09980692794488,1.0006571815758607
241.1202400520342,0.9998421073938372
241.1406732756659,0.9992090431872214
241.16110629906325,1.0000921955864972
241.18153942222125,0.9994895127904618
241.20197254492086,0.9999748973692155
241.22240566738765,1.0001272026953523
241.24283878961432,1.0023899890374353
241.26327191138262,1.0011403618306371
241.28370513291156,1.0004183622457152
241.30413815421343,1.0000215778204424
241.3245712750504,0.998984235641978
241.34500429565378,0.9992925607345855
241.36543751601857,1.0002579545524568
241.38587063592422,0.9993281714041236
241.40630365559628,1.0006135168311479
241.42673687502975,1.000094334982477
241.44716999400407,1.0005498012629215
241.46760311274556,0.9982171048554647
241.4880361312462,1.0003348605369091
241.50846934928995,0.9997281886704389
241.52890246709285,0.999571857174134
241.54933548466943,1.0014780448023382
241.56976870178187,0.9998401120115445
241.59020181866072,1.0014634179828548
241.6106348352987,1.0007247066080582
241.63106795147905,0.9999465655969831
241.65150116742007,1.0012214586056998
241.671934183134,0.9997192549536372
241.69236729838303,1.0001344593948505
241.71280041339924,1.0000039574361441
241.75366664249304,1.0003292627420513
241.77409965657716,0.9991059142847175
241.7945328704227,1.0001021937050274
241.8149659838091,0.9927923773993674
241.83539899696189,0.9737083341554241
241.8558322098761,0.9709785013889934
241.87626532233116,0.9823701611690446
241.89669833478547,0.9995905173310728
241.91713144653477,0.999104050181616
241.9375646582921,1.0008176480604798
241.95799766958226,0.9990976062573873
241.97843078040023,0.999867723682429
241.99886399122624,0.9996637445214371
242.01929710158583,1.0005421952926423
242.03973011147173,1.0000624229164674
242.06016322136566,0.9991823126413473
242.08059643079469,1.0005189701395216
242.10102943974925,0.9997852042827816
242.12146254871186,0.9999232187661337
242.14189575720957,0.9997499722810548
242.16232876546565,1.0004384639887536
242.1827618732641,0.999261894674204
242.20319498082972,0.999636751715191
242.22362808815524,0.9999756221018011
242.24406119502237,1.0006583084034153
242.26449430165667,1.000233979926939
242.28492740805086,1.0004457701969232
242.30536051398667,0.9997914601633565
242.32579361968965,1.0004869423969451
242.34622662515903,0.999698737768402
242.36665983038984,1.0009779430012038
242.3870929351615,1.0004753405665456
242.40752593969228,0.9997486561466274
242.4279591437662,1.0005064909207255
242.44839224760653,0.9988498565476053
242.46882535120676,0.9989259218115637
242.5096915572576,1.0005178808570507
242.5301246599265,0.999850329489583
242.55055766213627,0.9992263577098305
242.57099086411472,1.000545583143889
242.5914239658523,0.9997425346833172
242.61185696736356,0.9998270370311306
242.63229006840993,0.9994351997171136
242.65272326921695,0.9993120623949335
242.67315626956406,0.9991500135770918
242.69358936991193,1.0008663659666124
242.71402256978763,1.007529731384626
242.73445556920342,0.999622434692367
242.75488866838714,0.9990140300921967
242.77532176733075,1.000915025558582
242.7957548660488,0.998836755739802
242.8161879643012,0.9998021285353245
242.83662106232077,1.000075721895182
242.857054260101,0.998811256153293
242.8774872574213,1.0002923033406077
242.89792035450228,1.0006913082856794
242.91835355135845,0.9996738685660811
242.93878654774744,1.0010854592520873
242.9592196438971,1.0006475687771768
242.97965273982118,1.0015424597689209
243.00008583551244,1.0012334975690154
243.02051893073076,1.0012436644487486
243.0409520254907,0.9995728966322085
243.06138512025063,1.0001144653764753
243.08181821453763,1.0007622900471678
243.10225130859908,1.0007009012160861
243.1226843021941,1.0004826118003138
243.14311749578337,1.0008652506086175
243.16355058868066,1.001508500556899
243.1839835815772,1.001335960844882
243.2044167740023,0.9993263244246773
243.22484976620035,1.0005790248558077
243.24528285816632,0.9999699215572393
243.26571594965935,0.9993128703944832
243.28614904092683,0.9999049257312401
243.30658213172865,0.9986661595712784
243.32701522253046,1.0003158222140498
243.3474484128601,0.9987634831819057
243.36788140272984,0.9996386950114442
243.38831449259305,0.9998494731743764
243.40874748199712,0.9991413024045811
243.4291806711699,0.9986854053186255
243.44961375987623,1.0006958642153119
243.4700467483417,1.0000440781856745
243.49047993658314,0.9999199598399957
243.51091302435088,0.9986441653951964
243.53134611189307,1.0000357644719975
243.55177909920167,1.0000027500465254
243.57221228627895,1.0014470015080998
243.59264537288254,1.0000947823605033
243.61307835925982,1.0010251173494373
243.6335115453985,0.998297006944421
243.65394463107805,0.9990674119221638
243.674377616524,0.999056039555291
243.69481070150505,1.0006151236634464
243.71524388647958,1.0008919495452255
243.7356768709942,0.9988627693049388
243.75610995504394,0.9999901839078728
243.77654313908715,1.0000044299854574
243.79697612267046,0.982563379935328
243.8174092060217,0.9723820013884472
243.8378422889,0.972865236926919
243.8582754715535,0.9933399058485117
243.87870845397265,1.0006022008390054
243.89914153615246,1.000734773961384
243.91957471787464,0.9996987981281912
243.94000769936247,1.0002654299963256
243.96044078037812,0.9992757112261754
243.98087386140105,1.0009581598888315
244.00130694195832,1.0002587613970444
244.02174002204265,0.9996569691590051
244.04217310213426,0.9993906795157471
244.0626061817602,1.0000897613523492
244.0830392609132,1.000340247825878
244.1034723400735,1.0002119648812666
244.12390531876736,1.0006276774980405
244.14433849722263,0.9997440486952296
244.16477157521877,1.0014535154792414
244.1852045529813,1.0006991364392104
244.20563773050526,0.99951431248285
244.2260708078029,0.999806847739545
244.24650378463411,1.0006519404061163
244.266936861226,0.9996890997505292
244.28737003759306,0.9994489653645869
244.30780311349372,0.9996147852948195
244.3282360891535,1.0010842934025599
244.34866926458926,0.9993816761245518
244.3691023395586,0.9993796730258058
244.38953531428706,0.9999732827443779
244.40996838879073,0.999535264230338
244.43040156306233,1.0001006364926386
244.45083453685947,1.000474385665269
244.47126761043182,1.0011388893502176
244.49170078353927,1.0006509350757709
244.51213375663792,1.001161016670454
244.53256682927895,0.999987989083263
244.5529999014543,0.9994131451418226
244.5734329736224,0.999983127343635
244.5938660453321,0.9995521164649428
244.61429911657615,1.0007824279526283
244.63473218781292,0.9990597855534588
244.6551652585913,1.000146047040336
244.67559822913609,1.000130276272887
244.6960312992087,1.0008747727369598
244.73689753890358,0.9993096605919417
244.7573305080441,1.0003556709510704
244.77776367719343,0.9994752816425826
244.79819664587558,1.0013262196057071
244.81862971408555,0.999709446810967
244.8390627823028,0.999965693481743
244.85949595005513,0.9998175893284655
244.87992891756585,1.0002941640972807
244.90036198461894,1.000133366430522
244.9207951516728,1.0003051943235541
244.94122811825218,1.002428461188848
244.96166118437395,0.9995272844018159
244.98209415049496,0.9998722431167123
245.00252731614455,1.0007042546185811
245.022960381335,0.9995255959022038
245.04339344652544,0.9998953596685383
245.06382651124295,1.0004413726904635
245.0842595757349,1.0012268738265127
245.1046926397612,1.0004357034780857
245.12512560377945,1.000177031862708
245.145558767108,0.9990745623908484
245.16599183043581,0.9995982121502924
245.1864247932972,0.9991802096286199
245.20685795615282,0.9994079337789604
245.22729101831646,1.001158456319415
245.24772398047207,0.9993882410994583
245.26815704217006,0.998432881311198
245.28859020363598,0.9994368687705628
245.3090231646347,0.9991105445242234
245.32945622562693,0.9995498996542902
245.34988938616152,0.9993791939205743
245.37032244622242,0.9988586592475164
245.39075540628983,1.000908019187407
245.41118846589234,1.0003603364668672
245.4316216252555,0.9999895060113833
245.45205458415876,1.0002977088166543
245.47248764282995,1.0024894500933923
245.4929208012618,0.9993676243644438
245.51335375946655,1.000304123666955
245.53378681720642,0.999321949196063
245.55421987471345,0.99930225295363
245.57465293198038,1.0000944943035015
245.59508598878892,0.9999429980415476
245.6155190455902,1.0006762803948839
245.63595210170024,1.000448740001823
245.6563851578103,1.0006645435962098
245.67681821345468,0.9998091824006432
245.69725136885972,0.9996018064163615
245.7176843240377,0.9996178180726051
245.73811737874348,0.9994140082169835
245.7585503334558,0.9961896557590179
245.77898348747112,0.9755908741032366
245.7994165414857,0.9751635550943757
245.81984959502734,0.9782378741632364
245.84028264834342,0.9992086621251791
245.8607157014194,1.000753038866055
245.88114875403699,1.0004469582595763
245.90158170642098,0.9998338546557797
245.92201485857368,1.000411946226447
245.96288086193817,1.0001482292051949
245.98331401315227,1.0001649532938504
246.0037470639072,1.0004936594890823
246.0241800146614,0.9991451717578194
246.04461306495068,0.9994877487594964
246.06504621500062,1.000448676960266
246.08547916459065,0.9991240068889892
246.10591221394134,0.9994231458926451
246.12634526306647,1.0003625413765211
246.14677841195953,0.999241101078717
246.1672113603854,1.0002940910776004
246.20807745653292,1.0015083418025224
246.22851050402096,1.0003937025882288
246.24894345151552,0.9999175364182992
246.26937659854593,1.0000255744424689
246.28980964510993,1.0006152833730793
246.31024259166588,1.000370168705444
246.33067563776422,1.0004373927516224
246.35110878339037,1.00006755118831
246.37154172902228,0.9989789497723218
246.3919747741893,1.0010876729010112
246.41240791912423,0.9992231502586353
246.4328409638183,0.9984973288473358
246.45327390805323,0.9999569314965441
246.4737069520561,0.9998842534263918
246.4941400958196,0.9994595673938889
246.5145730391232,0.9996181994181915
246.53500608242757,1.0003164141597622
246.55543922525976,1.000290331776533
246.57587216763204,0.9986105203355451
246.59630521000508,1.0011564580749446
246.6167382519052,0.9995426494162687
246.63717129357974,1.0000247476262456
246.65760433478863,1.0006310864574202
246.6780373757574,0.9999526591758767
246.6984705165014,1.0006391633018459
246.71890345701104,1.0006212678044
246.7393364970485,1.000777790333739
246.75976943709247,0.9995669362787581
246.78020257643948,1.0003885341972654
246.80063561577845,1.000460636028848
246.82106855465827,0.9988987110546209
246.84150169330678,1.0002999748489796
246.86193473171443,1.0011638747647937
246.88236776989652,1.0000198819638644
246.9028007076122,1.00075265742161
246.92323384508927,1.0014636519328797
246.9436668821072,1.0010655594847275
246.96409981912439,1.0004788680393273
246.98453295567015,0.9998938012494003
247.0049659919896,0.9991624510134868
247.02539892784262,0.9998566652753699
247.0458319634563,1.0006064411020732
247.06626509884518,1.002899077727761
247.0866980339997,0.9992801483962804
247.10713106868207,1.0011086305602508
247.12756420337246,1.0001445557099513
247.1479972373636,1.0007468763636946
247.1684301713467,1.0011256095520573
247.18886320487218,1.0009418736464337
247.2092963381656,1.0014823739582115
247.22972927121737,0.9993682026279175
247.25016230404435,1.0012044826210078
247.27059543640644,1.0001486231307324
247.2910283685269,0.9995719866147917
247.31146140042256,0.9993228502950045
247.33189443185256,0.999640894546491
247.35232746304246,0.9997822372340129
247.3727604940068,0.9994670723039192
247.3931935247383,0.9988459613844567
247.41362655499688,0.9993269222682725
247.4340595850299,0.9982778545380947
247.4544926148301,0.9993276663321151
247.47492554415658,0.9985503725345616
247.49535867325903,0.9996929510800295
247.5157917021279,0.9997337788846157
247.53622463076317,0.9999231802082396
247.55665775892703,0.9998861165072834
247.5770907870974,0.9998216101678531
247.59752371479408,1.0012189778535845
247.61795674203313,0.9998004333828948
247.63838976903935,1.0010834780757634
247.6588227960383,1.0014193163690828
247.67925582234602,0.9996801330368943
247.72012187448854,1.00013272597844
247.74055490009778,0.9876976434406906
247.76098782547342,0.9718756249488737
247.78142095037765,0.9735575047077605
247.84272002370562,0.9999837360384967
247.86315304745222,1.0001966047282296
247.8835860711988,0.9995700825577768
247.90401899447897,1.0000254267559587
247.92445211728773,0.9996322904354322
247.94488513987017,1.0004544621717122
247.96531806221174,1.0002151796063903
247.98575118432927,0.9985772946074544
248.00618420621322,0.9997708855362093
248.02661712763074,0.9993516138167482
248.04705024880968,1.0000701062399378
248.0674832697623,1.0005796133511464
248.08791619024123,1.0006586777986106
248.1083492107282,0.9996841703707507
248.12878233075025,1.0015196849643164
248.14921525030513,1.0006962112841595
248.1696482698535,0.9982835042228879
248.19008138894424,0.9998122583163767
248.2105144077941,1.001429372216985
248.25138034457632,0.999557565170899
248.27181346249563,0.9996410103153616
248.29224638018786,1.0002652449251905
248.3126793974152,1.0005068821032117
248.333112514636,0.9998231346761101
248.35354543139692,1.0002583782799475
248.37397844769293,1.0005438133389375
248.39441146398894,0.9996298395281812
248.41484447981202,1.000614150912966
248.43527749540954,1.0002390296996213
248.45571051076695,1.0008756509795045
248.4761435258988,0.9990679472779009
248.496576540565,1.0004069071664863
248.51700955499837,1.0001831514485509
248.53744246919086,1.000094882298768
248.5578755829265,0.9986836079289262
248.57830859642127,0.9999128479279337
248.59874150968972,1.000632819714713
248.61917462272686,0.999493635386631
248.63960763529758,0.9996693676628919
248.66004064786102,1.0000045750156947
248.68047355996532,0.9998391564824357
248.7009066715982,0.9995205582749177
248.7213396832376,0.999888411794892
248.74177259441058,1.0017061959089257
248.76220570535224,1.0002227397463506
248.7826387158202,1.000912999959669
248.8030716262947,1.0001301457062781
248.82350463630428,1.0008186724618586
248.84393774607452,0.9995526700869791
248.86437065538485,1.0004928981793209
248.88480366469594,1.0008153131742519
248.90523677353485,1.0014276462374474
248.9256696821467,1.0000823037060758
248.94610269029363,1.0001498171668923
248.9665356984333,0.999599587502172
248.98696880611533,1.0008138081580862
249.007401713563,1.0006849888248475
249.02783472053852,1.0001579324616903
249.0482677275213,0.9999798944461833
249.06870073403843,1.0005784765486108
249.08913374031545,0.999216069901065
249.10956664613332,0.9987625992579241
249.1299997519527,0.9997360632431581
249.1504327572984,0.999915800997635
249.17086566241778,0.9980960368098476
249.19129876707302,0.9994170326284032
249.21173167171946,0.9995534037576431
249.23216467590828,0.9997822261834781
249.25259767986427,0.9999493686439267
249.27303078334808,1.0017238851976993
249.29346368683764,1.0006720086426737
249.3138966898623,1.0001750401343694
249.3343297924148,1.0003077896816948
249.35476269497303,1.000024782146755
249.37519569706637,0.9995454293197387
249.39562869915244,0.999545058270442
249.4160617005473,0.9995710915822545
249.43649470194214,0.9992286230688241
249.45692770286405,0.9994387824299034
249.47736070379324,0.9992484409732693
249.49779370402393,0.9995789747151239
249.51822670424735,1.0004424182955236
249.53865960401163,1.0003999990338601
249.55909270377742,0.9996122453871635
249.5795257028367,1.0000005798835643
249.59995860190247,0.9997516198727354
249.62039170050411,1.0001141825240418
249.64082469909772,1.0005336886195857
249.66125759723218,0.9998015439923441
249.68169059490174,1.0024434636296304
249.70212369256478,0.9997187241063666
249.72255668976868,0.978860920981147
249.742989586739,0.9720718385281468
249.76342268323788,0.9741523035259811
249.78385567974328,0.9966874230156186
249.80428857578227,1.0002448679031617
249.8247215715819,0.99954515783136
249.84515466715675,0.9991371681915143
249.8655875622644,1.000384393467323
249.88602055736555,0.9996694333958713
249.90645365200908,1.0001788936911575
249.92688654618541,1.000330106118878
249.94731954035524,1.0009524816395765
249.96775253406668,1.0005641506722587
249.98818552754528,1.0002626282038354
250.00861852078378,0.9992594772247567
250.0290515135639,1.0010036023334374
250.04948460634478,0.9997941707203851
250.0699174986512,0.9996440632031705
250.09035049073282,1.000439721361871
250.11078358234954,1.0003181310655995
250.13121647395747,1.000239121113657
250.15164946510777,0.9985928659671206
250.17208235602448,1.0002190343512338
250.19251544646977,1.0005252265375444
250.21294843692158,0.9993802140291206
250.23338142690773,0.9996255357420722
250.25381441665377,0.9986482647418405
250.27424740617425,0.9995349405224127
250.29468039522908,1.0007631287704393
250.31511328404304,1.0013130808753954
250.33554637263296,1.0009996612930547
250.3559793609893,1.0008078943257115
250.37641224911204,1.0000742889901757
250.39684533676336,1.0014400935312258
250.41727832418837,1.001371001513141
250.43771121137252,1.0004163661135033
250.45814419809903,0.9999322918267397
250.47857728482632,1.0003047110068606
250.4990101710864,1.0001629483251757
250.51944315710716,0.9994338821164584
250.53987614266953,0.9998882027872937
250.56030912822462,0.9995443305489523
250.58074211332132,0.9994808795313528
250.60117499818443,1.0007285695097758
250.62160808281624,1.0007293174545782
250.64204106697434,1.000815511864683
250.6624740509069,0.9989084853902721
250.70334001806623,1.0004764022292338
250.7237730013003,0.9998580271826248
250.74420588406792,1.0005510123800825
250.76463896659698,0.9998768874652103
250.7850719488997,0.9996611031405174
250.80550483096158,1.0004329595860366
250.8259379125666,0.9999234117997141
250.846370893938,0.9993754751997674
250.86680377507582,0.9998736906758451
250.8872367559743,0.9998704557862764
250.90766983664798,0.9994642946454486
250.9281027168472,0.9993319019660253
250.94853569682164,1.000085986289879
250.968968776564,1.00018728592351
250.98940165583917,0.9995467423004685
251.00983463510784,0.9980376697412104
251.0302676139181,1.0002716239713778
251.05070059248828,0.9993525197392511
251.07113357060007,0.9991157001560623
251.09156654871185,0.9990285618337211
251.11199962635146,0.9994479376731367
251.132432503764,0.9998853356575277
251.15286548094446,1.0001220423429733
251.1732983576585,1.0018640201236626
251.19373143436678,0.9999715824487521
251.21416441061592,0.999484350482674
251.23459738663223,1.001120142771994
251.2550303621756,0.9995462085045097
251.27546333772625,1.00074138104136
251.29589631280396,0.9980508207189773
251.31632918765536,1.000200688158161
251.33676226227544,1.0005086203085014
251.3571952364291,0.9996507222961377
251.37762811057473,1.002070382583407
251.3980611842635,0.9987633950584837
251.4184941577114,0.999900356798483
251.43892703070014,0.9995995455241843
251.45936000368965,1.0012180968720463
251.47979307621426,1.000672130561733
251.50022594849725,0.9992082129817444
251.52065892055543,0.9998931216132475
251.54109199214145,1.000675137529992
251.56152496373397,1.001457777513098
251.58195783486008,0.9999567986356793
251.6023908057541,1.0002876319833318
251.62282387617597,1.0009993507852657
251.64325674660358,1.0005959375535867
251.6636897165663,0.9993376302496259
251.68412278628966,0.991519521256537
251.70455565578595,0.9731214674771531
251.72498862505017,0.971344043616592
251.74542159384146,0.9836298622223983
251.76585456240718,0.9986508366728645
251.78628753074008,1.0010325379216263
251.80672049883287,0.9995627535012375
251.82715356646804,1.0018792114716655
251.8475864341017,1.0006774794075997
251.86801940126315,0.9990288773369951
251.8884522681983,0.9993779451888654
251.90888533466932,1.0002693351275056
251.9293183011323,1.0002597653535368
251.94975116713613,0.9997430399412004
251.97018423290865,1.0003474836252202
251.9906171984403,1.00007680186299
252.0110500635128,0.9996898936144779
252.03148302858608,1.001053190388883
252.0519159931864,0.9996881580473285
252.07234905756195,1.0004857751231553
252.0927819214703,0.9987827907864473
252.1132149853729,0.9999321032067315
252.1336478488156,0.9996023917092024
252.15408081202622,1.0002245553188363
252.17451367499598,0.9984124640147516
252.1949467377417,0.9984006824936078
252.215379700021,1.0001489207813699
252.23581266229303,1.0006603802353253
252.25624562410667,1.000280424629288
252.27667858545465,1.0008009882036126
252.29711154679535,1.001268749481302
252.3175444076769,1.0003245663564972
252.33797746855998,0.9999652773614812
252.35841042896936,1.0002697876278308
252.3788432889196,0.9996697871000596
252.39927634887135,1.0005310080638612
252.4197093083494,1.000571397676371
252.44014216783398,0.9995758199718238
252.46057512662082,0.9997906988601614
252.48100818540115,0.9996817876809013
252.5014410439544,1.0009914335085865
252.52187400204275,0.998690165292609
252.54230705989175,0.9991565300568486
252.56274001751444,1.000350505537089
252.58317287490354,0.999483672814078
252.60360583182046,1.001474485757353
252.62403888874542,1.000245427899526
252.6444717452032,1.0000938017264662
252.66490470142162,1.0014018615581843
252.68533775718242,0.9992391225599107
252.7057706129417,1.0000119169619317
252.7262035682288,0.9998077159767638
252.74663652329036,1.000676316437146
252.76706947811908,1.000270068296291
252.7875024327077,1.0008068975586137
252.80793538683793,1.0002384324693674
252.82836834096815,1.0001047476497469
252.84880129462545,0.9997748738943109
252.86923424782435,0.999289853482979
252.8896671010225,1.0006578471591927
252.91010015398206,1.0002850938022243
252.93053310648247,0.9999589777322737
252.9509659587493,0.999769305752631
252.97139901077753,1.0010527004810779
252.99183196234662,0.9996758091329486
253.01226481391495,0.9989667411670197
253.0326977650111,0.9993618326148173
253.05313081588247,0.9995324256810878
253.07356376652024,0.9994131180429012
253.09399661692441,0.9999544956380108
253.11442966685718,1.0002036789735143
253.13486261656362,1.0011380272958312
253.15529546626203,0.9995395778101165
253.17572841527,0.9993134391817247
253.1961614642787,0.999823750941422
253.21659431305306,0.9985418532418808
253.23702726135525,1.000561479113527
253.25746030943264,1.0000528892448897
253.2778931572684,1.0002592351140531
253.29832610487938,0.9998446298145977
253.3187590520247,1.0012577919232968
253.33919209893065,1.0007684346337369
253.35962494560954,0.9990036763272125
253.38005789205636,0.999998344684324
253.40049093826383,1.000806571220294
253.42092378424422,0.9990074288879548
253.44135672975972,1.0001008511587253
253.46178957504162,0.9996076990917292
253.48222262008494,1.0000525887477563
253.50265556490194,0.9994968241037543
253.52308840925252,1.0011400280146097
253.54352145359735,0.999346189752824
253.56395439748303,1.0003022072809802
253.58438724113512,1.0002727311146427
253.60482018454786,1.0004312658380354
253.62525322750298,1.0011070936935973
253.64568607045658,1.0006361785279207
253.68655205519462,0.9725170410227655
253.7069848972169,0.9735148614630996
253.72741783899983,0.9922558222414518
253.7478506803236,0.9994959810220128
253.76828372141608,1.0000878671942746
253.7887166622677,1.0013736051546065
253.80914960289374,0.9996532956165789
253.82958254328696,0.9987861058228388
253.85001548320724,1.0001914128694709
253.8704484231348,1.0000382963228454
253.89088126259594,1.0000654984372777
253.9113143018185,0.9987388981016303
253.93174724081473,0.9998468246560304
253.95218007934454,0.9996590665748083
253.9726131178686,1.0004012590628861
253.99304605593352,1.001394616901888
254.01347889376484,1.0008632892268479
254.03391183135682,1.0006829302795148
254.05434486849117,0.9985087372374833
254.07477780562476,1.000171998023731
254.09521064228466,1.0008037033657855
254.11564367872052,1.000989428896177
254.1360766149155,1.000065011341466
254.1565094508842,1.000464459193099
254.1769423866208,0.998639439188235
254.1973754218925,0.9998974466686843
254.21780825692258,1.000465142686401
254.23824119172787,0.9995254669037471
254.2586742262938,0.9992238526415609
254.27910706063267,0.9987682603981709
254.29953999450663,1.0006395766980765
254.31997292814776,0.999495409882883
254.3404058615488,0.9995017355777222
254.36083879472426,0.9999447909407098
254.3812717276669,0.9983565763656596
254.4017047603702,0.9999927118558959
254.42213759261358,0.9991973844180426
254.4425705246249,1.001294653784771
254.46300335639535,1.000585601007428
254.48343638794177,0.9986104208088338
254.5038693192546,1.0012914658517638
254.52430215009372,0.9990173634745673
254.54473518094164,1.0005056251452995
254.56516811132315,1.0017776969693206
254.58560104146454,1.0005691630201887
254.6060338711468,1.0005564880876154
254.62646690083056,1.00161995099267
254.64689983004064,1.0003864116638947
254.66733265925723,0.9998742217637403
254.68776568800968,1.0025884652235153
254.70819861652126,1.0004643333418084
254.7286314445737,1.0001962147771715
254.7490643726269,1.0001216154304882
254.7694974002079,1.000298036368824
254.78993022779468,0.9995013986985254
254.81036315491656,0.9997714078059946
254.83079618156626,0.9993041684889131
254.8512290082217,1.000027849277068
254.8716619346451,0.998629876712162
254.89209486059553,1.001306062910388
254.9125278863212,0.9996820443327797
254.93296071181248,0.9985222449303907
254.95339363706444,0.9998541491066067
254.97382656209084,1.0006352265070946
254.99425948665157,1.0001246997194373
255.01469231097144,1.0009382191496174
255.03512533506728,0.9995496011823414
255.05555825892952,0.9998752450879566
255.07599118255166,0.9998541133565926
255.09642400594748,0.9999273130879475
255.11685702887917,0.9993948964103812
255.1372899518028,0.9999907794200132
255.1577227742673,0.9997311491601036
255.1781557965005,1.000700230507424
255.19858871826,0.9990247132988548
255.219021540026,0.9996937399594794
255.23945446155994,0.9997443081493819
255.2598874826217,1.0012734639723246
255.2803203034564,0.999817383123779
255.300753224059,0.9996316915429461
255.32118624442228,0.9998388806378944
255.34161906432564,0.9998008638292804
255.36205198422977,1.0010260528290784
255.38248490366095,1.0001055669285501
256.3428317154103,0.9999899771093287
256.3632645220423,0.9996856435630272
256.38369742820214,1.000478247202042
256.40413043437,0.9993881114329732
256.4245632400707,1.0001328068505257
256.44499614553206,0.9998228054573511
256.4654291507686,0.9992295907051703
256.4858620557643,1.001444227293821
256.50629486030084,0.9998747110023978
256.52672776483814,0.9984833440874212
256.5471606689098,0.9994163313442456
256.5675935727413,0.9997868892066408
256.58802637634653,1.0003651885723142
256.60845937972044,0.9999061526371558
256.6288922828535,0.9996462072811011
256.66975798820204,0.9997997761005835
256.69019099063735,0.9992001179014313
256.7106238926135,0.9984419389744761
256.7310566943561,0.9989615313788553
256.7514896958601,0.998986350582004
256.7719225969049,0.9993159806238224
256.792355397949,0.9995750907182327
256.8127882985209,0.9996877317171383
256.83322129910084,1.0000248791137565
256.8536540992136,1.0014912405920933
256.874086999087,1.0001551202687409
256.89451999873563,1.0007825807483435
256.91495289815066,1.000495608711937
256.935385697092,1.001736926838647
256.95581859604135,1.0003676943572475
256.9762515945258,1.0007938567805432
256.99668439276866,0.99963630346446
257.0171172907867,1.000605743925909
257.0375502885727,1.0002875092393826
257.057983086117,1.0008785165143603
257.07841598320374,1.00003549886895
257.0988487802897,0.9993629342605483
257.11928177690424,0.9998646282011185
257.1397146732925,1.0005883227544683
257.1601475696807,0.9997238866140328
257.18058046536316,1.0000746368431457
257.2010133610529,0.999011706739067
257.2214462565098,0.998986350582004
257.241879051493,0.9989935696290737
257.262312046485,0.9988565270578418
257.2827449410106,0.9988209091148615
257.3031777352953,1.000838662601612
257.323610729356,1.0002268931086156
257.3440436231831,1.0007027535997546
257.3644764167693,1.0002143045224032
257.3849093098979,1.001200569539833
257.4053423030273,0.9988885056465141
257.42577519568295,1.0009537497239047
257.4462079881123,0.9997890370222979
257.46664098031033,0.9992411053835543
257.4870738722675,0.9987350561501237
257.50750666399836,0.9997990601620311
257.5279395552643,1.00012582644964
257.54837254652375,1.0004679257545788
257.5688053373233,1.0003679926649776
257.58923822789075,0.99945624491854
257.6096712184517,0.9874686891208224
257.6301040083199,0.9730251657807605
257.6505368981889,0.9730304756583571
257.67096978781774,0.987521012296691
257.69140267722105,1.000390127098555
257.7118355661587,0.9995393534521605
257.73226845485624,1.001197109170163
257.7527014435618,1.0000399138233562
257.7731342318002,1.0000391978848038
257.79356711979926,0.999344498842825
257.81399990733917,1.0005162516068633
257.8344328948806,0.9998743530331216
257.85486578218115,1.001071581277315
257.8752986690233,0.999205368117482
257.89573155563266,1.002411102308791
257.9161644420019,1.0006418988228036
257.9365973281456,0.9986439529693353
257.95703011405567,0.9999429638110566
257.9774630997272,1.0016097284225098
257.9978958851716,1.00065878304033
258.01832877015113,0.9993187847164858
258.03876175512414,1.0011956772930584
258.05919453963725,1.0007266778797128
258.0796274239183,1.001815441433223
258.1000602079657,0.9995178752955896
258.1204931917746,1.000932748859702
258.14092607535713,1.0007927828727146
258.16135895870684,0.9987613072303771
258.1817918415836,1.000041465023553
258.20222472446767,0.9995665591171504
258.2226576068788,0.9996876720555922
258.2430903890636,1.0012465089302762
258.2635233710171,1.0001738539941945
258.28395625273697,1.001116804729206
258.304389034216,1.0006628996870064
258.324822015471,1.0002785003459318
258.3452548962523,1.0005853993387126
258.3656876770401,1.001404612027257
258.4065535374539,1.0018798759029357
258.4269863173031,1.0013617750372072
258.4474191969275,1.0019286790475888
258.4678521763126,1.0022802048768003
