/*--------------------------------*- C++ -*----------------------------------*\
| =========                 |                                                 |
| \\      /  F ield         | OpenFOAM: The Open Source CFD Toolbox           |
|  \\    /   O peration     | Version:  2412                                  |
|   \\  /    A nd           | Website:  www.openfoam.com                      |
|    \\/     M anipulation  |                                                 |
\*---------------------------------------------------------------------------*/
FoamFile
{
    version     2.0;
    format      ascii;
    arch        "LSB;label=32;scalar=64";
    class       volVectorField;
    location    "6e-05";
    object      U;
}
// * * * * * * * * * * * * * * * * * * * * * * * * * * * * * * * * * * * * * //

dimensions      [0 1 -1 0 0 0 0];

internalField   nonuniform List<vector> 
3725
(
(6.73097e-10 2.56187e-10 0)
(2.90265e-09 6.19197e-10 0)
(8.82996e-09 1.81671e-09 0)
(2.55087e-08 5.34335e-09 0)
(7.16837e-08 1.53869e-08 0)
(1.96255e-07 4.32391e-08 0)
(5.23024e-07 1.18426e-07 0)
(1.35521e-06 3.15776e-07 0)
(3.4096e-06 8.18791e-07 0)
(8.31752e-06 2.06198e-06 0)
(1.96428e-05 5.03657e-06 0)
(4.48326e-05 1.19151e-05 0)
(9.87102e-05 2.72584e-05 0)
(0.000209232 6.02046e-05 0)
(0.000426017 0.000128149 0)
(0.000831196 0.00026239 0)
(0.00154989 0.000515786 0)
(0.00275398 0.000971391 0)
(0.00464842 0.00174913 0)
(0.00742759 0.00300515 0)
(0.0111941 0.00491703 0)
(0.0158495 0.00764936 0)
(0.0209947 0.0113011 0)
(0.0259148 0.0158486 0)
(0.0296573 0.0211113 0)
(0.031185 0.0267394 0)
(0.0296303 0.0322411 0)
(0.0245837 0.0370507 0)
(0.016296 0.0406223 0)
(0.00570934 0.0425265 0)
(9.45383e-10 8.44619e-10 0)
(4.07304e-09 2.04007e-09 0)
(1.23731e-08 5.9814e-09 0)
(3.56864e-08 1.75802e-08 0)
(1.00106e-07 5.05857e-08 0)
(2.73534e-07 1.42033e-07 0)
(7.27427e-07 3.88653e-07 0)
(1.88048e-06 1.03529e-06 0)
(4.71925e-06 2.68155e-06 0)
(1.14809e-05 6.74504e-06 0)
(2.70326e-05 1.64541e-05 0)
(6.1499e-05 3.88708e-05 0)
(0.000134927 8.87894e-05 0)
(0.0002849 0.000195777 0)
(0.000577656 0.000415963 0)
(0.00112192 0.000850005 0)
(0.00208165 0.00166725 0)
(0.00367899 0.00313259 0)
(0.00617374 0.00562633 0)
(0.00980352 0.00964011 0)
(0.0146773 0.0157273 0)
(0.0206376 0.0243924 0)
(0.0271441 0.0359244 0)
(0.0332724 0.0502243 0)
(0.0378254 0.0667039 0)
(0.0395325 0.0842579 0)
(0.0373638 0.101356 0)
(0.0308696 0.116259 0)
(0.0204029 0.127301 0)
(0.00713749 0.133179 0)
(1.56969e-09 1.67297e-09 0)
(6.75523e-09 4.03611e-09 0)
(2.0485e-08 1.18193e-08 0)
(5.8962e-08 3.46945e-08 0)
(1.65023e-07 9.96941e-08 0)
(4.49806e-07 2.79499e-07 0)
(1.19297e-06 7.63559e-07 0)
(3.07488e-06 2.03034e-06 0)
(7.69191e-06 5.2486e-06 0)
(1.86469e-05 1.3174e-05 0)
(4.37371e-05 3.20622e-05 0)
(9.90841e-05 7.55506e-05 0)
(0.00021639 0.000172094 0)
(0.000454612 0.000378307 0)
(0.000916688 0.000801109 0)
(0.00176966 0.00163109 0)
(0.00326184 0.00318663 0)
(0.00572329 0.00596146 0)
(0.00952906 0.010657 0)
(0.0150034 0.0181673 0)
(0.0222583 0.0294792 0)
(0.0309974 0.0454615 0)
(0.0403686 0.0665634 0)
(0.0489994 0.0925192 0)
(0.0551825 0.122194 0)
(0.0571744 0.153564 0)
(0.0536309 0.183911 0)
(0.0440419 0.210209 0)
(0.0289866 0.229611 0)
(0.0101185 0.239914 0)
(2.71767e-09 2.93932e-09 0)
(1.16828e-08 7.08035e-09 0)
(3.53669e-08 2.07016e-08 0)
(1.01593e-07 6.06688e-08 0)
(2.83709e-07 1.74023e-07 0)
(7.71433e-07 4.86942e-07 0)
(2.04056e-06 1.32746e-06 0)
(5.24426e-06 3.52161e-06 0)
(1.3077e-05 9.08063e-06 0)
(3.15911e-05 2.27292e-05 0)
(7.38151e-05 5.51494e-05 0)
(0.000166523 0.000129521 0)
(0.000361995 0.000293954 0)
(0.000756661 0.000643601 0)
(0.00151724 0.00135691 0)
(0.00291106 0.00274942 0)
(0.00532943 0.00534311 0)
(0.00928174 0.00993797 0)
(0.0153281 0.0176536 0)
(0.0239202 0.0298893 0)
(0.0351479 0.0481447 0)
(0.0484507 0.073672 0)
(0.0624374 0.107006 0)
(0.0749952 0.147546 0)
(0.0836087 0.193378 0)
(0.08582 0.241312 0)
(0.0798475 0.287237 0)
(0.0651446 0.326715 0)
(0.0426819 0.355667 0)
(0.0148651 0.370988 0)
(4.67544e-09 4.89396e-09 0)
(2.00769e-08 1.17685e-08 0)
(6.06763e-08 3.43479e-08 0)
(1.73953e-07 1.00476e-07 0)
(4.84728e-07 2.87628e-07 0)
(1.31488e-06 8.03061e-07 0)
(3.46897e-06 2.18397e-06 0)
(8.88976e-06 5.77858e-06 0)
(2.20976e-05 1.48573e-05 0)
(5.31985e-05 3.70703e-05 0)
(0.000123831 8.96327e-05 0)
(0.000278188 0.000209699 0)
(0.000601951 0.000473918 0)
(0.00125183 0.00103281 0)
(0.00249605 0.00216634 0)
(0.00475931 0.00436476 0)
(0.00865325 0.00842963 0)
(0.0149562 0.0155717 0)
(0.0244926 0.0274543 0)
(0.0378717 0.0461039 0)
(0.0550954 0.0736097 0)
(0.0751431 0.111587 0)
(0.0957738 0.160504 0)
(0.113778 0.219169 0)
(0.125507 0.284572 0)
(0.127569 0.352068 0)
(0.117684 0.415961 0)
(0.0953645 0.470341 0)
(0.0621912 0.509931 0)
(0.0216093 0.530794 0)
(7.87361e-09 7.84887e-09 0)
(3.37732e-08 1.88396e-08 0)
(1.01897e-07 5.48818e-08 0)
(2.91553e-07 1.60226e-07 0)
(8.10648e-07 4.57688e-07 0)
(2.19369e-06 1.27486e-06 0)
(5.7722e-06 3.45811e-06 0)
(1.47492e-05 9.12388e-06 0)
(3.65457e-05 2.33851e-05 0)
(8.76727e-05 5.81478e-05 0)
(0.000203287 0.000140065 0)
(0.000454737 0.00032632 0)
(0.000979326 0.000734084 0)
(0.00202598 0.00159165 0)
(0.0040162 0.00331973 0)
(0.00760852 0.00664692 0)
(0.0137347 0.0127486 0)
(0.0235503 0.0233705 0)
(0.0382273 0.0408581 0)
(0.0585367 0.0679817 0)
(0.0842601 0.107457 0)
(0.113622 0.161161 0)
(0.143124 0.22924 0)
(0.168046 0.309554 0)
(0.183283 0.397637 0)
(0.184361 0.487121 0)
(0.168552 0.570651 0)
(0.135622 0.640938 0)
(0.0880224 0.691697 0)
(0.0305131 0.718332 0)
(1.29185e-08 1.21714e-08 0)
(5.53516e-08 2.91594e-08 0)
(1.66716e-07 8.47776e-08 0)
(4.76057e-07 2.46997e-07 0)
(1.32071e-06 7.03975e-07 0)
(3.5652e-06 1.95607e-06 0)
(9.35573e-06 5.29156e-06 0)
(2.3835e-05 1.39197e-05 0)
(5.88655e-05 3.55602e-05 0)
(0.000140708 8.81018e-05 0)
(0.00032496 0.000211369 0)
(0.000723703 0.00049027 0)
(0.00155094 0.00109751 0)
(0.00319106 0.0023667 0)
(0.0062875 0.00490652 0)
(0.011831 0.00975822 0)
(0.0211959 0.0185765 0)
(0.0360383 0.0337722 0)
(0.0579509 0.0585019 0)
(0.0878207 0.0963554 0)
(0.12498 0.15063 0)
(0.16648 0.223243 0)
(0.207069 0.313639 0)
(0.240076 0.41831 0)
(0.258682 0.530981 0)
(0.257329 0.643436 0)
(0.233046 0.746791 0)
(0.186149 0.832713 0)
(0.120236 0.894261 0)
(0.0415859 0.926446 0)
(2.06146e-08 1.8255e-08 0)
(8.82278e-08 4.36487e-08 0)
(2.65276e-07 1.26647e-07 0)
(7.55951e-07 3.68206e-07 0)
(2.09245e-06 1.04703e-06 0)
(5.63438e-06 2.90191e-06 0)
(1.47449e-05 7.82839e-06 0)
(3.74507e-05 2.05297e-05 0)
(9.21823e-05 5.22685e-05 0)
(0.00021953 0.000129011 0)
(0.000504913 0.000308231 0)
(0.00111934 0.000711645 0)
(0.00238665 0.00158491 0)
(0.00488274 0.00339827 0)
(0.00955985 0.00700032 0)
(0.017861 0.0138236 0)
(0.0317452 0.0261072 0)
(0.0534943 0.0470431 0)
(0.0851647 0.0806879 0)
(0.127633 0.131448 0)
(0.179426 0.203036 0)
(0.235879 0.297047 0)
(0.289424 0.411742 0)
(0.331053 0.541818 0)
(0.352127 0.678977 0)
(0.346218 0.813275 0)
(0.310509 0.934744 0)
(0.246224 1.03458 0)
(0.158323 1.10563 0)
(0.0546522 1.14276 0)
(3.19638e-08 2.64588e-08 0)
(1.36646e-07 6.31394e-08 0)
(4.10134e-07 1.82825e-07 0)
(1.16634e-06 5.30395e-07 0)
(3.22098e-06 1.50469e-06 0)
(8.65123e-06 4.15963e-06 0)
(2.25766e-05 1.11894e-05 0)
(5.71651e-05 2.92516e-05 0)
(0.000140227 7.42156e-05 0)
(0.00033268 0.000182476 0)
(0.000761935 0.000434104 0)
(0.00168121 0.00099749 0)
(0.00356591 0.00220974 0)
(0.00725262 0.00470992 0)
(0.0141065 0.00963797 0)
(0.0261611 0.0188908 0)
(0.0461106 0.0353798 0)
(0.0769739 0.0631563 0)
(0.121255 0.107194 0)
(0.179582 0.172602 0)
(0.249179 0.263198 0)
(0.323009 0.379762 0)
(0.390648 0.518876 0)
(0.440502 0.673128 0)
(0.462275 0.832262 0)
(0.449153 0.985098 0)
(0.399022 1.12134 0)
(0.314315 1.23242 0)
(0.201371 1.31134 0)
(0.0694286 1.35277 0)
(4.8125e-08 3.70154e-08 0)
(2.05503e-07 8.81554e-08 0)
(6.15717e-07 2.54735e-07 0)
(1.74735e-06 7.37421e-07 0)
(4.81438e-06 2.08708e-06 0)
(1.28979e-05 5.7546e-06 0)
(3.35639e-05 1.54354e-05 0)
(8.47204e-05 4.02231e-05 0)
(0.000207101 0.000101692 0)
(0.000489446 0.000249054 0)
(0.00111617 0.000589906 0)
(0.00245106 0.0013489 0)
(0.00517097 0.00297199 0)
(0.0104539 0.00629604 0)
(0.0201955 0.0127956 0)
(0.0371675 0.0248871 0)
(0.0649443 0.0462065 0)
(0.107355 0.0816794 0)
(0.167249 0.137117 0)
(0.244636 0.218089 0)
(0.334797 0.328086 0)
(0.427637 0.466529 0)
(0.509449 0.627931 0)
(0.566092 0.802744 0)
(0.586104 0.979223 0)
(0.563027 1.14584 0)
(0.496003 1.29296 0)
(0.388722 1.41289 0)
(0.248581 1.49869 0)
(0.0857247 1.54445 0)
(7.03188e-08 4.99115e-08 0)
(2.99936e-07 1.18634e-07 0)
(8.97083e-07 3.42102e-07 0)
(2.5406e-06 9.88206e-07 0)
(6.98387e-06 2.79028e-06 0)
(1.86624e-05 7.6735e-06 0)
(4.84279e-05 2.05232e-05 0)
(0.000121857 5.33109e-05 0)
(0.00029685 0.000134303 0)
(0.000698841 0.000327626 0)
(0.00158682 0.0007726 0)
(0.00346777 0.00175798 0)
(0.00727627 0.00385196 0)
(0.0146203 0.00810976 0)
(0.0280498 0.0163669 0)
(0.0512193 0.0315829 0)
(0.0887049 0.0581178 0)
(0.145157 0.101705 0)
(0.223562 0.168808 0)
(0.32281 0.265108 0)
(0.435509 0.393272 0)
(0.547893 0.550903 0)
(0.642809 0.730318 0)
(0.703972 0.920205 0)
(0.719601 1.10826 0)
(0.684459 1.28385 0)
(0.599302 1.439 0)
(0.468613 1.56722 0)
(0.300048 1.661 0)
(0.103749 1.71269 0)
(9.96666e-08 6.47615e-08 0)
(4.24646e-07 1.53631e-07 0)
(1.2679e-06 4.42127e-07 0)
(3.58349e-06 1.27443e-06 0)
(9.82835e-06 3.59011e-06 0)
(2.61976e-05 9.84774e-06 0)
(6.7792e-05 2.62633e-05 0)
(0.000170055 6.80061e-05 0)
(0.000412837 0.000170722 0)
(0.000968169 0.000414836 0)
(0.00218894 0.000973978 0)
(0.00476059 0.00220533 0)
(0.00993481 0.00480557 0)
(0.0198401 0.0100547 0)
(0.0378004 0.0201501 0)
(0.0684807 0.0385758 0)
(0.117536 0.0703502 0)
(0.190373 0.121865 0)
(0.289801 0.199958 0)
(0.412985 0.310017 0)
(0.549143 0.453425 0)
(0.680422 0.625732 0)
(0.786426 0.817299 0)
(0.84955 1.01588 0)
(0.858838 1.20998 0)
(0.811079 1.39127 0)
(0.708532 1.55435 0)
(0.555223 1.69383 0)
(0.357684 1.80008 0)
(0.124494 1.86198 0)
(1.36971e-07 8.07061e-08 0)
(5.8296e-07 1.91093e-07 0)
(1.73768e-06 5.48859e-07 0)
(4.90158e-06 1.57883e-06 0)
(1.34138e-05 4.43754e-06 0)
(3.56674e-05 1.21419e-05 0)
(9.20467e-05 3.22918e-05 0)
(0.000230201 8.33585e-05 0)
(0.000556972 0.000208544 0)
(0.00130128 0.000504799 0)
(0.0029297 0.00118012 0)
(0.00634147 0.00265924 0)
(0.0131633 0.0057633 0)
(0.0261288 0.011985 0)
(0.0494407 0.0238527 0)
(0.0888694 0.0453072 0)
(0.151172 0.0818935 0)
(0.242363 0.140436 0)
(0.364676 0.227819 0)
(0.51291 0.348736 0)
(0.672296 0.502978 0)
(0.820799 0.684127 0)
(0.935423 0.881245 0)
(0.99848 1.08242 0)
(1.00114 1.27857 0)
(0.942742 1.46519 0)
(0.826226 1.64005 0)
(0.652911 1.79838 0)
(0.426167 1.92616 0)
(0.15018 2.00664 0)
(1.82457e-07 9.63834e-08 0)
(7.7576e-07 2.27803e-07 0)
(2.3087e-06 6.53068e-07 0)
(6.5e-06 1.87489e-06 0)
(1.77506e-05 5.25831e-06 0)
(4.70883e-05 1.43532e-05 0)
(0.000121204 3.80717e-05 0)
(0.000302245 9.79886e-05 0)
(0.000728918 0.000244338 0)
(0.00169685 0.000589265 0)
(0.00380477 0.0013719 0)
(0.00819798 0.00307707 0)
(0.0169291 0.00663403 0)
(0.0334072 0.0137143 0)
(0.0627921 0.027112 0)
(0.112011 0.0511072 0)
(0.188883 0.0915813 0)
(0.299817 0.155515 0)
(0.446027 0.249498 0)
(0.619354 0.377222 0)
(0.800687 0.536811 0)
(0.964123 0.720336 0)
(1.08514 0.916573 0)
(1.14754 1.11545 0)
(1.14592 1.31202 0)
(1.0822 1.50688 0)
(0.958433 1.70152 0)
(0.76981 1.89131 0)
(0.513886 2.0552 0)
(0.18485 2.16889 0)
(2.35535e-07 1.09986e-07 0)
(1.00047e-06 2.59515e-07 0)
(2.973e-06 7.42676e-07 0)
(8.35552e-06 2.12822e-06 0)
(2.27726e-05 5.95671e-06 0)
(6.02774e-05 1.62231e-05 0)
(0.000154773 4.29243e-05 0)
(0.000384901 0.000110171 0)
(0.00092543 0.000273865 0)
(0.00214696 0.000658181 0)
(0.00479555 0.00152638 0)
(0.0102881 0.00340855 0)
(0.0211412 0.00731232 0)
(0.0414872 0.0150319 0)
(0.0774854 0.0295279 0)
(0.137222 0.0552595 0)
(0.229478 0.0982095 0)
(0.360801 0.165219 0)
(0.530957 0.262289 0)
(0.728396 0.391946 0)
(0.929632 0.550866 0)
(1.10562 0.730355 0)
(1.23176 0.920114 0)
(1.29506 1.11342 0)
(1.29472 1.31089 0)
(1.23488 1.51942 0)
(1.11456 1.74492 0)
(0.918175 1.98345 0)
(0.634366 2.20467 0)
(0.235439 2.37643 0)
(2.94604e-07 1.19425e-07 0)
(1.25028e-06 2.8135e-07 0)
(3.71022e-06 8.03869e-07 0)
(1.04105e-05 2.29968e-06 0)
(2.83218e-05 6.42467e-06 0)
(7.4814e-05 1.74616e-05 0)
(0.000191666 4.60952e-05 0)
(0.00047545 0.000118007 0)
(0.00113993 0.000292506 0)
(0.00263624 0.000700731 0)
(0.00586754 0.00161921 0)
(0.0125374 0.00360118 0)
(0.0256466 0.00769019 0)
(0.0500689 0.0157266 0)
(0.0929629 0.0307105 0)
(0.163523 0.0570876 0)
(0.271353 0.100686 0)
(0.422878 0.167925 0)
(0.616073 0.264006 0)
(0.835788 0.390311 0)
(1.05449 0.542533 0)
(1.24106 0.712112 0)
(1.37244 0.890825 0)
(1.44062 1.07645 0)
(1.45042 1.2762 0)
(1.40773 1.50424 0)
(1.30647 1.7726 0)
(1.11463 2.08105 0)
(0.808677 2.39008 0)
(0.313642 2.66423 0)
(3.56979e-07 1.22618e-07 0)
(1.51381e-06 2.88477e-07 0)
(4.48675e-06 8.23049e-07 0)
(1.25711e-05 2.351e-06 0)
(3.4144e-05 6.55715e-06 0)
(9.00303e-05 1.77888e-05 0)
(0.000230183 4.68628e-05 0)
(0.000569709 0.000119698 0)
(0.00136247 0.000295936 0)
(0.00314198 0.000706913 0)
(0.00697089 0.00162821 0)
(0.0148413 0.00360801 0)
(0.0302353 0.007673 0)
(0.0587525 0.0156181 0)
(0.108506 0.0303366 0)
(0.189703 0.0560523 0)
(0.312606 0.098183 0)
(0.483292 0.162484 0)
(0.697747 0.253248 0)
(0.937292 0.370902 0)
(1.17098 0.510765 0)
(1.36684 0.665265 0)
(1.50502 0.829076 0)
(1.58409 1.00502 0)
(1.61556 1.20722 0)
(1.60719 1.45807 0)
(1.54719 1.77894 0)
(1.38131 2.18048 0)
(1.07193 2.62126 0)
(0.440939 3.06865 0)
(4.18997e-07 1.17875e-07 0)
(1.7756e-06 2.7699e-07 0)
(5.25712e-06 7.89301e-07 0)
(1.47111e-05 2.25167e-06 0)
(3.99002e-05 6.27113e-06 0)
(0.000105043 1.69859e-05 0)
(0.000268098 4.46683e-05 0)
(0.000662255 0.000113867 0)
(0.00158034 0.000280896 0)
(0.00363545 0.000669315 0)
(0.00804337 0.0015373 0)
(0.017071 0.00339578 0)
(0.0346542 0.00719581 0)
(0.0670667 0.0145873 0)
(0.123289 0.0282039 0)
(0.214408 0.0518389 0)
(0.351177 0.0902644 0)
(0.539177 0.148384 0)
(0.772387 0.229566 0)
(1.02893 0.333583 0)
(1.27527 0.455993 0)
(1.47979 0.590826 0)
(1.62726 0.73592 0)
(1.72423 0.898836 0)
(1.79019 1.10009 0)
(1.83652 1.37102 0)
(1.84834 1.7479 0)
(1.74642 2.26549 0)
(1.47541 2.91511 0)
(0.648664 3.72932 0)
(4.76315e-07 1.04276e-07 0)
(2.01738e-06 2.44795e-07 0)
(5.96776e-06 6.96855e-07 0)
(1.66825e-05 1.98583e-06 0)
(4.51947e-05 5.52425e-06 0)
(0.000118828 1.49433e-05 0)
(0.000302843 3.92398e-05 0)
(0.00074688 9.98659e-05 0)
(0.00177906 0.000245908 0)
(0.00408429 0.000584745 0)
(0.00901574 0.00133995 0)
(0.0190852 0.00295214 0)
(0.038629 0.00623725 0)
(0.0745086 0.0126018 0)
(0.136445 0.0242724 0)
(0.236249 0.0444204 0)
(0.385015 0.0769705 0)
(0.587769 0.125842 0)
(0.836648 0.193531 0)
(1.10711 0.279489 0)
(1.36392 0.379994 0)
(1.57679 0.490938 0)
(1.73602 0.612907 0)
(1.85721 0.756855 0)
(1.96969 0.947904 0)
(2.09303 1.22568 0)
(2.21807 1.64487 0)
(2.25657 2.27106 0)
(2.17077 3.12465 0)
(1.05482 4.19574 0)
(5.24387e-07 8.19525e-08 0)
(2.22004e-06 1.92247e-07 0)
(6.56289e-06 5.46843e-07 0)
(1.83317e-05 1.55707e-06 0)
(4.96183e-05 4.32762e-06 0)
(0.00013033 1.16947e-05 0)
(0.00033179 3.06749e-05 0)
(0.000817256 7.79707e-05 0)
(0.001944 0.000191725 0)
(0.00445598 0.000455185 0)
(0.00981892 0.00104121 0)
(0.020744 0.00228937 0)
(0.0418915 0.00482597 0)
(0.080593 0.00972534 0)
(0.147153 0.0186773 0)
(0.253932 0.0340679 0)
(0.412244 0.0588118 0)
(0.626599 0.0957547 0)
(0.887623 0.146598 0)
(1.16878 0.21075 0)
(1.43386 0.285489 0)
(1.65448 0.368395 0)
(1.8267 0.461672 0)
(1.97547 0.577197 0)
(2.14181 0.74134 0)
(2.35924 1.00067 0)
(2.63257 1.44443 0)
(2.85838 2.23971 0)
(2.9317 3.95791 0)
(1.45978 6.90627 0)
(5.55571e-07 5.5817e-08 0)
(2.35144e-06 1.30871e-07 0)
(6.94853e-06 3.7207e-07 0)
(1.93994e-05 1.05885e-06 0)
(5.24799e-05 2.94113e-06 0)
(0.000137763 7.94261e-06 0)
(0.000350474 2.08176e-05 0)
(0.000862626 5.28707e-05 0)
(0.00205017 0.000129883 0)
(0.00469486 0.000308035 0)
(0.0103341 0.000703773 0)
(0.0218058 0.00154532 0)
(0.0439745 0.00325254 0)
(0.0844667 0.00654314 0)
(0.153947 0.0125411 0)
(0.265108 0.0228241 0)
(0.429377 0.0393021 0)
(0.650908 0.0638102 0)
(0.919368 0.0973951 0)
(1.20703 0.139592 0)
(1.47732 0.188653 0)
(1.70348 0.243312 0)
(1.88604 0.305901 0)
(2.05783 0.386116 0)
(2.27276 0.505329 0)
(2.59418 0.703311 0)
(3.09487 1.06247 0)
(4.00492 1.74621 0)
(5.3144 3.28112 0)
(9.87436 6.06567 0)
(5.72885e-07 2.87613e-08 0)
(2.42439e-06 6.74198e-08 0)
(7.16253e-06 1.91631e-07 0)
(1.99917e-05 5.45214e-07 0)
(5.40665e-05 1.514e-06 0)
(0.000141882 4.08733e-06 0)
(0.000360822 1.07091e-05 0)
(0.000887736 2.71871e-05 0)
(0.00210889 6.67578e-05 0)
(0.00482686 0.000158244 0)
(0.0106185 0.000361333 0)
(0.0223912 0.000792879 0)
(0.0451216 0.00166756 0)
(0.0865966 0.00335176 0)
(0.157676 0.00641799 0)
(0.27123 0.0116674 0)
(0.43874 0.0200657 0)
(0.664156 0.0325331 0)
(0.93662 0.0495814 0)
(1.22778 0.0709576 0)
(1.50092 0.0957881 0)
(1.73027 0.123518 0)
(1.91898 0.15554 0)
(2.1043 0.197168 0)
(2.34672 0.25977 0)
(2.71983 0.36353 0)
(3.31099 0.543185 0)
(4.31417 0.85499 0)
(5.73007 1.29393 0)
(9.57582 2.11382 0)
(5.78766e-07 -3.6303e-11 0)
(2.44916e-06 -8.2043e-11 0)
(7.2352e-06 -2.23415e-10 0)
(2.01929e-05 -6.10047e-10 0)
(5.46052e-05 -1.62785e-09 0)
(0.00014328 -4.22833e-09 0)
(0.000364334 -1.06746e-08 0)
(0.000896255 -2.61534e-08 0)
(0.00212881 -6.20892e-08 0)
(0.00487161 -1.42579e-07 0)
(0.0107149 -3.16085e-07 0)
(0.0225895 -6.75051e-07 0)
(0.0455099 -1.38562e-06 0)
(0.087317 -2.72674e-06 0)
(0.158937 -5.13094e-06 0)
(0.273297 -9.20782e-06 0)
(0.441897 -1.57192e-05 0)
(0.668618 -2.5473e-05 0)
(0.942423 -3.91269e-05 0)
(1.23476 -5.69682e-05 0)
(1.50886 -7.8909e-05 0)
(1.73933 -0.000104957 0)
(1.93023 -0.000136378 0)
(2.12037 -0.000177188 0)
(2.37259 -0.000233646 0)
(2.76425 -0.000307073 0)
(3.38959 -0.00037268 0)
(4.45496 -0.000403119 0)
(6.00872 -0.000366643 0)
(9.39763 0.000379814 0)
(5.72857e-07 -2.88298e-08 0)
(2.42428e-06 -6.75747e-08 0)
(7.16221e-06 -1.92053e-07 0)
(1.99909e-05 -5.46369e-07 0)
(5.40643e-05 -1.51709e-06 0)
(0.000141876 -4.09537e-06 0)
(0.000360809 -1.07294e-05 0)
(0.000887705 -2.7237e-05 0)
(0.00210882 -6.68765e-05 0)
(0.00482671 -0.000158517 0)
(0.0106182 -0.00036194 0)
(0.0223906 -0.000794177 0)
(0.0451204 -0.00167023 0)
(0.0865944 -0.00335703 0)
(0.157672 -0.00642792 0)
(0.271224 -0.0116853 0)
(0.43873 -0.0200962 0)
(0.664142 -0.0325827 0)
(0.936601 -0.0496578 0)
(1.22776 -0.0710689 0)
(1.50089 -0.0959425 0)
(1.73024 -0.123723 0)
(1.91893 -0.155806 0)
(2.10424 -0.197512 0)
(2.34664 -0.260221 0)
(2.71975 -0.36412 0)
(3.31093 -0.543883 0)
(4.31417 -0.855493 0)
(5.73052 -1.29299 0)
(9.57611 -2.1095 0)
(5.55519e-07 -5.5873e-08 0)
(2.35123e-06 -1.30998e-07 0)
(6.94793e-06 -3.72418e-07 0)
(1.93978e-05 -1.05981e-06 0)
(5.24758e-05 -2.94372e-06 0)
(0.000137752 -7.9494e-06 0)
(0.000350449 -2.0835e-05 0)
(0.000862567 -5.29136e-05 0)
(0.00205004 -0.000129986 0)
(0.00469457 -0.000308274 0)
(0.0103335 -0.00070431 0)
(0.0218046 -0.00154648 0)
(0.0439722 -0.00325495 0)
(0.0844624 -0.00654793 0)
(0.15394 -0.0125502 0)
(0.265096 -0.0228407 0)
(0.429358 -0.0393308 0)
(0.650881 -0.0638574 0)
(0.919331 -0.0974684 0)
(1.20699 -0.139701 0)
(1.47727 -0.188804 0)
(1.70341 -0.243516 0)
(1.88595 -0.306169 0)
(2.05772 -0.386476 0)
(2.27261 -0.505837 0)
(2.59403 -0.704106 0)
(3.09493 -1.06384 0)
(4.00585 -1.7486 0)
(5.3168 -3.28332 0)
(9.87385 -6.06517 0)
(12.7966 0.571538 0)
(11.657 0.0764687 0)
(11.5533 0.0286431 0)
(11.4424 0.0134416 0)
(11.3062 0.00605691 0)
(11.159 0.00261043 0)
(10.995 0.00109348 0)
(10.8089 0.000452639 0)
(10.5966 0.000188644 0)
(10.3553 8.18723e-05 0)
(10.0837 3.93467e-05 0)
(9.78353 2.24732e-05 0)
(9.45965 1.57532e-05 0)
(9.12011 1.29535e-05 0)
(8.7754 1.15451e-05 0)
(8.43737 1.05286e-05 0)
(8.11773 9.554e-06 0)
(7.82643 8.48146e-06 0)
(7.57156 7.50341e-06 0)
(7.35484 6.72347e-06 0)
(7.18966 5.72433e-06 0)
(7.02399 4.82562e-06 0)
(7.06711 3.57416e-06 0)
(6.75518 2.87534e-06 0)
(6.88024 2.00364e-06 0)
(12.1483 0.200364 0)
(11.6519 0.123951 0)
(11.5264 0.0551249 0)
(11.4208 0.022179 0)
(11.2956 0.00895475 0)
(11.1542 0.00367825 0)
(10.993 0.00151116 0)
(10.8081 0.000622983 0)
(10.5964 0.000261123 0)
(10.3553 0.000114637 0)
(10.0838 5.56913e-05 0)
(9.78365 3.17617e-05 0)
(9.45979 2.18021e-05 0)
(9.12026 1.72802e-05 0)
(8.77556 1.47771e-05 0)
(8.43753 1.28947e-05 0)
(8.11789 1.11299e-05 0)
(7.8266 9.34615e-06 0)
(7.57173 7.74802e-06 0)
(7.35502 6.46072e-06 0)
(7.18984 5.07521e-06 0)
(7.02417 3.92841e-06 0)
(7.0673 2.6078e-06 0)
(6.75536 2.00449e-06 0)
(6.88044 1.44002e-06 0)
(11.6656 0.000167165 0)
(11.4604 0.000158481 0)
(11.4583 0.000118296 0)
(11.3973 8.44419e-05 0)
(11.2879 5.69297e-05 0)
(11.1518 3.63655e-05 0)
(10.9921 2.3277e-05 0)
(10.8078 1.58495e-05 0)
(10.5963 1.18359e-05 0)
(10.3552 9.68739e-06 0)
(10.0838 8.40596e-06 0)
(9.78364 7.426e-06 0)
(9.45979 6.43613e-06 0)
(9.12026 5.29349e-06 0)
(8.77556 4.08701e-06 0)
(8.43752 2.87863e-06 0)
(8.11789 1.76354e-06 0)
(7.8266 8.03043e-07 0)
(7.57173 5.28669e-08 0)
(7.35502 -4.95012e-07 0)
(7.18984 -8.49609e-07 0)
(7.02417 -1.01151e-06 0)
(7.0673 -1.00123e-06 0)
(6.75536 -7.93915e-07 0)
(6.88044 -4.26145e-07 0)
(12.1481 -0.199303 0)
(11.6519 -0.123211 0)
(11.5264 -0.0547219 0)
(11.4208 -0.0219656 0)
(11.2955 -0.00883935 0)
(11.1542 -0.00361277 0)
(10.9929 -0.00147112 0)
(10.8081 -0.000595903 0)
(10.5964 -0.000240545 0)
(10.3553 -9.73457e-05 0)
(10.0838 -4.02716e-05 0)
(9.78365 -1.77989e-05 0)
(9.45979 -9.34555e-06 0)
(9.12026 -6.59989e-06 0)
(8.77556 -6.01759e-06 0)
(8.43752 -6.15204e-06 0)
(8.11789 -6.36056e-06 0)
(7.8266 -6.34466e-06 0)
(7.57173 -6.24871e-06 0)
(7.35502 -6.14195e-06 0)
(7.18984 -5.60204e-06 0)
(7.02417 -4.94058e-06 0)
(7.0673 -3.81998e-06 0)
(6.75536 -3.08304e-06 0)
(6.88044 -2.14015e-06 0)
(12.7941 -0.570689 0)
(11.6563 -0.075883 0)
(11.5528 -0.0283578 0)
(11.4421 -0.0133122 0)
(11.306 -0.00599843 0)
(11.159 -0.00258131 0)
(10.9949 -0.00107672 0)
(10.8089 -0.000441408 0)
(10.5966 -0.000179902 0)
(10.3553 -7.42685e-05 0)
(10.0837 -3.2333e-05 0)
(9.78352 -1.59363e-05 0)
(9.45965 -9.73277e-06 0)
(9.1201 -7.56675e-06 0)
(8.7754 -6.87252e-06 0)
(8.43736 -6.66453e-06 0)
(8.11772 -6.54823e-06 0)
(7.82643 -6.28301e-06 0)
(7.57156 -6.05697e-06 0)
(7.35484 -5.90969e-06 0)
(7.18966 -5.40155e-06 0)
(7.02399 -4.82628e-06 0)
(7.06711 -3.7851e-06 0)
(6.75518 -3.15998e-06 0)
(6.88025 -2.27763e-06 0)
(5.24133e-07 -8.21142e-08 0)
(2.21897e-06 -1.92625e-07 0)
(6.55979e-06 -5.47915e-07 0)
(1.83231e-05 -1.56012e-06 0)
(4.95957e-05 -4.33611e-06 0)
(0.000130272 -1.17177e-05 0)
(0.000331644 -3.07352e-05 0)
(0.000816905 -7.81244e-05 0)
(0.00194318 -0.000192104 0)
(0.00445416 -0.000456089 0)
(0.009815 -0.0010433 0)
(0.020736 -0.00229398 0)
(0.0418757 -0.00483577 0)
(0.0805639 -0.00974529 0)
(0.147102 -0.0187161 0)
(0.253847 -0.0341396 0)
(0.412114 -0.0589377 0)
(0.626414 -0.0959638 0)
(0.887379 -0.146925 0)
(1.16848 -0.211232 0)
(1.43351 -0.286158 0)
(1.65408 -0.369274 0)
(1.8262 -0.46278 0)
(1.97478 -0.578557 0)
(2.14068 -0.742991 0)
(2.3572 -1.00266 0)
(2.62871 -1.44672 0)
(2.85096 -2.24195 0)
(2.91902 -3.95733 0)
(1.45197 -6.89944 0)
(4.75414e-07 -1.04569e-07 0)
(2.01358e-06 -2.45487e-07 0)
(5.95664e-06 -6.98834e-07 0)
(1.66517e-05 -1.9915e-06 0)
(4.51124e-05 -5.54015e-06 0)
(0.000118615 -1.49867e-05 0)
(0.000302307 -3.93546e-05 0)
(0.000745576 -0.000100161 0)
(0.00177601 -0.000246642 0)
(0.00407741 -0.000586512 0)
(0.00900088 -0.00134406 0)
(0.0190545 -0.00296132 0)
(0.0385686 -0.00625697 0)
(0.0743959 -0.0126424 0)
(0.136246 -0.0243522 0)
(0.23592 -0.0445699 0)
(0.384507 -0.0772363 0)
(0.58704 -0.126289 0)
(0.835684 -0.19424 0)
(1.10594 -0.280545 0)
(1.36257 -0.38147 0)
(1.57529 -0.492876 0)
(1.73428 -0.615308 0)
(1.85498 -0.759674 0)
(1.96651 -0.951018 0)
(2.08828 -1.22878 0)
(2.21101 -1.64712 0)
(2.2469 -2.27048 0)
(2.15855 -3.11691 0)
(1.04807 -4.17599 0)
(4.17332e-07 -1.18105e-07 0)
(1.76858e-06 -2.77539e-07 0)
(5.23649e-06 -7.90894e-07 0)
(1.46539e-05 -2.2563e-06 0)
(3.97467e-05 -6.28427e-06 0)
(0.000104644 -1.70222e-05 0)
(0.000267091 -4.4766e-05 0)
(0.000659803 -0.000114122 0)
(0.00157458 -0.000281543 0)
(0.00362243 -0.000670903 0)
(0.00801515 -0.00154107 0)
(0.0170125 -0.00340439 0)
(0.0345385 -0.00721476 0)
(0.0668495 -0.0146274 0)
(0.122904 -0.0282849 0)
(0.213767 -0.0519951 0)
(0.35018 -0.090551 0)
(0.537736 -0.148882 0)
(0.770469 -0.230383 0)
(1.02658 -0.334841 0)
(1.27259 -0.457801 0)
(1.47686 -0.593245 0)
(1.624 -0.738921 0)
(1.72035 -0.902261 0)
(1.78515 -1.1036 0)
(1.82964 -1.37401 0)
(1.83902 -1.74925 0)
(1.73482 -2.2633 0)
(1.46212 -2.90678 0)
(0.641659 -3.71108 0)
(3.54579e-07 -1.22612e-07 0)
(1.50368e-06 -2.88479e-07 0)
(4.45695e-06 -8.23102e-07 0)
(1.24883e-05 -2.35129e-06 0)
(3.39213e-05 -6.55837e-06 0)
(8.94494e-05 -1.77934e-05 0)
(0.000228715 -4.68785e-05 0)
(0.000566124 -0.000119748 0)
(0.00135402 -0.000296089 0)
(0.00312282 -0.000707354 0)
(0.00692919 -0.00162943 0)
(0.0147544 -0.00361119 0)
(0.0300627 -0.00768095 0)
(0.0584269 -0.015637 0)
(0.107925 -0.0303793 0)
(0.188728 -0.0561438 0)
(0.311076 -0.0983683 0)
(0.481061 -0.162837 0)
(0.694746 -0.25388 0)
(0.933578 -0.371955 0)
(1.16673 -0.512386 0)
(1.36223 -0.66755 0)
(1.50008 -0.831997 0)
(1.57859 -1.00835 0)
(1.60898 -1.21045 0)
(1.59896 -1.46035 0)
(1.53699 -1.77901 0)
(1.36977 -2.1765 0)
(1.06034 -2.61143 0)
(0.435295 -3.05074 0)
(2.91622e-07 -1.19072e-07 0)
(1.23768e-06 -2.80541e-07 0)
(3.6731e-06 -8.0162e-07 0)
(1.03072e-05 -2.29344e-06 0)
(2.80432e-05 -6.40781e-06 0)
(7.40855e-05 -1.74175e-05 0)
(0.00018982 -4.59839e-05 0)
(0.000470928 -0.000117737 0)
(0.00112923 -0.000291875 0)
(0.0026119 -0.000699328 0)
(0.00581434 -0.00161624 0)
(0.0124261 -0.00359528 0)
(0.0254242 -0.00767926 0)
(0.0496465 -0.0157081 0)
(0.0922038 -0.030683 0)
(0.162238 -0.0570546 0)
(0.269317 -0.100664 0)
(0.419874 -0.167957 0)
(0.611979 -0.264178 0)
(0.830654 -0.390761 0)
(1.04855 -0.543435 0)
(1.23462 -0.713615 0)
(1.36571 -0.892951 0)
(1.43352 -1.07898 0)
(1.44258 -1.27857 0)
(1.39873 -1.50551 0)
(1.2962 -1.77149 0)
(1.10388 -2.07604 0)
(0.798945 -2.38013 0)
(0.309221 -2.64848 0)
(2.32203e-07 -1.09255e-07 0)
(9.86378e-07 -2.57815e-07 0)
(2.93139e-06 -7.3789e-07 0)
(8.23944e-06 -2.11474e-06 0)
(2.24589e-05 -5.91969e-06 0)
(5.94549e-05 -1.61244e-05 0)
(0.000152683 -4.26694e-05 0)
(0.000379764 -0.000109535 0)
(0.00091324 -0.000272331 0)
(0.00211909 -0.000654628 0)
(0.00473436 -0.00151848 0)
(0.0101593 -0.00339177 0)
(0.0208825 -0.00727841 0)
(0.0409925 -0.014967 0)
(0.076589 -0.0294113 0)
(0.13569 -0.0550644 0)
(0.227023 -0.0979093 0)
(0.357134 -0.164803 0)
(0.525884 -0.261787 0)
(0.721929 -0.39146 0)
(0.922039 -0.550573 0)
(1.09733 -0.730455 0)
(1.22317 -0.920721 0)
(1.28633 -1.11441 0)
(1.28572 -1.31178 0)
(1.22537 -1.51932 0)
(1.10456 -1.74266 0)
(0.908457 -1.97782 0)
(0.626322 -2.19507 0)
(0.23202 -2.36278 0)
(1.79029e-07 -9.53172e-08 0)
(7.61242e-07 -2.25311e-07 0)
(2.26575e-06 -6.46012e-07 0)
(6.37995e-06 -1.85489e-06 0)
(1.74254e-05 -5.203e-06 0)
(4.62331e-05 -1.42046e-05 0)
(0.000119025 -3.76844e-05 0)
(0.000296868 -9.70115e-05 0)
(0.00071611 -0.000241956 0)
(0.00166745 -0.000583668 0)
(0.00373987 -0.00135925 0)
(0.00806065 -0.00304966 0)
(0.0166514 -0.00657728 0)
(0.0328721 -0.0136025 0)
(0.0618141 -0.0269032 0)
(0.110323 -0.05074 0)
(0.186146 -0.0909769 0)
(0.295671 -0.154592 0)
(0.440196 -0.248206 0)
(0.611784 -0.375585 0)
(0.791631 -0.534969 0)
(0.954091 -0.718515 0)
(1.07471 -0.914986 0)
(1.13714 -1.11414 0)
(1.1357 -1.31067 0)
(1.07216 -1.50482 0)
(0.948681 -1.69779 0)
(0.760991 -1.88496 0)
(0.507137 -2.04587 0)
(0.182149 -2.15681 0)
(1.33681e-07 -7.94032e-08 0)
(5.69009e-07 -1.88038e-07 0)
(1.69633e-06 -5.40169e-07 0)
(4.78572e-06 -1.55409e-06 0)
(1.30991e-05 -4.36881e-06 0)
(3.48374e-05 -1.19562e-05 0)
(8.99243e-05 -3.1805e-05 0)
(0.000224948 -8.21218e-05 0)
(0.000544406 -0.000205506 0)
(0.0012723 -0.000497595 0)
(0.00286539 -0.00116367 0)
(0.00620458 -0.00262317 0)
(0.0128846 -0.00568754 0)
(0.0255875 -0.0118331 0)
(0.0484426 -0.0235633 0)
(0.0871286 -0.044785 0)
(0.148314 -0.0810064 0)
(0.237971 -0.139025 0)
(0.358394 -0.225733 0)
(0.504592 -0.345891 0)
(0.662133 -0.499424 0)
(0.809317 -0.680065 0)
(0.92333 -0.876951 0)
(0.986445 -1.07809 0)
(0.98962 -1.27417 0)
(0.931976 -1.46032 0)
(0.816444 -1.63404 0)
(0.644644 -1.79055 0)
(0.420271 -1.91626 0)
(0.147943 -1.99496 0)
(9.66957e-08 -6.3346e-08 0)
(4.12031e-07 -1.503e-07 0)
(1.23043e-06 -4.32623e-07 0)
(3.47825e-06 -1.24728e-06 0)
(9.54169e-06 -3.51436e-06 0)
(2.54393e-05 -9.6422e-06 0)
(6.58465e-05 -2.57218e-05 0)
(0.000165221 -6.66226e-05 0)
(0.000401225 -0.000167302 0)
(0.000941259 -0.000406668 0)
(0.00212891 -0.000955172 0)
(0.00463202 -0.0021637 0)
(0.00967117 -0.00471715 0)
(0.0193241 -0.0098752 0)
(0.03684 -0.0198027 0)
(0.0667875 -0.0379376 0)
(0.114722 -0.0692416 0)
(0.185984 -0.120054 0)
(0.283413 -0.197189 0)
(0.404355 -0.306075 0)
(0.538362 -0.448229 0)
(0.667964 -0.619389 0)
(0.773049 -0.810081 0)
(0.836092 -1.00811 0)
(0.846019 -1.20183 0)
(0.799407 -1.38269 0)
(0.698392 -1.54501 0)
(0.547097 -1.68331 0)
(0.352212 -1.78822 0)
(0.122507 -1.84902 0)
(6.77789e-08 -4.85064e-08 0)
(2.89137e-07 -1.15318e-07 0)
(8.64941e-07 -3.3261e-07 0)
(2.45009e-06 -9.60998e-07 0)
(6.73666e-06 -2.7141e-06 0)
(1.80065e-05 -7.46597e-06 0)
(4.67392e-05 -1.99739e-05 0)
(0.000117645 -5.19007e-05 0)
(0.000286687 -0.000130797 0)
(0.000675177 -0.000319197 0)
(0.00153375 -0.000753055 0)
(0.00335339 -0.00171435 0)
(0.00704005 -0.00375841 0)
(0.0141543 -0.00791769 0)
(0.0271742 -0.0159903 0)
(0.049659 -0.0308806 0)
(0.0860784 -0.056876 0)
(0.141 -0.0996326 0)
(0.217409 -0.165556 0)
(0.314329 -0.260332 0)
(0.424674 -0.386732 0)
(0.535071 -0.542557 0)
(0.628722 -0.720349 0)
(0.689536 -0.908954 0)
(0.705723 -1.09608 0)
(0.671887 -1.27095 0)
(0.588608 -1.42538 0)
(0.460312 -1.55276 0)
(0.29467 -1.64567 0)
(0.101857 -1.69669 0)
(4.60599e-08 -3.5721e-08 0)
(1.9671e-07 -8.5092e-08 0)
(5.89492e-07 -2.45941e-07 0)
(1.67332e-06 -7.12135e-07 0)
(4.61161e-06 -2.01605e-06 0)
(1.23582e-05 -5.56035e-06 0)
(3.21696e-05 -1.49191e-05 0)
(8.1229e-05 -3.88914e-05 0)
(0.000198642 -9.83634e-05 0)
(0.000469653 -0.000241006 0)
(0.00107154 -0.000571117 0)
(0.00235428 -0.00130664 0)
(0.00496969 -0.00288058 0)
(0.0100536 -0.00610649 0)
(0.0194365 -0.0124197 0)
(0.0358005 -0.0241766 0)
(0.0626149 -0.0449303 0)
(0.103616 -0.0795095 0)
(0.16162 -0.133637 0)
(0.236726 -0.212845 0)
(0.324465 -0.320682 0)
(0.415117 -0.456744 0)
(0.495358 -0.615793 0)
(0.551327 -0.788516 0)
(0.571662 -0.963307 0)
(0.549831 -1.12864 0)
(0.484807 -1.27474 0)
(0.380142 -1.3938 0)
(0.243131 -1.47889 0)
(0.0838403 -1.52417 0)
(3.03609e-08 -2.5341e-08 0)
(1.29812e-07 -6.04868e-08 0)
(3.89708e-07 -1.75189e-07 0)
(1.10854e-06 -5.08376e-07 0)
(3.06222e-06 -1.44264e-06 0)
(8.22736e-06 -3.98935e-06 0)
(2.14777e-05 -1.0735e-05 0)
(5.4403e-05 -2.80745e-05 0)
(0.000133506 -7.12588e-05 0)
(0.000316879 -0.000175288 0)
(0.000726111 -0.000417217 0)
(0.00160306 -0.000959235 0)
(0.00340227 -0.00212635 0)
(0.0069246 -0.00453541 0)
(0.013479 -0.00928828 0)
(0.0250194 -0.0182218 0)
(0.0441419 -0.0341613 0)
(0.07377 -0.0610504 0)
(0.116355 -0.103752 0)
(0.172569 -0.167298 0)
(0.239823 -0.255513 0)
(0.311408 -0.369304 0)
(0.377274 -0.505485 0)
(0.426157 -0.656916 0)
(0.447947 -0.813571 0)
(0.435854 -0.96439 0)
(0.387644 -1.09907 0)
(0.305589 -1.20898 0)
(0.195861 -1.28706 0)
(0.0675375 -1.32802 0)
(1.9423e-08 -1.73441e-08 0)
(8.31408e-08 -4.14818e-08 0)
(2.50039e-07 -1.20393e-07 0)
(7.12727e-07 -3.50123e-07 0)
(1.9734e-06 -9.95909e-07 0)
(5.31557e-06 -2.76117e-06 0)
(1.39156e-05 -7.45146e-06 0)
(3.53583e-05 -1.95491e-05 0)
(8.70697e-05 -4.97942e-05 0)
(0.000207453 -0.000122965 0)
(0.000477388 -0.000293945 0)
(0.00105894 -0.000679071 0)
(0.00225932 -0.00151338 0)
(0.00462559 -0.00324733 0)
(0.00906367 -0.006695 0)
(0.0169493 -0.0132331 0)
(0.0301553 -0.0250181 0)
(0.0508731 -0.0451338 0)
(0.0810951 -0.077515 0)
(0.121707 -0.126465 0)
(0.171365 -0.195654 0)
(0.225665 -0.286748 0)
(0.277378 -0.398196 0)
(0.31783 -0.524959 0)
(0.33863 -0.659016 0)
(0.333452 -0.790634 0)
(0.299435 -0.909951 0)
(0.237664 -1.00817 0)
(0.152906 -1.07815 0)
(0.0527953 -1.1147 0)
(1.2067e-08 -1.14686e-08 0)
(5.17117e-08 -2.74835e-08 0)
(1.55791e-07 -7.99285e-08 0)
(4.4499e-07 -2.3294e-07 0)
(1.23491e-06 -6.6413e-07 0)
(3.33473e-06 -1.84602e-06 0)
(8.7542e-06 -4.99583e-06 0)
(2.23116e-05 -1.31475e-05 0)
(5.51279e-05 -3.36033e-05 0)
(0.000131839 -8.3297e-05 0)
(0.000304641 -0.000199957 0)
(0.000678855 -0.000464095 0)
(0.00145579 -0.00103965 0)
(0.00299748 -0.00224369 0)
(0.00591087 -0.00465558 0)
(0.0111323 -0.00926818 0)
(0.0199645 -0.0176629 0)
(0.0339828 -0.0321503 0)
(0.0547144 -0.0557677 0)
(0.0830316 -0.0919901 0)
(0.118345 -0.144043 0)
(0.157902 -0.213863 0)
(0.196735 -0.301026 0)
(0.228483 -0.402251 0)
(0.246594 -0.511538 0)
(0.245672 -0.62093 0)
(0.222772 -0.721729 0)
(0.178116 -0.805696 0)
(0.115122 -0.865927 0)
(0.0398288 -0.897441 0)
(7.28542e-09 -7.33594e-09 0)
(3.12554e-08 -1.7614e-08 0)
(9.43244e-08 -5.13279e-08 0)
(2.69963e-07 -1.499e-07 0)
(7.50858e-07 -4.28347e-07 0)
(2.0326e-06 -1.19361e-06 0)
(5.35033e-06 -3.23908e-06 0)
(1.36768e-05 -8.55e-06 0)
(3.39037e-05 -2.19255e-05 0)
(8.13741e-05 -5.45493e-05 0)
(0.000188783 -0.000131478 0)
(0.000422541 -0.000306527 0)
(0.000910575 -0.000690081 0)
(0.00188509 -0.0014975 0)
(0.00373985 -0.00312628 0)
(0.00709116 -0.00626608 0)
(0.0128131 -0.0120321 0)
(0.0219936 -0.0220853 0)
(0.0357428 -0.0386664 0)
(0.0548036 -0.0644364 0)
(0.0789985 -0.102029 0)
(0.106688 -0.153307 0)
(0.1346 -0.218497 0)
(0.158284 -0.295639 0)
(0.172894 -0.380505 0)
(0.17415 -0.466984 0)
(0.159403 -0.547934 0)
(0.128378 -0.616209 0)
(0.0833725 -0.665599 0)
(0.0289098 -0.69154 0)
(4.27739e-09 -4.54484e-09 0)
(1.83704e-08 -1.0933e-08 0)
(5.55322e-08 -3.19211e-08 0)
(1.59249e-07 -9.34127e-08 0)
(4.43887e-07 -2.6752e-07 0)
(1.20448e-06 -7.47258e-07 0)
(3.17882e-06 -2.03322e-06 0)
(8.14929e-06 -5.3826e-06 0)
(2.02653e-05 -1.38474e-05 0)
(4.8809e-05 -3.45729e-05 0)
(0.000113668 -8.3654e-05 0)
(0.000255493 -0.000195866 0)
(0.000553162 -0.000443039 0)
(0.0011511 -0.000966439 0)
(0.00229678 -0.00202929 0)
(0.00438269 -0.00409344 0)
(0.00797517 -0.00791598 0)
(0.0137968 -0.0146441 0)
(0.0226167 -0.0258604 0)
(0.0350093 -0.0435043 0)
(0.0509911 -0.069594 0)
(0.0696317 -0.10572 0)
(0.0888618 -0.152403 0)
(0.105699 -0.208576 0)
(0.116733 -0.271419 0)
(0.118778 -0.336494 0)
(0.109675 -0.398293 0)
(0.0889391 -0.451034 0)
(0.0580291 -0.489511 0)
(0.0201679 -0.509813 0)
(2.44389e-09 -2.73025e-09 0)
(1.0507e-08 -6.57983e-09 0)
(3.18134e-08 -1.92474e-08 0)
(9.14039e-08 -5.64352e-08 0)
(2.55313e-07 -1.61966e-07 0)
(6.94387e-07 -4.53471e-07 0)
(1.83722e-06 -1.237e-06 0)
(4.72297e-06 -3.28394e-06 0)
(1.17805e-05 -8.47428e-06 0)
(2.8468e-05 -2.12293e-05 0)
(6.65401e-05 -5.15577e-05 0)
(0.000150165 -0.000121208 0)
(0.000326561 -0.000275397 0)
(0.000682881 -0.000603718 0)
(0.00136992 -0.00127457 0)
(0.00262967 -0.00258648 0)
(0.00481678 -0.00503489 0)
(0.00839363 -0.0093821 0)
(0.0138698 -0.0167004 0)
(0.0216581 -0.0283393 0)
(0.0318452 -0.0457605 0)
(0.0439278 -0.0702099 0)
(0.0566466 -0.102263 0)
(0.0680825 -0.141412 0)
(0.0759454 -0.185864 0)
(0.0779929 -0.232555 0)
(0.0725946 -0.27747 0)
(0.0592451 -0.316216 0)
(0.0388243 -0.344708 0)
(0.0135229 -0.35981 0)
(1.35981e-09 -1.59214e-09 0)
(5.85218e-09 -3.84382e-09 0)
(1.77471e-08 -1.12644e-08 0)
(5.10831e-08 -3.30906e-08 0)
(1.42976e-07 -9.51627e-08 0)
(3.8972e-07 -2.67032e-07 0)
(1.03363e-06 -7.30209e-07 0)
(2.6642e-06 -1.94372e-06 0)
(6.66459e-06 -5.03053e-06 0)
(1.61564e-05 -1.26427e-05 0)
(3.78948e-05 -3.08124e-05 0)
(8.58459e-05 -7.27173e-05 0)
(0.00018747 -0.000165921 0)
(0.000393831 -0.000365418 0)
(0.000794061 -0.000775408 0)
(0.00153277 -0.00158235 0)
(0.0028248 -0.00309917 0)
(0.00495561 -0.00581393 0)
(0.00824915 -0.010425 0)
(0.0129848 -0.0178312 0)
(0.0192576 -0.0290391 0)
(0.0268084 -0.0449577 0)
(0.034898 -0.0660968 0)
(0.0423385 -0.092257 0)
(0.0476563 -0.122352 0)
(0.0493506 -0.154362 0)
(0.0462691 -0.185507 0)
(0.0379801 -0.212633 0)
(0.0249892 -0.232724 0)
(0.00872167 -0.243419 0)
(7.37373e-10 -9.02256e-10 0)
(3.17649e-09 -2.18193e-09 0)
(9.64742e-09 -6.4053e-09 0)
(2.78178e-08 -1.88505e-08 0)
(7.801e-08 -5.4317e-08 0)
(2.13088e-07 -1.52743e-07 0)
(5.66469e-07 -4.18658e-07 0)
(1.46378e-06 -1.11726e-06 0)
(3.67181e-06 -2.89964e-06 0)
(8.92808e-06 -7.30959e-06 0)
(2.10099e-05 -1.7874e-05 0)
(4.77669e-05 -4.23365e-05 0)
(0.000104725 -9.69852e-05 0)
(0.000220954 -0.000214528 0)
(0.000447609 -0.000457393 0)
(0.0008685 -0.000938255 0)
(0.00160969 -0.00184812 0)
(0.00284146 -0.00348852 0)
(0.00476193 -0.00629739 0)
(0.00755058 -0.0108496 0)
(0.0112862 -0.0178063 0)
(0.015842 -0.0277928 0)
(0.0207987 -0.0412059 0)
(0.0254471 -0.0579993 0)
(0.0288765 -0.077542 0)
(0.0301278 -0.0985586 0)
(0.0284314 -0.119213 0)
(0.0234603 -0.137354 0)
(0.015492 -0.150877 0)
(0.00541704 -0.158103 0)
(3.89929e-10 -4.97345e-10 0)
(1.68144e-09 -1.20469e-09 0)
(5.11413e-09 -3.54246e-09 0)
(1.47711e-08 -1.04433e-08 0)
(4.14996e-08 -3.01483e-08 0)
(1.13588e-07 -8.4952e-08 0)
(3.02625e-07 -2.33366e-07 0)
(7.83876e-07 -6.24289e-07 0)
(1.97146e-06 -1.62451e-06 0)
(4.80734e-06 -4.10698e-06 0)
(1.1348e-05 -1.00743e-05 0)
(2.58879e-05 -2.39439e-05 0)
(5.69677e-05 -5.50563e-05 0)
(0.000120679 -0.000122279 0)
(0.000245552 -0.000261869 0)
(0.000478743 -0.000539773 0)
(0.000891972 -0.00106881 0)
(0.00158353 -0.00202901 0)
(0.00267024 -0.00368531 0)
(0.00426225 -0.00639134 0)
(0.0064164 -0.0105633 0)
(0.00907398 -0.0166094 0)
(0.0120047 -0.0248121 0)
(0.0147996 -0.0351882 0)
(0.0169167 -0.0473858 0)
(0.0177684 -0.0606308 0)
(0.016866 -0.0737622 0)
(0.0139824 -0.0853817 0)
(0.00926358 -0.0940917 0)
(0.00324459 -0.0987627 0)
(2.01265e-10 -2.66938e-10 0)
(8.68623e-10 -6.47613e-10 0)
(2.64555e-09 -1.90729e-09 0)
(7.65339e-09 -5.63204e-09 0)
(2.15403e-08 -1.62879e-08 0)
(5.90709e-08 -4.59851e-08 0)
(1.57709e-07 -1.26589e-07 0)
(4.09437e-07 -3.39424e-07 0)
(1.03229e-06 -8.85455e-07 0)
(2.524e-06 -2.24464e-06 0)
(5.97554e-06 -5.52235e-06 0)
(1.36753e-05 -1.31674e-05 0)
(3.01978e-05 -3.03829e-05 0)
(6.42121e-05 -6.77365e-05 0)
(0.000131192 -0.000145662 0)
(0.000256923 -0.00030159 0)
(0.00048101 -0.000600081 0)
(0.000858429 -0.00114516 0)
(0.00145574 -0.0020917 0)
(0.00233778 -0.00364945 0)
(0.00354203 -0.00607012 0)
(0.00504297 -0.009608 0)
(0.00671795 -0.0144509 0)
(0.00833865 -0.0206329 0)
(0.00959373 -0.0279653 0)
(0.0101373 -0.0359951 0)
(0.00967278 -0.0440175 0)
(0.00805266 -0.0511626 0)
(0.00535065 -0.0565452 0)
(0.0018769 -0.0594406 0)
(1.01456e-10 -1.39625e-10 0)
(4.38227e-10 -3.39222e-10 0)
(1.33644e-09 -1.00065e-09 0)
(3.87212e-09 -2.95942e-09 0)
(1.09162e-08 -8.57315e-09 0)
(2.99908e-08 -2.42488e-08 0)
(8.0229e-08 -6.68865e-08 0)
(2.08736e-07 -1.79732e-07 0)
(5.27508e-07 -4.69974e-07 0)
(1.29306e-06 -1.19444e-06 0)
(3.06974e-06 -2.94679e-06 0)
(7.04628e-06 -7.04748e-06 0)
(1.56101e-05 -1.63148e-05 0)
(3.33099e-05 -3.65017e-05 0)
(6.83156e-05 -7.87952e-05 0)
(0.00013434 -0.000163821 0)
(0.000252636 -0.000327419 0)
(0.000453039 -0.000627835 0)
(0.000772254 -0.00115269 0)
(0.00124703 -0.00202217 0)
(0.00190045 -0.00338291 0)
(0.00272227 -0.00538676 0)
(0.00364903 -0.00815156 0)
(0.00455716 -0.0117095 0)
(0.00527374 -0.0159628 0)
(0.00560243 -0.0206556 0)
(0.00537065 -0.0253758 0)
(0.00448783 -0.0296038 0)
(0.00298978 -0.0328028 0)
(0.00105016 -0.0345282 0)
(4.99756e-11 -7.12416e-11 0)
(2.16067e-10 -1.73339e-10 0)
(6.59736e-10 -5.11995e-10 0)
(1.91423e-09 -1.5165e-09 0)
(5.40516e-09 -4.40017e-09 0)
(1.48755e-08 -1.24674e-08 0)
(3.98685e-08 -3.44542e-08 0)
(1.03939e-07 -9.27726e-08 0)
(2.63249e-07 -2.43126e-07 0)
(6.46831e-07 -6.19396e-07 0)
(1.53956e-06 -1.53209e-06 0)
(3.5438e-06 -3.67445e-06 0)
(7.8746e-06 -8.53225e-06 0)
(1.68585e-05 -1.91525e-05 0)
(3.46977e-05 -4.14913e-05 0)
(6.84929e-05 -8.65944e-05 0)
(0.000129336 -0.000173785 0)
(0.000232958 -0.000334711 0)
(0.000398981 -0.00061742 0)
(0.000647512 -0.00108855 0)
(0.000992025 -0.00183058 0)
(0.00142884 -0.00293072 0)
(0.001926 -0.00445938 0)
(0.00241857 -0.00644067 0)
(0.00281353 -0.00882575 0)
(0.00300321 -0.0114746 0)
(0.00289094 -0.0141549 0)
(0.00242379 -0.0165677 0)
(0.00161849 -0.0184002 0)
(0.000569175 -0.019391 0)
(2.40788e-11 -3.54773e-11 0)
(1.04178e-10 -8.64368e-11 0)
(3.18462e-10 -2.55706e-10 0)
(9.25298e-10 -7.58455e-10 0)
(2.61664e-09 -2.20402e-09 0)
(7.21304e-09 -6.2551e-09 0)
(1.93661e-08 -1.73171e-08 0)
(5.05851e-08 -4.67187e-08 0)
(1.28384e-07 -1.2269e-07 0)
(3.16159e-07 -3.13275e-07 0)
(7.54332e-07 -7.76785e-07 0)
(1.74089e-06 -1.8679e-06 0)
(3.87931e-06 -4.3497e-06 0)
(8.33039e-06 -9.7938e-06 0)
(1.72017e-05 -2.1287e-05 0)
(3.40759e-05 -4.45845e-05 0)
(6.459e-05 -8.98158e-05 0)
(0.000116811 -0.000173688 0)
(0.000200924 -0.000321771 0)
(0.000327574 -0.000569881 0)
(0.000504272 -0.000962905 0)
(0.000729925 -0.00154914 0)
(0.000988864 -0.00236885 0)
(0.00124791 -0.00343807 0)
(0.00145851 -0.00473316 0)
(0.00156352 -0.00617989 0)
(0.00151065 -0.00765139 0)
(0.00127031 -0.00898195 0)
(0.000850011 -0.00999589 0)
(0.000299244 -0.0105452 0)
(1.13542e-11 -1.72683e-11 0)
(4.91571e-11 -4.21116e-11 0)
(1.50421e-10 -1.24758e-10 0)
(4.3761e-10 -3.70533e-10 0)
(1.23927e-09 -1.07829e-09 0)
(3.42142e-09 -3.06494e-09 0)
(9.20137e-09 -8.49942e-09 0)
(2.40776e-08 -2.29716e-08 0)
(6.12272e-08 -6.0445e-08 0)
(1.51096e-07 -1.54666e-07 0)
(3.6132e-07 -3.84381e-07 0)
(8.35908e-07 -9.26578e-07 0)
(1.8676e-06 -2.1634e-06 0)
(4.02181e-06 -4.885e-06 0)
(8.33001e-06 -1.06501e-05 0)
(1.65552e-05 -2.23791e-05 0)
(3.14894e-05 -4.52405e-05 0)
(5.71604e-05 -8.78125e-05 0)
(9.87089e-05 -0.000163321 0)
(0.000161599 -0.000290451 0)
(0.000249851 -0.000492879 0)
(0.000363279 -0.000796463 0)
(0.000494388 -0.00122335 0)
(0.000626679 -0.00178333 0)
(0.000735522 -0.00246534 0)
(0.000791498 -0.00323114 0)
(0.000767274 -0.00401366 0)
(0.00064691 -0.00472398 0)
(0.000433673 -0.00526688 0)
(0.000152819 -0.00556156 0)
(5.21737e-12 -8.20809e-12 0)
(2.27173e-11 -2.00658e-11 0)
(6.95589e-11 -5.94941e-11 0)
(2.02621e-10 -1.76948e-10 0)
(5.74572e-10 -5.15634e-10 0)
(1.58859e-09 -1.4678e-09 0)
(4.27895e-09 -4.07679e-09 0)
(1.12158e-08 -1.10372e-08 0)
(2.85727e-08 -2.90954e-08 0)
(7.065e-08 -7.45968e-08 0)
(1.69305e-07 -1.85785e-07 0)
(3.92575e-07 -4.48876e-07 0)
(8.79241e-07 -1.05063e-06 0)
(1.89838e-06 -2.37862e-06 0)
(3.94301e-06 -5.20045e-06 0)
(7.85998e-06 -1.09608e-05 0)
(1.49983e-05 -2.22291e-05 0)
(2.73181e-05 -4.32942e-05 0)
(4.73452e-05 -8.0812e-05 0)
(7.7804e-05 -0.000144259 0)
(0.000120769 -0.000245756 0)
(0.000176308 -0.000398719 0)
(0.000240922 -0.00061489 0)
(0.000306613 -0.000899902 0)
(0.000361227 -0.00124872 0)
(0.000390054 -0.00164219 0)
(0.000379237 -0.00204589 0)
(0.000320502 -0.00241361 0)
(0.000215212 -0.00269539 0)
(7.59013e-05 -0.0028486 0)
(2.37248e-12 -3.81996e-12 0)
(1.02807e-11 -9.34342e-12 0)
(3.15151e-11 -2.77652e-11 0)
(9.19004e-11 -8.26682e-11 0)
(2.60944e-10 -2.41201e-10 0)
(7.22438e-10 -6.8753e-10 0)
(1.94877e-09 -1.91242e-09 0)
(5.11613e-09 -5.18581e-09 0)
(1.30558e-08 -1.36939e-08 0)
(3.23413e-08 -3.51743e-08 0)
(7.76552e-08 -8.77768e-08 0)
(1.80444e-07 -2.12531e-07 0)
(4.05054e-07 -4.98586e-07 0)
(8.76685e-07 -1.13156e-06 0)
(1.82564e-06 -2.48043e-06 0)
(3.64931e-06 -5.24249e-06 0)
(6.98409e-06 -1.06635e-05 0)
(1.27607e-05 -2.08337e-05 0)
(2.21884e-05 -3.90158e-05 0)
(3.65888e-05 -6.98871e-05 0)
(5.69971e-05 -0.000119481 0)
(8.35147e-05 -0.000194551 0)
(0.000114544 -0.000301122 0)
(0.000146302 -0.000442269 0)
(0.000172947 -0.000615769 0)
(0.000187325 -0.000812276 0)
(0.000182613 -0.00101463 0)
(0.000154657 -0.00119951 0)
(0.000104003 -0.0013415 0)
(3.67076e-05 -0.00141882 0)
(1.05201e-12 -1.73912e-12 0)
(4.5647e-12 -4.26717e-12 0)
(1.39948e-11 -1.26782e-11 0)
(4.08568e-11 -3.78065e-11 0)
(1.16155e-10 -1.10442e-10 0)
(3.21979e-10 -3.15205e-10 0)
(8.69731e-10 -8.77992e-10 0)
(2.28667e-09 -2.38434e-09 0)
(5.84463e-09 -6.30633e-09 0)
(1.45029e-08 -1.62265e-08 0)
(3.4887e-08 -4.05679e-08 0)
(8.1225e-08 -9.84208e-08 0)
(1.82715e-07 -2.31381e-07 0)
(3.96351e-07 -5.26319e-07 0)
(8.27356e-07 -1.15651e-06 0)
(1.65804e-06 -2.45061e-06 0)
(3.18177e-06 -4.99826e-06 0)
(5.83006e-06 -9.79331e-06 0)
(1.01679e-05 -1.83954e-05 0)
(1.68196e-05 -3.30539e-05 0)
(2.62862e-05 -5.66926e-05 0)
(3.86437e-05 -9.26159e-05 0)
(5.31785e-05 -0.00014382 0)
(6.8144e-05 -0.000211913 0)
(8.08012e-05 -0.000295942 0)
(8.77604e-05 -0.000391458 0)
(8.57564e-05 -0.000490135 0)
(7.27654e-05 -0.000580533 0)
(4.89973e-05 -0.000650107 0)
(1.73052e-05 -0.000688036 0)
(4.60485e-13 -7.74811e-13 0)
(1.98104e-12 -1.90612e-12 0)
(6.09668e-12 -5.67063e-12 0)
(1.78136e-11 -1.69346e-11 0)
(5.07027e-11 -4.95301e-11 0)
(1.40711e-10 -1.4154e-10 0)
(3.80584e-10 -3.94756e-10 0)
(1.00201e-09 -1.07352e-09 0)
(2.56489e-09 -2.84361e-09 0)
(6.37466e-09 -7.32848e-09 0)
(1.53605e-08 -1.83536e-08 0)
(3.58282e-08 -4.46093e-08 0)
(8.07524e-08 -1.0508e-07 0)
(1.75535e-07 -2.39527e-07 0)
(3.67229e-07 -5.27502e-07 0)
(7.37665e-07 -1.12041e-06 0)
(1.4191e-06 -2.2909e-06 0)
(2.60706e-06 -4.50048e-06 0)
(4.55931e-06 -8.47679e-06 0)
(7.5635e-06 -1.52751e-05 0)
(1.18554e-05 -2.62762e-05 0)
(1.74812e-05 -4.3054e-05 0)
(2.41289e-05 -6.70559e-05 0)
(3.10101e-05 -9.9091e-05 0)
(3.68713e-05 -0.000138761 0)
(4.01466e-05 -0.000184002 0)
(3.93136e-05 -0.000230874 0)
(3.34145e-05 -0.000273918 0)
(2.25265e-05 -0.000307105 0)
(7.96091e-06 -0.000325219 0)
(1.94207e-13 -3.30286e-13 0)
(8.47386e-13 -8.3361e-13 0)
(2.60432e-12 -2.48638e-12 0)
(7.61724e-12 -7.43294e-12 0)
(2.17159e-11 -2.17666e-11 0)
(6.03375e-11 -6.22795e-11 0)
(1.63379e-10 -1.7393e-10 0)
(4.30711e-10 -4.73611e-10 0)
(1.10403e-09 -1.25628e-09 0)
(2.74796e-09 -3.2425e-09 0)
(6.63205e-09 -8.13358e-09 0)
(1.54953e-08 -1.98029e-08 0)
(3.49876e-08 -4.67323e-08 0)
(7.62004e-08 -1.06732e-07 0)
(1.5974e-07 -2.35536e-07 0)
(3.21569e-07 -5.01368e-07 0)
(6.20033e-07 -1.02751e-06 0)
(1.14181e-06 -2.02341e-06 0)
(2.00184e-06 -3.82073e-06 0)
(3.32951e-06 -6.90287e-06 0)
(5.2328e-06 -1.1906e-05 0)
(7.73697e-06 -1.95608e-05 0)
(1.07083e-05 -3.05477e-05 0)
(1.37987e-05 -4.52599e-05 0)
(1.64475e-05 -6.35359e-05 0)
(1.79487e-05 -8.44385e-05 0)
(1.76099e-05 -0.000106151 0)
(1.49902e-05 -0.000126132 0)
(1.01164e-05 -0.000141564 0)
(3.57708e-06 -0.000149994 0)
(8.11434e-14 -1.40111e-13 0)
(3.5515e-13 -3.57838e-13 0)
(1.08746e-12 -1.07049e-12 0)
(3.19433e-12 -3.20374e-12 0)
(9.13309e-12 -9.38677e-12 0)
(2.5391e-11 -2.68815e-11 0)
(6.88478e-11 -7.51419e-11 0)
(1.81707e-10 -2.04867e-10 0)
(4.66365e-10 -5.44118e-10 0)
(1.16239e-09 -1.40635e-09 0)
(2.80948e-09 -3.53297e-09 0)
(6.57443e-09 -8.6154e-09 0)
(1.48695e-08 -2.03656e-08 0)
(3.2442e-08 -4.65963e-08 0)
(6.81364e-08 -1.03024e-07 0)
(1.37436e-07 -2.1974e-07 0)
(2.6555e-07 -4.51288e-07 0)
(4.9009e-07 -8.90658e-07 0)
(8.61194e-07 -1.68567e-06 0)
(1.43575e-06 -3.0527e-06 0)
(2.26197e-06 -5.27803e-06 0)
(3.35269e-06 -8.69278e-06 0)
(4.65173e-06 -1.36084e-05 0)
(6.00855e-06 -2.02101e-05 0)
(7.17804e-06 -2.84342e-05 0)
(7.84894e-06 -3.78648e-05 0)
(7.71404e-06 -4.76833e-05 0)
(6.57544e-06 -5.67363e-05 0)
(4.44173e-06 -6.37379e-05 0)
(1.57132e-06 -6.75665e-05 0)
(3.25918e-14 -6.28315e-14 0)
(1.39271e-13 -1.51535e-13 0)
(4.47381e-13 -4.45533e-13 0)
(1.3161e-12 -1.34702e-12 0)
(3.77577e-12 -3.96309e-12 0)
(1.04898e-11 -1.13809e-11 0)
(2.84896e-11 -3.18516e-11 0)
(7.52732e-11 -8.69381e-11 0)
(1.93431e-10 -2.31181e-10 0)
(4.82725e-10 -5.98284e-10 0)
(1.16835e-09 -1.50506e-09 0)
(2.73798e-09 -3.6756e-09 0)
(6.20207e-09 -8.70214e-09 0)
(1.35536e-08 -1.99434e-08 0)
(2.85152e-08 -4.41721e-08 0)
(5.76218e-08 -9.43884e-08 0)
(1.11548e-07 -1.94224e-07 0)
(2.06281e-07 -3.84094e-07 0)
(3.63235e-07 -7.28465e-07 0)
(6.06873e-07 -1.32209e-06 0)
(9.58211e-07 -2.29089e-06 0)
(1.42343e-06 -3.78143e-06 0)
(1.97936e-06 -5.93281e-06 0)
(2.56225e-06 -8.82984e-06 0)
(3.06714e-06 -1.2448e-05 0)
(3.3599e-06 -1.66066e-05 0)
(3.30726e-06 -2.09452e-05 0)
(2.82255e-06 -2.49524e-05 0)
(1.90826e-06 -2.80555e-05 0)
(6.75364e-07 -2.97537e-05 0)
(1.27679e-14 -2.48638e-14 0)
(5.64476e-14 -5.84637e-14 0)
(1.80935e-13 -1.90511e-13 0)
(5.34236e-13 -5.62124e-13 0)
(1.5298e-12 -1.6484e-12 0)
(4.2618e-12 -4.73051e-12 0)
(1.1578e-11 -1.32544e-11 0)
(3.06332e-11 -3.62152e-11 0)
(7.88155e-11 -9.64058e-11 0)
(1.96917e-10 -2.49794e-10 0)
(4.77205e-10 -6.29189e-10 0)
(1.11981e-09 -1.53865e-09 0)
(2.54017e-09 -3.64807e-09 0)
(5.55947e-09 -8.37333e-09 0)
(1.1715e-08 -1.85757e-08 0)
(2.37123e-08 -3.97604e-08 0)
(4.59843e-08 -8.19605e-08 0)
(8.51917e-08 -1.62383e-07 0)
(1.50296e-07 -3.08563e-07 0)
(2.51596e-07 -5.61111e-07 0)
(3.98046e-07 -9.74235e-07 0)
(5.92496e-07 -1.61135e-06 0)
(8.2556e-07 -2.53315e-06 0)
(1.07076e-06 -3.77741e-06 0)
(1.28409e-06 -5.33492e-06 0)
(1.40896e-06 -7.12886e-06 0)
(1.38881e-06 -9.00389e-06 0)
(1.18657e-06 -1.07384e-05 0)
(8.02818e-07 -1.20831e-05 0)
(2.84241e-07 -1.28195e-05 0)
(3.36002e-15 -8.39997e-15 0)
(2.25118e-14 -2.35199e-14 0)
(7.10635e-14 -7.42555e-14 0)
(2.09159e-13 -2.25791e-13 0)
(6.1034e-13 -6.70652e-13 0)
(1.69864e-12 -1.93165e-12 0)
(4.62602e-12 -5.41494e-12 0)
(1.22537e-11 -1.48121e-11 0)
(3.15583e-11 -3.9477e-11 0)
(7.89452e-11 -1.02404e-10 0)
(1.91529e-10 -2.58253e-10 0)
(4.4999e-10 -6.32333e-10 0)
(1.0221e-09 -1.50123e-09 0)
(2.24006e-09 -3.45058e-09 0)
(4.72714e-09 -7.66623e-09 0)
(9.58279e-09 -1.64347e-08 0)
(1.86131e-08 -3.39328e-08 0)
(3.45404e-08 -6.73426e-08 0)
(6.10412e-08 -1.28189e-07 0)
(1.02364e-07 -2.33524e-07 0)
(1.62241e-07 -4.06197e-07 0)
(2.41939e-07 -6.73062e-07 0)
(3.37723e-07 -1.06001e-06 0)
(4.38803e-07 -1.58344e-06 0)
(5.27094e-07 -2.24e-06 0)
(5.79198e-07 -2.99766e-06 0)
(5.7163e-07 -3.79087e-06 0)
(4.88868e-07 -4.52563e-06 0)
(3.30987e-07 -5.09585e-06 0)
(1.17228e-07 -5.40834e-06 0)
(1.67994e-16 -6.3839e-15 0)
(6.21597e-15 -5.71209e-15 0)
(3.05758e-14 -3.25917e-14 0)
(7.82875e-14 -9.50872e-14 0)
(2.4175e-13 -2.70478e-13 0)
(6.64772e-13 -7.72795e-13 0)
(1.81876e-12 -2.1692e-12 0)
(4.81737e-12 -5.94817e-12 0)
(1.24242e-11 -1.58846e-11 0)
(3.11183e-11 -4.12488e-11 0)
(7.55698e-11 -1.04132e-10 0)
(1.77752e-10 -2.55264e-10 0)
(4.04234e-10 -6.06759e-10 0)
(8.87054e-10 -1.39643e-09 0)
(1.8744e-09 -3.10669e-09 0)
(3.80504e-09 -6.6695e-09 0)
(7.40145e-09 -1.3791e-08 0)
(1.37556e-08 -2.74116e-08 0)
(2.43474e-08 -5.22618e-08 0)
(4.08953e-08 -9.53614e-08 0)
(6.49225e-08 -1.66147e-07 0)
(9.69741e-08 -2.75759e-07 0)
(1.35588e-07 -4.35003e-07 0)
(1.7645e-07 -6.50835e-07 0)
(2.12268e-07 -9.22062e-07 0)
(2.3356e-07 -1.23558e-06 0)
(2.30767e-07 -1.56431e-06 0)
(1.9753e-07 -1.86918e-06 0)
(1.33819e-07 -2.106e-06 0)
(4.74103e-08 -2.23585e-06 0)
(1.67979e-16 -2.68802e-15 0)
(-5.37587e-15 -1.84795e-14 0)
(1.00799e-14 -8.40002e-15 0)
(3.09118e-14 -3.19199e-14 0)
(9.57593e-14 -1.03487e-13 0)
(2.55358e-13 -3.00046e-13 0)
(7.01563e-13 -8.52762e-13 0)
(1.86395e-12 -2.3503e-12 0)
(4.8093e-12 -6.27946e-12 0)
(1.20611e-11 -1.63288e-11 0)
(2.93257e-11 -4.12639e-11 0)
(6.90531e-11 -1.01268e-10 0)
(1.57208e-10 -2.40982e-10 0)
(3.4539e-10 -5.55269e-10 0)
(7.307e-10 -1.23685e-09 0)
(1.48521e-09 -2.65876e-09 0)
(2.89278e-09 -5.50514e-09 0)
(5.38361e-09 -1.09576e-08 0)
(9.54243e-09 -2.09215e-08 0)
(1.60512e-08 -3.82315e-08 0)
(2.55193e-08 -6.67098e-08 0)
(3.81746e-08 -1.10885e-07 0)
(5.34544e-08 -1.75177e-07 0)
(6.96636e-08 -2.62467e-07 0)
(8.39166e-08 -3.72344e-07 0)
(9.24438e-08 -4.99548e-07 0)
(9.14302e-08 -6.33099e-07 0)
(7.83236e-08 -7.57095e-07 0)
(5.30902e-08 -8.53492e-07 0)
(1.88144e-08 -9.06374e-07 0)
(-1.76626e-20 4.03188e-15 0)
(-5.54389e-15 6.71857e-16 0)
(5.87988e-15 -3.02401e-15 0)
(1.05839e-14 -1.41118e-14 0)
(3.83037e-14 -3.79678e-14 0)
(9.57594e-14 -1.17599e-13 0)
(2.67118e-13 -3.31294e-13 0)
(7.08115e-13 -9.09546e-13 0)
(1.83152e-12 -2.43733e-12 0)
(4.59729e-12 -6.35506e-12 0)
(1.11976e-11 -1.60812e-11 0)
(2.63918e-11 -3.94992e-11 0)
(6.01508e-11 -9.40952e-11 0)
(1.3229e-10 -2.17051e-10 0)
(2.80171e-10 -4.84017e-10 0)
(5.70129e-10 -1.04169e-09 0)
(1.11179e-09 -2.15954e-09 0)
(2.07165e-09 -4.3039e-09 0)
(3.67668e-09 -8.22825e-09 0)
(6.19257e-09 -1.50562e-08 0)
(9.85844e-09 -2.63069e-08 0)
(1.4767e-08 -4.37865e-08 0)
(2.07052e-08 -6.92661e-08 0)
(2.70186e-08 -1.03914e-07 0)
(3.25856e-08 -1.47594e-07 0)
(3.59351e-08 -1.9823e-07 0)
(3.55732e-08 -2.51457e-07 0)
(3.04953e-08 -3.00924e-07 0)
(2.06807e-08 -3.39409e-07 0)
(7.33078e-09 -3.60531e-07 0)
(6.71962e-16 -1.67997e-15 0)
(-3.02397e-15 -1.67998e-15 0)
(-6.71912e-16 -5.37592e-15 0)
(1.84805e-15 -5.03994e-15 0)
(1.89837e-14 -1.20959e-14 0)
(3.44399e-14 -4.09918e-14 0)
(1.02983e-13 -1.27343e-13 0)
(2.5939e-13 -3.46414e-13 0)
(6.82579e-13 -9.30714e-13 0)
(1.72451e-12 -2.43498e-12 0)
(4.20501e-12 -6.15716e-12 0)
(9.92571e-12 -1.51558e-11 0)
(2.26498e-11 -3.61396e-11 0)
(4.98666e-11 -8.34376e-11 0)
(1.05708e-10 -1.86269e-10 0)
(2.15334e-10 -4.01309e-10 0)
(4.20369e-10 -8.32897e-10 0)
(7.84169e-10 -1.66185e-09 0)
(1.3933e-09 -3.18091e-09 0)
(2.34948e-09 -5.82751e-09 0)
(3.74476e-09 -1.01945e-08 0)
(5.61605e-09 -1.69888e-08 0)
(7.88379e-09 -2.69068e-08 0)
(1.02996e-08 -4.04128e-08 0)
(1.24351e-08 -5.74619e-08 0)
(1.37265e-08 -7.7251e-08 0)
(1.35992e-08 -9.80746e-08 0)
(1.16654e-08 -1.17444e-07 0)
(7.91446e-09 -1.32524e-07 0)
(2.80609e-09 -1.40803e-07 0)
(-6.47427e-21 -1.34392e-15 0)
(-5.03946e-16 6.71973e-16 0)
(1.84793e-15 -6.72087e-16 0)
(2.51997e-15 -1.68e-15 0)
(1.84806e-15 -8.06386e-15 0)
(1.39439e-14 -1.91518e-14 0)
(3.27598e-14 -4.80477e-14 0)
(1.03823e-13 -1.30367e-13 0)
(2.4847e-13 -3.51454e-13 0)
(6.35372e-13 -9.14586e-13 0)
(1.55752e-12 -2.32208e-12 0)
(3.67262e-12 -5.71734e-12 0)
(8.39692e-12 -1.3658e-11 0)
(1.85061e-11 -3.15599e-11 0)
(3.92647e-11 -7.05179e-11 0)
(8.00552e-11 -1.5209e-10 0)
(1.56431e-10 -3.15973e-10 0)
(2.92112e-10 -6.31112e-10 0)
(5.19545e-10 -1.20929e-09 0)
(8.77015e-10 -2.21786e-09 0)
(1.39934e-09 -3.88413e-09 0)
(2.10084e-09 -6.47986e-09 0)
(2.95231e-09 -1.02738e-08 0)
(3.86098e-09 -1.54467e-08 0)
(4.66602e-09 -2.19847e-08 0)
(5.155e-09 -2.95817e-08 0)
(5.11087e-09 -3.75834e-08 0)
(4.38656e-09 -4.50324e-08 0)
(2.97724e-09 -5.08347e-08 0)
(1.05579e-09 -5.40217e-08 0)
(1.09103e-21 6.71934e-16 0)
(6.71943e-16 -4.03194e-15 0)
(2.35202e-15 3.36092e-16 0)
(2.51997e-15 1.00794e-15 0)
(2.68806e-15 3.35927e-16 0)
(1.69677e-14 -3.69595e-15 0)
(7.72803e-15 -2.18398e-14 0)
(2.92318e-14 -4.23358e-14 0)
(8.68555e-14 -1.27007e-13 0)
(2.23775e-13 -3.42718e-13 0)
(5.67668e-13 -8.5713e-13 0)
(1.34029e-12 -2.1272e-12 0)
(3.05758e-12 -5.08029e-12 0)
(6.76263e-12 -1.17492e-11 0)
(1.43627e-11 -2.62838e-11 0)
(2.93072e-11 -5.67248e-11 0)
(5.73202e-11 -1.17969e-10 0)
(1.07127e-10 -2.35838e-10 0)
(1.90716e-10 -4.52327e-10 0)
(3.22235e-10 -8.30394e-10 0)
(5.14627e-10 -1.45568e-09 0)
(7.73361e-10 -2.43086e-09 0)
(1.08784e-09 -3.85782e-09 0)
(1.42397e-09 -5.80565e-09 0)
(1.72235e-09 -8.27012e-09 0)
(1.90431e-09 -1.11366e-08 0)
(1.88921e-09 -1.41584e-08 0)
(1.62229e-09 -1.69734e-08 0)
(1.10146e-09 -1.91673e-08 0)
(3.90667e-10 -2.03727e-08 0)
(-1.37214e-20 -4.36796e-15 0)
(-4.87191e-15 2.01595e-15 0)
(2.51996e-15 -3.02404e-15 0)
(4.8719e-15 -2.01598e-15 0)
(6.38393e-15 -3.69592e-15 0)
(1.68004e-15 -1.00805e-15 0)
(-5.04011e-16 8.06375e-15 0)
(3.19207e-15 -1.44479e-14 0)
(3.84716e-14 -4.90557e-14 0)
(7.49275e-14 -1.23983e-13 0)
(2.00759e-13 -3.13486e-13 0)
(4.80309e-13 -7.69771e-13 0)
(1.10006e-12 -1.85706e-12 0)
(2.43884e-12 -4.31018e-12 0)
(5.17336e-12 -9.63641e-12 0)
(1.05702e-11 -2.08325e-11 0)
(2.0687e-11 -4.33535e-11 0)
(3.86925e-11 -8.67533e-11 0)
(6.89442e-11 -1.66537e-10 0)
(1.16584e-10 -3.05987e-10 0)
(1.8635e-10 -5.36875e-10 0)
(2.80267e-10 -8.97329e-10 0)
(3.94577e-10 -1.42528e-09 0)
(5.16926e-10 -2.14668e-09 0)
(6.25714e-10 -3.06033e-09 0)
(6.92294e-10 -4.12393e-09 0)
(6.87196e-10 -5.24601e-09 0)
(5.90361e-10 -6.29194e-09 0)
(4.00954e-10 -7.10747e-09 0)
(1.42231e-10 -7.55568e-09 0)
(1.67975e-16 1.67998e-15 0)
(-7.05585e-15 -6.38384e-15 0)
(4.70389e-15 3.3601e-16 0)
(-1.34387e-15 6.72e-16 0)
(6.38384e-15 -2.35202e-15 0)
(5.0403e-16 -6.04787e-15 0)
(-2.35196e-15 -9.40783e-15 0)
(2.01602e-15 -1.51198e-14 0)
(1.89837e-14 -1.78077e-14 0)
(1.41121e-14 -3.59519e-14 0)
(7.07275e-14 -1.13231e-13 0)
(1.63295e-13 -2.80558e-13 0)
(3.96141e-13 -6.68635e-13 0)
(8.6301e-13 -1.5429e-12 0)
(1.8369e-12 -3.48497e-12 0)
(3.75629e-12 -7.53609e-12 0)
(7.36053e-12 -1.56955e-11 0)
(1.37707e-11 -3.14279e-11 0)
(2.45502e-11 -6.03781e-11 0)
(4.15503e-11 -1.11026e-10 0)
(6.64647e-11 -1.94948e-10 0)
(1.00035e-10 -3.26081e-10 0)
(1.40942e-10 -5.18337e-10 0)
(1.84786e-10 -7.81262e-10 0)
(2.23824e-10 -1.11452e-09 0)
(2.47793e-10 -1.5028e-09 0)
(2.46083e-10 -1.91271e-09 0)
(2.11491e-10 -2.295e-09 0)
(1.43675e-10 -2.5932e-09 0)
(5.09707e-11 -2.75713e-09 0)
(1.68001e-16 -3.36082e-16 0)
(-3.36048e-16 3.35896e-16 0)
(-1.17597e-15 -4.36794e-15 0)
(3.35975e-16 -4.36798e-15 0)
(-2.85588e-15 -2.68796e-15 0)
(1.84797e-15 -3.36043e-16 0)
(3.3599e-15 -5.0399e-15 0)
(6.72026e-16 -2.35206e-15 0)
(5.04081e-16 3.35835e-16 0)
(8.39987e-15 -1.07519e-14 0)
(2.48638e-14 -3.62878e-14 0)
(6.01435e-14 -9.50873e-14 0)
(1.28183e-13 -2.31838e-13 0)
(3.06094e-13 -5.4734e-13 0)
(6.41924e-13 -1.23479e-12 0)
(1.31291e-12 -2.68093e-12 0)
(2.57307e-12 -5.59235e-12 0)
(4.83366e-12 -1.12119e-11 0)
(8.61481e-12 -2.156e-11 0)
(1.45936e-11 -3.96746e-11 0)
(2.33565e-11 -6.97179e-11 0)
(3.51775e-11 -1.16697e-10 0)
(4.96079e-11 -1.85622e-10 0)
(6.50631e-11 -2.79962e-10 0)
(7.88674e-11 -3.99636e-10 0)
(8.73596e-11 -5.39159e-10 0)
(8.67938e-11 -6.86539e-10 0)
(7.46118e-11 -8.24057e-10 0)
(5.07081e-11 -9.31365e-10 0)
(1.79858e-11 -9.90368e-10 0)
(3.35979e-16 -7.05577e-15 0)
(3.02398e-15 -3.35973e-16 0)
(-4.19992e-15 -2.68795e-15 0)
(1.51195e-15 -1.67993e-15 0)
(-5.03993e-15 -1.00802e-15 0)
(-1.67977e-16 3.3599e-16 0)
(2.18398e-15 3.69581e-15 0)
(3.19195e-15 -3.69587e-15 0)
(4.3679e-15 -1.34395e-15 0)
(-5.03926e-16 -1.00801e-15 0)
(7.39196e-15 -1.71358e-14 0)
(1.59599e-14 -2.85599e-14 0)
(4.61997e-14 -7.69436e-14 0)
(1.04327e-13 -1.92527e-13 0)
(2.17895e-13 -4.30413e-13 0)
(4.55109e-13 -9.40794e-13 0)
(8.8737e-13 -1.97365e-12 0)
(1.66924e-12 -3.94461e-12 0)
(2.97929e-12 -7.59086e-12 0)
(5.0608e-12 -1.39738e-11 0)
(8.08629e-12 -2.45725e-11 0)
(1.21908e-11 -4.11486e-11 0)
(1.72086e-11 -6.54937e-11 0)
(2.25769e-11 -9.88394e-11 0)
(2.73811e-11 -1.41155e-10 0)
(3.0347e-11 -1.90524e-10 0)
(3.01613e-11 -2.42701e-10 0)
(2.59343e-11 -2.91416e-10 0)
(1.76337e-11 -3.29434e-10 0)
(6.25443e-12 -3.50346e-10 0)
(-1.34395e-15 -1.34408e-15 0)
(3.35957e-16 3.3595e-16 0)
(-2.01596e-15 -2.68793e-15 0)
(1.344e-15 3.35916e-16 0)
(2.68792e-15 -6.71991e-16 0)
(3.52791e-15 -4.03197e-15 0)
(-2.85587e-15 -9.4078e-15 0)
(1.84794e-15 -4.36795e-15 0)
(1.68001e-15 -1.34401e-15 0)
(6.7203e-16 -1.00801e-15 0)
(1.00797e-15 -5.71201e-15 0)
(1.84802e-15 -1.20959e-14 0)
(1.67999e-14 -2.38558e-14 0)
(3.77997e-14 -6.48475e-14 0)
(6.83756e-14 -1.51199e-13 0)
(1.53215e-13 -3.2323e-13 0)
(3.05926e-13 -6.77707e-13 0)
(5.675e-13 -1.36381e-12 0)
(1.0085e-12 -2.62918e-12 0)
(1.72669e-12 -4.84979e-12 0)
(2.76442e-12 -8.52695e-12 0)
(4.16184e-12 -1.4296e-11 0)
(5.88651e-12 -2.27659e-11 0)
(7.72543e-12 -3.43736e-11 0)
(9.36476e-12 -4.91252e-11 0)
(1.03956e-11 -6.6332e-11 0)
(1.03326e-11 -8.45367e-11 0)
(8.88596e-12 -1.01525e-10 0)
(6.04158e-12 -1.148e-10 0)
(2.14333e-12 -1.22088e-10 0)
(-5.03996e-16 -4.36786e-15 0)
(-2.18396e-15 4.03194e-15 0)
(2.51993e-15 3.02386e-15 0)
(2.01597e-15 -3.0239e-15 0)
(-1.67961e-16 -2.35198e-15 0)
(3.36034e-16 -4.03194e-15 0)
(4.53586e-15 1.00795e-15 0)
(-2.68789e-15 4.36788e-15 0)
(5.0402e-16 3.33467e-20 0)
(5.54389e-15 -1.34394e-15 0)
(1.17593e-15 -3.51603e-20 0)
(-1.67994e-15 -3.02392e-15 0)
(-1.34395e-15 -7.72794e-15 0)
(1.27679e-14 -1.14242e-14 0)
(2.26798e-14 -5.14076e-14 0)
(5.09036e-14 -1.16255e-13 0)
(9.94553e-14 -2.27135e-13 0)
(1.87655e-13 -4.59981e-13 0)
(3.40534e-13 -8.99466e-13 0)
(5.80604e-13 -1.65916e-12 0)
(9.3021e-13 -2.92419e-12 0)
(1.39893e-12 -4.89918e-12 0)
(1.98591e-12 -7.80792e-12 0)
(2.60785e-12 -1.17928e-11 0)
(3.15821e-12 -1.68526e-11 0)
(3.51638e-12 -2.27716e-11 0)
(3.48799e-12 -2.90201e-11 0)
(2.99727e-12 -3.48685e-11 0)
(2.04589e-12 -3.94334e-11 0)
(7.23907e-13 -4.19446e-11 0)
(-3.36003e-16 6.38382e-15 0)
(-6.38382e-15 -6.71969e-16 0)
(2.35192e-15 -2.01588e-15 0)
(3.36015e-16 3.35949e-16 0)
(1.34399e-15 -1.00801e-15 0)
(-5.03961e-16 -3.69592e-15 0)
(1.51201e-15 -4.70389e-15 0)
(2.18391e-15 4.03194e-15 0)
(3.36043e-16 1.34398e-15 0)
(4.53586e-15 -6.72087e-16 0)
(-4.36785e-15 -4.70386e-15 0)
(2.51995e-15 2.01593e-15 0)
(-5.03994e-15 -1.34402e-15 0)
(4.70393e-15 -2.15035e-14 0)
(5.71192e-15 -1.2096e-14 0)
(1.51199e-14 -3.59518e-14 0)
(2.67119e-14 -7.92954e-14 0)
(6.36715e-14 -1.61279e-13 0)
(1.07351e-13 -3.02734e-13 0)
(1.96559e-13 -5.58764e-13 0)
(3.06766e-13 -9.83801e-13 0)
(4.64853e-13 -1.6558e-12 0)
(6.61076e-13 -2.64195e-12 0)
(8.62674e-13 -3.98393e-12 0)
(1.0505e-12 -5.70255e-12 0)
(1.17767e-12 -7.70611e-12 0)
(1.16121e-12 -9.8239e-12 0)
(9.97073e-13 -1.18039e-11 0)
(6.83419e-13 -1.33475e-11 0)
(2.42254e-13 -1.4205e-11 0)
(2.35193e-15 -1.67992e-15 0)
(1.51188e-15 -1.00791e-15 0)
(2.04108e-20 4.03186e-15 0)
(1.68014e-16 7.11203e-20 0)
(3.19194e-15 1.34397e-15 0)
(-3.35976e-16 -3.35989e-16 0)
(3.69595e-15 6.71989e-16 0)
(8.39958e-16 -3.36011e-16 0)
(-1.67956e-16 -5.37588e-15 0)
(-2.35196e-15 -2.68794e-15 0)
(-5.03989e-16 4.36789e-15 0)
(1.67996e-15 3.3599e-15 0)
(-2.68796e-15 2.352e-15 0)
(1.67982e-16 9.74374e-15 0)
(-1.34392e-15 -2.01596e-15 0)
(5.3759e-15 -1.37759e-14 0)
(6.55198e-15 -2.08319e-14 0)
(2.13358e-14 -5.00637e-14 0)
(3.19198e-14 -1.00127e-13 0)
(6.06476e-14 -1.81439e-13 0)
(1.02983e-13 -3.27598e-13 0)
(1.50359e-13 -5.48012e-13 0)
(2.14535e-13 -8.75274e-13 0)
(2.89462e-13 -1.33055e-12 0)
(3.41206e-13 -1.90544e-12 0)
(3.85389e-13 -2.57677e-12 0)
(3.78333e-13 -3.27799e-12 0)
(3.25078e-13 -3.94428e-12 0)
(2.24279e-13 -4.45835e-12 0)
(7.87914e-14 -4.74395e-12 0)
(1.00797e-15 -6.71964e-16 0)
(-5.87984e-15 6.04779e-15 0)
(-6.72011e-16 3.36049e-16 0)
(6.71985e-16 4.70383e-15 0)
(1.67997e-15 -3.35939e-16 0)
(-1.51195e-15 6.71979e-15 0)
(4.53592e-15 7.25972e-21 0)
(-3.35987e-15 -3.36011e-16 0)
(3.0239e-15 6.7191e-16 0)
(-1.00797e-15 -6.71986e-15 0)
(1.17594e-15 -6.04793e-15 0)
(6.72013e-16 -5.71184e-15 0)
(-3.69599e-15 -4.03203e-15 0)
(-1.17598e-15 -3.02397e-15 0)
(-3.02396e-15 -5.03994e-15 0)
(4.53588e-15 -2.68797e-15 0)
(-2.01591e-15 -1.04159e-14 0)
(5.03998e-15 -1.81439e-14 0)
(4.53602e-15 -3.69597e-14 0)
(2.50317e-14 -5.81277e-14 0)
(2.97359e-14 -1.07519e-13 0)
(4.78797e-14 -1.80095e-13 0)
(7.00556e-14 -2.91646e-13 0)
(9.30713e-14 -4.35789e-13 0)
(1.07687e-13 -6.22268e-13 0)
(1.28687e-13 -8.41338e-13 0)
(1.26671e-13 -1.08023e-12 0)
(1.06007e-13 -1.30031e-12 0)
(7.62715e-14 -1.4626e-12 0)
(2.28479e-14 -1.56239e-12 0)
(1.51195e-15 3.69593e-15 0)
(-2.18397e-15 -3.35986e-15 0)
(-6.71986e-16 4.63976e-20 0)
(5.03952e-16 7.79047e-20 0)
(-2.01591e-15 2.01595e-15 0)
(3.36012e-16 1.13717e-19 0)
(3.8639e-15 6.7202e-16 0)
(-1.68049e-16 -2.68791e-15 0)
(-2.18394e-15 -3.35972e-16 0)
(5.20791e-15 6.71979e-15 0)
(-2.51987e-15 -4.70388e-15 0)
(2.18393e-15 -2.35202e-15 0)
(-3.35995e-15 -1.34393e-15 0)
(-3.69595e-15 -5.71192e-15 0)
(-3.024e-15 -3.69596e-15 0)
(3.32464e-20 -1.00798e-15 0)
(-1.68e-15 6.04783e-15 0)
(4.1999e-15 -4.36794e-15 0)
(-6.04788e-15 -7.72801e-15 0)
(6.55198e-15 -1.81439e-14 0)
(9.40795e-15 -3.35998e-14 0)
(1.51199e-14 -6.14875e-14 0)
(2.35198e-14 -9.27354e-14 0)
(3.05758e-14 -1.40447e-13 0)
(2.95678e-14 -2.00927e-13 0)
(4.06558e-14 -2.70814e-13 0)
(4.53596e-14 -3.4843e-13 0)
(3.42718e-14 -4.16637e-13 0)
(2.46957e-14 -4.74765e-13 0)
(6.21599e-15 -4.96941e-13 0)
(-5.03967e-16 2.68796e-15 0)
(2.35188e-15 1.34395e-15 0)
(-1.84794e-15 4.36794e-15 0)
(-2.68793e-15 1.34399e-15 0)
(2.01597e-15 -1.67993e-15 0)
(8.39965e-16 2.01588e-15 0)
(-2.85591e-15 2.68789e-15 0)
(-2.51999e-15 1.34387e-15 0)
(-2.51995e-15 3.35939e-16 0)
(-2.68793e-15 -9.40776e-15 0)
(8.90378e-15 6.71877e-16 0)
(-1.67936e-16 -4.03193e-15 0)
(1.00796e-15 -1.00802e-15 0)
(8.39972e-16 -6.71995e-16 0)
(-3.35991e-15 -1.59812e-20 0)
(-8.40035e-16 6.71946e-16 0)
(-3.86398e-15 -5.71181e-15 0)
(8.39993e-16 1.67992e-15 0)
(-1.34403e-15 -1.34404e-15 0)
(-3.35966e-16 -1.71356e-14 0)
(3.19193e-15 -1.17599e-14 0)
(6.48858e-20 -1.31041e-14 0)
(4.53603e-15 -2.38559e-14 0)
(1.31038e-14 -3.89759e-14 0)
(5.88004e-15 -6.48475e-14 0)
(1.73038e-14 -8.56794e-14 0)
(1.46159e-14 -1.14911e-13 0)
(7.72798e-15 -1.39439e-13 0)
(4.36808e-15 -1.53215e-13 0)
(2.85593e-15 -1.66655e-13 0)
(-8.40002e-16 3.35991e-16 0)
(-8.2318e-15 -4.36789e-15 0)
(8.56778e-15 4.70382e-15 0)
(-3.02392e-15 2.35191e-15 0)
(5.03988e-15 3.3597e-16 0)
(6.71988e-16 -6.71969e-16 0)
(-5.04027e-16 -3.69595e-15 0)
(1.51201e-15 -1.17597e-14 0)
(2.68789e-15 -6.71989e-15 0)
(-5.87984e-15 -6.72072e-16 0)
(1.17602e-15 -2.68795e-15 0)
(4.5359e-15 -3.35999e-15 0)
(-1.67994e-15 -1.344e-15 0)
(-2.85596e-15 -4.36797e-15 0)
(-1.00805e-15 -1.67999e-15 0)
(6.7197e-16 -4.03193e-15 0)
(-6.71985e-15 -6.72077e-16 0)
(1.67991e-15 -3.35993e-15 0)
(-4.87185e-15 -1.00799e-15 0)
(2.35192e-15 -2.35206e-15 0)
(-4.5359e-15 3.35978e-16 0)
(3.02389e-15 -5.03989e-15 0)
(-6.71954e-16 -1.07519e-14 0)
(4.19999e-15 -1.14239e-14 0)
(2.01594e-15 -1.54559e-14 0)
(5.03996e-15 -2.72159e-14 0)
(5.37601e-15 -2.99038e-14 0)
(3.02395e-15 -3.69599e-14 0)
(4.1999e-15 -5.10716e-14 0)
(-1.17595e-15 -4.77118e-14 0)
(-6.71978e-16 2.01595e-15 0)
(-4.87188e-15 1.67995e-15 0)
(1.67996e-16 1.80776e-20 0)
(-3.36009e-16 8.62382e-20 0)
(-3.69595e-15 1.68001e-15 0)
(-3.02391e-15 3.3601e-16 0)
(1.68e-15 -6.71917e-16 0)
(1.17595e-15 3.35955e-16 0)
(-1.51198e-15 -1.32177e-20 0)
(-8.40012e-16 2.35193e-15 0)
(1.17599e-15 -3.35965e-16 0)
(-5.03953e-16 -3.3599e-16 0)
(6.38389e-15 -1.67991e-15 0)
(-3.86404e-15 -6.71986e-16 0)
(-3.5279e-15 1.008e-15 0)
(-2.18395e-15 2.12029e-20 0)
(-1.17605e-15 -2.68792e-15 0)
(2.184e-15 -6.72021e-16 0)
(-3.36061e-16 3.35979e-16 0)
(-2.01592e-15 -6.71951e-16 0)
(1.17595e-15 2.35197e-15 0)
(-5.03961e-16 -6.71968e-16 0)
(1.00793e-15 -1.00797e-15 0)
(2.01594e-15 -2.68798e-15 0)
(1.008e-15 -3.02402e-15 0)
(-5.0396e-16 -1.00798e-14 0)
(-3.52798e-15 -9.07197e-15 0)
(7.4405e-21 -1.27679e-14 0)
(1.00803e-15 -1.57919e-14 0)
(1.17597e-15 -1.44479e-14 0)
(1.67999e-15 -5.37588e-15 0)
(1.24317e-14 -3.69597e-15 0)
(-8.56779e-15 -8.06377e-15 0)
(3.35957e-16 3.0239e-15 0)
(-3.52793e-15 1.34394e-15 0)
(-2.35201e-15 1.00795e-15 0)
(8.39964e-16 7.39177e-15 0)
(-6.72004e-16 2.35193e-15 0)
(-1.67974e-16 -3.35998e-15 0)
(2.01597e-15 -1.00792e-15 0)
(-1.67956e-16 2.01588e-15 0)
(-6.71983e-16 3.02398e-15 0)
(1.67991e-15 8.06377e-15 0)
(-8.23178e-15 -6.72025e-16 0)
(8.39957e-16 4.36791e-15 0)
(1.67956e-16 5.03986e-15 0)
(-3.69594e-15 4.8457e-20 0)
(1.51196e-15 -6.7198e-16 0)
(-1.00796e-15 -1.34395e-15 0)
(-1.84796e-15 1.34396e-15 0)
(2.0159e-15 4.7039e-15 0)
(-1.67993e-15 3.35994e-15 0)
(-1.34395e-15 -2.01595e-15 0)
(-1.176e-15 -2.68799e-15 0)
(-8.39978e-16 -3.02395e-15 0)
(1.67969e-16 -1.00802e-15 0)
(-4.03197e-15 -5.03992e-15 0)
(-6.71977e-16 -3.36001e-15 0)
(4.53592e-15 -8.06387e-15 0)
(2.35192e-15 -8.06387e-15 0)
(6.7198e-16 6.71987e-16 0)
(-5.71181e-15 -1.34394e-15 0)
(8.39978e-15 8.06378e-15 0)
(-1.51195e-15 -2.68787e-15 0)
(-3.024e-15 1.34398e-15 0)
(-3.69593e-15 -2.68787e-15 0)
(8.39984e-16 -4.70389e-15 0)
(-3.02398e-15 -1.00795e-15 0)
(5.03965e-16 -1.67992e-15 0)
(3.52795e-15 2.01588e-15 0)
(3.86396e-15 -3.35987e-15 0)
(-2.18391e-15 1.67997e-15 0)
(1.17599e-15 -4.03191e-15 0)
(-1.68002e-16 -1.07518e-14 0)
(-5.54398e-15 -3.35982e-16 0)
(3.52794e-15 6.72039e-16 0)
(-3.19195e-15 4.36784e-15 0)
(3.35955e-16 -3.35924e-16 0)
(-3.19191e-15 2.35193e-15 0)
(9.23979e-15 2.68793e-15 0)
(-9.74376e-15 3.56378e-20 0)
(5.87984e-15 3.35993e-15 0)
(-1.848e-15 4.03193e-15 0)
(-6.88787e-15 -6.71968e-16 0)
(-6.72044e-16 -4.03194e-15 0)
(-1.51197e-15 -5.32109e-20 0)
(-3.35993e-15 2.68791e-15 0)
(-6.72013e-16 -1.008e-15 0)
(3.35991e-16 3.35985e-15 0)
(6.72019e-16 -1.00801e-15 0)
(1.81858e-20 3.02391e-15 0)
(-8.40085e-16 -6.72016e-16 0)
(-2.01589e-15 -2.68789e-15 0)
(1.67993e-15 2.01586e-15 0)
(-3.86392e-15 -6.71969e-16 0)
(-4.03194e-15 1.00793e-15 0)
(2.85589e-15 -1.008e-15 0)
(-7.55982e-15 2.01597e-15 0)
(1.00798e-15 2.68788e-15 0)
(-6.71947e-16 -5.03981e-15 0)
(1.04158e-14 -2.68792e-15 0)
(1.67996e-15 2.6879e-15 0)
(2.01596e-15 -1.00798e-15 0)
(3.86397e-15 2.68795e-15 0)
(-2.85595e-15 2.35191e-15 0)
(-4.53596e-15 3.36029e-16 0)
(-7.22389e-15 -1.67993e-15 0)
(-5.04005e-16 4.70382e-15 0)
(-1.68042e-16 -1.67991e-15 0)
(1.68038e-16 1.00802e-15 0)
(1.67982e-16 6.72005e-16 0)
(-3.52792e-15 -1.34392e-15 0)
(8.39886e-16 1.00798e-14 0)
(-2.68793e-15 -1.00802e-15 0)
(-2.35198e-15 -2.35198e-15 0)
(-2.68793e-15 -3.02393e-15 0)
(8.39905e-16 -7.05584e-15 0)
(-2.51991e-15 -1.34402e-15 0)
(3.35995e-15 -7.72775e-15 0)
(1.67996e-15 -2.01596e-15 0)
(-3.35976e-16 -2.35186e-15 0)
(-2.51998e-15 4.03188e-15 0)
(-3.52802e-15 1.34398e-15 0)
(3.36011e-16 -5.03989e-15 0)
(6.71956e-16 2.01594e-15 0)
(-1.68e-15 2.01593e-15 0)
(-2.51994e-15 -2.68796e-15 0)
(-2.25078e-20 -5.03994e-15 0)
(-5.04005e-16 -2.35195e-15 0)
(1.84803e-15 3.35987e-15 0)
(2.35196e-15 5.03983e-15 0)
(1.09949e-19 -2.68797e-15 0)
(-1.848e-15 -4.03195e-15 0)
(6.21586e-15 5.3758e-15 0)
(-4.70389e-15 -4.70382e-15 0)
(2.85588e-15 3.35952e-16 0)
(-5.37592e-15 6.04784e-15 0)
(4.19995e-15 -1.00791e-15 0)
(-5.03993e-15 2.68792e-15 0)
(-2.85591e-15 1.68004e-15 0)
(4.53585e-15 -3.02393e-15 0)
(-1.17598e-15 -2.79547e-20 0)
(-5.54385e-15 -7.39184e-15 0)
(-5.04031e-16 5.86422e-20 0)
(-4.20002e-15 -2.35194e-15 0)
(-1.00796e-15 2.01595e-15 0)
(-2.51992e-15 2.016e-15 0)
(1.51188e-15 1.67995e-15 0)
(3.528e-15 3.35986e-15 0)
(1.00799e-15 2.35192e-15 0)
(2.35189e-15 4.03185e-15 0)
(-6.55187e-15 -4.70384e-15 0)
(-5.71193e-15 6.71977e-15 0)
(6.71996e-16 -8.73577e-15 0)
(1.34394e-15 -2.01598e-15 0)
(-2.0159e-15 1.34405e-15 0)
(-1.84799e-15 -1.34398e-15 0)
(-1.51203e-15 6.71999e-16 0)
(1.34399e-15 -3.35992e-15 0)
(3.86391e-15 -2.01596e-15 0)
(2.184e-15 -4.36793e-15 0)
(-1.84795e-15 -3.69588e-15 0)
(2.51994e-15 -4.70383e-15 0)
(-3.19195e-15 5.37593e-15 0)
(3.69592e-15 -4.03203e-15 0)
(-4.7039e-15 -4.03193e-15 0)
(-1.68024e-16 -1.17597e-14 0)
(4.8719e-15 -2.5203e-20 0)
(-5.54393e-15 3.36032e-16 0)
(-6.7196e-16 5.03986e-15 0)
(1.68069e-16 -1.34395e-15 0)
(1.51192e-15 -6.71961e-16 0)
(-4.53597e-15 6.04786e-15 0)
(-3.35997e-15 2.35194e-15 0)
(-3.19194e-15 6.72009e-16 0)
(-6.71998e-16 2.35199e-15 0)
(5.87981e-15 3.02386e-15 0)
(-7.55977e-15 -1.67993e-15 0)
(2.85594e-15 -3.35987e-15 0)
(1.00798e-15 -2.68794e-15 0)
(6.72002e-16 -2.35192e-15 0)
(-4.03201e-15 8.06374e-15 0)
(-4.53593e-15 -6.71969e-15 0)
(1.67997e-15 4.7038e-15 0)
(-1.67993e-15 -3.6959e-15 0)
(4.0319e-15 -3.36057e-16 0)
(-8.39996e-16 2.68794e-15 0)
(-5.5439e-15 1.67992e-15 0)
(-1.51198e-15 6.71946e-16 0)
(2.51998e-15 -1.00796e-15 0)
(3.69596e-15 -1.008e-15 0)
(-1.00797e-15 -5.45146e-20 0)
(3.02392e-15 1.67983e-15 0)
(-7.89586e-15 -6.71984e-15 0)
(1.00801e-15 -2.35194e-15 0)
(-3.36044e-16 2.01593e-15 0)
(-6.2159e-15 2.35179e-15 0)
(1.68007e-16 6.72013e-16 0)
(-1.67962e-16 1.68002e-15 0)
(4.87186e-15 6.71988e-15 0)
(3.19192e-15 2.68792e-15 0)
(1.008e-15 5.03988e-15 0)
(-4.03195e-15 -6.71964e-16 0)
(-3.02398e-15 2.01603e-15 0)
(-2.688e-15 4.7039e-15 0)
(-2.51992e-15 2.35193e-15 0)
(-1.17601e-15 -4.03188e-15 0)
(3.35985e-16 -2.01593e-15 0)
(2.18395e-15 5.03977e-15 0)
(8.39987e-16 4.03195e-15 0)
(1.67992e-15 -3.02398e-15 0)
(-7.05581e-15 -1.04157e-14 0)
(-5.04068e-16 7.72771e-15 0)
(1.84797e-15 -2.01592e-15 0)
(4.1999e-15 -4.03191e-15 0)
(-1.00793e-15 6.72009e-16 0)
(1.84793e-15 1.008e-15 0)
(-5.87997e-15 -4.70392e-15 0)
(-1.67999e-15 -6.7195e-16 0)
(2.93478e-20 6.71905e-16 0)
(4.53593e-15 -2.68785e-15 0)
(-1.51193e-15 -1.34392e-15 0)
(2.18401e-15 1.00801e-15 0)
(-3.36032e-16 -3.36031e-16 0)
(-5.03991e-16 -6.72032e-16 0)
(5.20792e-15 -4.36796e-15 0)
(-5.20792e-15 -5.37577e-15 0)
(5.03974e-16 -3.58096e-20 0)
(1.17593e-15 1.34394e-15 0)
(-3.35988e-15 3.32404e-20 0)
(3.35998e-15 -6.71933e-16 0)
(1.67968e-16 4.4616e-20 0)
(-4.19993e-15 6.72039e-16 0)
(-3.52798e-15 1.34396e-15 0)
(-3.024e-15 3.35997e-15 0)
(-1.00801e-15 -3.35917e-16 0)
(-6.88786e-15 2.01596e-15 0)
(2.68791e-15 7.05584e-15 0)
(3.35995e-15 -2.35181e-15 0)
(-1.17592e-15 1.34395e-15 0)
(8.39985e-16 2.35199e-15 0)
(1.00792e-15 3.69585e-15 0)
(-5.87992e-15 -6.38382e-15 0)
(-1.17596e-15 2.68794e-15 0)
(-2.01589e-15 4.03187e-15 0)
(6.04783e-15 1.67997e-15 0)
(-1.84801e-15 -6.71991e-16 0)
(-1.31037e-14 6.72066e-16 0)
(6.7192e-16 1.67994e-15 0)
(-1.67994e-15 6.54959e-20 0)
(-3.36016e-16 2.3519e-15 0)
(1.02478e-14 3.69585e-15 0)
(5.03987e-16 2.35195e-15 0)
(-6.71885e-16 -3.02393e-15 0)
(8.06379e-15 1.008e-15 0)
(1.34401e-15 1.34403e-15 0)
(-2.18398e-15 5.0398e-15 0)
(-3.69592e-15 -6.71969e-16 0)
(1.72436e-20 2.92948e-20 0)
(8.39966e-16 -1.34395e-15 0)
(8.39984e-16 3.02394e-15 0)
(1.67997e-15 2.01597e-15 0)
(-2.68798e-15 4.70386e-15 0)
(-4.36795e-15 3.69598e-15 0)
(-5.54389e-15 3.69593e-15 0)
(5.03932e-16 4.36795e-15 0)
(-4.36794e-15 3.69593e-15 0)
(-3.35994e-16 -2.68788e-15 0)
(-2.41036e-20 6.71982e-15 0)
(3.69588e-15 -3.69586e-15 0)
(-3.3598e-16 3.35962e-16 0)
(1.34396e-15 -1.00793e-15 0)
(-7.39191e-15 -6.72029e-16 0)
(1.6803e-16 2.14813e-20 0)
(5.03981e-15 3.77458e-20 0)
(-1.67992e-15 2.35195e-15 0)
(-6.55184e-15 1.00803e-15 0)
(-1.68072e-16 2.35197e-15 0)
(2.51994e-15 6.72058e-16 0)
(-1.67983e-16 4.03192e-15 0)
(1.17597e-15 2.688e-15 0)
(-3.35918e-16 6.72033e-16 0)
(-8.39971e-16 1.00803e-15 0)
(2.68791e-15 -3.35959e-16 0)
(-6.71954e-16 1.00798e-15 0)
(-1.17594e-15 1.24178e-20 0)
(-1.17597e-15 -4.03183e-15 0)
(1.67993e-15 -1.34393e-15 0)
(-1.31935e-21 -3.36e-16 0)
(-1.68001e-16 -3.36038e-16 0)
(3.02395e-15 1.67997e-15 0)
(3.35995e-15 -2.35194e-15 0)
(-3.52798e-15 7.55442e-20 0)
(-1.17604e-15 1.00796e-15 0)
(-7.8959e-15 -3.35964e-16 0)
(-3.52791e-15 1.67998e-15 0)
(-1.00804e-15 -1.00791e-15 0)
(-1.34395e-15 2.35194e-15 0)
(-3.86393e-15 2.35205e-15 0)
(-5.03952e-16 2.01593e-15 0)
(-1.59338e-21 -1.67988e-15 0)
(-1.67997e-15 1.67991e-15 0)
(-4.53594e-15 -3.02393e-15 0)
(4.03186e-15 3.02393e-15 0)
(-3.52791e-15 6.71959e-16 0)
(-1.1759e-15 -4.03189e-15 0)
(2.51985e-15 4.36794e-15 0)
(8.39966e-16 1.07518e-14 0)
(-1.67978e-16 6.04792e-15 0)
(3.52789e-15 5.71194e-15 0)
(-5.5438e-15 6.04788e-15 0)
(7.39181e-15 -6.71894e-16 0)
(-5.87987e-15 7.05582e-15 0)
(1.00795e-15 4.03192e-15 0)
(-2.35193e-15 2.68793e-15 0)
(1.67997e-15 2.68793e-15 0)
(4.36788e-15 5.71188e-15 0)
(-5.03951e-16 9.40775e-15 0)
(-1.34394e-15 3.36025e-16 0)
(-1.84797e-15 -4.70379e-15 0)
(3.19194e-15 1.00799e-15 0)
(1.17602e-15 3.36048e-16 0)
(-6.55188e-15 1.34399e-15 0)
(-5.04017e-16 -3.35926e-16 0)
(-6.88794e-15 -1.3439e-15 0)
(-1.68033e-16 5.37591e-15 0)
(1.68029e-16 3.02393e-15 0)
(-5.04043e-16 2.35202e-15 0)
(-1.34401e-15 1.31037e-14 0)
(1.00796e-15 1.34405e-15 0)
(5.03985e-16 5.03985e-15 0)
(1.00797e-15 1.31038e-14 0)
(-5.7119e-15 -4.70388e-15 0)
(1.6801e-16 -9.77517e-21 0)
(-8.39997e-16 -2.01593e-15 0)
(1.15917e-14 6.71971e-16 0)
(-1.10877e-14 2.01596e-15 0)
(-1.51198e-15 4.70398e-15 0)
(1.68029e-16 4.36793e-15 0)
(-5.03951e-16 -6.71914e-16 0)
(-8.40065e-16 2.688e-15 0)
(-2.85591e-15 2.01591e-15 0)
(1.3439e-15 -5.03983e-15 0)
(-1.17589e-15 6.71959e-16 0)
(-2.18399e-15 -3.35984e-15 0)
(5.03991e-16 -3.35992e-15 0)
(1.848e-15 3.02396e-15 0)
(8.39985e-16 -1.67985e-15 0)
(1.00794e-15 8.73584e-15 0)
(-1.34396e-15 9.40775e-15 0)
(5.04038e-16 1.00799e-15 0)
(3.35986e-15 6.71981e-15 0)
(-1.67988e-16 5.37597e-15 0)
(3.19193e-15 3.3599e-15 0)
(-7.8959e-15 6.71981e-15 0)
(3.86396e-15 1.68004e-15 0)
(3.02393e-15 1.34399e-15 0)
(-2.01593e-15 2.01595e-15 0)
(-4.87198e-15 -7.0557e-15 0)
(3.35993e-16 3.02387e-15 0)
(-2.01599e-15 -2.35189e-15 0)
(-1.17599e-15 -1.34396e-14 0)
(2.51992e-15 1.34393e-15 0)
(-2.18395e-15 1.34399e-15 0)
(-1.17597e-15 -1.34398e-15 0)
(3.36042e-16 -2.68791e-15 0)
(6.71934e-16 -1.00796e-15 0)
(-3.36012e-16 -3.02392e-15 0)
(1.67993e-15 3.35993e-16 0)
(3.52789e-15 2.35192e-15 0)
(-4.19983e-15 8.73588e-15 0)
(-5.49138e-20 1.34401e-15 0)
(1.6804e-16 -1.00797e-15 0)
(1.67928e-16 -3.35965e-16 0)
(6.72028e-16 4.03187e-15 0)
(1.45694e-21 2.35202e-15 0)
(1.00798e-15 3.35996e-15 0)
(5.03995e-16 6.71958e-16 0)
(-3.35991e-15 -5.71185e-15 0)
(1.51195e-15 -6.71871e-16 0)
(3.86394e-15 -3.36e-16 0)
(-4.70388e-15 -6.7198e-15 0)
(-3.36019e-16 -2.35196e-15 0)
(1.67991e-15 -3.35954e-16 0)
(-6.38385e-15 -5.03984e-15 0)
(-8.39987e-16 -2.35199e-15 0)
(1.00797e-15 5.03997e-15 0)
(-1.17601e-15 3.36011e-16 0)
(-3.02395e-15 1.00792e-15 0)
(-3.35998e-16 -3.35962e-16 0)
(3.35991e-16 6.71988e-15 0)
(-4.36794e-15 4.3679e-15 0)
(-1.52312e-20 4.36789e-15 0)
(-1.67995e-15 3.02397e-15 0)
(-3.36042e-16 2.01598e-15 0)
(3.86399e-15 3.35989e-15 0)
(-3.02402e-15 1.00797e-15 0)
(-3.8639e-15 -3.02389e-15 0)
(-3.35991e-15 -1.00799e-15 0)
(1.51198e-15 -6.3838e-15 0)
(4.8718e-15 4.36794e-15 0)
(-2.68787e-15 1.67998e-15 0)
(3.35986e-16 1.34397e-15 0)
(-2.51993e-15 1.344e-15 0)
(2.51989e-15 2.01599e-15 0)
(3.02394e-15 3.69589e-15 0)
(-5.03922e-16 1.67996e-15 0)
(3.36006e-16 -1.00791e-15 0)
(2.01592e-15 4.36789e-15 0)
(5.04004e-16 7.05573e-15 0)
(2.35198e-15 -6.71935e-16 0)
(-4.19996e-15 4.0319e-15 0)
(-2.51993e-15 6.04785e-15 0)
(-4.7039e-15 3.35995e-15 0)
(-1.00803e-15 4.36797e-15 0)
(-6.721e-16 6.7199e-15 0)
(-3.35943e-16 3.3599e-15 0)
(-2.35197e-15 1.344e-15 0)
(1.51193e-15 -3.35952e-16 0)
(-1.67982e-16 -1.34393e-15 0)
(5.03984e-16 4.03188e-15 0)
(-1.17596e-15 7.39185e-15 0)
(3.19191e-15 1.00804e-15 0)
(-5.03995e-16 -1.00802e-15 0)
(1.34399e-15 -1.00797e-15 0)
(-1.17597e-15 2.68795e-15 0)
(3.36032e-16 -6.71927e-16 0)
(-1.84801e-15 4.03182e-15 0)
(2.01593e-15 -1.00791e-15 0)
(-2.51996e-15 2.01592e-15 0)
(-3.52783e-15 5.90756e-20 0)
(7.22381e-15 -3.36015e-16 0)
(-6.21593e-15 -3.36033e-16 0)
(1.67998e-15 -2.01593e-15 0)
(-5.03935e-16 3.69591e-15 0)
(1.67997e-15 6.72047e-16 0)
(2.18396e-15 -2.0159e-15 0)
(2.35195e-15 1.67988e-15 0)
(-2.01594e-15 3.36015e-16 0)
(-1.67995e-15 -6.71975e-15 0)
(3.19193e-15 2.01593e-15 0)
(-2.51995e-15 -3.35972e-16 0)
(1.84792e-15 -4.36786e-15 0)
(-2.68794e-15 1.00799e-15 0)
(-5.04058e-16 5.71189e-15 0)
(-7.22386e-15 -3.02392e-15 0)
(8.39978e-16 -2.35188e-15 0)
(-3.35997e-15 3.36045e-16 0)
(-5.87989e-15 6.04786e-15 0)
(2.68791e-15 5.37592e-15 0)
(2.01591e-15 -9.40781e-15 0)
(-6.21586e-15 -3.35948e-16 0)
(1.67986e-16 -3.02389e-15 0)
(-1.51193e-15 -1.00793e-15 0)
(3.35991e-15 -2.3519e-15 0)
(5.04017e-16 4.89718e-20 0)
(1.84793e-15 3.35994e-15 0)
(-5.87991e-15 1.00804e-15 0)
(1.17599e-15 5.03986e-15 0)
(-2.01593e-15 1.34403e-15 0)
(4.36782e-15 4.36791e-15 0)
(2.18401e-15 -3.35955e-16 0)
(-5.03989e-15 6.72014e-16 0)
(1.67987e-16 5.71183e-15 0)
(3.86394e-15 -1.00792e-15 0)
(-4.70389e-15 2.35193e-15 0)
(4.87193e-15 -1.34398e-15 0)
(1.68e-15 -3.02389e-15 0)
(-1.84804e-15 6.71976e-16 0)
(-3.35977e-16 1.67988e-15 0)
(-8.39961e-16 -1.00794e-15 0)
(2.35186e-15 3.35992e-15 0)
(-2.18392e-15 1.00798e-15 0)
(6.04787e-15 -1.34393e-15 0)
(-9.23982e-15 9.07179e-15 0)
(-3.52791e-15 5.37595e-15 0)
(6.55182e-15 1.67995e-15 0)
(-7.0559e-15 6.0479e-15 0)
(-5.20792e-15 2.352e-15 0)
(6.71979e-16 6.38387e-15 0)
(1.34396e-15 2.01597e-15 0)
(-9.07179e-15 -3.69593e-15 0)
(5.71185e-15 6.04782e-15 0)
(-3.36001e-16 5.03992e-15 0)
(5.04008e-16 9.07176e-15 0)
(-6.71949e-16 3.35969e-16 0)
(1.51196e-15 -6.71943e-16 0)
(-5.03994e-15 2.68796e-15 0)
(3.35971e-16 -6.71925e-16 0)
(2.01592e-15 4.3679e-15 0)
(-1.34393e-15 2.68792e-15 0)
(6.72003e-16 1.67999e-15 0)
(-2.85594e-15 -3.02392e-15 0)
(1.17595e-15 -4.03182e-15 0)
(4.03191e-15 3.35983e-16 0)
(-3.19196e-15 1.34399e-15 0)
(2.01596e-15 3.35968e-16 0)
(5.71192e-15 3.02391e-15 0)
(-7.55983e-15 -2.01595e-15 0)
(4.19988e-15 -4.70385e-15 0)
(-2.18395e-15 3.35987e-15 0)
(-1.15918e-14 -2.6879e-15 0)
(6.71966e-16 6.04783e-15 0)
(5.87987e-15 1.68002e-15 0)
(1.67995e-15 -1.00788e-15 0)
(-1.00797e-15 -3.35999e-15 0)
(-2.01597e-15 2.68803e-15 0)
(-2.18401e-15 4.03192e-15 0)
(1.84797e-15 -3.35986e-15 0)
(5.03992e-16 1.008e-15 0)
(2.35193e-15 -7.05588e-15 0)
(1.51196e-15 6.71959e-16 0)
(1.00796e-15 -2.35189e-15 0)
(6.72019e-16 2.68799e-15 0)
(4.46008e-20 6.72072e-16 0)
(-1.68044e-16 -3.02382e-15 0)
(6.72005e-16 2.68794e-15 0)
(-2.68798e-15 4.70389e-15 0)
(3.19193e-15 1.008e-15 0)
(-5.54388e-15 1.67993e-15 0)
(-1.68027e-16 -9.07174e-15 0)
(1.84797e-15 1.67994e-15 0)
(-3.69598e-15 8.0638e-15 0)
(2.01594e-15 2.32059e-20 0)
(-2.85588e-15 2.35191e-15 0)
(6.71978e-16 2.01594e-15 0)
(-2.51994e-15 2.35194e-15 0)
(1.67997e-15 -1.67999e-15 0)
(1.17596e-15 2.01589e-15 0)
(-6.71956e-16 -3.69595e-15 0)
(8.56785e-15 3.02394e-15 0)
(-7.05591e-15 -2.68794e-15 0)
(1.67951e-16 -5.71184e-15 0)
(-8.3986e-16 -1.68001e-15 0)
(6.38383e-15 -1.00802e-15 0)
(-2.18394e-15 -2.68789e-15 0)
(-6.7199e-15 4.03188e-15 0)
(-4.19995e-15 2.68801e-15 0)
(1.00799e-15 6.71984e-15 0)
(8.39969e-16 6.04791e-15 0)
(1.51197e-15 5.37589e-15 0)
(2.68799e-15 4.36796e-15 0)
(-2.68794e-15 2.01597e-15 0)
(-3.3601e-16 1.67997e-15 0)
(2.68788e-15 5.71192e-15 0)
(-5.54388e-15 6.38377e-15 0)
(1.7699e-20 1.00798e-15 0)
(1.84796e-15 -5.37582e-15 0)
(3.3595e-16 1.00796e-15 0)
(-5.0399e-16 -1.00795e-15 0)
(-2.18395e-15 3.02387e-15 0)
(-2.01597e-15 -1.00795e-15 0)
(-4.36791e-15 -3.69585e-15 0)
(-3.36029e-16 -3.3611e-16 0)
(2.01592e-15 -1.67993e-15 0)
(1.84796e-15 -7.72784e-15 0)
(-6.71996e-16 -5.37591e-15 0)
(3.52799e-15 -6.04788e-15 0)
(-3.52791e-15 -4.03189e-15 0)
(2.01597e-15 -2.35203e-15 0)
(7.2239e-15 -2.68788e-15 0)
(-2.01596e-15 8.39975e-15 0)
(-6.21582e-15 -2.688e-15 0)
(8.23172e-15 3.35999e-16 0)
(-6.71883e-16 2.01595e-15 0)
(-1.00803e-15 3.69589e-15 0)
(3.35941e-16 1.00801e-15 0)
(-6.21589e-15 -1.00794e-15 0)
(2.68795e-15 3.02394e-15 0)
(-3.35971e-16 4.3679e-15 0)
(2.19364e-20 2.01599e-15 0)
(6.71978e-16 7.05588e-15 0)
(2.68791e-15 7.67115e-21 0)
(-8.39956e-16 -6.71969e-16 0)
(-4.87187e-15 2.01596e-15 0)
(-6.71986e-16 -1.34388e-15 0)
(2.51992e-15 1.344e-15 0)
(-3.02398e-15 6.71983e-16 0)
(-4.19986e-15 1.69792e-20 0)
(6.71927e-16 -3.02388e-15 0)
(-1.84799e-15 -3.35976e-16 0)
(1.00799e-15 -6.72001e-16 0)
(3.3592e-16 3.35999e-16 0)
(-3.35992e-15 1.00803e-15 0)
(-3.19198e-15 -1.34396e-15 0)
(-3.35982e-16 -1.34403e-15 0)
(-1.84791e-15 -3.35978e-16 0)
(7.05583e-15 1.00794e-15 0)
(1.00799e-15 -2.98023e-20 0)
(4.19997e-15 6.71985e-16 0)
(3.52795e-15 -2.35199e-15 0)
(-6.71993e-16 -6.71945e-16 0)
(-1.008e-15 -1.67996e-15 0)
(-1.34393e-15 -6.72008e-16 0)
(4.0319e-15 -3.0239e-15 0)
(-4.70385e-15 -2.68789e-15 0)
(1.84792e-15 -6.85564e-21 0)
(-3.35989e-15 -6.71931e-16 0)
(6.55182e-15 3.36076e-16 0)
(-1.00796e-15 1.34405e-15 0)
(1.67996e-15 6.72036e-16 0)
(-2.35194e-15 -2.3519e-15 0)
(1.67966e-16 -1.00791e-15 0)
(1.17597e-15 -1.00798e-15 0)
(3.69595e-15 2.7628e-20 0)
(6.7198e-16 3.69595e-15 0)
(-3.36009e-16 5.7119e-15 0)
(-5.03989e-15 5.37595e-15 0)
(4.8718e-15 2.35195e-15 0)
(-7.72783e-15 4.03186e-15 0)
(-3.02395e-15 2.68795e-15 0)
(4.19988e-15 -3.35944e-16 0)
(-7.72782e-15 6.04783e-15 0)
(-6.72016e-16 3.69595e-15 0)
(-5.8799e-15 2.01591e-15 0)
(8.39957e-16 -2.35188e-15 0)
(2.8559e-15 3.02388e-15 0)
(7.84048e-20 1.34399e-15 0)
(-1.67939e-16 -3.02394e-15 0)
(1.04158e-14 -2.01594e-15 0)
(-4.70388e-15 -3.35978e-16 0)
(2.51998e-15 -1.34399e-15 0)
(-1.17598e-15 -2.01593e-15 0)
(-1.17595e-15 -1.00801e-15 0)
(6.55188e-15 1.344e-15 0)
(-5.04076e-16 5.03985e-15 0)
(-1.17592e-15 6.71989e-16 0)
(2.68792e-15 8.06379e-15 0)
(-4.36787e-15 1.00801e-15 0)
(-1.09151e-20 9.07168e-15 0)
(1.39295e-20 5.03992e-15 0)
(-3.3603e-16 9.07181e-15 0)
(-5.37589e-15 6.38382e-15 0)
(-3.35951e-16 -6.71993e-16 0)
(5.71184e-15 -6.71967e-16 0)
(-3.35938e-16 3.69595e-15 0)
(-3.52798e-15 2.35203e-15 0)
(-2.68797e-15 5.71185e-15 0)
(-3.35989e-15 2.01602e-15 0)
(-5.40125e-20 -3.35929e-16 0)
(-3.36036e-16 -2.68798e-15 0)
(-1.67995e-15 1.00794e-15 0)
(1.0079e-15 -3.69589e-15 0)
(-8.3998e-16 -6.72023e-16 0)
(-6.72042e-16 -7.05586e-15 0)
(-3.35991e-15 4.36787e-15 0)
(-5.04005e-16 4.70393e-15 0)
(5.3759e-15 1.00795e-15 0)
(-2.01597e-15 3.35994e-15 0)
(1.17605e-15 5.71189e-15 0)
(1.00802e-15 2.68791e-15 0)
(4.70386e-15 -6.71976e-16 0)
(-4.03191e-15 5.71175e-15 0)
(1.67992e-15 -5.71184e-15 0)
(-8.39933e-16 3.35988e-15 0)
(-2.01587e-15 -4.36792e-15 0)
(2.51995e-15 -7.05576e-15 0)
(3.1919e-15 -1.00793e-15 0)
(-5.03991e-16 7.05583e-15 0)
(3.86842e-21 -5.37576e-15 0)
(1.00795e-15 -1.00793e-15 0)
(-2.51995e-15 -3.35995e-15 0)
(-1.68e-15 3.36036e-16 0)
(3.35991e-15 6.72036e-16 0)
(6.72083e-16 -3.36007e-16 0)
(1.67996e-15 1.34398e-15 0)
(1.67996e-15 -3.48087e-20 0)
(-2.18397e-15 -2.68787e-15 0)
(-3.3603e-16 -1.00797e-15 0)
(-5.20795e-15 4.03186e-15 0)
(-8.39956e-16 -2.01589e-15 0)
(-3.30967e-20 2.68796e-15 0)
(-8.39985e-15 -1.34396e-15 0)
(3.0239e-15 6.71958e-16 0)
(-5.54386e-15 3.69594e-15 0)
(-6.20776e-20 6.71987e-16 0)
(-2.35193e-15 -5.37589e-15 0)
(3.36012e-16 -3.35988e-15 0)
(-6.72005e-16 -3.35993e-15 0)
(3.52795e-15 -2.01599e-15 0)
(5.71193e-15 -6.38386e-15 0)
(-3.36e-16 -3.35997e-15 0)
(-5.7119e-15 -9.07176e-15 0)
(-1.34391e-15 -5.80414e-20 0)
(2.68793e-15 -2.68795e-15 0)
(5.37585e-15 -6.7194e-16 0)
(1.84798e-15 6.38378e-15 0)
(2.68799e-15 5.37592e-15 0)
(2.35198e-15 -6.71914e-16 0)
(2.64379e-20 -2.35204e-15 0)
(6.71978e-16 2.68789e-15 0)
(-5.03988e-15 -3.0239e-15 0)
(-1.84798e-15 2.01595e-15 0)
(1.84796e-15 -1.00802e-15 0)
(8.39953e-16 3.02389e-15 0)
(-1.34394e-15 -3.36017e-16 0)
(6.38389e-15 -4.3679e-15 0)
(-4.36795e-15 -2.01606e-15 0)
(4.03196e-15 -4.08078e-20 0)
(-7.39193e-15 -5.03984e-15 0)
(-6.72054e-16 -2.01608e-15 0)
(-2.35192e-15 5.37589e-15 0)
(-4.08721e-20 -1.00797e-15 0)
(-2.51994e-15 -5.71192e-15 0)
(1.51192e-15 -4.0319e-15 0)
(-4.87188e-15 -1.67997e-15 0)
(1.1759e-15 3.69592e-15 0)
(1.67997e-15 2.68789e-15 0)
(-3.52793e-15 -3.36021e-16 0)
(3.69597e-15 3.69593e-15 0)
(5.71193e-15 3.0239e-15 0)
(-4.70393e-15 -1.00799e-15 0)
(-4.03191e-15 2.35191e-15 0)
(1.09197e-14 -6.72024e-16 0)
(-1.17589e-15 -3.35965e-16 0)
(-2.35188e-15 3.02386e-15 0)
(-3.69588e-15 1.07981e-19 0)
(3.69594e-15 -1.67996e-15 0)
(6.55186e-15 3.3599e-15 0)
(2.01592e-15 -3.35987e-15 0)
(1.17597e-15 -1.67992e-15 0)
(5.71182e-15 -2.01602e-15 0)
(-2.68796e-15 -5.71188e-15 0)
(-5.03975e-16 2.68795e-15 0)
(-1.67994e-15 -9.07179e-15 0)
(1.51196e-15 -8.73587e-15 0)
(-1.34396e-15 -6.72078e-16 0)
(-4.36796e-15 -1.81437e-20 0)
(3.19193e-15 -3.69593e-15 0)
(-4.70391e-15 -1.68002e-15 0)
(-3.86395e-15 -5.71184e-15 0)
(-3.36038e-16 -7.72789e-15 0)
(-1.51201e-15 -6.72117e-16 0)
(-3.36005e-16 -2.68795e-15 0)
(-1.51197e-15 -1.08359e-19 0)
(1.17591e-15 -1.71937e-20 0)
(-5.37583e-15 -6.3839e-15 0)
(5.03968e-16 -4.03192e-15 0)
(-4.0319e-15 -2.01594e-15 0)
(4.0319e-15 -3.02397e-15 0)
(2.18403e-15 -4.0319e-15 0)
(-2.01602e-15 -1.008e-15 0)
(6.71977e-16 -8.06389e-15 0)
(-6.71857e-16 -3.35987e-15 0)
(9.07173e-15 3.35985e-15 0)
(3.69597e-15 -3.02384e-15 0)
(6.88789e-15 1.24316e-14 0)
(1.344e-15 -1.00797e-15 0)
(-5.87986e-15 -3.35994e-15 0)
(-2.01591e-15 -3.36014e-16 0)
(-5.03966e-16 2.01586e-15 0)
(-6.71948e-16 -3.69594e-15 0)
(-4.03188e-15 3.35961e-16 0)
(5.03951e-16 -6.7203e-16 0)
(2.18392e-15 -1.00806e-15 0)
(1.00801e-15 -2.688e-15 0)
(-5.04044e-16 -9.07192e-15 0)
(-7.89588e-15 -1.54558e-14 0)
(-2.51996e-15 6.71878e-16 0)
(2.18392e-15 1.67986e-15 0)
(8.39935e-16 -1.00812e-15 0)
(-3.69589e-15 6.71879e-16 0)
(-2.85597e-15 -1.27677e-14 0)
(-3.35987e-16 -2.35206e-15 0)
(-4.19989e-15 -5.03986e-15 0)
(1.67956e-16 -3.35999e-15 0)
(2.01594e-15 -4.03193e-15 0)
(-2.68794e-15 6.71963e-16 0)
(3.36002e-16 1.67988e-15 0)
(3.35993e-15 -5.37585e-15 0)
(3.19194e-15 -6.74587e-20 0)
(-5.03987e-15 1.67995e-15 0)
(-6.71951e-16 1.00805e-15 0)
(4.70385e-15 1.67988e-15 0)
(-3.69581e-15 -5.71184e-15 0)
(5.03989e-15 -3.69599e-15 0)
(7.39195e-15 -9.40766e-15 0)
(1.17597e-15 -4.36797e-15 0)
(-3.86397e-15 1.34397e-15 0)
(1.84794e-15 -2.01596e-15 0)
(1.17595e-15 -4.70392e-15 0)
(8.39934e-16 -1.24318e-14 0)
(-1.17602e-15 2.35188e-15 0)
(-2.01594e-15 -2.352e-15 0)
(1.51194e-15 -3.69597e-15 0)
(2.35197e-15 -3.36009e-15 0)
(1.17598e-15 -1.04158e-14 0)
(-1.04158e-14 3.02384e-15 0)
(1.00795e-15 -6.0479e-15 0)
(-6.72041e-16 -9.07183e-15 0)
(-7.89578e-15 -8.7359e-15 0)
(3.6959e-15 -1.27678e-14 0)
(3.35958e-16 -3.36164e-16 0)
(2.35194e-15 -1.67993e-15 0)
(-1.176e-15 -1.6801e-15 0)
(-1.00795e-15 -3.35999e-15 0)
(2.18396e-15 -5.37593e-15 0)
(2.01597e-15 -3.36002e-15 0)
(1.84794e-15 -3.02394e-15 0)
(2.18404e-15 -3.36055e-16 0)
(-6.71955e-16 -2.35191e-15 0)
(1.34394e-15 -4.36787e-15 0)
(-8.39995e-16 2.352e-15 0)
(5.8799e-15 3.02399e-15 0)
(-6.71965e-16 -6.38386e-15 0)
(3.36043e-16 2.35192e-15 0)
(7.22383e-15 1.00794e-15 0)
(-2.18389e-15 -5.6158e-21 0)
(-5.03983e-15 -6.38385e-15 0)
(2.01593e-15 1.34402e-15 0)
(-3.94292e-21 -6.71991e-15 0)
(-2.0159e-15 -3.02407e-15 0)
(5.03949e-16 -9.74386e-15 0)
(-8.40032e-16 -1.51196e-14 0)
(-9.7438e-15 -4.36801e-15 0)
(8.39962e-16 -1.37757e-14 0)
(-1.512e-15 -7.39199e-15 0)
(2.0159e-15 -1.20959e-14 0)
(-3.36016e-16 -1.47838e-14 0)
(-4.03187e-15 -1.31039e-14 0)
(7.05577e-15 -1.00799e-14 0)
(-2.35194e-15 -1.34398e-14 0)
(-1.09198e-14 -6.38394e-15 0)
(-1.67998e-15 -5.37589e-15 0)
(5.04013e-16 -9.40782e-15 0)
(-6.02269e-21 -3.69597e-15 0)
(2.35199e-15 -1.00806e-15 0)
(1.34398e-15 -6.38385e-15 0)
(1.84801e-15 -6.71989e-15 0)
(1.34402e-15 -3.36014e-16 0)
(2.68797e-15 1.67993e-15 0)
(8.39996e-16 5.71188e-15 0)
(-4.03192e-15 1.34396e-14 0)
(-1.00793e-15 2.35199e-15 0)
(3.69589e-15 6.3838e-15 0)
(3.36086e-16 -3.69588e-15 0)
(2.68799e-15 -6.52852e-20 0)
(5.20789e-15 3.35995e-15 0)
(1.00798e-14 6.04788e-15 0)
(6.72013e-16 3.69589e-15 0)
(8.3996e-16 -5.37596e-15 0)
(-1.34402e-15 -1.34404e-15 0)
(-6.21588e-15 -4.70878e-20 0)
(-1.34401e-15 -1.48253e-19 0)
(-5.54398e-15 -1.34404e-15 0)
(1.176e-15 -1.6801e-15 0)
(-2.52e-15 -3.02403e-15 0)
(-1.17599e-15 -4.70401e-15 0)
(-6.38384e-15 -6.04798e-15 0)
(3.35985e-15 -5.04003e-15 0)
(-5.37585e-15 -6.38399e-15 0)
(1.84799e-15 -1.68009e-15 0)
(1.51192e-15 -6.04788e-15 0)
(-3.35984e-16 -1.34405e-15 0)
(3.52792e-15 -1.34405e-15 0)
(3.29581e-20 -3.35994e-15 0)
(2.51993e-15 -3.35991e-15 0)
(1.00806e-15 -1.34403e-15 0)
(2.68793e-15 -6.72038e-16 0)
(6.2159e-15 -6.72007e-16 0)
(6.21593e-15 2.49402e-20 0)
(2.85592e-15 6.54165e-20 0)
(-3.69589e-15 1.06256e-19 0)
(5.37589e-15 6.72042e-16 0)
(-1.17587e-15 1.008e-15 0)
(4.53584e-15 7.9305e-21 0)
(5.71196e-15 1.12129e-20 0)
(-4.5359e-15 -1.34394e-15 0)
(8.40016e-16 -1.34395e-15 0)
(-3.35979e-16 6.71985e-16 0)
(8.39955e-16 -5.37594e-15 0)
(-6.88787e-15 -9.74382e-15 0)
(-2.85599e-15 -5.71196e-15 0)
(-3.02397e-15 -1.04158e-14 0)
(-5.20794e-15 -6.04792e-15 0)
(-5.04001e-16 -7.39187e-15 0)
(1.17594e-15 -7.39189e-15 0)
(-3.52796e-15 -1.00795e-15 0)
(2.85597e-15 -4.70394e-15 0)
(-2.18397e-15 -5.03994e-15 0)
(2.01596e-15 -5.71187e-15 0)
(3.52788e-15 -2.35196e-15 0)
(1.68077e-16 1.00795e-15 0)
(1.00796e-15 3.02392e-15 0)
(5.00412e-20 1.008e-15 0)
(1.84795e-15 1.67998e-15 0)
(-2.35194e-15 5.71187e-15 0)
(1.84801e-15 -7.95673e-21 0)
(5.04004e-16 -2.01595e-15 0)
(7.22388e-15 -3.69591e-15 0)
(1.84808e-15 1.67996e-15 0)
(2.85596e-15 4.03187e-15 0)
(-1.00797e-15 -6.71967e-16 0)
(-3.35973e-16 4.03186e-15 0)
(1.09197e-14 1.06206e-19 0)
(-3.52781e-15 3.3599e-15 0)
(5.20787e-15 -5.03984e-15 0)
(-3.02397e-15 4.36788e-15 0)
(-1.6799e-15 -1.68e-15 0)
(3.35984e-16 -6.71967e-16 0)
(6.71953e-16 2.6879e-15 0)
(-4.53593e-15 -6.71991e-15 0)
(-8.40037e-16 -6.72034e-16 0)
(-2.01601e-15 -3.36015e-16 0)
(-2.18394e-15 -2.35199e-15 0)
(-8.40027e-16 4.36789e-15 0)
(-1.51196e-15 1.00797e-15 0)
(-4.53596e-15 -2.35204e-15 0)
(-6.71991e-16 -1.34399e-15 0)
(-2.51993e-15 -2.35198e-15 0)
(1.00799e-15 3.02387e-15 0)
(-2.85588e-15 -6.72021e-16 0)
(7.05582e-15 -1.00675e-20 0)
(3.86394e-15 -1.00797e-15 0)
(1.00801e-15 -3.02389e-15 0)
(6.71994e-16 1.34393e-15 0)
(-1.17597e-15 1.344e-15 0)
(4.53586e-15 6.72008e-16 0)
(-6.71881e-16 3.6959e-15 0)
(2.01603e-15 -1.00797e-15 0)
(1.14238e-14 -2.352e-15 0)
(1.67999e-15 -6.04784e-15 0)
(-3.35983e-16 3.3598e-16 0)
(5.04041e-16 -1.34392e-15 0)
(-1.51192e-15 4.70382e-15 0)
(4.19993e-15 4.03199e-15 0)
(-2.35192e-15 6.38383e-15 0)
(1.68006e-16 -2.01593e-15 0)
(7.22381e-15 -1.00793e-15 0)
(1.17599e-15 1.00793e-15 0)
(-1.00796e-15 -1.00794e-15 0)
(1.67987e-15 -4.70398e-15 0)
(-4.53585e-15 -3.69596e-15 0)
(-1.68002e-15 2.01588e-15 0)
(3.3593e-16 -4.36791e-15 0)
(-4.36786e-15 1.00793e-15 0)
(2.51988e-15 -1.34391e-15 0)
(-2.18392e-15 -3.35989e-16 0)
(-1.68025e-16 -3.69601e-15 0)
(4.5359e-15 -3.35995e-16 0)
(6.71977e-16 -3.69594e-15 0)
(-2.68795e-15 -2.01594e-15 0)
(1.84802e-15 6.7194e-16 0)
(-5.03974e-16 -5.71189e-15 0)
(1.67996e-15 6.04781e-15 0)
(2.85595e-15 -1.34394e-15 0)
(-2.01593e-15 -4.36788e-15 0)
(5.0408e-16 1.67997e-15 0)
(5.03984e-15 1.34398e-15 0)
(4.03189e-15 -1.00798e-15 0)
(4.20007e-15 -3.36004e-16 0)
(3.36023e-16 -3.3601e-16 0)
(-3.0239e-15 -4.70392e-15 0)
(8.2318e-15 -1.344e-15 0)
(-2.51988e-15 -8.39973e-15 0)
(8.56774e-15 5.71186e-15 0)
(-4.36785e-15 -4.70391e-15 0)
(4.19991e-15 -2.89952e-20 0)
(-4.53584e-15 -1.00804e-15 0)
(4.36788e-15 -5.03988e-15 0)
(-6.72004e-16 2.35181e-15 0)
(-6.21584e-15 6.71978e-16 0)
(1.17596e-15 -6.71996e-15 0)
(-1.68003e-15 -1.67992e-15 0)
(-5.37581e-15 1.67993e-15 0)
(4.19983e-15 -2.3519e-15 0)
(-4.19986e-15 -1.34405e-15 0)
(2.35189e-15 -1.00801e-15 0)
(-2.85594e-15 -3.35987e-15 0)
(1.344e-15 -4.70394e-15 0)
(8.39958e-16 -2.01595e-15 0)
(3.36018e-16 -1.68004e-15 0)
(3.36e-16 -7.39183e-15 0)
(3.52794e-15 2.68785e-15 0)
(3.20132e-20 -7.05584e-15 0)
(-1.51193e-15 -1.34399e-15 0)
(4.03183e-15 -3.36049e-16 0)
(5.87994e-15 -2.21438e-20 0)
(-3.86387e-15 1.34396e-15 0)
(1.68044e-16 2.68788e-15 0)
(5.87988e-15 -4.36792e-15 0)
(1.17603e-15 5.03982e-15 0)
(6.04783e-15 -5.71191e-15 0)
(-1.00788e-15 3.69588e-15 0)
(4.19991e-15 8.0638e-15 0)
(-4.03179e-15 3.35994e-16 0)
(5.03982e-15 -2.01588e-15 0)
(-2.68794e-15 -2.35195e-15 0)
(-1.84797e-15 -3.35997e-15 0)
(-2.01593e-15 -2.35198e-15 0)
(1.67992e-15 -8.73573e-15 0)
(-3.02395e-15 -2.68797e-15 0)
(-4.19992e-15 -6.71986e-15 0)
(1.17595e-15 -3.36068e-16 0)
(1.68006e-16 -1.67999e-15 0)
(1.84793e-15 6.71955e-16 0)
(-7.22392e-15 -1.00796e-15 0)
(-2.01596e-15 -6.38389e-15 0)
(5.71191e-15 2.01581e-15 0)
(-2.85595e-15 -1.008e-15 0)
(1.67996e-15 -1.00809e-15 0)
(1.00799e-15 -4.03194e-15 0)
(6.72005e-16 -5.37593e-15 0)
(2.184e-15 -1.14238e-14 0)
(3.02396e-15 -2.68791e-15 0)
(-2.18399e-15 1.00794e-15 0)
(-3.52783e-15 -2.68802e-15 0)
(5.03983e-15 -5.37587e-15 0)
(2.18399e-15 -4.70388e-15 0)
(4.53591e-15 -6.72008e-16 0)
(1.68006e-15 -3.35997e-15 0)
(2.18391e-15 -6.38387e-15 0)
(-4.53585e-15 -1.68001e-15 0)
(6.55186e-15 -5.03991e-15 0)
(-1.67915e-16 -2.46919e-21 0)
(4.19988e-15 -1.67989e-15 0)
(1.17606e-15 6.04775e-15 0)
(-2.18393e-15 1.00796e-15 0)
(1.04157e-14 -2.01589e-15 0)
(1.00798e-15 -3.35992e-15 0)
(1.00797e-15 2.68784e-15 0)
(-2.184e-15 8.0638e-15 0)
(-3.35975e-16 -2.01592e-15 0)
(-4.87194e-15 -1.34398e-15 0)
(2.52e-15 -5.71188e-15 0)
(1.51194e-15 -2.68795e-15 0)
(-9.57581e-15 2.35189e-15 0)
(-2.52e-15 -3.69601e-15 0)
(1.34395e-15 -4.36788e-15 0)
(-2.18393e-15 -7.72783e-15 0)
(1.67996e-15 -6.71992e-15 0)
(-1.00796e-15 -1.68004e-15 0)
(1.17597e-15 -1.34402e-15 0)
(3.36026e-16 4.03192e-15 0)
(7.39185e-15 5.03976e-15 0)
(-3.6959e-15 -7.39186e-15 0)
(8.56779e-15 -5.71193e-15 0)
(-2.68784e-15 -1.68006e-15 0)
(-1.17592e-15 -6.71996e-16 0)
(6.38384e-15 -2.01598e-15 0)
(5.87992e-15 -4.36787e-15 0)
(-8.06384e-15 -3.02398e-15 0)
(1.51198e-15 -1.34407e-15 0)
(1.68003e-15 -1.24317e-14 0)
(7.22381e-15 -1.09068e-19 0)
(5.04052e-16 1.34393e-15 0)
(4.19993e-15 -7.39178e-15 0)
(-1.84798e-15 -2.68797e-15 0)
(-4.0318e-15 5.71178e-15 0)
(-2.17575e-20 4.36793e-15 0)
(1.84794e-15 -9.07184e-15 0)
(-6.88781e-15 -6.04783e-15 0)
(4.70389e-15 3.69576e-15 0)
(-2.51994e-15 -3.02391e-15 0)
(4.36793e-15 -3.02402e-15 0)
(-3.36071e-16 6.71908e-16 0)
(-5.03995e-15 -4.70392e-15 0)
(-4.19993e-15 -6.38393e-15 0)
(-1.6803e-16 -3.36072e-16 0)
(-3.36022e-16 6.71757e-16 0)
(4.87193e-15 -3.69589e-15 0)
(1.17602e-15 -4.03199e-15 0)
(-1.34395e-15 -1.00805e-15 0)
(-1.84793e-15 -1.37758e-14 0)
(-8.40001e-16 -8.7358e-15 0)
(3.86391e-15 -3.36086e-16 0)
(-2.01586e-15 -8.06381e-15 0)
(8.73573e-15 -2.688e-15 0)
(1.68061e-16 -5.03998e-15 0)
(-2.68784e-15 -4.03195e-15 0)
(7.8958e-15 3.69582e-15 0)
(-6.71976e-16 -4.03195e-15 0)
(-2.18391e-15 -1.34391e-15 0)
(6.71986e-15 3.35975e-15 0)
(1.68104e-16 -1.04157e-14 0)
(5.37592e-15 -3.36035e-16 0)
(2.01602e-15 -1.00803e-15 0)
(-6.72001e-16 -2.68794e-15 0)
(1.84792e-15 -3.35961e-16 0)
(-1.17596e-15 -1.67993e-15 0)
(3.35991e-15 -1.68e-15 0)
(-4.03194e-15 -4.03197e-15 0)
(5.03987e-16 -5.37576e-15 0)
(2.0159e-15 4.36779e-15 0)
(-2.18401e-15 -3.02394e-15 0)
(-8.06372e-15 -8.06388e-15 0)
(-1.68092e-16 -8.06399e-15 0)
(-1.00801e-15 -7.39178e-15 0)
(-4.53592e-15 -1.68004e-15 0)
(-1.84796e-15 -1.20957e-14 0)
(-1.51199e-15 -6.72154e-16 0)
(5.87987e-15 -8.7358e-15 0)
(3.02399e-15 -7.78561e-20 0)
(5.54384e-15 -6.04783e-15 0)
(-2.85584e-15 2.68781e-15 0)
(-8.39977e-16 -2.68796e-15 0)
(5.20786e-15 -1.07231e-19 0)
(3.36172e-16 -4.36792e-15 0)
(6.04785e-15 -1.67998e-15 0)
(3.52789e-15 -7.39184e-15 0)
(-1.67877e-16 -1.34396e-15 0)
(6.71985e-16 -7.39184e-15 0)
(6.71992e-16 -3.69596e-15 0)
(6.55191e-15 -6.71982e-15 0)
(3.02393e-15 -6.38396e-15 0)
(4.19995e-15 -4.36796e-15 0)
(1.51199e-15 6.71935e-16 0)
(1.17601e-15 -3.80343e-20 0)
(1.68062e-16 -3.0239e-15 0)
(-6.71987e-16 1.67994e-15 0)
(2.01599e-15 -3.35996e-15 0)
(3.19188e-15 -3.35998e-15 0)
(-1.14238e-14 2.35184e-15 0)
(1.00795e-15 -1.14238e-14 0)
(-3.86393e-15 -3.69601e-15 0)
(1.00786e-15 -1.00799e-14 0)
(1.00799e-15 -1.14238e-14 0)
(-2.51993e-15 -1.64708e-19 0)
(-3.36001e-15 -4.70393e-15 0)
(-2.68795e-15 -4.36805e-15 0)
(1.51198e-15 -7.39181e-15 0)
(1.68006e-15 -2.01598e-15 0)
(3.19188e-15 -2.68792e-15 0)
(-6.71879e-16 4.03187e-15 0)
(7.05581e-15 -1.04157e-14 0)
(-5.71186e-15 -3.02401e-15 0)
(2.35196e-15 -1.67997e-15 0)
(7.55979e-15 -2.01603e-15 0)
(5.04164e-16 -1.16546e-20 0)
(1.84798e-15 6.38379e-15 0)
(4.70394e-15 1.00798e-15 0)
(1.67995e-15 2.01592e-15 0)
(1.67999e-15 7.05579e-15 0)
(-6.71932e-16 3.69586e-15 0)
(6.72042e-16 -3.35993e-15 0)
(1.17602e-15 -2.68794e-15 0)
(6.04794e-15 -5.37588e-15 0)
(-3.36006e-16 -3.6959e-15 0)
(5.87987e-15 5.71189e-15 0)
(3.35998e-16 3.35965e-16 0)
(1.51199e-15 -2.68795e-15 0)
(-3.36002e-15 1.67994e-15 0)
(-6.71987e-15 -1.00794e-15 0)
(6.71872e-16 -3.36029e-16 0)
(-7.55981e-15 1.00792e-15 0)
(3.35955e-16 -6.72037e-16 0)
(-4.19993e-15 -2.352e-15 0)
(4.87193e-15 -3.69596e-15 0)
(-5.20794e-15 -8.39986e-15 0)
(-6.71978e-16 -3.35995e-15 0)
(1.67998e-15 -1.34404e-15 0)
(3.86391e-15 2.68788e-15 0)
(-3.35894e-16 2.68786e-15 0)
(6.55185e-15 6.72072e-16 0)
(-8.39965e-16 2.35192e-15 0)
(3.19195e-15 -1.34393e-15 0)
(-3.52791e-15 3.36043e-16 0)
(8.40123e-16 -1.00793e-15 0)
(1.02478e-14 1.344e-15 0)
(5.0399e-15 3.10856e-20 0)
(2.01605e-15 3.35999e-16 0)
(-3.35981e-16 -6.71923e-16 0)
(8.40007e-16 -6.71935e-16 0)
(3.35995e-15 5.97347e-20 0)
(1.34396e-15 3.35988e-15 0)
(5.03999e-15 1.00794e-15 0)
(1.10877e-14 1.00795e-15 0)
(-9.07173e-15 2.68789e-15 0)
(5.20787e-15 4.70383e-15 0)
(-5.03973e-16 1.00796e-15 0)
(1.67996e-16 -6.71989e-16 0)
(-5.71194e-15 -2.01594e-15 0)
(-2.35203e-15 3.35923e-16 0)
(-3.69595e-15 6.71972e-16 0)
(-1.84801e-15 -7.72778e-15 0)
(-5.20794e-15 -5.0399e-15 0)
(-4.36791e-15 3.69591e-15 0)
(4.70393e-15 -5.37595e-15 0)
(1.34401e-15 -2.35201e-15 0)
(2.3519e-15 3.35988e-15 0)
(-6.71948e-16 -1.00794e-15 0)
(2.85601e-15 2.01604e-15 0)
(2.35194e-15 -5.71178e-15 0)
(-5.37592e-15 6.71971e-15 0)
(4.70393e-15 5.71189e-15 0)
(1.68001e-15 2.01596e-15 0)
(4.03191e-15 5.7118e-15 0)
(3.35998e-15 3.02399e-15 0)
(4.03199e-15 3.3599e-15 0)
(5.53919e-20 -1.34394e-15 0)
(3.02393e-15 -6.71951e-16 0)
(-1.00794e-15 3.02382e-15 0)
(2.68793e-15 -5.37591e-15 0)
(1.17597e-15 2.01588e-15 0)
(-1.67989e-15 -5.37587e-15 0)
(9.40777e-15 -3.69597e-15 0)
(-2.51981e-15 -1.67998e-15 0)
(3.35937e-16 -2.68793e-15 0)
(2.18395e-15 -8.73576e-15 0)
(-1.67992e-15 -7.05589e-15 0)
(-3.02396e-15 -3.36028e-16 0)
(-4.36801e-15 2.35186e-15 0)
(-3.1919e-15 -5.37587e-15 0)
(-5.20796e-15 1.00798e-15 0)
(-1.84796e-15 5.71182e-15 0)
(-2.35204e-15 4.70389e-15 0)
(-2.352e-15 -1.67994e-15 0)
(8.4001e-16 -3.0239e-15 0)
(2.18393e-15 -4.80297e-20 0)
(1.84804e-15 -3.35856e-16 0)
(6.71989e-15 4.36786e-15 0)
(3.86392e-15 -2.68796e-15 0)
(-2.51991e-15 3.35991e-15 0)
(-5.71193e-15 -3.69577e-15 0)
(-8.39952e-16 -3.02397e-15 0)
(3.02404e-15 1.34403e-15 0)
(6.04783e-15 1.34412e-15 0)
(5.03995e-15 7.39184e-15 0)
(1.00806e-15 3.3605e-16 0)
(6.72005e-16 -6.7193e-16 0)
(2.18394e-15 2.68793e-15 0)
(1.51193e-15 -3.02386e-15 0)
(-1.51192e-15 -1.34403e-15 0)
(1.17599e-15 -3.02392e-15 0)
(-1.00795e-15 1.67987e-15 0)
(3.19198e-15 -6.38384e-15 0)
(7.89585e-15 2.6879e-15 0)
(-3.36001e-16 -5.3759e-15 0)
(-1.51192e-15 2.6878e-15 0)
(3.3599e-15 -1.10877e-14 0)
(1.67961e-16 -1.34401e-15 0)
(-2.51987e-15 -4.70391e-15 0)
(1.67921e-16 -3.69593e-15 0)
(-2.016e-15 1.00794e-15 0)
(-2.17782e-20 -6.71982e-15 0)
(-6.55188e-15 6.38393e-15 0)
(-2.51999e-15 8.3998e-15 0)
(1.176e-15 -1.34398e-15 0)
(3.35969e-16 4.36796e-15 0)
(1.0793e-19 6.04783e-15 0)
(2.85591e-15 1.344e-15 0)
(2.18396e-15 3.0239e-15 0)
(-5.03946e-16 -2.35199e-15 0)
(8.39939e-16 2.68784e-15 0)
(1.84795e-15 -3.02387e-15 0)
(5.20796e-15 2.01593e-15 0)
(2.18403e-15 2.35193e-15 0)
(4.53597e-15 3.02403e-15 0)
(2.35197e-15 1.34399e-15 0)
(2.18395e-15 6.71983e-15 0)
(-1.84792e-15 2.68797e-15 0)
(-3.3599e-16 -2.79263e-20 0)
(-1.34402e-15 -7.05585e-15 0)
(2.35198e-15 -4.36796e-15 0)
(2.51995e-15 -6.71979e-15 0)
(6.38395e-15 -1.04629e-19 0)
(-1.67992e-15 -6.71992e-16 0)
(-2.01595e-15 -5.78502e-20 0)
(-1.84803e-15 -1.07518e-14 0)
(-2.35194e-15 1.00787e-15 0)
(1.34397e-15 -1.34396e-15 0)
(-2.3519e-15 -6.04787e-15 0)
(-8.40044e-16 3.35987e-16 0)
(-6.3838e-15 6.71979e-16 0)
(2.51997e-15 6.71968e-16 0)
(-3.86394e-15 -3.35995e-16 0)
(-2.85589e-15 -5.37578e-15 0)
(-6.71916e-16 1.00794e-15 0)
(-8.39974e-16 -4.03191e-15 0)
(4.36789e-15 -1.34396e-15 0)
(2.35204e-15 -5.03982e-15 0)
(2.01597e-15 2.01602e-15 0)
(-1.68005e-15 -4.03182e-15 0)
(-1.68e-15 -3.35987e-15 0)
(6.88782e-15 2.01591e-15 0)
(2.35186e-15 1.008e-15 0)
(1.67992e-15 7.05588e-15 0)
(6.38386e-15 2.68792e-15 0)
(1.67993e-15 1.008e-15 0)
(-8.3993e-16 -6.7196e-16 0)
(-5.04011e-16 2.01596e-15 0)
(-1.00801e-15 1.67993e-15 0)
(-5.87975e-15 -2.01597e-15 0)
(1.00793e-15 -1.34397e-15 0)
(1.68005e-15 1.67984e-15 0)
(1.00797e-14 -3.69585e-15 0)
(1.84798e-15 -2.68793e-15 0)
(-1.67997e-15 -3.35984e-16 0)
(-4.8718e-15 3.3599e-15 0)
(-1.00799e-15 5.98129e-20 0)
)
;

boundaryField
{
    outerWall
    {
        type            noSlip;
    }
    axis
    {
        type            symmetryPlane;
    }
    nozzle
    {
        type            zeroGradient;
    }
    back
    {
        type            empty;
    }
    front
    {
        type            empty;
    }
}


// ************************************************************************* //
