/*--------------------------------*- C++ -*----------------------------------*\
| =========                 |                                                 |
| \\      /  F ield         | OpenFOAM: The Open Source CFD Toolbox           |
|  \\    /   O peration     | Version:  2412                                  |
|   \\  /    A nd           | Website:  www.openfoam.com                      |
|    \\/     M anipulation  |                                                 |
\*---------------------------------------------------------------------------*/
FoamFile
{
    version     2.0;
    format      ascii;
    arch        "LSB;label=32;scalar=64";
    class       volVectorField;
    location    "3.5e-05";
    object      U;
}
// * * * * * * * * * * * * * * * * * * * * * * * * * * * * * * * * * * * * * //

dimensions      [0 1 -1 0 0 0 0];

internalField   nonuniform List<vector> 
3725
(
(1.01862e-15 -2.28828e-21 0)
(-5.60226e-15 2.00829e-20 0)
(-4.24412e-15 3.39527e-16 0)
(5.09281e-16 -1.40646e-20 0)
(3.0558e-15 -2.34276e-14 0)
(8.48819e-16 -6.7908e-16 0)
(2.0372e-15 -1.69764e-15 0)
(-5.09247e-16 1.69761e-15 0)
(3.39537e-16 1.00338e-20 0)
(2.886e-15 1.0186e-15 0)
(1.52789e-15 3.39544e-16 0)
(6.62088e-15 1.69767e-15 0)
(1.78256e-14 9.16744e-15 0)
(7.82627e-14 3.9386e-14 0)
(2.67383e-13 1.46e-13 0)
(8.94843e-13 5.13037e-13 0)
(2.88146e-12 1.74045e-12 0)
(8.84284e-12 5.64544e-12 0)
(2.59083e-11 1.76188e-11 0)
(7.21103e-11 5.2617e-11 0)
(1.89693e-10 1.49762e-10 0)
(4.68154e-10 4.04101e-10 0)
(1.07385e-09 1.02764e-09 0)
(2.2607e-09 2.44382e-09 0)
(4.29259e-09 5.38188e-09 0)
(7.16971e-09 1.08369e-08 0)
(1.02161e-08 1.96234e-08 0)
(1.18701e-08 3.14427e-08 0)
(1.01322e-08 4.39167e-08 0)
(4.08295e-09 5.24675e-08 0)
(1.85044e-14 -1.01859e-15 0)
(-3.56511e-15 4.75343e-15 0)
(-3.39531e-15 6.79097e-16 0)
(-7.28667e-21 6.11156e-15 0)
(1.86745e-15 1.25627e-14 0)
(-2.37671e-15 3.39536e-15 0)
(2.03716e-15 5.75997e-21 0)
(1.71737e-20 -2.37665e-15 0)
(2.03717e-15 1.35812e-15 0)
(-1.69764e-15 1.69763e-15 0)
(1.86746e-15 2.71627e-15 0)
(1.34116e-14 1.25628e-14 0)
(4.94023e-14 4.38e-14 0)
(1.79105e-13 1.70786e-13 0)
(6.25592e-13 6.09125e-13 0)
(2.08644e-12 2.15333e-12 0)
(6.7311e-12 7.28539e-12 0)
(2.07544e-11 2.37481e-11 0)
(6.11327e-11 7.43309e-11 0)
(1.71197e-10 2.22692e-10 0)
(4.53311e-10 6.35947e-10 0)
(1.12658e-09 1.72242e-09 0)
(2.60367e-09 4.39722e-09 0)
(5.52637e-09 1.05006e-08 0)
(1.05874e-08 2.32281e-08 0)
(1.78508e-08 4.69951e-08 0)
(2.56705e-08 8.55141e-08 0)
(3.00901e-08 1.37639e-07 0)
(2.59008e-08 1.92981e-07 0)
(1.0496e-08 2.31162e-07 0)
(3.95211e-21 -3.39535e-16 0)
(-7.13015e-15 1.69769e-15 0)
(1.69763e-15 -6.79058e-16 0)
(-8.48823e-16 -1.01856e-15 0)
(3.22553e-15 -7.46971e-15 0)
(-1.69765e-15 2.03712e-15 0)
(-1.18836e-15 3.39549e-16 0)
(-6.79029e-16 2.37666e-15 0)
(8.48822e-16 6.79082e-16 0)
(-6.79055e-16 -3.39471e-16 0)
(1.22232e-14 5.43258e-15 0)
(3.4293e-14 3.12372e-14 0)
(1.39379e-13 1.30381e-13 0)
(5.06755e-13 4.86893e-13 0)
(1.75471e-12 1.77509e-12 0)
(5.9023e-12 6.25321e-12 0)
(1.90781e-11 2.12426e-11 0)
(5.91232e-11 6.95187e-11 0)
(1.75117e-10 2.18619e-10 0)
(4.93329e-10 6.58178e-10 0)
(1.31448e-09 1.88933e-09 0)
(3.28911e-09 5.14511e-09 0)
(7.65752e-09 1.3212e-08 0)
(1.63839e-08 3.17481e-08 0)
(3.16634e-08 7.07012e-08 0)
(5.38842e-08 1.44069e-07 0)
(7.81987e-08 2.6409e-07 0)
(9.24705e-08 4.27971e-07 0)
(8.02749e-08 6.03558e-07 0)
(3.27186e-08 7.25898e-07 0)
(-1.17139e-14 -1.69766e-15 0)
(-6.79115e-16 2.37671e-15 0)
(3.39548e-16 1.69767e-15 0)
(8.48816e-16 1.35811e-15 0)
(-2.71624e-15 6.79059e-16 0)
(6.79042e-16 1.01864e-15 0)
(-6.79045e-16 5.4325e-15 0)
(2.54648e-15 -1.01854e-15 0)
(3.0558e-15 5.77204e-15 0)
(-1.6976e-15 7.1302e-15 0)
(3.19162e-14 2.78418e-14 0)
(1.00842e-13 8.3186e-14 0)
(3.91144e-13 3.49381e-13 0)
(1.4179e-12 1.3269e-12 0)
(4.94804e-12 4.83803e-12 0)
(1.66842e-11 1.71085e-11 0)
(5.41809e-11 5.84006e-11 0)
(1.68787e-10 1.92104e-10 0)
(5.02628e-10 6.0728e-10 0)
(1.42423e-09 1.83842e-09 0)
(3.8185e-09 5.30791e-09 0)
(9.61857e-09 1.45441e-08 0)
(2.25559e-08 3.75935e-08 0)
(4.86433e-08 9.09747e-08 0)
(9.48278e-08 2.04133e-07 0)
(1.62892e-07 4.19346e-07 0)
(2.38597e-07 7.75184e-07 0)
(2.84692e-07 1.26611e-06 0)
(2.49346e-07 1.79765e-06 0)
(1.02251e-07 2.17237e-06 0)
(-1.20534e-14 3.39535e-16 0)
(-2.0372e-15 -2.71621e-15 0)
(-1.86745e-15 3.73484e-15 0)
(-1.69771e-16 -1.69764e-15 0)
(3.39549e-16 -3.39526e-16 0)
(8.48812e-16 6.79068e-16 0)
(-1.6975e-16 -4.07435e-15 0)
(5.09312e-16 2.37672e-15 0)
(3.22558e-15 4.07441e-15 0)
(1.56186e-14 1.66372e-14 0)
(7.38488e-14 5.70418e-14 0)
(2.80456e-13 2.41409e-13 0)
(1.0714e-12 9.23534e-13 0)
(3.87052e-12 3.48193e-12 0)
(1.35958e-11 1.27702e-11 0)
(4.60675e-11 4.53228e-11 0)
(1.50331e-10 1.55471e-10 0)
(4.70788e-10 5.1414e-10 0)
(1.40985e-09 1.63428e-09 0)
(4.0188e-09 4.97631e-09 0)
(1.08438e-08 1.44563e-08 0)
(2.75033e-08 3.98714e-08 0)
(6.49805e-08 1.03781e-07 0)
(1.41289e-07 2.53036e-07 0)
(2.77942e-07 5.72378e-07 0)
(4.82172e-07 1.18609e-06 0)
(7.1327e-07 2.21262e-06 0)
(8.5932e-07 3.64501e-06 0)
(7.5997e-07 5.21396e-06 0)
(3.13757e-07 6.3349e-06 0)
(-2.47272e-20 4.07435e-15 0)
(1.01858e-15 3.39539e-16 0)
(-5.60227e-15 4.41394e-15 0)
(-3.3953e-16 1.69767e-15 0)
(4.07436e-15 1.35813e-15 0)
(-1.52787e-15 1.0186e-15 0)
(1.69772e-16 5.43251e-15 0)
(3.73487e-15 4.75344e-15 0)
(1.18837e-14 5.43259e-15 0)
(4.53279e-14 3.22558e-14 0)
(1.94723e-13 1.47698e-13 0)
(7.47995e-13 5.94525e-13 0)
(2.82866e-12 2.32989e-12 0)
(1.02981e-11 8.85201e-12 0)
(3.63278e-11 3.26113e-11 0)
(1.23712e-10 1.16344e-10 0)
(4.05794e-10 4.01237e-10 0)
(1.2779e-09 1.33425e-09 0)
(3.84926e-09 4.26587e-09 0)
(1.10408e-08 1.3069e-08 0)
(2.99898e-08 3.82125e-08 0)
(7.66122e-08 1.06121e-07 0)
(1.82429e-07 2.78265e-07 0)
(4.00091e-07 6.8386e-07 0)
(7.94616e-07 1.56025e-06 0)
(1.39307e-06 3.26328e-06 0)
(2.08279e-06 6.14773e-06 0)
(2.5357e-06 1.02229e-05 0)
(2.26677e-06 1.47438e-05 0)
(9.42961e-07 1.80234e-05 0)
(1.01859e-15 -5.43247e-15 0)
(1.18837e-15 1.35808e-15 0)
(-3.05578e-15 1.69766e-15 0)
(1.69761e-16 3.39532e-15 0)
(3.05579e-15 2.0372e-15 0)
(1.5279e-15 7.0239e-21 0)
(1.35812e-15 -2.03718e-15 0)
(5.26282e-15 4.07444e-15 0)
(2.73326e-14 2.00325e-14 0)
(1.21723e-13 8.8958e-14 0)
(4.93174e-13 3.62962e-13 0)
(1.9238e-12 1.45694e-12 0)
(7.25993e-12 5.71029e-12 0)
(2.65823e-11 2.17693e-11 0)
(9.42118e-11 8.0579e-11 0)
(3.2254e-10 2.88991e-10 0)
(1.06375e-09 1.00217e-09 0)
(3.36926e-09 3.35195e-09 0)
(1.02109e-08 1.07824e-08 0)
(2.94788e-08 3.32465e-08 0)
(8.06324e-08 9.78753e-08 0)
(2.07543e-07 2.73796e-07 0)
(4.98285e-07 7.23561e-07 0)
(1.10278e-06 1.79325e-06 0)
(2.21251e-06 4.12887e-06 0)
(3.92278e-06 8.72173e-06 0)
(5.93301e-06 1.66068e-05 0)
(7.30637e-06 2.79005e-05 0)
(6.61031e-06 4.06065e-05 0)
(2.77346e-06 4.99867e-05 0)
(1.35813e-15 3.39508e-16 0)
(1.01861e-15 -8.48824e-15 0)
(3.22553e-15 2.03717e-15 0)
(-3.19759e-21 1.01861e-15 0)
(-1.01859e-15 1.01862e-15 0)
(2.37675e-15 2.71626e-15 0)
(4.07441e-15 5.09298e-15 0)
(1.83348e-14 1.08651e-14 0)
(6.92651e-14 4.54976e-14 0)
(3.066e-13 2.03721e-13 0)
(1.21791e-12 8.3933e-13 0)
(4.75926e-12 3.41436e-12 0)
(1.80604e-11 1.347e-11 0)
(6.64513e-11 5.16235e-11 0)
(2.36738e-10 1.92119e-10 0)
(8.14912e-10 6.92912e-10 0)
(2.70301e-09 2.41693e-09 0)
(8.61307e-09 8.13344e-09 0)
(2.62702e-08 2.63321e-08 0)
(7.63604e-08 8.17467e-08 0)
(2.10402e-07 2.42401e-07 0)
(5.45877e-07 6.83345e-07 0)
(1.32202e-06 1.82092e-06 0)
(2.95407e-06 4.55356e-06 0)
(5.99098e-06 1.05872e-05 0)
(1.07515e-05 2.26042e-05 0)
(1.64669e-05 4.35413e-05 0)
(2.05355e-05 7.39878e-05 0)
(1.88314e-05 0.000108781 0)
(7.97811e-06 0.000134993 0)
(8.48851e-16 1.69764e-15 0)
(7.63943e-15 2.03717e-15 0)
(-2.20693e-15 3.39533e-15 0)
(-1.69765e-15 1.01861e-15 0)
(1.0186e-15 1.0186e-15 0)
(5.093e-16 3.39564e-16 0)
(1.03558e-14 3.39538e-15 0)
(4.17628e-14 2.34279e-14 0)
(1.70956e-13 1.05595e-13 0)
(7.19813e-13 4.54637e-13 0)
(2.90421e-12 1.90004e-12 0)
(1.13907e-11 7.71898e-12 0)
(4.34173e-11 3.05707e-11 0)
(1.60567e-10 1.17797e-10 0)
(5.75175e-10 4.4085e-10 0)
(1.99115e-09 1.59938e-09 0)
(6.64415e-09 5.61319e-09 0)
(2.13057e-08 1.90119e-08 0)
(6.54209e-08 6.19717e-08 0)
(1.9153e-07 1.9378e-07 0)
(5.31831e-07 5.7904e-07 0)
(1.39143e-06 1.64583e-06 0)
(3.40094e-06 4.42468e-06 0)
(7.67752e-06 1.11716e-05 0)
(1.57505e-05 2.62486e-05 0)
(2.86383e-05 5.66917e-05 0)
(4.44707e-05 0.000110594 0)
(5.62362e-05 0.000190319 0)
(5.23642e-05 0.000283034 0)
(2.24323e-05 0.000354551 0)
(1.35812e-15 -2.03716e-15 0)
(-1.35809e-15 5.77203e-15 0)
(-3.3953e-16 -5.09295e-15 0)
(-8.48842e-16 2.71623e-15 0)
(3.90463e-15 3.05578e-15 0)
(1.6977e-15 2.03718e-15 0)
(1.93535e-14 7.46979e-15 0)
(9.52394e-14 5.29674e-14 0)
(3.942e-13 2.24432e-13 0)
(1.64793e-12 9.75143e-13 0)
(6.66523e-12 4.08969e-12 0)
(2.6264e-11 1.67e-11 0)
(1.0062e-10 6.65192e-11 0)
(3.74162e-10 2.57795e-10 0)
(1.34793e-09 9.70494e-10 0)
(4.69416e-09 3.54279e-09 0)
(1.57624e-08 1.25149e-08 0)
(5.08819e-08 4.26789e-08 0)
(1.57346e-07 1.40128e-07 0)
(4.64162e-07 4.41546e-07 0)
(1.29944e-06 1.33026e-06 0)
(3.4301e-06 3.81446e-06 0)
(8.46633e-06 1.03529e-05 0)
(1.9322e-05 2.64111e-05 0)
(4.0131e-05 6.27636e-05 0)
(7.40105e-05 0.000137266 0)
(0.000116687 0.000271533 0)
(0.000149865 0.000473961 0)
(0.000142005 0.000714067 0)
(6.1616e-05 0.000904502 0)
(-8.48809e-16 -1.69768e-15 0)
(4.24413e-15 -3.39516e-16 0)
(3.39532e-15 -7.43201e-20 0)
(-2.71624e-15 -5.77201e-15 0)
(2.71627e-15 -4.75343e-15 0)
(9.50695e-15 3.0558e-15 0)
(4.29511e-14 2.10511e-14 0)
(2.01174e-13 1.04577e-13 0)
(8.65134e-13 4.62107e-13 0)
(3.6157e-12 1.99205e-12 0)
(1.47013e-11 8.39465e-12 0)
(5.82171e-11 3.45198e-11 0)
(2.24227e-10 1.38257e-10 0)
(8.38552e-10 5.39018e-10 0)
(3.03892e-09 2.04196e-09 0)
(1.06494e-08 7.50323e-09 0)
(3.59962e-08 2.66885e-08 0)
(1.17015e-07 9.16793e-08 0)
(3.64571e-07 3.03342e-07 0)
(1.08413e-06 9.63721e-07 0)
(3.06152e-06 2.92907e-06 0)
(8.15838e-06 8.47892e-06 0)
(2.03484e-05 2.32502e-05 0)
(4.69856e-05 5.99822e-05 0)
(9.8892e-05 0.000144314 0)
(0.000185216 0.000319978 0)
(0.000296992 0.000642789 0)
(0.000388137 0.0011402 0)
(0.00037527 0.00174362 0)
(0.000165258 0.00223825 0)
(-5.09292e-16 -2.37672e-15 0)
(1.5279e-15 -1.01859e-15 0)
(3.73485e-15 -9.16735e-15 0)
(-2.03717e-15 1.69759e-15 0)
(6.96042e-15 -3.3956e-16 0)
(1.98628e-14 6.45115e-15 0)
(9.25232e-14 4.34604e-14 0)
(4.21193e-13 1.98288e-13 0)
(1.81227e-12 8.91278e-13 0)
(7.6015e-12 3.86866e-12 0)
(3.10577e-11 1.63961e-11 0)
(1.2366e-10 6.78054e-11 0)
(4.79003e-10 2.73263e-10 0)
(1.80194e-09 1.07209e-09 0)
(6.57109e-09 4.08829e-09 0)
(2.31791e-08 1.51271e-08 0)
(7.88944e-08 5.42017e-08 0)
(2.58372e-07 1.87642e-07 0)
(8.11378e-07 6.25999e-07 0)
(2.43346e-06 2.00643e-06 0)
(6.93584e-06 6.15628e-06 0)
(1.86709e-05 1.80043e-05 0)
(4.70938e-05 4.99237e-05 0)
(0.00011012 0.000130381 0)
(0.000235128 0.000317964 0)
(0.000447867 0.000715743 0)
(0.000731853 0.00146271 0)
(0.000975486 0.00264292 0)
(0.000965543 0.00411232 0)
(0.00043259 0.00536549 0)
(-7.3382e-21 1.69764e-15 0)
(-6.79058e-16 -3.39556e-16 0)
(1.1884e-15 -5.77203e-15 0)
(1.01859e-15 -5.77204e-15 0)
(8.65812e-15 3.39584e-16 0)
(4.17627e-14 1.18838e-14 0)
(1.86914e-13 7.57162e-14 0)
(8.41027e-13 3.62283e-13 0)
(3.61638e-12 1.62943e-12 0)
(1.52509e-11 7.10748e-12 0)
(6.26518e-11 3.02892e-11 0)
(2.50861e-10 1.25962e-10 0)
(9.77443e-10 5.10862e-10 0)
(3.69981e-09 2.01757e-09 0)
(1.35802e-08 7.74754e-09 0)
(4.82345e-08 2.88782e-08 0)
(1.65382e-07 1.04282e-07 0)
(5.45863e-07 3.64018e-07 0)
(1.72866e-06 1.22521e-06 0)
(5.23183e-06 3.96448e-06 0)
(1.506e-05 1.22896e-05 0)
(4.09839e-05 3.63441e-05 0)
(0.000104631 0.000102013 0)
(0.000248016 0.000270021 0)
(0.000537914 0.000668432 0)
(0.00104377 0.00153016 0)
(0.00174238 0.00318783 0)
(0.00237535 0.00588445 0)
(0.0024172 0.00934502 0)
(0.00110513 0.0124403 0)
(-8.48825e-16 1.21509e-21 0)
(-1.01859e-15 1.35812e-15 0)
(4.92323e-15 -4.5525e-20 0)
(1.69777e-16 -1.35811e-15 0)
(1.52791e-14 9.84639e-15 0)
(8.04696e-14 2.58046e-14 0)
(3.54474e-13 1.34456e-13 0)
(1.58614e-12 6.2033e-13 0)
(6.87065e-12 2.79403e-12 0)
(2.90903e-11 1.22616e-11 0)
(1.20202e-10 5.25369e-11 0)
(4.84095e-10 2.19879e-10 0)
(1.8977e-09 8.97599e-10 0)
(7.22945e-09 3.56947e-09 0)
(2.67166e-08 1.38074e-08 0)
(9.55798e-08 5.18665e-08 0)
(3.30249e-07 1.88849e-07 0)
(1.09907e-06 6.65067e-07 0)
(3.51173e-06 2.25984e-06 0)
(1.07317e-05 7.38766e-06 0)
(3.12205e-05 2.31577e-05 0)
(8.59637e-05 6.9323e-05 0)
(0.000222352 0.000197207 0)
(0.000534934 0.000529812 0)
(0.00118023 0.00133359 0)
(0.00233742 0.00311103 0)
(0.00399757 0.00662407 0)
(0.00559337 0.0125384 0)
(0.0058824 0.0204077 0)
(0.00275403 0.0278721 0)
(-1.24692e-20 -2.71626e-15 0)
(-1.69748e-16 1.01859e-15 0)
(5.94179e-15 -1.35811e-15 0)
(6.79113e-16 4.07435e-15 0)
(2.85209e-14 2.37684e-15 0)
(1.35814e-13 4.48185e-14 0)
(6.38495e-13 2.12209e-13 0)
(2.83325e-12 9.87027e-13 0)
(1.23462e-11 4.46726e-12 0)
(5.25555e-11 1.97049e-11 0)
(2.18368e-10 8.49614e-11 0)
(8.84652e-10 3.5784e-10 0)
(3.48964e-09 1.47064e-09 0)
(1.33822e-08 5.89016e-09 0)
(4.9803e-08 2.2958e-08 0)
(1.79515e-07 8.6942e-08 0)
(6.25282e-07 3.19327e-07 0)
(2.09911e-06 1.13517e-06 0)
(6.7706e-06 3.89657e-06 0)
(2.09052e-05 1.28799e-05 0)
(6.15115e-05 4.08656e-05 0)
(0.000171521 0.000123975 0)
(0.000449998 0.000357944 0)
(0.0011003 0.000977723 0)
(0.00247383 0.00250765 0)
(0.00501163 0.00597671 0)
(0.00881288 0.0130468 0)
(0.0127131 0.0254409 0)
(0.0139174 0.0426684 0)
(0.00670336 0.0602045 0)
(-1.69766e-15 -6.79058e-16 0)
(1.69776e-16 -2.71626e-15 0)
(1.01864e-15 2.71624e-15 0)
(7.63949e-15 -1.01856e-15 0)
(4.73651e-14 1.18837e-14 0)
(2.37674e-13 5.94186e-14 0)
(1.06376e-12 3.1373e-13 0)
(4.77623e-12 1.45117e-12 0)
(2.09068e-11 6.60021e-12 0)
(8.9465e-11 2.92604e-11 0)
(3.73804e-10 1.26902e-10 0)
(1.52336e-09 5.37846e-10 0)
(6.04694e-09 2.22535e-09 0)
(2.33449e-08 8.97727e-09 0)
(8.75054e-08 3.52618e-08 0)
(3.17857e-07 1.34653e-07 0)
(1.11642e-06 4.99044e-07 0)
(3.782e-06 1.79152e-06 0)
(1.23202e-05 6.21598e-06 0)
(3.84585e-05 2.07907e-05 0)
(0.000114542 6.6835e-05 0)
(0.000323773 0.000205739 0)
(0.000862663 0.00060386 0)
(0.00214722 0.00168042 0)
(0.00492947 0.00440293 0)
(0.0102418 0.0107563 0)
(0.0185957 0.024172 0)
(0.0278096 0.0488534 0)
(0.0319551 0.0851323 0)
(0.0159059 0.125612 0)
(3.39529e-16 4.75341e-15 0)
(3.90461e-15 -3.395e-16 0)
(1.86747e-15 1.35815e-15 0)
(1.00163e-14 3.39519e-16 0)
(7.63953e-14 1.56186e-14 0)
(3.65679e-13 8.59022e-14 0)
(1.67577e-12 4.19665e-13 0)
(7.55108e-12 1.95131e-12 0)
(3.31988e-11 8.90429e-12 0)
(1.42782e-10 3.96916e-11 0)
(5.99804e-10 1.73121e-10 0)
(2.45849e-09 7.38195e-10 0)
(9.8192e-09 3.07415e-09 0)
(3.81596e-08 1.24881e-08 0)
(1.4406e-07 4.94231e-08 0)
(5.27352e-07 1.90284e-07 0)
(1.86793e-06 7.1158e-07 0)
(6.38681e-06 2.57989e-06 0)
(2.102e-05 9.05015e-06 0)
(6.63695e-05 3.06436e-05 0)
(0.000200223 9.9882e-05 0)
(0.00057429 0.000312338 0)
(0.00155601 0.000933456 0)
(0.00394961 0.00265237 0)
(0.00928076 0.00712193 0)
(0.0198384 0.0179074 0)
(0.0373857 0.0416543 0)
(0.0584333 0.087879 0)
(0.0714862 0.160802 0)
(0.0370619 0.251021 0)
(5.0929e-16 -3.05578e-15 0)
(1.35815e-15 -5.09301e-15 0)
(4.24417e-15 4.07431e-15 0)
(1.51093e-14 -2.03714e-15 0)
(1.08821e-13 1.79954e-14 0)
(5.34767e-13 1.02539e-13 0)
(2.46621e-12 5.08283e-13 0)
(1.11415e-11 2.37029e-12 0)
(4.92106e-11 1.08362e-11 0)
(2.12627e-10 4.8547e-11 0)
(8.97683e-10 2.12829e-10 0)
(3.69912e-09 9.12573e-10 0)
(1.48593e-08 3.82319e-09 0)
(5.81067e-08 1.56322e-08 0)
(2.20852e-07 6.23058e-08 0)
(8.14475e-07 2.41752e-07 0)
(2.90862e-06 9.11821e-07 0)
(1.00359e-05 3.33749e-06 0)
(3.3368e-05 1.18336e-05 0)
(0.000106582 4.05554e-05 0)
(0.000325813 0.000134035 0)
(0.000948953 0.000425902 0)
(0.00261769 0.00129712 0)
(0.00678858 0.00376907 0)
(0.0163708 0.0104007 0)
(0.0361411 0.0270384 0)
(0.0710745 0.0656134 0)
(0.11717 0.146086 0)
(0.154313 0.287087 0)
(0.0835638 0.492261 0)
(-3.39527e-16 -1.69767e-15 0)
(6.79068e-16 -1.01862e-15 0)
(4.07442e-15 -2.71621e-15 0)
(2.34279e-14 7.13018e-15 0)
(1.53809e-13 2.00325e-14 0)
(7.30339e-13 1.12046e-13 0)
(3.37871e-12 5.37144e-13 0)
(1.52996e-11 2.5404e-12 0)
(6.78288e-11 1.16525e-11 0)
(2.94272e-10 5.24102e-11 0)
(1.24783e-09 2.30824e-10 0)
(5.16627e-09 9.94654e-10 0)
(2.08589e-08 4.18948e-09 0)
(8.20215e-08 1.72303e-08 0)
(3.13649e-07 6.91175e-08 0)
(1.16449e-06 2.70087e-07 0)
(4.18974e-06 1.02676e-06 0)
(1.45781e-05 3.79162e-06 0)
(4.89334e-05 1.35797e-05 0)
(0.00015802 4.70789e-05 0)
(0.000489233 0.000157699 0)
(0.0014466 0.00050906 0)
(0.00406339 0.00158018 0)
(0.0107773 0.0046985 0)
(0.0267328 0.0133479 0)
(0.0612482 0.0359834 0)
(0.126672 0.0916466 0)
(0.224539 0.217296 0)
(0.331131 0.465685 0)
(0.190945 0.870135 0)
(6.78995e-16 -4.41393e-15 0)
(3.0558e-15 -1.0186e-15 0)
(5.43256e-15 -2.71627e-15 0)
(3.32744e-14 2.37674e-15 0)
(1.94384e-13 2.00325e-14 0)
(9.23194e-13 9.91441e-14 0)
(4.28696e-12 4.86893e-13 0)
(1.94711e-11 2.30714e-12 0)
(8.66181e-11 1.06264e-11 0)
(3.77002e-10 4.79684e-11 0)
(1.60437e-09 2.12074e-10 0)
(6.66812e-09 9.17516e-10 0)
(2.70361e-08 3.8815e-09 0)
(1.06803e-07 1.60402e-08 0)
(4.10495e-07 6.46845e-08 0)
(1.53271e-06 2.54256e-07 0)
(5.54977e-06 9.72998e-07 0)
(1.94506e-05 3.62017e-06 0)
(6.58335e-05 1.30784e-05 0)
(0.000214672 4.58003e-05 0)
(0.000672298 0.000155272 0)
(0.00201581 0.000508539 0)
(0.00575978 0.00160755 0)
(0.0156144 0.00489091 0)
(0.0398346 0.0143381 0)
(0.0948657 0.0403144 0)
(0.20706 0.109807 0)
(0.397708 0.28635 0)
(0.644054 0.7546 0)
(0.386887 1.85084 0)
(-1.71887e-14 -4.24442e-16 0)
(1.27322e-15 -3.39536e-15 0)
(4.66862e-15 -1.69764e-15 0)
(3.84098e-14 3.81972e-15 0)
(2.26427e-13 1.40058e-14 0)
(1.06784e-12 7.46976e-14 0)
(4.95827e-12 3.65e-13 0)
(2.2557e-11 1.73035e-12 0)
(1.00537e-10 7.98415e-12 0)
(4.38517e-10 3.61328e-11 0)
(1.87043e-09 1.60138e-10 0)
(7.79332e-09 6.94709e-10 0)
(3.16844e-08 2.94751e-09 0)
(1.25542e-07 1.22196e-08 0)
(4.8413e-07 4.94519e-08 0)
(1.81442e-06 1.95147e-07 0)
(6.59773e-06 7.50107e-07 0)
(2.32365e-05 2.80487e-06 0)
(7.9095e-05 1.01914e-05 0)
(0.000259666 3.59276e-05 0)
(0.000819888 0.000122757 0)
(0.00248381 0.000405781 0)
(0.00719113 0.00129719 0)
(0.0198542 0.00400056 0)
(0.0519541 0.0119282 0)
(0.129053 0.0342376 0)
(0.300785 0.0956645 0)
(0.676991 0.2569 0)
(1.41734 0.696174 0)
(3.43777 1.75552 0)
(8.48747e-16 -8.48805e-16 0)
(2.33429e-15 -1.27325e-15 0)
(7.00292e-15 8.4875e-16 0)
(4.39273e-14 -1.27321e-15 0)
(2.47224e-13 1.2308e-14 0)
(1.15123e-12 3.94709e-14 0)
(5.35382e-12 1.9693e-13 0)
(2.43849e-11 9.38388e-13 0)
(1.08803e-10 4.3227e-12 0)
(4.75134e-10 1.95653e-11 0)
(2.02907e-09 8.68007e-11 0)
(8.46555e-09 3.77061e-10 0)
(3.44675e-08 1.60215e-09 0)
(1.36787e-07 6.6526e-09 0)
(5.28433e-07 2.6969e-08 0)
(1.9844e-06 1.06626e-07 0)
(7.23205e-06 4.10695e-07 0)
(2.5536e-05 1.5392e-06 0)
(8.71806e-05 5.60649e-06 0)
(0.00028721 1.98178e-05 0)
(0.000910609 6.79054e-05 0)
(0.00277247 0.000225108 0)
(0.00807569 0.000721339 0)
(0.0224641 0.00222776 0)
(0.0593237 0.00662754 0)
(0.148908 0.0188843 0)
(0.351089 0.0513482 0)
(0.78907 0.13154 0)
(1.62689 0.300205 0)
(3.3259 0.59848 0)
(2.33427e-15 2.97086e-15 0)
(5.9418e-15 -5.94181e-15 0)
(7.42732e-15 -8.48742e-16 0)
(4.41395e-14 2.54652e-15 0)
(2.4595e-13 -5.09292e-15 0)
(1.18094e-12 1.27317e-15 0)
(5.49367e-12 1.69757e-15 0)
(2.50332e-11 -4.66857e-15 0)
(1.11712e-10 -1.14593e-14 0)
(4.88007e-10 -3.69244e-14 0)
(2.08493e-09 -1.43453e-13 0)
(8.70253e-09 -5.77209e-13 0)
(3.54498e-08 -2.32157e-12 0)
(1.40762e-07 -9.05539e-12 0)
(5.44113e-07 -3.43388e-11 0)
(2.04466e-06 -1.26951e-10 0)
(7.45727e-06 -4.56261e-10 0)
(2.6354e-05 -1.59056e-09 0)
(9.00622e-05 -5.36489e-09 0)
(0.000297045 -1.74431e-08 0)
(0.000943063 -5.44017e-08 0)
(0.00287587 -1.61467e-07 0)
(0.00839273 -4.50509e-07 0)
(0.0233979 -1.1555e-06 0)
(0.0619482 -2.5958e-06 0)
(0.155886 -4.49806e-06 0)
(0.368382 -2.49195e-06 0)
(0.826279 2.45264e-05 0)
(1.69645 0.000109649 0)
(3.29117 0.000388096 0)
(6.36609e-16 -2.12201e-15 0)
(4.24434e-16 -1.50458e-20 0)
(3.81981e-15 2.12201e-15 0)
(4.49883e-14 1.27322e-15 0)
(2.41706e-13 -6.3663e-15 0)
(1.14848e-12 -4.20174e-14 0)
(5.35658e-12 -2.04994e-13 0)
(2.43856e-11 -9.42208e-13 0)
(1.0878e-10 -4.3384e-12 0)
(4.75052e-10 -1.96302e-11 0)
(2.02874e-09 -8.70664e-11 0)
(8.46424e-09 -3.78137e-10 0)
(3.44624e-08 -1.60641e-09 0)
(1.36768e-07 -6.6692e-09 0)
(5.28363e-07 -2.70323e-08 0)
(1.98415e-06 -1.06861e-07 0)
(7.23117e-06 -4.11544e-07 0)
(2.55331e-05 -1.54218e-06 0)
(8.71711e-05 -5.61664e-06 0)
(0.000287181 -1.98512e-05 0)
(0.000910523 -6.80112e-05 0)
(0.00277224 -0.00022543 0)
(0.00807509 -0.000722264 0)
(0.0224629 -0.00223025 0)
(0.0593217 -0.00663358 0)
(0.148908 -0.0188966 0)
(0.351107 -0.0513633 0)
(0.789137 -0.131518 0)
(1.6271 -0.299941 0)
(3.32592 -0.597368 0)
(-2.54648e-15 2.12203e-15 0)
(8.48824e-16 -8.4884e-16 0)
(8.06391e-15 -8.4883e-16 0)
(3.77733e-14 -2.97095e-15 0)
(2.23881e-13 -1.825e-14 0)
(1.06699e-12 -7.5122e-14 0)
(4.95338e-12 -3.61604e-13 0)
(2.25491e-11 -1.7346e-12 0)
(1.005e-10 -7.99901e-12 0)
(4.3837e-10 -3.61846e-11 0)
(1.86983e-09 -1.60332e-10 0)
(7.79093e-09 -6.95491e-10 0)
(3.16751e-08 -2.95069e-09 0)
(1.25506e-07 -1.22322e-08 0)
(4.83999e-07 -4.95012e-08 0)
(1.81395e-06 -1.95335e-07 0)
(6.59608e-06 -7.50802e-07 0)
(2.32309e-05 -2.8074e-06 0)
(7.90767e-05 -1.02003e-05 0)
(0.000259609 -3.59585e-05 0)
(0.000819715 -0.000122862 0)
(0.00248332 -0.000406129 0)
(0.00718983 -0.00129832 0)
(0.0198511 -0.00400415 0)
(0.0519482 -0.0119394 0)
(0.129047 -0.0342712 0)
(0.300806 -0.0957588 0)
(0.677158 -0.257137 0)
(1.41799 -0.696446 0)
(3.43776 -1.75483 0)
(5.16158 0.116595 0)
(5.60278 0.0399966 0)
(6.09178 0.0141059 0)
(6.46631 0.00493603 0)
(6.68764 0.00171043 0)
(6.77194 0.000585198 0)
(6.76857 0.0001977 0)
(6.73279 6.61868e-05 0)
(6.70209 2.20236e-05 0)
(6.68954 7.79409e-06 0)
(6.69085 3.59065e-06 0)
(6.6965 2.47616e-06 0)
(6.70047 2.26091e-06 0)
(6.70153 2.25619e-06 0)
(6.70092 2.3069e-06 0)
(6.69999 2.38995e-06 0)
(6.69931 2.48988e-06 0)
(6.69876 2.55195e-06 0)
(6.69843 2.61588e-06 0)
(6.69625 2.74258e-06 0)
(6.70177 2.72948e-06 0)
(6.66955 2.75543e-06 0)
(6.81847 2.42932e-06 0)
(6.49607 2.41592e-06 0)
(6.72212 1.75244e-06 0)
(4.84083 0.155811 0)
(5.50484 0.0566304 0)
(6.05671 0.0203435 0)
(6.45393 0.00724785 0)
(6.68331 0.00255675 0)
(6.77045 0.000891027 0)
(6.76808 0.00030692 0)
(6.73265 0.000104666 0)
(6.70207 3.5376e-05 0)
(6.68957 1.25336e-05 0)
(6.69089 5.60017e-06 0)
(6.69655 3.70019e-06 0)
(6.70053 3.15895e-06 0)
(6.7016 2.87281e-06 0)
(6.70099 2.65902e-06 0)
(6.70006 2.4882e-06 0)
(6.69939 2.33669e-06 0)
(6.69884 2.17944e-06 0)
(6.69852 2.07709e-06 0)
(6.69634 2.09975e-06 0)
(6.70187 2.00595e-06 0)
(6.66965 1.99514e-06 0)
(6.81858 1.70886e-06 0)
(6.49617 1.80919e-06 0)
(6.72223 1.3887e-06 0)
(4.7341 0.000203462 0)
(5.46717 0.000119614 0)
(6.04236 6.94841e-05 0)
(6.44853 4.07249e-05 0)
(6.68131 2.3497e-05 0)
(6.76972 1.21995e-05 0)
(6.76781 4.54341e-06 0)
(6.73255 -8.64567e-08 0)
(6.70204 -2.10957e-06 0)
(6.68956 -2.26998e-06 0)
(6.69089 -1.50218e-06 0)
(6.69655 -5.20246e-07 0)
(6.70053 1.41252e-07 0)
(6.7016 4.00093e-07 0)
(6.70099 4.33194e-07 0)
(6.70006 3.31697e-07 0)
(6.69939 1.97536e-07 0)
(6.69884 7.72903e-08 0)
(6.69852 1.43649e-09 0)
(6.69634 -5.39902e-08 0)
(6.70187 -7.7599e-08 0)
(6.66965 -4.99283e-08 0)
(6.81858 -1.53229e-08 0)
(6.49617 2.18177e-08 0)
(6.72223 -1.76525e-08 0)
(4.84061 -0.155401 0)
(5.5047 -0.0564165 0)
(6.05663 -0.0202286 0)
(6.45388 -0.00718408 0)
(6.68328 -0.00252142 0)
(6.77044 -0.000873395 0)
(6.76807 -0.000301032 0)
(6.73264 -0.000105789 0)
(6.70207 -3.93995e-05 0)
(6.68957 -1.63562e-05 0)
(6.6909 -7.75806e-06 0)
(6.69655 -4.21147e-06 0)
(6.70053 -2.67327e-06 0)
(6.7016 -2.10449e-06 0)
(6.70099 -1.94686e-06 0)
(6.70006 -2.0012e-06 0)
(6.69939 -2.10045e-06 0)
(6.69884 -2.12146e-06 0)
(6.69852 -2.15453e-06 0)
(6.69634 -2.2643e-06 0)
(6.70187 -2.19177e-06 0)
(6.66965 -2.07449e-06 0)
(6.81858 -1.69752e-06 0)
(6.49617 -1.72543e-06 0)
(6.72223 -1.47328e-06 0)
(5.16086 -0.116385 0)
(5.60249 -0.0399022 0)
(6.09163 -0.0140605 0)
(6.46623 -0.00491298 0)
(6.6876 -0.0016986 0)
(6.77191 -0.000579765 0)
(6.76855 -0.000196355 0)
(6.73278 -6.72228e-05 0)
(6.70209 -2.39375e-05 0)
(6.68954 -9.3467e-06 0)
(6.69085 -4.24636e-06 0)
(6.6965 -2.4672e-06 0)
(6.70047 -1.91648e-06 0)
(6.70153 -1.88796e-06 0)
(6.70092 -2.02794e-06 0)
(6.69999 -2.23465e-06 0)
(6.69931 -2.45118e-06 0)
(6.69875 -2.57126e-06 0)
(6.69843 -2.69476e-06 0)
(6.69625 -2.85314e-06 0)
(6.70177 -2.8377e-06 0)
(6.66955 -2.78486e-06 0)
(6.81847 -2.40265e-06 0)
(6.49607 -2.35398e-06 0)
(6.72212 -1.81937e-06 0)
(-6.72001e-16 3.36013e-16 0)
(-1.34396e-15 -1.00796e-15 0)
(7.05592e-15 -4.36791e-15 0)
(3.19198e-14 -7.0559e-15 0)
(1.99079e-13 -1.64639e-14 0)
(9.1845e-13 -9.91193e-14 0)
(4.28028e-12 -4.90557e-13 0)
(1.9443e-11 -2.312e-12 0)
(8.64897e-11 -1.06374e-11 0)
(3.76448e-10 -4.80181e-11 0)
(1.60202e-09 -2.12263e-10 0)
(6.65833e-09 -9.18314e-10 0)
(2.69963e-08 -3.88473e-09 0)
(1.06645e-07 -1.6053e-08 0)
(4.09883e-07 -6.47337e-08 0)
(1.5304e-06 -2.54439e-07 0)
(5.54128e-06 -9.73658e-07 0)
(1.94203e-05 -3.62246e-06 0)
(6.57282e-05 -1.3086e-05 0)
(0.000214318 -4.58242e-05 0)
(0.000671145 -0.000155343 0)
(0.00201217 -0.000508731 0)
(0.0057487 -0.00160801 0)
(0.0155817 -0.00489171 0)
(0.0397418 -0.0143383 0)
(0.0946101 -0.0403067 0)
(0.20639 -0.109753 0)
(0.396007 -0.286093 0)
(0.640313 -0.753266 0)
(0.384363 -1.846 0)
(-6.71984e-16 3.02399e-15 0)
(1.67992e-15 4.70393e-15 0)
(3.024e-15 2.35195e-15 0)
(2.50318e-14 -3.02402e-15 0)
(1.52711e-13 -2.35198e-14 0)
(7.22899e-13 -1.11215e-13 0)
(3.36065e-12 -5.42972e-13 0)
(1.52187e-11 -2.53611e-12 0)
(6.74841e-11 -1.1649e-11 0)
(2.92762e-10 -5.23851e-11 0)
(1.24137e-09 -2.30693e-10 0)
(5.13927e-09 -9.94007e-10 0)
(2.07487e-08 -4.18641e-09 0)
(8.15824e-08 -1.72162e-08 0)
(3.11945e-07 -6.90541e-08 0)
(1.15805e-06 -2.6981e-07 0)
(4.16613e-06 -1.02558e-06 0)
(1.44942e-05 -3.78674e-06 0)
(4.86444e-05 -1.356e-05 0)
(0.000157059 -4.70017e-05 0)
(0.000486156 -0.000157405 0)
(0.00143714 -0.000507974 0)
(0.00403556 -0.00157628 0)
(0.0106993 -0.00468498 0)
(0.0265263 -0.0133023 0)
(0.0607358 -0.0358356 0)
(0.125504 -0.0911825 0)
(0.222248 -0.215921 0)
(0.32742 -0.461824 0)
(0.188721 -0.860967 0)
(6.71932e-16 2.35194e-15 0)
(-8.23185e-15 -6.7197e-16 0)
(1.34398e-15 1.34396e-15 0)
(1.64639e-14 -1.00799e-15 0)
(1.12391e-13 -2.04959e-14 0)
(5.28188e-13 -1.02815e-13 0)
(2.44254e-12 -5.01309e-13 0)
(1.10288e-11 -2.36139e-12 0)
(4.87089e-11 -1.07922e-11 0)
(2.10437e-10 -4.83262e-11 0)
(8.88368e-10 -2.11841e-10 0)
(3.66032e-09 -9.082e-10 0)
(1.47016e-08 -3.80431e-09 0)
(5.74818e-08 -1.55525e-08 0)
(2.18443e-07 -6.19771e-08 0)
(8.05449e-07 -2.40429e-07 0)
(2.87582e-06 -9.06632e-07 0)
(9.92051e-06 -3.31767e-06 0)
(3.29758e-05 -1.176e-05 0)
(0.000105298 -4.02902e-05 0)
(0.000321777 -0.000133108 0)
(0.000936818 -0.000422772 0)
(0.00258297 -0.00128691 0)
(0.00669462 -0.0037371 0)
(0.0161328 -0.0103046 0)
(0.0355845 -0.026764 0)
(0.0699033 -0.0648724 0)
(0.115092 -0.144227 0)
(0.151326 -0.282977 0)
(0.0818711 -0.484432 0)
(-1.24318e-14 -4.70389e-15 0)
(5.0394e-16 3.69595e-15 0)
(2.01597e-15 3.36018e-16 0)
(1.12559e-14 -2.35198e-15 0)
(7.42555e-14 -1.67999e-14 0)
(3.57166e-13 -8.23195e-14 0)
(1.64672e-12 -4.15293e-13 0)
(7.42437e-12 -1.93837e-12 0)
(3.26484e-11 -8.80784e-12 0)
(1.40388e-10 -3.92815e-11 0)
(5.89683e-10 -1.7131e-10 0)
(2.41656e-09 -7.30302e-10 0)
(9.64985e-09 -3.04058e-09 0)
(3.74935e-08 -1.23488e-08 0)
(1.41512e-07 -4.88591e-08 0)
(5.17893e-07 -1.88059e-07 0)
(1.8339e-06 -7.03037e-07 0)
(6.26846e-06 -2.54802e-06 0)
(2.06231e-05 -8.93483e-06 0)
(6.50904e-05 -3.02398e-05 0)
(0.000196275 -9.8516e-05 0)
(0.000562677 -0.000307889 0)
(0.00152364 -0.000919542 0)
(0.00386481 -0.00261081 0)
(0.0090743 -0.00700388 0)
(0.019379 -0.0175916 0)
(0.0364787 -0.0408675 0)
(0.056947 -0.0860882 0)
(0.0695678 -0.157269 0)
(0.0360369 -0.245072 0)
(-2.01603e-15 6.71986e-15 0)
(-2.01596e-15 6.72014e-16 0)
(2.68795e-15 6.72003e-16 0)
(6.38396e-15 -1.00799e-15 0)
(4.56957e-14 -1.20959e-14 0)
(2.23439e-13 -6.48475e-14 0)
(1.04025e-12 -3.09118e-13 0)
(4.66214e-12 -1.43068e-12 0)
(2.03986e-11 -6.48644e-12 0)
(8.72905e-11 -2.87483e-11 0)
(3.64652e-10 -1.24645e-10 0)
(1.48572e-09 -5.28153e-10 0)
(5.89605e-09 -2.18462e-09 0)
(2.27562e-08 -8.81024e-09 0)
(8.52736e-08 -3.45941e-08 0)
(3.09651e-07 -1.32055e-07 0)
(1.08722e-06 -4.89217e-07 0)
(3.68168e-06 -1.75547e-06 0)
(1.19884e-05 -6.08792e-06 0)
(3.74054e-05 -2.03514e-05 0)
(0.000111348 -6.53835e-05 0)
(0.000314567 -0.000201136 0)
(0.0008376 -0.000589906 0)
(0.00208333 -0.0016402 0)
(0.00477887 -0.00429342 0)
(0.00991939 -0.0104774 0)
(0.01799 -0.0235161 0)
(0.0268717 -0.0474602 0)
(0.0308321 -0.0825894 0)
(0.0153324 -0.121687 0)
(-1.32718e-14 -2.68791e-15 0)
(1.51193e-15 1.67999e-15 0)
(-6.7199e-16 6.71984e-16 0)
(3.35996e-15 -1.02004e-20 0)
(2.62079e-14 -8.06392e-15 0)
(1.30871e-13 -4.23357e-14 0)
(6.11684e-13 -2.11679e-13 0)
(2.74409e-12 -9.66665e-13 0)
(1.19449e-11 -4.35487e-12 0)
(5.08358e-11 -1.91979e-11 0)
(2.11179e-10 -8.27411e-11 0)
(8.55309e-10 -3.48392e-10 0)
(3.3729e-09 -1.4313e-09 0)
(1.29305e-08 -5.73045e-09 0)
(4.8106e-08 -2.23266e-08 0)
(1.73337e-07 -8.45152e-08 0)
(6.03528e-07 -3.10272e-07 0)
(2.02524e-06 -1.10243e-06 0)
(6.52939e-06 -3.78216e-06 0)
(2.01506e-05 -1.24944e-05 0)
(5.92593e-05 -3.96171e-05 0)
(0.000165144 -0.000120103 0)
(0.000432985 -0.000346498 0)
(0.00105794 -0.000945653 0)
(0.00237664 -0.0024231 0)
(0.00481025 -0.00576913 0)
(0.00844963 -0.0125788 0)
(0.0121756 -0.0244959 0)
(0.0133116 -0.0410319 0)
(0.0064059 -0.0578216 0)
(-1.68054e-16 6.04789e-15 0)
(-2.85596e-15 -1.34397e-15 0)
(-1.84797e-15 -1.00796e-15 0)
(5.03997e-16 -6.71974e-16 0)
(1.57918e-14 -1.00802e-15 0)
(7.17355e-14 -2.88958e-14 0)
(3.37006e-13 -1.34735e-13 0)
(1.51921e-12 -6.03452e-13 0)
(6.5827e-12 -2.70613e-12 0)
(2.78774e-11 -1.18348e-11 0)
(1.15157e-10 -5.0689e-11 0)
(4.63654e-10 -2.12053e-10 0)
(1.81701e-09 -8.65336e-10 0)
(6.91975e-09 -3.43979e-09 0)
(2.5563e-08 -1.33001e-08 0)
(9.14187e-08 -4.99381e-08 0)
(3.15745e-07 -1.81739e-07 0)
(1.05035e-06 -6.39697e-07 0)
(3.35452e-06 -2.17243e-06 0)
(1.02462e-05 -7.09766e-06 0)
(2.97922e-05 -2.22343e-05 0)
(8.1983e-05 -6.65125e-05 0)
(0.00021192 -0.000189069 0)
(0.000509477 -0.000507528 0)
(0.00112318 -0.00127635 0)
(0.00222242 -0.00297453 0)
(0.00379705 -0.00632648 0)
(0.00530735 -0.0119607 0)
(0.00557481 -0.0194461 0)
(0.00260781 -0.0265305 0)
(-1.84802e-15 -3.35977e-16 0)
(-6.38391e-15 4.03194e-15 0)
(-1.00801e-15 2.68794e-15 0)
(-1.67997e-15 3.02394e-15 0)
(4.36801e-15 -2.01597e-15 0)
(3.66237e-14 -1.24319e-14 0)
(1.74887e-13 -7.15675e-14 0)
(7.97491e-13 -3.5011e-13 0)
(3.43608e-12 -1.55735e-12 0)
(1.4466e-11 -6.79018e-12 0)
(5.94301e-11 -2.89297e-11 0)
(2.37893e-10 -1.20264e-10 0)
(9.26621e-10 -4.87555e-10 0)
(3.50626e-09 -1.92472e-09 0)
(1.28651e-08 -7.38777e-09 0)
(4.56775e-08 -2.75245e-08 0)
(1.56553e-07 -9.93449e-08 0)
(5.16501e-07 -3.46604e-07 0)
(1.63493e-06 -1.16596e-06 0)
(4.94577e-06 -3.77054e-06 0)
(1.42291e-05 -1.1681e-05 0)
(3.8701e-05 -3.45212e-05 0)
(9.87418e-05 -9.68263e-05 0)
(0.000233899 -0.000256091 0)
(0.000506915 -0.000633409 0)
(0.000982781 -0.00144865 0)
(0.00163903 -0.00301493 0)
(0.00223236 -0.00555928 0)
(0.00226922 -0.00881997 0)
(0.00103668 -0.0117306 0)
(-1.42798e-14 3.35995e-15 0)
(-6.72043e-16 -2.68795e-15 0)
(-1.68007e-16 -4.36791e-15 0)
(-6.71991e-16 -1.34397e-15 0)
(2.18399e-15 -1.68e-15 0)
(1.47839e-14 -1.00799e-14 0)
(8.19835e-14 -3.72958e-14 0)
(3.96141e-13 -1.88495e-13 0)
(1.7025e-12 -8.4201e-13 0)
(7.1329e-12 -3.66103e-12 0)
(2.91614e-11 -1.54992e-11 0)
(1.1606e-10 -6.4058e-11 0)
(4.49423e-10 -2.58066e-10 0)
(1.69011e-09 -1.01204e-09 0)
(6.16112e-09 -3.85761e-09 0)
(2.17249e-08 -1.42671e-08 0)
(7.39164e-08 -5.10958e-08 0)
(2.4197e-07 -1.768e-07 0)
(7.59539e-07 -5.89517e-07 0)
(2.27693e-06 -1.88843e-06 0)
(6.48646e-06 -5.79077e-06 0)
(1.74519e-05 -1.69246e-05 0)
(4.39933e-05 -4.68976e-05 0)
(0.000102804 -0.000122388 0)
(0.000219352 -0.000298235 0)
(0.000417484 -0.000670757 0)
(0.000681618 -0.00136949 0)
(0.000907749 -0.0024721 0)
(0.000897617 -0.0038432 0)
(0.000401875 -0.00501048 0)
(-1.68084e-16 -1.34398e-15 0)
(-4.53589e-15 -6.71992e-16 0)
(1.34395e-15 -1.25819e-20 0)
(-6.71987e-16 -3.36e-16 0)
(4.19995e-15 -1.34397e-15 0)
(6.21595e-15 -2.35201e-15 0)
(3.30958e-14 -1.91518e-14 0)
(1.86983e-13 -9.13914e-14 0)
(8.04715e-13 -4.26717e-13 0)
(3.35628e-12 -1.86143e-12 0)
(1.36544e-11 -7.84824e-12 0)
(5.4057e-11 -3.22511e-11 0)
(2.08156e-10 -1.29154e-10 0)
(7.78175e-10 -5.03332e-10 0)
(2.8192e-09 -1.90598e-09 0)
(9.87598e-09 -7.0005e-09 0)
(3.33696e-08 -2.48889e-08 0)
(1.08434e-07 -8.54566e-08 0)
(3.37698e-07 -2.8261e-07 0)
(1.00377e-06 -8.97379e-07 0)
(2.83328e-06 -2.7259e-06 0)
(7.54637e-06 -7.88608e-06 0)
(1.88117e-05 -2.16108e-05 0)
(4.34112e-05 -5.57148e-05 0)
(9.13086e-05 -0.000133948 0)
(0.000170886 -0.00029676 0)
(0.000273799 -0.000595637 0)
(0.000357548 -0.00105565 0)
(0.000345394 -0.00161308 0)
(0.000152006 -0.00206931 0)
(-1.31038e-14 -3.35994e-15 0)
(1.17595e-15 4.36793e-15 0)
(-1.84795e-15 2.35197e-15 0)
(6.71982e-16 2.35198e-15 0)
(1.26953e-20 4.03194e-15 0)
(2.01598e-15 -1.00796e-15 0)
(1.39439e-14 -9.40794e-15 0)
(8.16475e-14 -4.43517e-14 0)
(3.60526e-13 -2.09327e-13 0)
(1.50913e-12 -9.04506e-13 0)
(6.13078e-12 -3.77594e-12 0)
(2.41216e-11 -1.54341e-11 0)
(9.23933e-11 -6.14523e-11 0)
(3.4346e-10 -2.38063e-10 0)
(1.23695e-09 -8.95881e-10 0)
(4.30627e-09 -3.26907e-09 0)
(1.44549e-08 -1.1543e-08 0)
(4.66444e-08 -3.9347e-08 0)
(1.44187e-07 -1.29127e-07 0)
(4.2517e-07 -4.06682e-07 0)
(1.18976e-06 -1.22458e-06 0)
(3.13912e-06 -3.5095e-06 0)
(7.7442e-06 -9.51954e-06 0)
(1.76641e-05 -2.427e-05 0)
(3.66652e-05 -5.76365e-05 0)
(6.75724e-05 -0.000125962 0)
(0.000106461 -0.000248976 0)
(0.000136635 -0.000434254 0)
(0.000129369 -0.000653799 0)
(5.61015e-05 -0.000827691 0)
(-1.51205e-15 1.008e-15 0)
(-5.03999e-16 3.97048e-20 0)
(-1.68017e-16 3.02398e-15 0)
(3.3599e-16 -6.71978e-16 0)
(-8.39997e-16 4.03196e-15 0)
(-5.03999e-16 2.01595e-15 0)
(2.01603e-15 -1.34399e-15 0)
(3.12478e-14 -1.88159e-14 0)
(1.55063e-13 -9.71033e-14 0)
(6.51836e-13 -4.16301e-13 0)
(2.63859e-12 -1.73308e-12 0)
(1.03474e-11 -7.05259e-12 0)
(3.94245e-11 -2.79271e-11 0)
(1.45772e-10 -1.07566e-10 0)
(5.22014e-10 -4.02397e-10 0)
(1.80656e-09 -1.45932e-09 0)
(6.02631e-09 -5.1196e-09 0)
(1.9318e-08 -1.73329e-08 0)
(5.92967e-08 -5.64742e-08 0)
(1.73536e-07 -1.7651e-07 0)
(4.81673e-07 -5.2718e-07 0)
(1.25966e-06 -1.49766e-06 0)
(3.07743e-06 -4.02417e-06 0)
(6.94365e-06 -1.01545e-05 0)
(1.42369e-05 -2.38441e-05 0)
(2.587e-05 -5.14643e-05 0)
(4.01461e-05 -0.000100325 0)
(5.07353e-05 -0.000172529 0)
(4.72095e-05 -0.000256423 0)
(2.0214e-05 -0.000321059 0)
(-1.24318e-14 2.35196e-15 0)
(8.39972e-16 1.67999e-15 0)
(-5.54391e-15 8.06387e-15 0)
(-8.40022e-16 -3.35973e-16 0)
(6.7199e-16 -1.67996e-15 0)
(-1.008e-15 3.36031e-16 0)
(1.34396e-15 1.00797e-15 0)
(1.09199e-14 -7.39192e-15 0)
(6.46795e-14 -3.66238e-14 0)
(2.65102e-13 -1.80431e-13 0)
(1.09989e-12 -7.59355e-13 0)
(4.27288e-12 -3.08379e-12 0)
(1.62151e-11 -1.21594e-11 0)
(5.96509e-11 -4.65975e-11 0)
(2.12461e-10 -1.73366e-10 0)
(7.31131e-10 -6.25065e-10 0)
(2.42442e-09 -2.1795e-09 0)
(7.72302e-09 -7.33168e-09 0)
(2.3548e-08 -2.3727e-08 0)
(6.84246e-08 -7.36287e-08 0)
(1.88467e-07 -2.18233e-07 0)
(4.88777e-07 -6.14929e-07 0)
(1.18323e-06 -1.6378e-06 0)
(2.6427e-06 -4.09348e-06 0)
(5.35673e-06 -9.51217e-06 0)
(9.6078e-06 -2.02966e-05 0)
(1.47066e-05 -3.90712e-05 0)
(1.83299e-05 -6.63513e-05 0)
(1.67986e-05 -9.75013e-05 0)
(7.11376e-06 -0.000120944 0)
(-1.09198e-14 2.01598e-15 0)
(2.85594e-15 2.68797e-15 0)
(1.51196e-15 -3.3599e-15 0)
(-3.19195e-15 3.36007e-16 0)
(-8.90387e-15 4.36794e-15 0)
(-3.02397e-15 2.01597e-15 0)
(3.36004e-16 3.69597e-15 0)
(3.19198e-15 -1.34401e-15 0)
(2.31838e-14 -1.57919e-14 0)
(1.07687e-13 -7.32475e-14 0)
(4.39317e-13 -3.2659e-13 0)
(1.70384e-12 -1.29527e-12 0)
(6.44393e-12 -5.09406e-12 0)
(2.35922e-11 -1.94234e-11 0)
(8.35944e-11 -7.18756e-11 0)
(2.86121e-10 -2.57713e-10 0)
(9.43392e-10 -8.93406e-10 0)
(2.98724e-09 -2.98715e-09 0)
(9.05057e-09 -9.60551e-09 0)
(2.61209e-08 -2.96066e-08 0)
(7.14244e-08 -8.71249e-08 0)
(1.83777e-07 -2.43621e-07 0)
(4.41056e-07 -6.43529e-07 0)
(9.75703e-07 -1.59414e-06 0)
(1.95664e-06 -3.66855e-06 0)
(3.46733e-06 -7.7451e-06 0)
(5.24143e-06 -1.47387e-05 0)
(6.45142e-06 -2.47485e-05 0)
(5.83366e-06 -3.60019e-05 0)
(2.44665e-06 -4.43024e-05 0)
(-6.72019e-16 1.68e-15 0)
(-1.67993e-16 4.70393e-15 0)
(-4.70394e-15 5.03992e-15 0)
(-6.72007e-16 5.37593e-15 0)
(6.71969e-16 3.02398e-15 0)
(-1.00799e-15 8.52865e-21 0)
(3.69591e-15 -1.34399e-15 0)
(-6.71976e-16 -3.35978e-16 0)
(4.53599e-15 -2.01604e-15 0)
(3.94797e-14 -2.65438e-14 0)
(1.64975e-13 -1.28351e-13 0)
(6.56372e-13 -5.29196e-13 0)
(2.48269e-12 -2.06269e-12 0)
(9.03918e-12 -7.80724e-12 0)
(3.18649e-11 -2.87574e-11 0)
(1.08493e-10 -1.0256e-10 0)
(3.55793e-10 -3.53577e-10 0)
(1.12017e-09 -1.1754e-09 0)
(3.37332e-09 -3.75679e-09 0)
(9.67305e-09 -1.15055e-08 0)
(2.6267e-08 -3.36291e-08 0)
(6.70808e-08 -9.33566e-08 0)
(1.59678e-07 -2.44697e-07 0)
(3.50059e-07 -6.01106e-07 0)
(6.94951e-07 -1.3708e-06 0)
(1.21778e-06 -2.86563e-06 0)
(1.81986e-06 -5.39579e-06 0)
(2.21459e-06 -8.9682e-06 0)
(1.97877e-06 -1.29288e-05 0)
(8.22876e-07 -1.57997e-05 0)
(-1.67998e-16 -1.34397e-15 0)
(-6.7197e-16 6.72021e-16 0)
(-3.86394e-15 4.25569e-20 0)
(-1.68018e-16 2.35196e-15 0)
(-1.51198e-15 2.01599e-15 0)
(1.34396e-15 1.67998e-15 0)
(-4.70392e-15 -2.01594e-15 0)
(-6.72033e-16 3.35985e-16 0)
(5.04016e-16 -1.00796e-15 0)
(1.27679e-14 -8.39995e-15 0)
(6.21596e-14 -4.87196e-14 0)
(2.4679e-13 -2.03615e-13 0)
(9.20466e-13 -8.01019e-13 0)
(3.35628e-12 -3.03104e-12 0)
(1.1792e-11 -1.11209e-11 0)
(3.9937e-11 -3.94821e-11 0)
(1.3029e-10 -1.35418e-10 0)
(4.07957e-10 -4.47706e-10 0)
(1.22142e-09 -1.42273e-09 0)
(3.48088e-09 -4.33084e-09 0)
(9.38994e-09 -1.25772e-08 0)
(2.38093e-08 -3.4677e-08 0)
(5.62356e-08 -9.02281e-08 0)
(1.22233e-07 -2.19906e-07 0)
(2.40363e-07 -4.97228e-07 0)
(4.16808e-07 -1.0299e-06 0)
(6.16324e-07 -1.92035e-06 0)
(7.42224e-07 -3.16217e-06 0)
(6.56138e-07 -4.52161e-06 0)
(2.70809e-07 -5.4922e-06 0)
(8.39987e-16 6.72024e-16 0)
(5.37588e-15 8.06389e-15 0)
(4.36793e-15 5.3759e-15 0)
(-6.71988e-16 -1.34392e-15 0)
(-1.17599e-15 2.68791e-15 0)
(-3.86395e-15 6.99473e-21 0)
(-9.7439e-15 2.01595e-15 0)
(-2.85596e-15 3.3601e-16 0)
(1.51195e-15 6.71959e-16 0)
(-1.00796e-15 -5.03993e-15 0)
(1.84799e-14 -1.3776e-14 0)
(8.70234e-14 -7.89594e-14 0)
(3.3163e-13 -3.05422e-13 0)
(1.21346e-12 -1.14004e-12 0)
(4.23693e-12 -4.17141e-12 0)
(1.42964e-11 -1.47436e-11 0)
(4.64026e-11 -5.02952e-11 0)
(1.44529e-10 -1.6541e-10 0)
(4.30313e-10 -5.22753e-10 0)
(1.21909e-09 -1.5821e-09 0)
(3.26784e-09 -4.56654e-09 0)
(8.22959e-09 -1.25088e-08 0)
(1.92938e-08 -3.23218e-08 0)
(4.15962e-08 -7.8189e-08 0)
(8.10632e-08 -1.75376e-07 0)
(1.39199e-07 -3.6012e-07 0)
(2.0382e-07 -6.65414e-07 0)
(2.43113e-07 -1.08639e-06 0)
(2.12854e-07 -1.54196e-06 0)
(8.72638e-08 -1.86293e-06 0)
(-5.03983e-16 8.39987e-15 0)
(-4.0319e-15 5.38046e-21 0)
(-1.34398e-15 -9.0718e-15 0)
(-6.71991e-16 8.06385e-15 0)
(-6.72023e-16 -1.07518e-14 0)
(-3.35997e-16 5.7119e-15 0)
(-5.87995e-15 -8.39984e-15 0)
(4.53591e-15 1.34396e-15 0)
(-6.71992e-16 -3.35992e-15 0)
(-3.69595e-15 1.00795e-15 0)
(5.20793e-15 -1.10879e-14 0)
(2.88958e-14 -2.25119e-14 0)
(1.13735e-13 -1.07855e-13 0)
(4.28733e-13 -4.09917e-13 0)
(1.48276e-12 -1.51468e-12 0)
(4.98016e-12 -5.339e-12 0)
(1.60982e-11 -1.81469e-11 0)
(4.98805e-11 -5.93812e-11 0)
(1.47716e-10 -1.86687e-10 0)
(4.1612e-10 -5.61881e-10 0)
(1.10865e-09 -1.61233e-09 0)
(2.77377e-09 -4.38921e-09 0)
(6.45688e-09 -1.12665e-08 0)
(1.38128e-08 -2.70619e-08 0)
(2.66895e-08 -6.0238e-08 0)
(4.54101e-08 -1.22689e-07 0)
(6.58868e-08 -2.2479e-07 0)
(7.78947e-08 -3.64123e-07 0)
(6.76057e-08 -5.13323e-07 0)
(2.75501e-08 -6.17212e-07 0)
(3.69591e-15 3.36008e-16 0)
(4.70394e-15 -3.35985e-15 0)
(-2.18399e-15 1.07518e-14 0)
(-1.05864e-20 5.27752e-20 0)
(-4.03195e-15 6.38386e-15 0)
(1.84796e-15 6.7202e-16 0)
(-7.55993e-15 5.03991e-15 0)
(-2.01598e-15 5.37593e-15 0)
(-6.72013e-16 4.36794e-15 0)
(-4.87196e-15 -1.67997e-15 0)
(-1.84796e-15 -1.68e-15 0)
(8.73593e-15 -8.73594e-15 0)
(3.67918e-14 -3.79678e-14 0)
(1.47503e-13 -1.48175e-13 0)
(5.02821e-13 -5.3558e-13 0)
(1.69259e-12 -1.88495e-12 0)
(5.44804e-12 -6.3685e-12 0)
(1.67912e-11 -2.07469e-11 0)
(4.9472e-11 -6.4899e-11 0)
(1.38606e-10 -1.94298e-10 0)
(3.67113e-10 -5.54434e-10 0)
(9.12738e-10 -1.50037e-09 0)
(2.11027e-09 -3.82694e-09 0)
(4.48092e-09 -9.13021e-09 0)
(8.58799e-09 -2.01766e-08 0)
(1.44856e-08 -4.07786e-08 0)
(2.08388e-08 -7.41253e-08 0)
(2.44347e-08 -1.19196e-07 0)
(2.10386e-08 -1.66994e-07 0)
(8.52711e-09 -1.99929e-07 0)
(-1.34397e-14 1.00803e-15 0)
(3.02393e-15 1.81436e-14 0)
(-2.85595e-15 -3.35933e-16 0)
(-1.69729e-20 1.67997e-15 0)
(-4.53597e-15 2.68799e-15 0)
(3.35991e-16 2.87353e-20 0)
(-9.07191e-15 1.67998e-15 0)
(-1.27949e-20 -2.68792e-15 0)
(-3.69595e-15 -2.01598e-15 0)
(-5.04002e-16 3.02397e-15 0)
(-3.02398e-15 5.37593e-15 0)
(2.68796e-15 -2.68795e-15 0)
(1.19279e-14 -1.10879e-14 0)
(5.05676e-14 -4.77117e-14 0)
(1.64303e-13 -1.82783e-13 0)
(5.62292e-13 -6.46796e-13 0)
(1.79759e-12 -2.17827e-12 0)
(5.52095e-12 -7.06502e-12 0)
(1.61862e-11 -2.19984e-11 0)
(4.51005e-11 -6.55102e-11 0)
(1.18789e-10 -1.85933e-10 0)
(2.93552e-10 -5.00293e-10 0)
(6.74262e-10 -1.26837e-09 0)
(1.42153e-09 -3.00651e-09 0)
(2.7034e-09 -6.59824e-09 0)
(4.52264e-09 -1.32384e-08 0)
(6.45429e-09 -2.3886e-08 0)
(7.51016e-09 -3.8149e-08 0)
(6.41921e-09 -5.31398e-08 0)
(2.589e-09 -6.33728e-08 0)
(1.67955e-16 4.03194e-15 0)
(1.176e-15 -1.44476e-14 0)
(-4.19997e-15 4.03192e-15 0)
(-8.40007e-16 -3.35975e-16 0)
(-6.38392e-15 -1.00796e-15 0)
(-5.03992e-16 2.68795e-15 0)
(-9.5759e-15 5.03994e-15 0)
(1.67993e-15 3.36004e-16 0)
(2.01597e-15 3.35993e-16 0)
(-6.72007e-16 1.34399e-15 0)
(-5.37591e-15 5.03993e-15 0)
(-2.85596e-15 2.35199e-15 0)
(5.37595e-15 3.0239e-15 0)
(1.47839e-14 -2.01598e-14 0)
(5.22476e-14 -5.98076e-14 0)
(1.79927e-13 -2.12351e-13 0)
(5.83964e-13 -7.24411e-13 0)
(1.7739e-12 -2.34896e-12 0)
(5.17369e-12 -7.26965e-12 0)
(1.43528e-11 -2.15633e-11 0)
(3.75978e-11 -6.08808e-11 0)
(9.2367e-11 -1.62928e-10 0)
(2.10823e-10 -4.10653e-10 0)
(4.41432e-10 -9.67386e-10 0)
(8.33284e-10 -2.10909e-09 0)
(1.38325e-09 -4.20224e-09 0)
(1.9592e-09 -7.52919e-09 0)
(2.26339e-09 -1.19487e-08 0)
(1.92161e-09 -1.65553e-08 0)
(7.71557e-10 -1.96734e-08 0)
(-1.17597e-15 3.02398e-15 0)
(1.67998e-15 1.94876e-14 0)
(-4.53595e-15 6.72015e-16 0)
(-2.01598e-15 3.36003e-16 0)
(-4.53595e-15 5.37592e-15 0)
(3.3599e-15 -1.00795e-15 0)
(-8.23193e-15 2.68796e-15 0)
(-5.7119e-15 3.02394e-15 0)
(1.67988e-16 -2.01593e-15 0)
(3.52794e-15 6.72005e-16 0)
(-2.01597e-15 1.34401e-15 0)
(-2.51998e-15 -3.35942e-16 0)
(-1.68e-16 -1.00792e-15 0)
(1.68e-15 -1.00807e-15 0)
(1.64639e-14 -2.38557e-14 0)
(5.45996e-14 -7.15675e-14 0)
(1.81271e-13 -2.33518e-13 0)
(5.58428e-13 -7.60027e-13 0)
(1.62186e-12 -2.35064e-12 0)
(4.4728e-12 -6.93533e-12 0)
(1.165e-11 -1.94862e-11 0)
(2.84612e-11 -5.18767e-11 0)
(6.45657e-11 -1.3002e-10 0)
(1.34298e-10 -3.04467e-10 0)
(2.51718e-10 -6.59611e-10 0)
(4.14774e-10 -1.30554e-09 0)
(5.83296e-10 -2.32372e-09 0)
(6.6933e-10 -3.66571e-09 0)
(5.64724e-10 -5.05371e-09 0)
(2.25819e-10 -5.98605e-09 0)
(5.03968e-16 -3.35997e-15 0)
(3.86396e-15 -7.72782e-15 0)
(-4.53594e-15 -2.68796e-15 0)
(-1.34399e-15 1.67998e-15 0)
(-2.18401e-15 1.344e-15 0)
(1.34398e-15 1.67998e-15 0)
(-1.05839e-14 1.00801e-15 0)
(-2.85597e-15 1.00802e-15 0)
(5.04003e-16 4.03193e-15 0)
(-5.03998e-16 4.36792e-15 0)
(2.01596e-15 -2.68793e-15 0)
(-2.18398e-15 9.40781e-15 0)
(-3.19196e-15 5.03989e-15 0)
(-1.51199e-15 -4.36791e-15 0)
(5.20794e-15 -2.35208e-15 0)
(1.3272e-14 -2.08319e-14 0)
(6.11515e-14 -7.19035e-14 0)
(1.70519e-13 -2.37886e-13 0)
(4.94925e-13 -7.38859e-13 0)
(1.37037e-12 -2.1813e-12 0)
(3.53621e-12 -6.10038e-12 0)
(8.5918e-12 -1.61642e-11 0)
(1.93812e-11 -4.02965e-11 0)
(4.0061e-11 -9.38254e-11 0)
(7.45776e-11 -2.02028e-10 0)
(1.22023e-10 -3.97329e-10 0)
(1.70448e-10 -7.02794e-10 0)
(1.94348e-10 -1.10242e-09 0)
(1.63028e-10 -1.51278e-09 0)
(6.4941e-11 -1.78651e-09 0)
(-3.5279e-15 -1.34401e-15 0)
(2.85597e-15 -3.21095e-20 0)
(-5.04008e-16 -6.72011e-16 0)
(8.3997e-16 -3.36005e-16 0)
(-6.71988e-15 1.00799e-15 0)
(1.51195e-15 1.67998e-15 0)
(-9.5759e-15 -1.00794e-15 0)
(-1.68001e-15 1.344e-15 0)
(3.69594e-15 1.00803e-15 0)
(-4.19994e-15 2.02154e-20 0)
(-1.51197e-15 1.344e-15 0)
(-8.39999e-16 -2.35192e-15 0)
(1.34395e-15 6.72015e-16 0)
(-5.20791e-15 3.36006e-16 0)
(-1.34398e-15 4.62198e-20 0)
(4.03197e-15 -3.02398e-15 0)
(2.21758e-14 -2.04958e-14 0)
(4.98957e-14 -6.85435e-14 0)
(1.47503e-13 -2.25454e-13 0)
(4.11261e-13 -6.70987e-13 0)
(1.0505e-12 -1.86748e-12 0)
(2.54535e-12 -4.9311e-12 0)
(5.70709e-12 -1.22323e-11 0)
(1.17238e-11 -2.83229e-11 0)
(2.16866e-11 -6.06476e-11 0)
(3.525e-11 -1.18558e-10 0)
(4.89161e-11 -2.08453e-10 0)
(5.5442e-11 -3.2525e-10 0)
(4.62563e-11 -4.44367e-10 0)
(1.83587e-11 -5.23319e-10 0)
(1.84791e-15 -7.7279e-15 0)
(4.70397e-15 2.01594e-15 0)
(-1.67997e-15 -3.02395e-15 0)
(1.00798e-15 -2.68794e-15 0)
(-6.72037e-16 -3.02396e-15 0)
(-2.01596e-15 4.70394e-15 0)
(-5.37595e-15 8.39987e-15 0)
(-5.71192e-15 8.06387e-15 0)
(8.3996e-16 9.74387e-15 0)
(8.39949e-16 2.35199e-15 0)
(-3.52794e-15 6.71989e-15 0)
(-3.36028e-16 2.01596e-15 0)
(-3.19193e-15 3.36021e-16 0)
(-1.176e-15 6.71977e-16 0)
(6.71973e-16 6.04789e-15 0)
(9.55092e-21 6.26466e-21 0)
(8.90392e-15 -3.024e-15 0)
(1.39439e-14 -1.94879e-14 0)
(4.72076e-14 -6.51836e-14 0)
(1.16927e-13 -1.96223e-13 0)
(3.07774e-13 -5.59772e-13 0)
(7.36171e-13 -1.47301e-12 0)
(1.64689e-12 -3.63953e-12 0)
(3.36922e-12 -8.38953e-12 0)
(6.18673e-12 -1.786e-11 0)
(1.00072e-11 -3.47055e-11 0)
(1.37977e-11 -6.06869e-11 0)
(1.55456e-11 -9.42074e-11 0)
(1.291e-11 -1.28175e-10 0)
(5.10767e-12 -1.50563e-10 0)
(-1.57917e-14 -3.02398e-15 0)
(7.72788e-15 -6.71991e-15 0)
(-1.17597e-15 -4.30827e-20 0)
(-8.39979e-16 2.35192e-15 0)
(-6.72007e-16 -3.35971e-16 0)
(8.39984e-16 -3.35983e-16 0)
(-2.016e-15 6.72021e-16 0)
(-1.68029e-16 -3.35949e-16 0)
(-8.06387e-15 -3.35962e-16 0)
(-1.344e-15 -1.00795e-15 0)
(-2.51997e-15 6.04793e-15 0)
(-1.67998e-15 2.35199e-15 0)
(-1.68035e-16 2.68794e-15 0)
(-1.68003e-16 -2.01594e-15 0)
(-5.03999e-16 3.35995e-15 0)
(-1.67996e-15 3.49553e-20 0)
(2.51999e-15 1.34398e-15 0)
(3.69597e-15 3.3596e-16 0)
(1.0584e-14 -1.41119e-14 0)
(3.88077e-14 -5.67836e-14 0)
(8.76954e-14 -1.59599e-13 0)
(2.09327e-13 -4.26045e-13 0)
(4.65693e-13 -1.06074e-12 0)
(9.51378e-13 -2.43296e-12 0)
(1.73392e-12 -5.15689e-12 0)
(2.79349e-12 -9.97712e-12 0)
(3.82752e-12 -1.73476e-11 0)
(4.28851e-12 -2.68012e-11 0)
(3.54142e-12 -3.63257e-11 0)
(1.39725e-12 -4.25652e-11 0)
(2.18391e-15 -2.35198e-15 0)
(3.35998e-15 3.02392e-15 0)
(1.67996e-16 -5.37592e-15 0)
(-2.35196e-15 -4.70394e-15 0)
(1.008e-15 3.35957e-16 0)
(1.51198e-15 3.36001e-16 0)
(-2.51996e-15 -1.34397e-15 0)
(-1.34401e-15 2.35195e-15 0)
(6.71948e-16 3.35988e-16 0)
(-5.87991e-15 6.71996e-16 0)
(1.6795e-16 3.36012e-16 0)
(-3.86395e-15 6.72004e-16 0)
(-4.36795e-15 -6.71955e-16 0)
(1.67998e-15 4.70392e-15 0)
(-1.17597e-15 6.72047e-16 0)
(1.00797e-15 2.68795e-15 0)
(3.52797e-15 1.68001e-15 0)
(3.35996e-15 -2.35194e-15 0)
(3.02398e-15 -3.69598e-15 0)
(1.17599e-14 -1.57919e-14 0)
(2.25119e-14 -4.30077e-14 0)
(5.72876e-14 -1.25663e-13 0)
(1.24991e-13 -3.04078e-13 0)
(2.61742e-13 -6.90475e-13 0)
(4.76277e-13 -1.46596e-12 0)
(7.68931e-13 -2.81566e-12 0)
(1.04277e-12 -4.86928e-12 0)
(1.16054e-12 -7.49006e-12 0)
(9.63809e-13 -1.01192e-11 0)
(3.76653e-13 -1.18301e-11 0)
(1.72485e-20 -1.67997e-15 0)
(3.19195e-15 -6.04793e-15 0)
(-1.67994e-16 -2.68797e-15 0)
(8.40002e-16 -2.35198e-15 0)
(3.69594e-15 -3.35992e-15 0)
(3.02396e-15 1.67997e-15 0)
(-1.17602e-15 2.68796e-15 0)
(-8.06388e-15 4.36796e-15 0)
(-1.51198e-15 1.67999e-15 0)
(-2.688e-15 -1.008e-15 0)
(6.71981e-16 -3.02396e-15 0)
(-3.02396e-15 1.34396e-15 0)
(-3.02398e-15 -1.00799e-15 0)
(1.84798e-15 -3.35982e-16 0)
(-1.34399e-15 -6.71995e-16 0)
(-1.67975e-16 2.68795e-15 0)
(2.18398e-15 -3.35992e-15 0)
(4.70396e-15 1.00794e-15 0)
(-1.68005e-16 -1.67996e-15 0)
(5.0403e-16 -1.68002e-15 0)
(6.55193e-15 -1.31039e-14 0)
(1.52879e-14 -2.95679e-14 0)
(3.15838e-14 -7.99675e-14 0)
(7.10635e-14 -1.94879e-13 0)
(1.27511e-13 -4.03533e-13 0)
(2.07983e-13 -7.79851e-13 0)
(2.84926e-13 -1.33727e-12 0)
(3.08278e-13 -2.06403e-12 0)
(2.54854e-13 -2.77467e-12 0)
(9.97913e-14 -3.23499e-12 0)
(1.00796e-15 -1.00801e-15 0)
(-4.70391e-15 -3.02397e-15 0)
(2.85596e-15 -1.68001e-15 0)
(3.02397e-15 -2.68795e-15 0)
(2.016e-15 3.35963e-16 0)
(2.35197e-15 -2.01597e-15 0)
(-1.34399e-15 6.71994e-16 0)
(-6.38395e-15 -1.34399e-15 0)
(-2.82312e-20 -3.69596e-15 0)
(-6.04792e-15 -1.344e-15 0)
(2.18395e-15 1.344e-15 0)
(-2.18398e-15 -6.71997e-16 0)
(-4.87194e-15 7.52683e-21 0)
(1.512e-15 1.67996e-15 0)
(1.34397e-15 1.008e-15 0)
(1.51196e-15 1.68003e-15 0)
(-1.34394e-15 6.38387e-15 0)
(4.87193e-15 -1.00794e-15 0)
(-8.3999e-16 -2.01598e-15 0)
(3.35994e-15 -1.00798e-15 0)
(5.04016e-16 -2.68799e-15 0)
(3.19196e-15 -1.04159e-14 0)
(7.05597e-15 -2.55358e-14 0)
(1.79759e-14 -5.17437e-14 0)
(3.19198e-14 -1.08863e-13 0)
(5.99755e-14 -2.08319e-13 0)
(6.97196e-14 -3.66573e-13 0)
(8.04715e-14 -5.507e-13 0)
(6.87115e-14 -7.46251e-13 0)
(2.67118e-14 -8.69562e-13 0)
(-1.51197e-15 3.02396e-15 0)
(-2.01599e-15 -3.35997e-16 0)
(1.84796e-15 -1.34397e-15 0)
(2.68797e-15 2.01593e-15 0)
(2.68798e-15 1.67997e-15 0)
(4.19995e-15 7.34008e-21 0)
(-3.02396e-15 -1.00799e-15 0)
(-7.05591e-15 -2.01596e-15 0)
(-2.63096e-20 -3.35995e-15 0)
(-6.04794e-15 -1.67996e-15 0)
(8.39976e-16 -1.34401e-15 0)
(-1.00799e-15 -4.03192e-15 0)
(-1.00799e-15 -1.35994e-20 0)
(2.18396e-15 -6.71976e-16 0)
(-3.02392e-15 2.6137e-21 0)
(2.85597e-15 2.01596e-15 0)
(4.36792e-15 -1.34394e-15 0)
(1.00801e-15 1.63224e-20 0)
(-1.84798e-15 -1.67995e-15 0)
(5.04022e-16 6.71987e-16 0)
(-1.848e-15 6.71997e-16 0)
(1.51197e-15 -1.34397e-15 0)
(-6.38386e-15 -5.71198e-15 0)
(8.23189e-15 -1.10879e-14 0)
(6.88797e-15 -2.65438e-14 0)
(1.67999e-14 -5.51036e-14 0)
(1.84799e-14 -8.93755e-14 0)
(2.31838e-14 -1.44815e-13 0)
(1.5288e-14 -1.95551e-13 0)
(7.72791e-15 -2.2747e-13 0)
(3.3598e-16 1.67996e-15 0)
(-3.35994e-15 1.67998e-15 0)
(-2.85595e-15 3.35993e-16 0)
(-3.35971e-16 -3.6959e-15 0)
(4.53593e-15 -2.35196e-15 0)
(1.51199e-15 -4.36795e-15 0)
(3.19195e-15 3.35997e-16 0)
(-4.36795e-15 3.3597e-16 0)
(-1.34401e-15 3.69592e-15 0)
(-4.19998e-15 3.02396e-15 0)
(-2.51994e-15 -1.34395e-15 0)
(3.35976e-16 2.01595e-15 0)
(-6.72004e-16 6.71991e-16 0)
(1.51199e-15 2.68798e-15 0)
(-6.71992e-16 2.68796e-15 0)
(3.69595e-15 1.008e-15 0)
(2.43484e-20 2.68794e-15 0)
(1.84798e-15 5.03991e-15 0)
(-3.02396e-15 3.69592e-15 0)
(2.51995e-15 2.01599e-15 0)
(-5.20792e-15 6.71987e-16 0)
(1.51198e-15 6.04788e-15 0)
(1.51193e-15 -3.35964e-16 0)
(-1.67963e-16 1.34395e-15 0)
(4.87193e-15 2.01594e-15 0)
(2.01602e-15 -6.38399e-15 0)
(4.53598e-15 -2.41918e-14 0)
(4.53598e-15 -3.25918e-14 0)
(9.23988e-15 -4.83837e-14 0)
(2.184e-15 -5.61117e-14 0)
(1.67995e-16 -5.71191e-15 0)
(-4.70394e-15 -3.35997e-15 0)
(8.39973e-16 6.71988e-15 0)
(-3.3597e-16 4.36792e-15 0)
(5.37591e-15 4.03192e-15 0)
(-8.39947e-16 2.01599e-15 0)
(2.51993e-15 -1.00801e-15 0)
(-6.88792e-15 -3.69596e-15 0)
(-1.00799e-15 -3.02393e-15 0)
(-7.05592e-15 4.36793e-15 0)
(2.18392e-15 6.71975e-16 0)
(7.98708e-22 1.67997e-15 0)
(1.68015e-16 1.00799e-15 0)
(-6.71978e-16 -1.00802e-15 0)
(1.68011e-16 -3.69594e-15 0)
(3.02397e-15 -1.00798e-15 0)
(-1.67992e-16 6.72022e-16 0)
(1.34397e-15 -3.35975e-16 0)
(-2.68796e-15 1.00801e-15 0)
(2.35198e-15 6.71965e-16 0)
(-1.344e-15 1.67998e-15 0)
(1.67998e-15 -6.71988e-15 0)
(-1.00797e-15 1.67998e-15 0)
(-1.67987e-16 1.68002e-15 0)
(1.67996e-15 3.71231e-20 0)
(2.01602e-15 -1.34398e-15 0)
(1.00794e-15 -6.04794e-15 0)
(-1.17595e-15 -1.00799e-14 0)
(4.87193e-15 -1.47838e-14 0)
(-5.03975e-16 -9.74396e-15 0)
(8.39984e-16 -1.344e-15 0)
(2.01596e-15 3.36013e-16 0)
(2.85597e-15 -3.69595e-15 0)
(2.01596e-15 -6.71988e-16 0)
(3.36035e-16 -3.35953e-16 0)
(2.01595e-15 3.35958e-16 0)
(-3.02394e-15 -3.35996e-15 0)
(-6.71992e-15 -4.36794e-15 0)
(1.67994e-15 1.34397e-15 0)
(-5.03996e-15 -1.67997e-15 0)
(-3.35992e-15 -1.34397e-15 0)
(8.39973e-16 -4.03193e-15 0)
(-1.008e-15 -2.68796e-15 0)
(6.71993e-16 -4.7039e-15 0)
(4.53594e-15 -3.36035e-16 0)
(1.512e-15 -3.69596e-15 0)
(2.51998e-15 1.00794e-15 0)
(-3.35992e-15 -6.7201e-16 0)
(1.00796e-15 -2.68795e-15 0)
(-1.344e-15 -1.00798e-15 0)
(8.40019e-16 -4.03195e-15 0)
(2.68797e-15 2.01596e-15 0)
(-1.78433e-21 4.70394e-15 0)
(3.02396e-15 7.05589e-15 0)
(-2.18395e-15 5.03992e-15 0)
(1.34397e-15 1.00801e-15 0)
(-2.51994e-15 3.35995e-15 0)
(-3.36015e-16 5.05003e-21 0)
(-3.35998e-16 -1.34401e-15 0)
(2.35196e-15 -3.35995e-15 0)
(-1.17597e-15 -6.72007e-16 0)
(6.71988e-16 -3.36025e-16 0)
(2.85597e-15 -4.36794e-15 0)
(1.00801e-15 -1.68001e-15 0)
(2.35198e-15 -3.36034e-16 0)
(1.17599e-15 -3.69592e-15 0)
(-2.68798e-15 -1.008e-15 0)
(-2.01599e-15 -1.67998e-15 0)
(-3.86395e-15 -8.74035e-21 0)
(-3.36011e-16 -1.34398e-15 0)
(-2.016e-15 -1.34397e-15 0)
(-1.67999e-15 3.35969e-16 0)
(-2.01595e-15 3.35979e-16 0)
(1.67964e-16 3.35979e-16 0)
(2.016e-15 -2.01599e-15 0)
(1.6802e-16 -6.71998e-16 0)
(2.35195e-15 -3.35976e-16 0)
(1.84796e-15 -6.7202e-16 0)
(-1.34396e-15 3.35972e-16 0)
(-3.35983e-16 1.67996e-15 0)
(4.87193e-15 -1.34398e-15 0)
(2.59055e-20 3.02396e-15 0)
(4.36795e-15 1.008e-15 0)
(2.51996e-15 5.20737e-20 0)
(-6.71978e-16 1.00801e-15 0)
(1.68001e-16 2.35196e-15 0)
(-1.89416e-20 1.34401e-15 0)
(-4.70393e-15 2.35196e-15 0)
(2.35196e-15 3.02396e-15 0)
(8.4e-16 3.35997e-16 0)
(-3.36e-16 -4.03195e-15 0)
(-1.34398e-15 -6.72024e-16 0)
(4.03196e-15 -6.04794e-15 0)
(2.01599e-15 -5.3759e-15 0)
(4.87195e-15 -4.36794e-15 0)
(1.34398e-15 -1.40726e-20 0)
(-1.34398e-15 2.35197e-15 0)
(-3.86396e-15 4.03196e-15 0)
(-1.34399e-15 -6.71979e-16 0)
(-1.68022e-16 3.36017e-16 0)
(-2.51998e-15 2.01595e-15 0)
(-4.87192e-15 -6.71968e-16 0)
(1.34392e-15 6.71985e-16 0)
(-2.85593e-15 -5.28469e-20 0)
(8.40002e-16 -3.02393e-15 0)
(1.00798e-15 -3.02397e-15 0)
(1.84797e-15 -6.71996e-16 0)
(5.04e-16 -6.0479e-15 0)
(-2.51996e-15 -3.02397e-15 0)
(2.35198e-15 -3.35997e-15 0)
(6.88793e-15 -1.08291e-20 0)
(2.0052e-20 3.36003e-16 0)
(5.54394e-15 -1.34395e-15 0)
(2.688e-15 6.04789e-15 0)
(-1.84797e-15 1.63046e-20 0)
(-5.04002e-16 -1.67995e-15 0)
(-2.01598e-15 3.35993e-15 0)
(6.7197e-16 -1.00797e-15 0)
(-6.71979e-16 1.34401e-15 0)
(1.17598e-15 6.71997e-16 0)
(-1.68004e-16 -3.35997e-16 0)
(-5.54394e-15 -1.34398e-14 0)
(3.69595e-15 -3.36002e-16 0)
(3.02397e-15 1.0079e-15 0)
(5.37595e-15 -3.35995e-15 0)
(1.34401e-15 -1.00803e-15 0)
(8.39975e-16 -6.71999e-16 0)
(-1.17597e-15 4.36793e-15 0)
(6.71967e-16 3.69596e-15 0)
(-3.19197e-15 2.01598e-15 0)
(-5.03993e-15 4.70392e-15 0)
(-1.84803e-15 -3.35988e-16 0)
(-5.20789e-15 -1.67996e-15 0)
(8.39953e-16 -4.03194e-15 0)
(1.67999e-15 -2.68797e-15 0)
(2.51996e-15 2.68795e-15 0)
(-1.17598e-15 6.71935e-16 0)
(4.18837e-21 -3.02397e-15 0)
(-5.03999e-16 -1.67999e-15 0)
(4.03196e-15 -3.69593e-15 0)
(4.53598e-15 1.00798e-15 0)
(-1.34397e-15 1.67997e-15 0)
(4.70394e-15 -9.28432e-21 0)
(6.55194e-15 -6.3839e-15 0)
(-2.352e-15 2.01595e-15 0)
(-3.35985e-16 2.68793e-15 0)
(-2.68796e-15 -2.01596e-15 0)
(-1.34398e-15 6.71992e-16 0)
(8.39988e-16 2.35193e-15 0)
(8.39988e-16 3.35993e-16 0)
(-5.49018e-21 2.35193e-15 0)
(-5.54394e-15 -6.72066e-16 0)
(2.68795e-15 -3.36021e-16 0)
(1.67999e-15 -3.69592e-15 0)
(5.03995e-15 -3.36043e-16 0)
(6.72003e-16 -4.36793e-15 0)
(2.85598e-15 -4.70392e-15 0)
(1.84798e-15 2.01597e-15 0)
(-1.68015e-16 1.67999e-15 0)
(-4.53593e-15 6.71989e-16 0)
(-2.18403e-15 -1.00795e-15 0)
(-4.70389e-15 1.00798e-15 0)
(6.71948e-16 3.02394e-15 0)
(-1.67998e-15 -1.67994e-15 0)
(-5.03999e-16 2.35195e-15 0)
(2.01597e-15 1.67997e-15 0)
(-3.86396e-15 -1.34393e-15 0)
(-1.00798e-15 -3.35997e-15 0)
(6.71997e-16 -3.69594e-15 0)
(6.71993e-15 1.00798e-15 0)
(5.87993e-15 -1.34398e-15 0)
(1.848e-15 1.68001e-15 0)
(8.40018e-16 -3.36024e-16 0)
(6.21592e-15 -3.36014e-16 0)
(-5.03992e-15 -6.71989e-15 0)
(2.51995e-15 -4.03194e-15 0)
(-2.18398e-15 3.35989e-16 0)
(-1.00799e-15 -1.05885e-20 0)
(6.71986e-16 -1.00795e-15 0)
(5.03991e-16 -1.67997e-15 0)
(6.71979e-16 -1.34398e-15 0)
(-2.68798e-15 -3.35988e-16 0)
(-1.67994e-15 -2.35198e-15 0)
(-3.35972e-16 -3.02396e-15 0)
(7.89588e-15 -6.71996e-16 0)
(5.16995e-20 -3.36018e-16 0)
(6.55188e-15 -1.008e-15 0)
(-1.17595e-15 -1.67999e-15 0)
(-1.84798e-15 -1.34398e-15 0)
(-2.016e-15 -1.34396e-15 0)
(-5.03992e-15 6.71987e-16 0)
(6.71937e-16 6.71999e-16 0)
(-6.71973e-16 3.36017e-16 0)
(-3.02397e-15 5.03995e-15 0)
(8.39985e-16 1.344e-15 0)
(-6.71968e-16 1.68001e-15 0)
(-4.19995e-15 -1.19139e-20 0)
(6.71982e-16 6.72036e-16 0)
(-2.01596e-15 3.69591e-15 0)
(5.54391e-15 -1.00801e-15 0)
(3.36059e-16 -4.03192e-15 0)
(8.06388e-15 1.34394e-15 0)
(8.39979e-16 -3.69597e-15 0)
(4.03198e-15 -2.01597e-15 0)
(-6.72008e-16 6.04788e-15 0)
(1.68003e-16 -3.02397e-15 0)
(-3.35993e-15 -2.35196e-15 0)
(2.01596e-15 -3.35987e-16 0)
(1.68006e-16 3.35983e-16 0)
(-5.03991e-16 -2.01595e-15 0)
(-3.7212e-21 -3.69593e-15 0)
(-3.52795e-15 -1.34399e-15 0)
(2.18395e-15 1.34393e-15 0)
(2.18399e-15 -3.36004e-16 0)
(1.68001e-15 -3.69594e-15 0)
(4.53596e-15 -2.68798e-15 0)
(3.36025e-16 -2.68796e-15 0)
(2.68795e-15 -3.69596e-15 0)
(-1.67998e-15 -2.016e-15 0)
(-8.40004e-16 -6.72013e-16 0)
(1.17596e-15 3.35984e-16 0)
(-1.67997e-15 2.76145e-20 0)
(-2.51996e-15 -1.29005e-20 0)
(-6.72024e-16 4.70391e-15 0)
(1.00803e-15 6.38392e-15 0)
(3.1919e-15 2.35198e-15 0)
(-4.53593e-15 5.03992e-15 0)
(2.01597e-15 6.71986e-15 0)
(-3.02397e-15 -6.71947e-16 0)
(1.68042e-16 1.00799e-15 0)
(5.87991e-15 2.35191e-15 0)
(2.51999e-15 -1.67998e-15 0)
(-4.19991e-15 -2.01597e-15 0)
(7.05591e-15 -5.37593e-15 0)
(-4.70393e-15 -3.02397e-15 0)
(3.19198e-15 -3.02395e-15 0)
(3.35993e-15 -3.89865e-20 0)
(-6.71979e-16 -6.72007e-16 0)
(-1.67997e-15 -3.25072e-20 0)
(-6.3552e-21 -3.36026e-16 0)
(1.52771e-21 3.35972e-16 0)
(-6.72028e-16 -2.688e-15 0)
(1.00802e-15 -4.36789e-15 0)
(2.51997e-15 6.71968e-16 0)
(2.01602e-15 6.71965e-16 0)
(9.74385e-15 -1.67996e-15 0)
(-1.51195e-15 -1.00804e-15 0)
(-5.04007e-16 6.71975e-16 0)
(-1.84797e-15 -3.35966e-16 0)
(-4.87195e-15 -1.34401e-15 0)
(-1.67999e-15 -3.35973e-16 0)
(2.18397e-15 -3.15749e-20 0)
(-2.01598e-15 1.344e-15 0)
(-3.35994e-15 6.72031e-16 0)
(-1.6803e-16 -3.35977e-16 0)
(2.01601e-15 1.00799e-15 0)
(3.3597e-16 -4.70387e-15 0)
(-6.71986e-16 6.72014e-16 0)
(-1.34397e-15 1.00797e-15 0)
(2.68794e-15 -5.03992e-15 0)
(1.00803e-15 -5.0399e-15 0)
(3.69594e-15 -5.03995e-15 0)
(-3.35968e-16 -1.00799e-15 0)
(1.84797e-15 -6.72022e-16 0)
(-3.36014e-16 -4.03195e-15 0)
(1.84799e-15 2.01594e-15 0)
(-3.35985e-16 -4.70393e-15 0)
(2.68796e-15 -5.37595e-15 0)
(-3.36004e-16 -6.38392e-15 0)
(1.81233e-24 -7.39187e-15 0)
(-5.4658e-21 -1.34402e-15 0)
(-3.19195e-15 6.72028e-16 0)
(1.84797e-15 6.71928e-16 0)
(4.19995e-15 -1.68001e-15 0)
(5.87995e-15 -2.35195e-15 0)
(2.35199e-15 3.3595e-16 0)
(1.67986e-16 6.04794e-15 0)
(-4.19994e-15 -1.67998e-15 0)
(4.36795e-15 6.71926e-16 0)
(-4.03196e-15 -2.68793e-15 0)
(-2.68796e-15 3.35984e-16 0)
(6.71996e-16 5.03996e-15 0)
(-1.34398e-15 6.71995e-16 0)
(6.71955e-16 3.35972e-16 0)
(-3.02393e-15 6.72008e-16 0)
(3.86393e-15 -2.35194e-15 0)
(-1.17598e-15 2.68791e-15 0)
(-5.03997e-16 -1.34397e-15 0)
(-1.84799e-15 -1.37242e-20 0)
(-1.67996e-15 3.69589e-15 0)
(5.03992e-15 1.00795e-15 0)
(1.008e-15 -5.7119e-15 0)
(1.51197e-15 6.04786e-15 0)
(2.85597e-15 2.35196e-15 0)
(-2.18396e-15 -9.07188e-15 0)
(-3.35995e-16 -6.04795e-15 0)
(-5.03992e-16 -6.38393e-15 0)
(1.12963e-21 -3.35997e-15 0)
(-1.67995e-15 -3.35996e-15 0)
(3.3599e-16 1.00792e-15 0)
(1.6799e-16 -3.35967e-16 0)
(-3.02394e-15 -4.36794e-15 0)
(1.67996e-15 -2.01595e-15 0)
(-2.01593e-15 -1.34396e-15 0)
(5.87991e-15 -1.68002e-15 0)
(1.512e-15 -6.04789e-15 0)
(1.84799e-15 -8.73592e-15 0)
(-1.34397e-15 -8.39991e-15 0)
(5.37591e-15 -9.07183e-15 0)
(-7.3919e-15 1.00793e-15 0)
(1.51196e-15 -1.67998e-15 0)
(-1.51197e-15 1.34394e-15 0)
(1.84797e-15 3.36017e-16 0)
(-2.85595e-15 5.03995e-15 0)
(-4.83934e-21 3.35988e-16 0)
(1.17599e-15 3.02393e-15 0)
(8.39968e-16 1.07859e-20 0)
(-1.68005e-16 -3.02397e-15 0)
(-2.85599e-15 -3.35994e-15 0)
(-1.67997e-15 -2.01594e-15 0)
(2.18399e-15 -1.00798e-15 0)
(1.6803e-16 -6.72036e-16 0)
(-2.51996e-15 -8.06383e-15 0)
(5.54393e-15 -3.02397e-15 0)
(-3.52796e-15 -3.36036e-16 0)
(1.512e-15 -3.69594e-15 0)
(-2.01598e-15 -4.72911e-20 0)
(2.68796e-15 -6.53063e-21 0)
(1.17597e-15 -1.34398e-15 0)
(-3.36005e-16 1.67996e-15 0)
(1.68002e-16 -3.3606e-16 0)
(3.35959e-16 3.35935e-16 0)
(-5.0399e-16 -4.36797e-15 0)
(3.35986e-16 -3.36001e-15 0)
(-1.34393e-15 -3.02397e-15 0)
(2.18398e-15 -2.352e-15 0)
(4.03192e-15 -4.70393e-15 0)
(-3.35982e-16 -1.68003e-15 0)
(1.6802e-16 2.68789e-15 0)
(1.00797e-15 8.10724e-21 0)
(4.36794e-15 -2.33472e-20 0)
(2.85596e-15 -3.35992e-15 0)
(-5.71191e-15 -6.71979e-16 0)
(-1.28867e-20 1.00798e-15 0)
(6.71982e-16 1.008e-15 0)
(1.51198e-15 2.35196e-15 0)
(-8.06389e-15 1.67995e-15 0)
(-6.72011e-16 -3.35996e-16 0)
(-3.36001e-16 -1.67998e-15 0)
(-3.35951e-16 6.71968e-16 0)
(1.84795e-15 1.00797e-15 0)
(1.00799e-15 -2.35197e-15 0)
(6.2159e-15 -6.72051e-16 0)
(-1.34396e-15 -1.00802e-15 0)
(-1.67997e-15 -6.72004e-16 0)
(1.84796e-15 -1.49757e-20 0)
(3.19197e-15 2.60513e-20 0)
(-4.03194e-15 2.01596e-15 0)
(2.85596e-15 1.67996e-15 0)
(-1.17596e-15 -6.71982e-16 0)
(3.35984e-16 -8.73583e-15 0)
(6.72028e-16 -1.00795e-15 0)
(-2.18398e-15 -4.70394e-15 0)
(1.51198e-15 -2.68793e-15 0)
(-1.008e-15 -1.34401e-15 0)
(1.176e-15 -6.72003e-16 0)
(2.18399e-15 1.67992e-15 0)
(2.18397e-15 -5.3759e-15 0)
(3.35995e-15 -2.35195e-15 0)
(-8.39963e-16 -1.00798e-15 0)
(1.008e-15 -4.70392e-15 0)
(-5.03992e-16 -1.008e-15 0)
(-1.68002e-16 1.00795e-15 0)
(1.67974e-16 -1.67996e-15 0)
(-5.03977e-16 2.01596e-15 0)
(3.69592e-15 -1.00797e-15 0)
(-6.38389e-15 -6.38388e-15 0)
(-4.19994e-15 1.67997e-15 0)
(-5.04012e-16 -3.35974e-16 0)
(8.56783e-15 -6.71995e-16 0)
(-3.86389e-15 -3.36015e-16 0)
(-8.39989e-16 -2.35197e-15 0)
(3.35996e-15 -7.0559e-15 0)
(-2.51996e-15 -7.3919e-15 0)
(1.00795e-15 -3.02396e-15 0)
(-2.01593e-15 2.35196e-15 0)
(-3.36e-16 -3.36017e-16 0)
(-1.67986e-16 -3.69596e-15 0)
(3.35993e-15 -4.36798e-15 0)
(1.00799e-15 -7.0559e-15 0)
(-1.34397e-15 -1.34405e-15 0)
(6.71968e-16 3.35954e-16 0)
(-3.35989e-16 -2.68796e-15 0)
(1.344e-15 -1.00805e-15 0)
(2.68795e-15 -2.01597e-15 0)
(3.52795e-15 -4.03197e-15 0)
(-1.51195e-15 -7.05591e-15 0)
(1.84796e-15 -3.35998e-15 0)
(1.00801e-15 -1.34401e-15 0)
(3.36009e-16 -1.00801e-15 0)
(2.18397e-15 -3.3604e-16 0)
(-1.51198e-15 -2.01599e-15 0)
(1.67999e-15 -6.71972e-16 0)
(1.84797e-15 -2.68794e-15 0)
(-3.02397e-15 -2.01598e-15 0)
(3.36022e-16 -2.688e-15 0)
(5.03963e-16 -3.69594e-15 0)
(-1.17602e-15 1.00797e-15 0)
(-7.05587e-15 2.68793e-15 0)
(2.18396e-15 -1.67994e-15 0)
(5.03984e-16 -1.00799e-15 0)
(-1.51199e-15 -1.68001e-15 0)
(1.344e-15 -1.00802e-15 0)
(1.34398e-15 -2.016e-15 0)
(-3.69594e-15 -5.37593e-15 0)
(3.86393e-15 -3.36001e-16 0)
(1.68007e-16 2.25601e-20 0)
(1.51195e-15 -2.32753e-20 0)
(-2.85593e-15 -6.71989e-15 0)
(8.39981e-16 6.71945e-16 0)
(-5.03992e-16 -4.36792e-15 0)
(-1.51197e-15 6.71999e-16 0)
(2.51996e-15 2.68792e-15 0)
(2.01598e-15 -3.02394e-15 0)
(-1.67985e-16 -3.02398e-15 0)
(3.36016e-16 -5.37595e-15 0)
(4.53592e-15 -2.01598e-15 0)
(-1.34396e-15 3.02394e-15 0)
(5.04014e-16 -1.00796e-15 0)
(4.87194e-15 -2.68794e-15 0)
(3.35994e-15 -3.36e-16 0)
(-1.67996e-15 -3.02394e-15 0)
(-1.17598e-15 -1.3172e-20 0)
(-1.67997e-16 6.04786e-15 0)
(-1.67987e-16 -2.01595e-15 0)
(5.03966e-16 -4.70391e-15 0)
(-2.68798e-15 2.35191e-15 0)
(-2.68796e-15 3.35996e-16 0)
(1.51195e-15 -3.3599e-16 0)
(3.35996e-16 1.00797e-15 0)
(-2.01597e-15 -6.71998e-16 0)
(-3.86394e-15 -3.35995e-15 0)
(2.68793e-15 -4.03194e-15 0)
(-6.71957e-16 -2.01602e-15 0)
(-8.39988e-16 -6.71997e-16 0)
(7.3919e-15 -4.03197e-15 0)
(-2.18397e-15 -3.36042e-16 0)
(-2.35194e-15 -2.35198e-15 0)
(1.17597e-15 -4.03195e-15 0)
(1.00799e-15 -3.69593e-15 0)
(-3.36001e-16 6.38391e-15 0)
(-6.3839e-15 -6.71993e-16 0)
(2.68795e-15 -2.01593e-15 0)
(3.36002e-16 -2.99763e-20 0)
(1.008e-15 -1.00801e-15 0)
(-5.03976e-16 -4.36793e-15 0)
(2.85599e-15 -4.03194e-15 0)
(3.19193e-15 1.34398e-15 0)
(3.36028e-16 -1.008e-15 0)
(5.20791e-15 1.00793e-15 0)
(-1.67993e-15 -4.70394e-15 0)
(1.68e-16 1.67997e-15 0)
(-1.68e-15 -1.00801e-15 0)
(1.51198e-15 -1.10878e-14 0)
(8.39959e-16 1.67994e-15 0)
(-1.00796e-15 -3.36023e-16 0)
(-6.21594e-15 -1.00796e-15 0)
(-1.008e-15 -3.35995e-15 0)
(-1.17598e-15 -2.68796e-15 0)
(2.51996e-15 1.15149e-20 0)
(-3.02397e-15 -1.67997e-15 0)
(-1.008e-15 1.00797e-15 0)
(1.67997e-16 -4.36797e-15 0)
(5.08986e-21 -1.67997e-15 0)
(-8.39954e-16 1.67991e-15 0)
(7.39188e-15 -4.03191e-15 0)
(-2.51995e-15 -6.71978e-16 0)
(-8.39991e-16 -1.34397e-15 0)
(1.67994e-16 4.03191e-15 0)
(1.34398e-15 1.67994e-15 0)
(2.35196e-15 -2.68795e-15 0)
(1.17595e-15 -1.00795e-15 0)
(1.344e-15 4.03192e-15 0)
(1.68005e-16 1.00803e-15 0)
(1.84798e-15 1.344e-15 0)
(-3.35988e-16 -6.34575e-21 0)
(3.69596e-15 -6.71988e-16 0)
(2.18396e-15 -3.36013e-16 0)
(-1.67973e-16 -4.36794e-15 0)
(1.67998e-15 -2.01596e-15 0)
(5.04009e-16 6.71992e-16 0)
(1.67997e-15 1.34395e-15 0)
(-1.67997e-15 1.00802e-15 0)
(-1.6801e-16 3.69593e-15 0)
(-3.19194e-15 -3.35967e-16 0)
(1.67995e-15 -2.68799e-15 0)
(-4.36795e-15 1.34396e-15 0)
(-1.37696e-20 -6.71991e-16 0)
(-1.51199e-15 -6.72001e-16 0)
(5.04004e-16 1.34398e-15 0)
(3.35981e-16 -3.36007e-16 0)
(-2.68797e-15 1.00797e-15 0)
(-1.84796e-15 -1.93772e-20 0)
(4.70391e-15 -3.69592e-15 0)
(2.15078e-20 -2.01595e-15 0)
(3.35999e-15 1.00795e-15 0)
(-2.18398e-15 3.02394e-15 0)
(1.68e-16 -6.71997e-16 0)
(-8.39986e-16 1.00801e-15 0)
(2.01595e-15 1.008e-15 0)
(1.00798e-15 3.36001e-16 0)
(-4.87192e-15 6.04788e-15 0)
(6.71985e-16 1.00801e-15 0)
(6.71988e-16 5.37589e-15 0)
(6.71997e-16 1.57644e-20 0)
(-1.51198e-15 6.38387e-15 0)
(4.19996e-15 6.71991e-16 0)
(-2.35194e-15 -8.98857e-21 0)
(3.02395e-15 1.00795e-15 0)
(1.67999e-15 -3.35995e-15 0)
(2.51996e-15 -3.69598e-15 0)
(6.72005e-16 -5.3759e-15 0)
(-1.83669e-20 -6.72056e-16 0)
(-1.84797e-15 -6.71999e-16 0)
(-1.67998e-15 -2.68799e-15 0)
(2.18394e-15 -1.34396e-15 0)
(-4.36794e-15 -2.35198e-15 0)
(-1.34398e-15 -6.72009e-16 0)
(-2.85596e-15 -1.34396e-15 0)
(4.1999e-15 4.7039e-15 0)
(-3.35994e-15 -1.34397e-15 0)
(-5.03999e-16 -2.35195e-15 0)
(-1.17597e-15 3.36005e-16 0)
(4.19994e-15 3.02391e-15 0)
(1.67998e-15 1.00799e-15 0)
(4.53595e-15 3.02397e-15 0)
(3.36015e-16 -3.69592e-15 0)
(1.84796e-15 -3.35996e-15 0)
(1.344e-15 4.03192e-15 0)
(1.05406e-20 -2.01595e-15 0)
(1.51197e-15 3.69596e-15 0)
(-1.51198e-15 -1.34394e-15 0)
(6.7201e-16 3.16549e-20 0)
(5.03972e-16 4.84169e-20 0)
(-4.03194e-15 2.01598e-15 0)
(3.36016e-16 6.95174e-20 0)
(4.19994e-15 6.72017e-16 0)
(8.39956e-16 -1.00795e-15 0)
(8.40006e-16 -3.35986e-16 0)
(2.18399e-15 2.35193e-15 0)
(-1.17595e-15 -4.03192e-15 0)
(2.35196e-15 -2.352e-15 0)
(-5.03994e-16 -4.36792e-15 0)
(-2.01598e-15 -3.35998e-15 0)
(-1.00801e-15 -3.35997e-15 0)
(2.7777e-20 -1.008e-15 0)
(-2.68799e-15 3.69595e-15 0)
(1.67997e-15 -6.71982e-16 0)
(-3.19196e-15 1.00796e-15 0)
(-1.17598e-15 -2.35197e-15 0)
(-1.67998e-15 -1.34399e-15 0)
(1.00798e-15 -2.68795e-15 0)
(1.51196e-15 -1.34399e-15 0)
(1.34401e-15 -2.35192e-15 0)
(3.35996e-16 -6.72002e-16 0)
(2.35199e-15 -1.39446e-20 0)
(1.51197e-15 -4.03198e-15 0)
(-5.03965e-16 -1.34403e-15 0)
(3.35992e-15 -4.03195e-15 0)
(-8.39981e-16 6.71941e-16 0)
(-5.03982e-16 3.69596e-15 0)
(2.01595e-15 2.01597e-15 0)
(-8.39993e-16 4.36797e-15 0)
(-2.68795e-15 1.00799e-15 0)
(6.71999e-16 2.28441e-20 0)
(5.03971e-16 4.3679e-15 0)
(-1.17595e-15 3.69593e-15 0)
(1.51197e-15 1.67993e-15 0)
(-5.0398e-16 6.71975e-16 0)
(-2.35197e-15 -5.3759e-15 0)
(5.20791e-15 1.34393e-15 0)
(8.40015e-16 -2.68796e-15 0)
(1.34398e-15 -1.344e-15 0)
(-3.35997e-16 -1.67996e-15 0)
(-2.35194e-15 -9.7142e-21 0)
(1.51196e-15 1.34398e-15 0)
(-3.35999e-15 -6.04789e-15 0)
(8.39987e-16 1.34397e-15 0)
(-1.344e-15 -2.52699e-20 0)
(-8.39977e-16 -1.00798e-14 0)
(-1.68011e-16 7.75384e-22 0)
(-8.39981e-16 6.38387e-15 0)
(-2.51996e-15 2.68799e-15 0)
(2.85595e-15 6.71987e-15 0)
(-1.17595e-15 3.36025e-16 0)
(2.01598e-15 -2.35197e-15 0)
(1.84796e-15 -4.36795e-15 0)
(-3.19197e-15 -4.70392e-15 0)
(-1.34393e-15 -5.03995e-15 0)
(1.34397e-15 -4.70385e-15 0)
(-8.39993e-16 2.68797e-15 0)
(-6.5519e-15 -3.35982e-16 0)
(3.86392e-15 7.05585e-15 0)
(-1.34398e-15 4.36792e-15 0)
(2.35196e-15 1.34396e-15 0)
(-1.89534e-21 -2.68796e-15 0)
(1.51196e-15 -2.68798e-15 0)
(1.51201e-15 -7.72787e-15 0)
(2.68794e-15 -3.69595e-15 0)
(-5.20791e-15 -6.72038e-16 0)
(1.51201e-15 -1.67997e-15 0)
(1.84797e-15 -1.34402e-15 0)
(6.72002e-16 -3.02399e-15 0)
(-1.67992e-16 -2.35201e-15 0)
(8.39957e-16 -2.68798e-15 0)
(8.39996e-16 -4.70396e-15 0)
(-6.38391e-15 -6.72053e-16 0)
(2.35194e-15 -2.68797e-15 0)
(-2.51993e-15 -3.35985e-16 0)
(8.39977e-16 -6.72036e-16 0)
(-1.34398e-15 6.71993e-16 0)
(2.51995e-15 -6.71955e-16 0)
(-1.67997e-15 2.01597e-15 0)
(6.72015e-16 1.00802e-15 0)
(1.34395e-15 1.34399e-15 0)
(3.35995e-16 3.35949e-16 0)
(-2.35194e-15 1.34399e-15 0)
(-1.2587e-20 2.35194e-15 0)
(2.68795e-15 -1.00798e-15 0)
(-1.00798e-15 1.34391e-15 0)
(-6.7198e-16 2.01598e-15 0)
(-4.53595e-15 1.67998e-15 0)
(1.68009e-16 6.72019e-16 0)
(-3.35999e-16 5.71604e-20 0)
(-2.85598e-15 1.68002e-15 0)
(-3.19194e-15 2.01599e-15 0)
(3.3602e-16 -3.35945e-16 0)
(2.85595e-15 3.35986e-16 0)
(5.03995e-16 3.82173e-21 0)
(-8.40004e-16 2.35196e-15 0)
(1.84799e-15 -3.35982e-16 0)
(-8.39979e-16 -3.35995e-16 0)
(3.19196e-15 -1.67995e-15 0)
(6.71952e-16 -6.7198e-16 0)
(-4.19994e-15 1.06483e-20 0)
(-1.67985e-16 1.87183e-20 0)
(1.67971e-16 -2.35195e-15 0)
(1.51201e-15 3.35987e-16 0)
(6.7196e-16 3.3599e-16 0)
(-6.71959e-16 -6.71971e-16 0)
(1.51198e-15 2.35198e-15 0)
(-5.03977e-16 1.13264e-20 0)
(1.00796e-15 -6.71981e-16 0)
(2.01596e-15 -3.90196e-21 0)
(-5.03982e-16 -2.31621e-20 0)
(-2.01596e-15 -5.71189e-15 0)
(-2.01601e-15 -1.68001e-15 0)
(-1.00799e-15 -3.02396e-15 0)
(1.68023e-16 -3.69598e-15 0)
(1.17598e-15 -2.01597e-15 0)
(1.67999e-15 -3.69594e-15 0)
(7.39187e-15 -1.008e-15 0)
(-3.19195e-15 -3.6959e-15 0)
(3.35987e-16 3.35994e-15 0)
(-3.86395e-15 4.70392e-15 0)
(-1.49864e-20 4.70394e-15 0)
(8.39971e-16 7.05587e-15 0)
(3.35991e-16 3.69594e-15 0)
(-1.67979e-16 3.35988e-16 0)
(1.00799e-15 -6.71952e-16 0)
(1.68011e-16 4.03191e-15 0)
(-6.71986e-16 2.016e-15 0)
(2.68794e-15 7.05588e-15 0)
(-7.55988e-15 1.34397e-15 0)
(1.6801e-16 4.03195e-15 0)
(2.51995e-15 5.0399e-15 0)
(-1.00798e-15 1.00803e-15 0)
(1.51197e-15 5.8337e-21 0)
(-1.00797e-15 -3.35982e-16 0)
(1.17599e-15 3.35996e-15 0)
(2.01595e-15 5.37593e-15 0)
(-1.67996e-15 3.35996e-15 0)
(-2.68796e-15 -3.35984e-16 0)
(-1.67998e-15 -3.36004e-16 0)
(-1.17598e-15 -2.68797e-15 0)
(-6.72007e-16 -1.00799e-15 0)
(-2.35199e-15 -2.35197e-15 0)
(-1.17598e-15 -6.7201e-16 0)
(2.68797e-15 -4.70394e-15 0)
(3.02394e-15 -3.69595e-15 0)
(6.71993e-16 6.72003e-16 0)
(-2.68794e-15 -1.34396e-15 0)
(4.70393e-15 3.69592e-15 0)
(-8.39986e-16 4.54107e-20 0)
(-2.35199e-15 1.34399e-15 0)
(-3.69596e-15 -2.68791e-15 0)
(1.51199e-15 -1.00797e-15 0)
(-1.00799e-15 -1.00796e-15 0)
(5.03971e-16 -1.67995e-15 0)
(2.18397e-15 2.01593e-15 0)
(3.19199e-15 -2.68793e-15 0)
(-2.18395e-15 1.67998e-15 0)
(1.84799e-15 -1.00797e-15 0)
(-2.85597e-15 -5.0399e-15 0)
(-1.68054e-16 4.53905e-21 0)
(1.848e-15 1.00802e-15 0)
(-1.17597e-15 5.71188e-15 0)
(1.67996e-15 6.72039e-16 0)
(-1.84796e-15 2.35196e-15 0)
(6.04793e-15 3.02395e-15 0)
(-5.54392e-15 1.00801e-15 0)
(2.85595e-15 3.35995e-15 0)
(1.67989e-16 3.69594e-15 0)
(-5.54394e-15 -6.71972e-16 0)
(-6.72022e-16 -2.68798e-15 0)
(-2.51996e-15 -3.52483e-20 0)
(-3.35996e-15 -1.6567e-20 0)
(-6.72002e-16 -3.36007e-16 0)
(1.67997e-15 1.34394e-15 0)
(6.72006e-16 -1.008e-15 0)
(1.71619e-20 3.69594e-15 0)
(1.6794e-16 2.01596e-15 0)
(-1.34394e-15 -1.34396e-15 0)
(1.67996e-15 2.68791e-15 0)
(-3.19195e-15 1.344e-15 0)
(-2.68797e-15 3.35994e-15 0)
(5.03964e-16 -6.72002e-16 0)
(-4.19992e-15 -2.01598e-15 0)
(-1.00799e-15 2.68794e-15 0)
(3.36011e-16 -4.70389e-15 0)
(7.05591e-15 -2.68795e-15 0)
(6.71973e-16 2.35194e-15 0)
(3.35996e-15 -3.35977e-16 0)
(-6.71986e-16 -3.36021e-16 0)
(-1.17596e-15 1.67996e-15 0)
(-2.60479e-20 -6.71973e-16 0)
(-3.19196e-15 6.72005e-16 0)
(8.39991e-16 5.37588e-15 0)
(1.67971e-16 -6.71957e-16 0)
(1.17602e-15 -3.35981e-16 0)
(-1.67996e-16 -1.34398e-15 0)
(-1.17599e-15 -3.35967e-16 0)
(8.39933e-16 5.71196e-15 0)
(-4.70393e-15 3.35961e-16 0)
(-2.35198e-15 -1.00798e-15 0)
(-3.69594e-15 -3.02396e-15 0)
(5.03952e-16 -4.03193e-15 0)
(-2.51995e-15 -6.72014e-16 0)
(1.51199e-15 -7.05586e-15 0)
(1.67997e-15 -1.00798e-15 0)
(-3.35983e-16 -2.01593e-15 0)
(-3.52798e-15 4.36793e-15 0)
(8.39964e-16 1.34399e-15 0)
(3.36007e-16 -3.69594e-15 0)
(6.71975e-16 1.67998e-15 0)
(-1.68e-15 3.35994e-15 0)
(-2.18397e-15 1.008e-15 0)
(-6.71984e-16 -3.35998e-16 0)
(-5.04014e-16 -1.67997e-15 0)
(5.04026e-16 3.69592e-15 0)
(3.35995e-15 4.36791e-15 0)
(-4.0319e-15 -1.29913e-20 0)
(3.86395e-15 -1.008e-15 0)
(1.34395e-15 8.06388e-15 0)
(-1.67997e-15 -4.0319e-15 0)
(2.68796e-15 6.71972e-16 0)
(-1.34399e-15 2.01595e-15 0)
(1.17601e-15 -6.71954e-16 0)
(-1.67998e-15 2.68795e-15 0)
(-1.51195e-15 -3.35961e-16 0)
(3.86392e-15 -2.68796e-15 0)
(-5.03991e-16 -6.72003e-16 0)
(-5.87989e-15 -3.69599e-15 0)
(-1.84799e-15 -2.68793e-15 0)
(-1.17605e-15 -3.02397e-15 0)
(-3.02395e-15 1.00798e-15 0)
(-1.84798e-15 3.36031e-16 0)
(1.51194e-15 2.35197e-15 0)
(1.17602e-15 3.69593e-15 0)
(1.00799e-15 5.03995e-15 0)
(2.35193e-15 5.0399e-15 0)
(-6.21592e-15 -1.00795e-15 0)
(-2.68797e-15 4.7039e-15 0)
(3.36002e-16 -6.04788e-15 0)
(1.67997e-15 -2.01599e-15 0)
(-4.03192e-15 -1.00794e-15 0)
(-1.51199e-15 -3.35994e-16 0)
(-8.40024e-16 -3.35985e-16 0)
(2.24766e-21 -3.35995e-15 0)
(3.86394e-15 -1.67998e-15 0)
(1.848e-15 -1.34399e-15 0)
(-2.01597e-15 -4.36791e-15 0)
(3.35997e-15 -4.70388e-15 0)
(-1.51199e-15 3.36015e-16 0)
(1.67999e-15 6.71942e-16 0)
(-1.00798e-15 -1.67997e-15 0)
(1.67999e-16 -7.05584e-15 0)
(2.51996e-15 -3.36003e-16 0)
(-1.84799e-15 3.36009e-16 0)
(-6.71971e-16 5.03991e-15 0)
(-5.03961e-16 -1.34398e-15 0)
(2.18395e-15 -3.35993e-16 0)
(-3.86399e-15 4.03195e-15 0)
(-2.68798e-15 2.35196e-15 0)
(-3.19195e-15 4.6702e-22 0)
(-6.7199e-16 2.01599e-15 0)
(4.53591e-15 3.35991e-15 0)
(-6.21589e-15 -2.35195e-15 0)
(3.69595e-15 -1.67994e-15 0)
(1.00798e-15 5.29427e-21 0)
(6.72006e-16 -3.35975e-16 0)
(-4.368e-15 8.0639e-15 0)
(-2.51996e-15 -5.37585e-15 0)
(6.7199e-16 3.02391e-15 0)
(1.50031e-20 -3.69593e-15 0)
(1.00797e-15 2.35193e-15 0)
(-8.40001e-16 2.68796e-15 0)
(-4.87194e-15 5.37593e-15 0)
(-1.51199e-15 1.00796e-15 0)
(1.176e-15 -1.34396e-15 0)
(3.35998e-15 -2.68798e-15 0)
(-1.00798e-15 -3.3603e-16 0)
(2.18396e-15 3.02388e-15 0)
(-3.69596e-15 -5.37594e-15 0)
(1.00801e-15 -1.67995e-15 0)
(1.34396e-15 3.02397e-15 0)
(-1.84796e-15 3.02387e-15 0)
(1.68004e-16 -6.71982e-16 0)
(-8.39966e-16 3.36025e-16 0)
(2.85593e-15 5.03993e-15 0)
(2.85595e-15 3.35994e-15 0)
(1.008e-15 4.36794e-15 0)
(-3.02397e-15 1.00799e-15 0)
(-3.69597e-15 2.60485e-20 0)
(-2.68799e-15 4.70394e-15 0)
(-3.52793e-15 2.01595e-15 0)
(3.35983e-16 -3.02396e-15 0)
(-6.71995e-16 -1.34397e-15 0)
(5.37594e-15 6.38384e-15 0)
(8.39993e-16 5.46983e-21 0)
(1.67996e-15 -2.35199e-15 0)
(-6.04788e-15 -7.05591e-15 0)
(-1.68033e-16 6.04787e-15 0)
(1.17598e-15 -6.71981e-16 0)
(2.18396e-15 -3.02396e-15 0)
(1.43467e-20 -3.3598e-16 0)
(1.67985e-16 1.22454e-20 0)
(-4.53598e-15 -1.00799e-15 0)
(-1.34399e-15 -6.71961e-16 0)
(-1.00798e-15 1.34392e-15 0)
(3.86397e-15 -4.03189e-15 0)
(1.68008e-16 -1.34395e-15 0)
(-3.35977e-16 -1.00798e-15 0)
(8.39992e-16 -3.36001e-16 0)
(3.02395e-15 -2.75734e-20 0)
(2.85598e-15 -2.016e-15 0)
(-3.69598e-15 -5.37585e-15 0)
(5.03997e-16 -2.53902e-20 0)
(2.51995e-15 1.34396e-15 0)
(-2.01595e-15 1.38113e-20 0)
(1.34401e-15 -6.71964e-16 0)
(1.84796e-15 1.8857e-20 0)
(-3.52795e-15 6.72023e-16 0)
(-3.19198e-15 3.02395e-15 0)
(-3.024e-15 3.35998e-15 0)
(-2.01598e-15 -3.35954e-16 0)
(-4.53593e-15 2.01598e-15 0)
(2.68794e-15 4.03195e-15 0)
(4.70396e-15 -2.35189e-15 0)
(-1.17596e-15 1.00797e-15 0)
(8.3999e-16 2.10121e-20 0)
(6.71963e-16 3.02395e-15 0)
(-3.86396e-15 -3.35993e-15 0)
(-1.17597e-15 3.35991e-16 0)
(-6.71953e-16 3.35993e-15 0)
(4.70391e-15 1.34398e-15 0)
(-2.352e-15 6.71992e-16 0)
(-1.05838e-14 -3.35992e-15 0)
(6.71956e-16 1.67997e-15 0)
(-2.01596e-15 3.80628e-20 0)
(3.69594e-15 2.35193e-15 0)
(5.87992e-15 4.36789e-15 0)
(5.03979e-16 1.67998e-15 0)
(-1.00793e-15 -2.35198e-15 0)
(7.05589e-15 -1.00797e-15 0)
(6.72003e-16 -2.35195e-15 0)
(-1.17599e-15 3.02391e-15 0)
(-2.01598e-15 -6.71981e-16 0)
(1.57085e-20 -6.71969e-16 0)
(1.51198e-15 -1.34397e-15 0)
(2.18397e-15 2.01598e-15 0)
(1.67998e-15 1.34399e-15 0)
(-2.68798e-15 6.0479e-15 0)
(-3.69596e-15 2.68799e-15 0)
(-6.21592e-15 3.02396e-15 0)
(-1.68023e-16 1.67999e-15 0)
(-3.69597e-15 3.02395e-15 0)
(-3.35998e-16 -1.34397e-15 0)
(3.35996e-15 3.69592e-15 0)
(3.69594e-15 -3.35994e-15 0)
(-3.35989e-16 3.3597e-16 0)
(-3.36001e-16 -1.00797e-15 0)
(-4.36797e-15 -6.72007e-16 0)
(1.68022e-16 4.59096e-21 0)
(5.37589e-15 1.68025e-20 0)
(-1.67995e-15 6.71986e-16 0)
(-4.87192e-15 1.58602e-20 0)
(-1.51202e-15 2.35197e-15 0)
(1.51197e-15 6.72019e-16 0)
(-1.67995e-16 4.03194e-15 0)
(1.176e-15 2.68799e-15 0)
(-3.35977e-16 6.72019e-16 0)
(-1.17598e-15 1.008e-15 0)
(4.03194e-15 -3.35972e-16 0)
(3.36004e-16 1.00798e-15 0)
(-1.17596e-15 -1.00799e-15 0)
(-8.39995e-16 -3.69592e-15 0)
(2.35197e-15 -1.34397e-15 0)
(2.21422e-21 -3.36005e-16 0)
(8.39985e-16 -3.36023e-16 0)
(3.02396e-15 3.35988e-16 0)
(1.34399e-15 -2.35197e-15 0)
(-2.18399e-15 -2.68794e-15 0)
(-8.40018e-16 1.00797e-15 0)
(-5.87994e-15 -3.35983e-16 0)
(-3.52794e-15 1.67998e-15 0)
(-1.17602e-15 -6.71955e-16 0)
(-2.18396e-15 2.35197e-15 0)
(-1.67982e-16 2.352e-15 0)
(-5.03973e-16 2.01597e-15 0)
(1.3339e-21 -3.02391e-15 0)
(-1.34399e-15 5.0399e-15 0)
(-2.85596e-15 -2.35196e-15 0)
(4.03192e-15 2.35197e-15 0)
(-5.03979e-16 6.71972e-16 0)
(-1.84794e-15 -2.01596e-15 0)
(1.51194e-15 3.02397e-15 0)
(5.03991e-16 8.06388e-15 0)
(-1.67994e-16 5.71195e-15 0)
(1.17595e-15 4.03198e-15 0)
(-3.8639e-15 5.37593e-15 0)
(3.35993e-15 -6.71941e-16 0)
(-2.18397e-15 5.03992e-15 0)
(2.01597e-15 3.35995e-15 0)
(-1.34397e-15 2.35195e-15 0)
(1.67998e-15 2.35196e-15 0)
(3.69592e-15 5.71194e-15 0)
(-5.03972e-16 8.06386e-15 0)
(-2.01596e-15 1.67999e-15 0)
(7.75678e-21 -4.36788e-15 0)
(1.51197e-15 8.64784e-23 0)
(6.72021e-16 -2.01596e-15 0)
(-4.19995e-15 -1.34399e-15 0)
(-8.40001e-16 -2.01594e-15 0)
(-4.19997e-15 -2.01594e-15 0)
(1.67981e-16 3.02396e-15 0)
(-2.01597e-15 3.35996e-15 0)
(1.67966e-16 2.352e-15 0)
(1.17599e-15 8.39985e-15 0)
(1.00798e-15 -1.00797e-15 0)
(5.03992e-16 6.04789e-15 0)
(-1.67999e-15 3.02398e-15 0)
(-2.68797e-15 -3.02395e-15 0)
(1.68014e-16 -4.18745e-21 0)
(5.03978e-16 -1.34395e-15 0)
(7.22388e-15 1.344e-15 0)
(-6.38388e-15 2.35197e-15 0)
(-2.18397e-15 2.016e-15 0)
(-1.51197e-15 3.69595e-15 0)
(-5.03975e-16 3.61674e-20 0)
(5.03959e-16 2.68798e-15 0)
(-8.39972e-16 2.35194e-15 0)
(1.34394e-15 -3.35992e-15 0)
(-1.51192e-15 1.67997e-15 0)
(-1.47696e-20 -2.01591e-15 0)
(1.51198e-15 -6.71979e-16 0)
(6.7201e-16 2.35197e-15 0)
(8.3999e-16 -3.35934e-16 0)
(1.34397e-15 5.03994e-15 0)
(-1.34398e-15 6.71987e-15 0)
(5.04017e-16 3.35996e-15 0)
(3.69591e-15 6.3839e-15 0)
(-1.51197e-15 1.00802e-15 0)
(5.03989e-16 4.03193e-15 0)
(-5.20796e-15 5.37591e-15 0)
(-1.17598e-15 1.00803e-15 0)
(8.39973e-16 -3.36016e-16 0)
(-6.71962e-16 -3.36018e-16 0)
(-1.34402e-15 -7.72783e-15 0)
(3.35998e-16 1.67994e-15 0)
(3.35995e-16 -4.03194e-15 0)
(-8.3999e-16 -1.00798e-14 0)
(1.34397e-15 1.34397e-15 0)
(-1.51197e-15 6.71991e-16 0)
(6.72013e-16 -1.34399e-15 0)
(3.36001e-16 -2.68796e-15 0)
(1.00798e-15 -1.00797e-15 0)
(-1.68e-15 -2.01595e-15 0)
(1.67996e-15 3.35988e-16 0)
(2.51994e-15 2.35195e-15 0)
(-2.85591e-15 5.37596e-15 0)
(-2.8463e-20 1.344e-15 0)
(-8.39966e-16 -1.00798e-15 0)
(3.19194e-15 -3.3599e-16 0)
(6.7202e-16 4.36792e-15 0)
(1.67998e-15 2.01602e-15 0)
(-6.72009e-16 2.35197e-15 0)
(5.04002e-16 6.71978e-16 0)
(-1.00797e-15 -1.67997e-15 0)
(8.39971e-16 -6.71932e-16 0)
(1.84799e-15 -3.35995e-16 0)
(-2.68795e-15 -4.03192e-15 0)
(-1.344e-15 -7.53568e-21 0)
(1.00796e-15 -6.71971e-16 0)
(-6.04791e-15 -2.68793e-15 0)
(-2.51998e-15 1.00796e-15 0)
(3.35983e-16 1.34402e-15 0)
(-1.344e-15 3.36001e-16 0)
(-5.03976e-16 1.00796e-15 0)
(-3.20056e-21 -6.71976e-16 0)
(6.35035e-22 4.36796e-15 0)
(-2.35198e-15 2.35195e-15 0)
(2.01597e-15 4.03192e-15 0)
(-1.67996e-15 2.35199e-15 0)
(2.01595e-15 1.008e-15 0)
(-5.03953e-16 3.02394e-15 0)
(1.34394e-15 3.35996e-16 0)
(-4.87193e-15 -2.68793e-15 0)
(-2.68796e-15 -1.34398e-15 0)
(1.51199e-15 -5.0399e-15 0)
(6.21588e-15 2.35197e-15 0)
(-2.68793e-15 3.02398e-15 0)
(-1.00798e-15 2.35197e-15 0)
(-5.03974e-16 1.68002e-15 0)
(4.87192e-15 2.01597e-15 0)
(3.02396e-15 4.36791e-15 0)
(-2.85594e-15 1.67997e-15 0)
(3.35998e-16 -3.35947e-16 0)
(2.01596e-15 3.02395e-15 0)
(3.36005e-16 7.72784e-15 0)
(5.03998e-16 -6.71969e-16 0)
(-2.184e-15 1.34397e-15 0)
(-2.85595e-15 3.69593e-15 0)
(-4.03195e-15 2.35197e-15 0)
(-6.72011e-16 1.344e-15 0)
(6.71929e-16 2.68799e-15 0)
(-3.02394e-15 4.03192e-15 0)
(-2.35198e-15 1.008e-15 0)
(8.39985e-16 1.60192e-20 0)
(-1.67998e-16 3.36014e-16 0)
(5.03988e-16 4.70391e-15 0)
(-4.53595e-15 6.04793e-15 0)
(2.85596e-15 3.28766e-20 0)
(-5.03997e-16 6.71959e-16 0)
(1.00799e-15 -1.00798e-15 0)
(-1.17599e-15 6.71981e-16 0)
(3.32919e-20 -6.71975e-16 0)
(-1.848e-15 4.03189e-15 0)
(2.01597e-15 -1.00795e-15 0)
(-1.51199e-15 2.01597e-15 0)
(5.04063e-16 2.55805e-20 0)
(3.86392e-15 3.35996e-15 0)
(-2.184e-15 3.35995e-15 0)
(-3.35988e-16 7.41437e-21 0)
(1.68026e-16 3.02396e-15 0)
(1.67999e-15 -3.35972e-16 0)
(1.51197e-15 -2.01593e-15 0)
(2.35197e-15 3.02391e-15 0)
(-1.67996e-15 3.36011e-16 0)
(-1.67998e-15 -5.37587e-15 0)
(1.51198e-15 1.34397e-15 0)
(-1.17598e-15 3.36009e-16 0)
(8.39969e-16 -2.68795e-15 0)
(-2.35197e-15 1.00799e-15 0)
(-5.04015e-16 5.71192e-15 0)
(-5.87993e-15 1.00799e-15 0)
(-8.39999e-16 -1.00793e-15 0)
(-3.35997e-15 3.36014e-16 0)
(-1.84797e-15 5.71192e-15 0)
(2.68796e-15 5.03996e-15 0)
(2.01595e-15 -6.71992e-15 0)
(-5.8799e-15 -5.03994e-15 0)
(1.17597e-15 -3.02394e-15 0)
(-1.51195e-15 -1.67995e-15 0)
(2.68795e-15 -2.01596e-15 0)
(-3.35982e-16 -1.00797e-15 0)
(1.84796e-15 2.35198e-15 0)
(-4.03195e-15 6.72009e-16 0)
(1.176e-15 3.69592e-15 0)
(-6.71977e-16 2.01599e-15 0)
(6.71988e-15 3.02395e-15 0)
(1.84801e-15 -3.35977e-16 0)
(-5.20793e-15 6.7201e-16 0)
(6.71986e-16 4.70392e-15 0)
(1.51198e-15 6.7203e-16 0)
(-2.01596e-15 2.35195e-15 0)
(2.51998e-15 -6.71994e-16 0)
(1.84799e-15 -1.67995e-15 0)
(-3.29911e-20 6.71989e-16 0)
(-1.00798e-15 1.67994e-15 0)
(-8.39979e-16 3.36007e-16 0)
(1.67994e-15 3.02396e-15 0)
(-1.51196e-15 1.00799e-15 0)
(2.35196e-15 -6.71977e-16 0)
(-4.53594e-15 7.39188e-15 0)
(-5.87991e-15 2.35201e-15 0)
(2.85593e-15 2.35195e-15 0)
(-4.03197e-15 4.70396e-15 0)
(-1.51197e-15 2.35199e-15 0)
(1.51198e-15 3.02395e-15 0)
(1.34398e-15 -3.35994e-15 0)
(-6.3839e-15 -2.01599e-15 0)
(5.03993e-15 4.03192e-15 0)
(5.03985e-16 3.69595e-15 0)
(-5.03995e-16 9.40786e-15 0)
(-2.51995e-15 3.02397e-15 0)
(1.84798e-15 -2.35198e-15 0)
(-2.68798e-15 2.01599e-15 0)
(2.68796e-15 3.0075e-20 0)
(2.01596e-15 4.03194e-15 0)
(1.68002e-15 2.01596e-15 0)
(-1.008e-15 1.19176e-20 0)
(-2.51995e-15 -1.00797e-15 0)
(2.85596e-15 -3.3599e-15 0)
(2.01597e-15 1.00798e-15 0)
(-8.40003e-16 2.01599e-15 0)
(1.67997e-15 2.01596e-15 0)
(2.016e-15 1.34398e-15 0)
(-3.86394e-15 -1.67998e-15 0)
(2.51995e-15 -4.36791e-15 0)
(-1.00799e-15 4.03192e-15 0)
(-7.0559e-15 -1.67996e-15 0)
(-3.36006e-16 4.03193e-15 0)
(4.19993e-15 -6.71964e-16 0)
(1.67997e-15 -2.35192e-15 0)
(-4.36796e-15 3.35954e-16 0)
(-2.01598e-15 1.00804e-15 0)
(-2.51999e-15 3.02395e-15 0)
(1.00801e-15 -1.67994e-15 0)
(1.00798e-15 6.7198e-16 0)
(2.35195e-15 -3.35997e-15 0)
(-1.68005e-16 3.35988e-16 0)
(3.69595e-15 -2.35194e-15 0)
(-3.35973e-16 -6.71985e-16 0)
(6.72017e-16 -1.67996e-15 0)
(-1.68025e-16 -3.0239e-15 0)
(-2.01597e-15 6.71985e-16 0)
(-8.27763e-21 3.69595e-15 0)
(3.19197e-15 1.00799e-15 0)
(-2.85597e-15 2.01594e-15 0)
(1.84798e-15 -5.37589e-15 0)
(1.17601e-15 1.34396e-15 0)
(-1.00802e-15 3.69592e-15 0)
(3.35997e-15 -1.00798e-15 0)
(-3.19195e-15 3.02396e-15 0)
(6.72004e-16 1.67998e-15 0)
(-2.18398e-15 1.67997e-15 0)
(1.67997e-15 -6.72004e-16 0)
(-1.68e-16 2.01595e-15 0)
(1.008e-15 -2.01599e-15 0)
(3.52796e-15 1.34399e-15 0)
(-4.70397e-15 -1.00798e-15 0)
(-1.17601e-15 -4.36792e-15 0)
(-8.39932e-16 -6.72017e-16 0)
(4.36791e-15 3.35967e-16 0)
(-2.85595e-15 -1.67993e-15 0)
(-5.03995e-15 4.03191e-15 0)
(-3.19197e-15 2.01601e-15 0)
(1.34398e-15 6.0479e-15 0)
(8.39977e-16 3.35997e-15 0)
(1.51198e-15 3.35995e-15 0)
(6.72016e-16 3.02398e-15 0)
(6.72e-16 6.71986e-16 0)
(6.71982e-16 2.68797e-15 0)
(3.69593e-15 3.35997e-15 0)
(-4.87194e-15 3.35988e-15 0)
(1.3584e-20 2.35197e-15 0)
(8.39986e-16 -4.03192e-15 0)
(2.01595e-15 1.34398e-15 0)
(-5.03981e-16 -6.71962e-16 0)
(1.6802e-16 2.35195e-15 0)
(-1.008e-15 -1.34396e-15 0)
(-2.35195e-15 -2.35193e-15 0)
(-2.22539e-20 1.67991e-15 0)
(2.51996e-15 -4.70396e-15 0)
(1.34398e-15 -5.37593e-15 0)
(-1.344e-15 -4.03194e-15 0)
(1.51201e-15 -5.03994e-15 0)
(-1.84797e-15 -3.69594e-15 0)
(2.35197e-15 6.71962e-16 0)
(3.52796e-15 -3.02393e-15 0)
(-3.02396e-15 6.71987e-15 0)
(-5.5439e-15 6.71981e-16 0)
(6.88785e-15 3.36006e-16 0)
(-6.71943e-16 1.67998e-15 0)
(-1.34401e-15 3.02395e-15 0)
(3.35971e-16 1.68e-15 0)
(-4.53594e-15 3.36015e-16 0)
(1.67998e-15 5.03994e-15 0)
(-3.35983e-16 3.69593e-15 0)
(9.6926e-21 2.01598e-15 0)
(1.34398e-15 4.36795e-15 0)
(3.35995e-15 -1.5737e-21 0)
(-8.3997e-16 -6.71985e-16 0)
(-2.51995e-15 1.34397e-15 0)
(-1.34398e-15 -1.34394e-15 0)
(2.51996e-15 1.34399e-15 0)
(-1.00801e-15 6.71988e-16 0)
(-2.18393e-15 4.66415e-21 0)
(6.71967e-16 -3.02393e-15 0)
(6.71988e-16 -3.35996e-16 0)
(8.4e-16 -3.36004e-16 0)
(-1.68034e-16 3.35994e-16 0)
(-3.02395e-15 6.7203e-16 0)
(-6.71998e-16 -1.34396e-15 0)
(9.72717e-21 -1.344e-15 0)
(-2.18395e-15 -3.35975e-16 0)
(5.0399e-15 1.00798e-15 0)
(1.008e-15 -4.89388e-21 0)
(3.52797e-15 4.65446e-21 0)
(2.85597e-15 -1.344e-15 0)
(-1.008e-15 -6.71969e-16 0)
(-2.68797e-15 -1.67997e-15 0)
(-6.71973e-16 -6.72004e-16 0)
(3.35994e-15 -3.02394e-15 0)
(-3.69592e-15 -2.01595e-15 0)
(5.03973e-16 -8.44253e-21 0)
(-3.35994e-15 -6.71966e-16 0)
(4.19992e-15 -6.71939e-16 0)
(-3.35992e-16 1.34401e-15 0)
(6.7199e-16 2.15397e-20 0)
(-6.71982e-16 -1.00797e-15 0)
(1.51197e-15 -1.67995e-15 0)
(1.17598e-15 -1.34398e-15 0)
(2.35198e-15 -1.67997e-15 0)
(6.71985e-16 2.68798e-15 0)
(1.00798e-15 4.03194e-15 0)
(-3.02394e-15 4.03198e-15 0)
(3.8639e-15 3.35995e-15 0)
(-4.03192e-15 4.36792e-15 0)
(3.35998e-16 2.35198e-15 0)
(3.19196e-15 3.10017e-20 0)
(-4.36792e-15 5.71191e-15 0)
(-3.02398e-15 3.35996e-15 0)
(-3.52796e-15 2.35195e-15 0)
(8.39984e-16 -2.68794e-15 0)
(2.51993e-15 3.35991e-15 0)
(3.90232e-20 1.00799e-15 0)
(-1.17597e-15 -1.67999e-15 0)
(6.38391e-15 -6.71984e-16 0)
(-6.71982e-16 -1.34398e-15 0)
(1.68008e-16 -1.67999e-15 0)
(-1.51198e-15 -1.00797e-15 0)
(-1.17598e-15 -3.36007e-16 0)
(3.86395e-15 3.36005e-16 0)
(1.17594e-15 3.02394e-15 0)
(-1.17596e-15 3.35998e-16 0)
(2.35196e-15 7.39189e-15 0)
(-2.35195e-15 3.35995e-15 0)
(-1.3017e-21 9.07183e-15 0)
(6.20997e-21 4.36795e-15 0)
(-3.36008e-16 6.38391e-15 0)
(-1.67996e-15 6.38388e-15 0)
(2.43083e-20 1.67998e-15 0)
(4.8719e-15 -6.71982e-16 0)
(-1.67964e-16 2.35198e-15 0)
(2.18398e-15 2.35201e-15 0)
(-3.35998e-15 5.3759e-15 0)
(-2.35194e-15 1.34402e-15 0)
(3.35986e-16 3.04991e-20 0)
(3.35972e-16 1.34398e-15 0)
(1.09403e-20 1.34395e-15 0)
(1.00796e-15 -2.35195e-15 0)
(-1.17599e-15 1.00798e-15 0)
(-6.72005e-16 -2.35197e-15 0)
(-2.68795e-15 3.69593e-15 0)
(-1.68012e-16 3.02398e-15 0)
(2.35197e-15 1.00797e-15 0)
(-3.94129e-21 1.008e-15 0)
(1.00802e-15 2.68796e-15 0)
(-5.03978e-16 1.67997e-15 0)
(4.03191e-15 1.49684e-20 0)
(-3.35995e-15 5.37587e-15 0)
(1.67996e-15 -4.03193e-15 0)
(-8.39973e-16 2.68795e-15 0)
(-2.68792e-15 -2.01598e-15 0)
(1.51198e-15 -5.37587e-15 0)
(4.19992e-15 3.36015e-16 0)
(8.39995e-16 4.36793e-15 0)
(3.59748e-21 -4.03189e-15 0)
(1.00797e-15 3.3603e-16 0)
(-2.51997e-15 6.71994e-16 0)
(1.67999e-15 3.36014e-16 0)
(3.35994e-15 3.36045e-16 0)
(-2.01594e-15 1.00798e-15 0)
(1.67998e-15 1.34398e-15 0)
(2.35196e-15 1.00797e-15 0)
(-1.51197e-15 -2.68792e-15 0)
(5.0398e-16 -1.00799e-15 0)
(-1.67999e-15 2.68793e-15 0)
(-8.39962e-16 -2.01592e-15 0)
(-3.36002e-16 2.35199e-15 0)
(-2.68798e-15 -1.34397e-15 0)
(-5.04007e-16 6.71981e-16 0)
(-3.02395e-15 3.36023e-16 0)
(6.71974e-16 1.00799e-15 0)
(-2.01597e-15 -2.68798e-15 0)
(3.36006e-16 -3.02392e-15 0)
(-7.48348e-21 -2.01597e-15 0)
(2.18397e-15 6.71976e-16 0)
(2.35197e-15 -2.68796e-15 0)
(6.71998e-16 -2.35198e-15 0)
(-5.03994e-15 -6.0479e-15 0)
(-1.34396e-15 -1.84289e-20 0)
(2.01597e-15 -1.008e-15 0)
(4.36793e-15 -6.71959e-16 0)
(8.39984e-16 4.70389e-15 0)
(2.68799e-15 1.67999e-15 0)
(1.34399e-15 -6.71968e-16 0)
(1.3715e-20 3.35972e-16 0)
(6.71989e-16 3.02393e-15 0)
(-3.02395e-15 -4.36793e-15 0)
(-1.17599e-15 -3.35999e-16 0)
(1.84798e-15 -1.00804e-15 0)
(2.18396e-15 1.34397e-15 0)
(2.07268e-20 -1.008e-15 0)
(2.85597e-15 -2.68796e-15 0)
(-1.176e-15 6.71936e-16 0)
(1.7137e-20 -1.64167e-20 0)
(-1.00801e-15 -3.69592e-15 0)
(1.67996e-15 6.71921e-16 0)
(-2.35195e-15 2.68797e-15 0)
(-5.68855e-21 -6.71974e-16 0)
(-1.84798e-15 -3.35998e-15 0)
(5.03975e-16 -2.35195e-15 0)
(-2.85596e-15 -1.34399e-15 0)
(1.51195e-15 3.36002e-16 0)
(-6.97173e-21 2.01594e-15 0)
(-2.18397e-15 3.35979e-16 0)
(2.68799e-15 1.00798e-15 0)
(2.01598e-15 2.01597e-15 0)
(-2.01598e-15 -1.00799e-15 0)
(-3.69595e-15 -1.008e-15 0)
(6.88787e-15 -1.88313e-20 0)
(1.6803e-16 -3.35981e-16 0)
(-2.18393e-15 3.02392e-15 0)
(-2.85596e-15 1.00803e-15 0)
(3.02396e-15 3.35986e-16 0)
(4.87194e-15 1.67998e-15 0)
(2.01595e-15 -3.02392e-15 0)
(1.17598e-15 -1.34396e-15 0)
(3.35992e-15 -6.72002e-16 0)
(-1.67998e-15 -3.69596e-15 0)
(-5.03982e-16 -1.00797e-15 0)
(1.5091e-20 -6.38391e-15 0)
(1.51198e-15 -5.03994e-15 0)
(1.344e-15 -3.36028e-16 0)
(-3.35997e-15 -2.35197e-15 0)
(8.39984e-16 -3.02397e-15 0)
(-2.01596e-15 -1.34401e-15 0)
(1.67999e-16 -5.71189e-15 0)
(-3.36018e-16 -1.68e-15 0)
(1.67985e-16 -6.72061e-16 0)
(-6.71999e-16 -3.35995e-15 0)
(-1.51197e-15 -3.3607e-16 0)
(1.84795e-15 -6.71987e-16 0)
(-4.03192e-15 -4.03196e-15 0)
(1.67995e-16 -2.68796e-15 0)
(-3.02395e-15 -2.01596e-15 0)
(4.03193e-15 -2.01598e-15 0)
(-1.67967e-16 -3.02395e-15 0)
(-1.00802e-15 -1.67999e-15 0)
(-1.00799e-15 -3.69598e-15 0)
(-6.71939e-16 -3.69591e-15 0)
(7.39186e-15 2.01594e-15 0)
(3.02398e-15 -4.03191e-15 0)
(3.52796e-15 9.7438e-15 0)
(3.35996e-16 -6.71979e-16 0)
(-2.18395e-15 -1.68001e-15 0)
(-1.84795e-15 -3.35992e-16 0)
(-5.0398e-16 2.68791e-15 0)
(-1.67997e-15 -2.35196e-15 0)
(-4.36791e-15 3.35988e-16 0)
(5.03972e-16 -6.72025e-16 0)
(4.19993e-15 -1.00801e-15 0)
(6.72004e-16 -2.68798e-15 0)
(2.01596e-15 -6.04796e-15 0)
(-5.37593e-15 -8.73592e-15 0)
(-5.03995e-16 6.71952e-16 0)
(2.18396e-15 1.67993e-15 0)
(8.39973e-16 1.67992e-15 0)
(-3.35992e-15 -2.01601e-15 0)
(-1.008e-15 -8.73585e-15 0)
(-8.39984e-16 -2.35202e-15 0)
(-4.53594e-15 -4.70392e-15 0)
(1.84797e-15 -3.35999e-15 0)
(1.67997e-15 -4.36794e-15 0)
(-1.67998e-15 -3.36e-16 0)
(3.36008e-16 1.00793e-15 0)
(3.35995e-15 -4.70391e-15 0)
(1.17598e-15 -3.3332e-20 0)
(-3.69593e-15 -1.36968e-20 0)
(-2.01596e-15 -1.67993e-15 0)
(4.7039e-15 2.01592e-15 0)
(-2.68791e-15 -6.7199e-15 0)
(4.36794e-15 -3.02399e-15 0)
(3.19198e-15 -9.40781e-15 0)
(8.39989e-16 -1.68e-15 0)
(-1.34398e-15 1.34402e-15 0)
(1.34397e-15 -2.01598e-15 0)
(1.17597e-15 -4.03194e-15 0)
(2.85595e-15 -7.05594e-15 0)
(-8.40019e-16 1.00797e-15 0)
(-2.01596e-15 -4.36797e-15 0)
(8.39978e-16 -2.68798e-15 0)
(-5.38101e-21 -3.69604e-15 0)
(1.176e-15 -1.14238e-14 0)
(-3.69594e-15 -3.35999e-15 0)
(1.00798e-15 -8.39991e-15 0)
(1.00797e-15 -1.04159e-14 0)
(-3.19191e-15 -8.39992e-15 0)
(3.3597e-16 -1.00799e-14 0)
(-1.008e-15 -1.68007e-15 0)
(6.7197e-16 -5.37591e-15 0)
(-5.03992e-16 -3.36055e-16 0)
(-6.71974e-16 -1.68e-15 0)
(1.84797e-15 -4.36796e-15 0)
(1.67999e-15 -2.35201e-15 0)
(1.84795e-15 -3.02395e-15 0)
(-1.67956e-16 -3.36025e-16 0)
(1.31272e-20 -2.35195e-15 0)
(6.71972e-16 -1.67995e-15 0)
(-8.39996e-16 2.35198e-15 0)
(2.51997e-15 6.72015e-16 0)
(-6.71985e-16 -3.35994e-15 0)
(1.00801e-15 -3.36007e-16 0)
(7.2239e-15 -3.36019e-16 0)
(-3.19194e-15 -3.35988e-16 0)
(-4.70392e-15 -6.38395e-15 0)
(2.68796e-15 -1.67997e-15 0)
(-4.02241e-21 -4.03195e-15 0)
(-4.36792e-15 3.35953e-16 0)
(-2.52e-15 -6.38395e-15 0)
(-1.17601e-15 -1.41118e-14 0)
(-5.37592e-15 -7.05597e-15 0)
(8.39986e-16 -1.34398e-14 0)
(2.51996e-15 -7.05598e-15 0)
(2.35195e-15 -8.73594e-15 0)
(-3.36004e-16 -1.07519e-14 0)
(-2.01594e-15 -9.07193e-15 0)
(5.5439e-15 -1.07519e-14 0)
(-1.67998e-15 -1.24319e-14 0)
(-4.70393e-15 -7.05594e-15 0)
(-3.35992e-16 -7.05591e-15 0)
(-5.0399e-16 -7.3919e-15 0)
(-6.69174e-21 -3.69597e-15 0)
(1.00801e-15 -1.34402e-15 0)
(1.34398e-15 -6.7199e-15 0)
(1.848e-15 -5.03994e-15 0)
(1.68e-15 -6.72008e-16 0)
(2.01598e-15 2.01596e-15 0)
(8.39993e-16 5.37593e-15 0)
(-3.69595e-15 1.27678e-14 0)
(-1.00798e-15 4.03196e-15 0)
(2.01595e-15 5.7119e-15 0)
(-3.35944e-16 -2.35196e-15 0)
(3.35997e-15 3.35994e-15 0)
(3.52796e-15 1.34398e-15 0)
(6.38389e-15 3.69596e-15 0)
(6.71997e-16 3.69593e-15 0)
(8.39975e-16 -3.35997e-15 0)
(-4.36798e-15 -1.34399e-15 0)
(-5.87993e-15 -6.71994e-16 0)
(-1.67999e-15 -5.59783e-20 0)
(-3.528e-15 -1.34401e-15 0)
(-1.17597e-15 -1.68003e-15 0)
(2.85596e-15 -3.02399e-15 0)
(-1.68e-16 -4.70399e-15 0)
(-3.35992e-15 -6.04797e-15 0)
(3.35992e-15 -5.03999e-15 0)
(-2.35195e-15 -5.71199e-15 0)
(1.68012e-16 -3.36002e-15 0)
(1.51196e-15 -6.04792e-15 0)
(1.68e-15 -1.34404e-15 0)
(2.18396e-15 -1.34402e-15 0)
(1.38669e-20 -3.35996e-15 0)
(1.84797e-15 -3.35995e-15 0)
(-1.00795e-15 -1.34401e-15 0)
(4.36794e-15 -6.72012e-16 0)
(6.55192e-15 -6.71998e-16 0)
(3.86397e-15 1.31075e-20 0)
(2.85594e-15 2.99621e-20 0)
(-4.03193e-15 5.59327e-20 0)
(2.01598e-15 6.72018e-16 0)
(-1.17595e-15 1.00799e-15 0)
(5.20791e-15 8.5166e-21 0)
(1.68e-15 -1.00798e-15 0)
(-1.51198e-15 -1.34397e-15 0)
(8.40004e-16 -1.34397e-15 0)
(-3.35988e-16 6.7199e-16 0)
(8.39977e-16 -2.01598e-15 0)
(-8.06391e-15 -7.72791e-15 0)
(-3.86397e-15 -2.35199e-15 0)
(-3.02398e-15 -4.03196e-15 0)
(-4.87196e-15 -5.03995e-15 0)
(-5.03996e-16 -6.04794e-15 0)
(3.19195e-15 -7.05595e-15 0)
(-8.39989e-16 -5.03989e-15 0)
(-2.18397e-15 -7.72793e-15 0)
(8.39988e-16 -8.39993e-15 0)
(5.12264e-21 -8.73588e-15 0)
(4.03193e-15 -5.03995e-15 0)
(-1.67968e-16 -3.024e-15 0)
(4.19994e-15 -3.36024e-16 0)
(2.88581e-20 -4.03197e-15 0)
(2.51997e-15 -1.34399e-15 0)
(3.3601e-16 2.01596e-15 0)
(5.04015e-16 3.35991e-16 0)
(1.84798e-15 -1.34398e-15 0)
(6.88792e-15 -3.02395e-15 0)
(1.84802e-15 1.00798e-15 0)
(2.18398e-15 3.35994e-15 0)
(-2.35196e-15 3.36003e-16 0)
(-3.36011e-16 4.70392e-15 0)
(6.21591e-15 -6.71932e-16 0)
(-2.51992e-15 4.70393e-15 0)
(3.52794e-15 -3.69593e-15 0)
(-1.008e-15 2.68795e-15 0)
(-1.34395e-15 -3.36017e-16 0)
(3.35991e-16 1.344e-15 0)
(6.71973e-16 6.71952e-16 0)
(-5.71194e-15 -4.03193e-15 0)
(-3.52799e-15 -1.68e-15 0)
(-2.01601e-15 -1.67998e-15 0)
(-4.53593e-15 -2.35198e-15 0)
(-8.40008e-16 3.35985e-16 0)
(5.04004e-16 -3.02398e-15 0)
(-1.512e-15 -3.02404e-15 0)
(-6.71996e-16 -3.02396e-15 0)
(-8.39968e-16 -4.70397e-15 0)
(6.71997e-16 3.35955e-16 0)
(-1.84794e-15 -1.00801e-15 0)
(5.3759e-15 -1.344e-15 0)
(4.19996e-15 -4.03195e-15 0)
(1.008e-15 -3.35993e-15 0)
(2.35198e-15 3.35956e-16 0)
(8.40005e-16 -6.71978e-16 0)
(4.53592e-15 -1.00799e-15 0)
(-6.71935e-16 2.01596e-15 0)
(4.70397e-15 -1.34397e-15 0)
(9.07187e-15 6.71986e-16 0)
(1.67998e-15 -4.36792e-15 0)
(-1.34397e-15 -1.00798e-15 0)
(-8.39967e-16 -1.67996e-15 0)
(-1.51197e-15 4.7039e-15 0)
(1.84797e-15 4.03198e-15 0)
(-1.34396e-15 3.69594e-15 0)
(-1.68003e-16 -1.34398e-15 0)
(5.20791e-15 -2.01594e-15 0)
(1.51198e-15 1.00796e-15 0)
(-1.00798e-15 -3.35995e-15 0)
(-5.11516e-20 -2.39853e-20 0)
(-9.23989e-15 -2.35198e-15 0)
(-1.68001e-15 2.01593e-15 0)
(-2.01601e-15 -3.35997e-15 0)
(-2.35194e-15 1.00796e-15 0)
(2.18394e-15 -2.68793e-15 0)
(-3.19193e-15 -1.34397e-15 0)
(1.17598e-15 -3.69602e-15 0)
(3.19195e-15 -3.69594e-15 0)
(2.35197e-15 -5.03997e-15 0)
(-1.00798e-15 -5.03994e-15 0)
(8.40018e-16 -2.01599e-15 0)
(2.01597e-15 -3.35997e-15 0)
(2.68797e-15 1.00793e-15 0)
(2.35198e-15 -3.02395e-15 0)
(3.36012e-16 -6.04792e-15 0)
(5.04042e-16 -2.94418e-21 0)
(6.38389e-15 1.34398e-15 0)
(7.7279e-15 3.35998e-16 0)
(1.51205e-15 -6.71995e-16 0)
(-6.71982e-16 -3.36002e-16 0)
(-2.01597e-15 -3.69595e-15 0)
(4.87192e-15 -6.71997e-16 0)
(-2.51995e-15 -5.37589e-15 0)
(6.88787e-15 3.69594e-15 0)
(-3.35995e-15 -1.34399e-15 0)
(1.176e-15 -4.27453e-21 0)
(-1.00795e-15 -3.41525e-20 0)
(2.85595e-15 -1.00796e-15 0)
(-6.72002e-16 6.04787e-15 0)
(-6.3839e-15 -1.344e-15 0)
(-6.21595e-15 -1.344e-15 0)
(-1.68002e-15 -3.02394e-15 0)
(-7.39188e-15 -1.57429e-20 0)
(4.19992e-15 -3.69594e-15 0)
(-3.86393e-15 -3.36035e-16 0)
(1.34395e-15 -3.02399e-15 0)
(-5.03995e-16 -6.38389e-15 0)
(7.91118e-21 -6.04796e-15 0)
(3.86395e-15 -4.70394e-15 0)
(-3.35987e-16 -3.696e-15 0)
(1.34399e-15 -7.72789e-15 0)
(2.68796e-15 -2.01603e-15 0)
(1.34401e-15 -5.03992e-15 0)
(-3.35968e-16 -2.68799e-15 0)
(7.05588e-15 -1.00802e-15 0)
(3.52797e-15 -6.72003e-16 0)
(-1.67962e-16 3.35977e-16 0)
(3.696e-15 2.68793e-15 0)
(4.87193e-15 -1.67997e-15 0)
(3.36008e-16 2.68792e-15 0)
(3.69593e-15 -3.02398e-15 0)
(-1.00796e-15 2.35194e-15 0)
(8.39986e-16 4.70393e-15 0)
(-3.0239e-15 6.71978e-16 0)
(4.03191e-15 -3.02391e-15 0)
(-1.67998e-15 -1.34398e-15 0)
(2.18399e-15 -1.00798e-15 0)
(8.4001e-16 -2.68797e-15 0)
(1.67995e-15 -7.72785e-15 0)
(-5.87994e-15 -2.01599e-15 0)
(-7.39193e-15 -7.39191e-15 0)
(-1.51199e-15 -1.00803e-15 0)
(-2.18397e-15 -2.35198e-15 0)
(2.51995e-15 -1.68e-15 0)
(-4.53597e-15 -3.35996e-15 0)
(-1.67998e-15 -4.03193e-15 0)
(3.36005e-16 1.00789e-15 0)
(-1.67998e-16 -3.69597e-15 0)
(3.86397e-15 -6.72038e-16 0)
(1.51199e-15 -4.03195e-15 0)
(1.008e-15 -6.04793e-15 0)
(1.17599e-15 -5.37594e-15 0)
(2.85598e-15 -5.7119e-15 0)
(-3.36005e-16 -2.68798e-15 0)
(8.40052e-16 -1.34402e-15 0)
(6.71987e-15 -6.04791e-15 0)
(2.184e-15 -4.70392e-15 0)
(6.55194e-15 -1.008e-15 0)
(1.84801e-15 -3.02398e-15 0)
(1.34397e-15 -4.36794e-15 0)
(-2.18395e-15 -2.35199e-15 0)
(3.86395e-15 -5.03994e-15 0)
(-1.67975e-16 3.35989e-16 0)
(2.85595e-15 -2.01594e-15 0)
(-8.39956e-16 5.71187e-15 0)
(-2.18397e-15 6.7198e-16 0)
(1.02479e-14 -3.02393e-15 0)
(1.67997e-15 -3.35996e-15 0)
(1.00797e-15 5.0399e-15 0)
(-6.38396e-15 3.35993e-15 0)
(-5.37593e-15 -3.35995e-15 0)
(-4.87199e-15 -1.67996e-15 0)
(-1.17596e-15 -5.37593e-15 0)
(1.51197e-15 -3.35997e-15 0)
(-7.55989e-15 1.34396e-15 0)
(-2.85599e-15 -4.032e-15 0)
(1.34396e-15 -4.36791e-15 0)
(-2.51995e-15 -6.71989e-15 0)
(6.04794e-15 -5.71197e-15 0)
(-5.03998e-16 -3.36023e-16 0)
(1.34399e-15 -2.01601e-15 0)
(-1.00798e-15 -4.03196e-15 0)
(5.03993e-15 1.34389e-15 0)
(1.34401e-15 -4.36795e-15 0)
(7.2239e-15 -4.70394e-15 0)
(1.34405e-15 -1.68003e-15 0)
(-8.39963e-16 -2.35196e-15 0)
(6.88789e-15 -2.01597e-15 0)
(5.71196e-15 -6.38392e-15 0)
(-4.03196e-15 -3.35997e-15 0)
(-1.17597e-15 -6.72036e-16 0)
(1.67999e-15 -1.00798e-14 0)
(6.2159e-15 -6.7205e-16 0)
(1.512e-15 3.35963e-16 0)
(1.51199e-15 -5.3759e-15 0)
(-1.84799e-15 -1.00799e-15 0)
(-3.3599e-15 5.71186e-15 0)
(-1.35499e-20 -3.36009e-16 0)
(5.03976e-16 -5.37595e-15 0)
(-9.23987e-15 -7.05588e-15 0)
(-2.856e-15 5.37586e-15 0)
(-4.53596e-15 -3.02395e-15 0)
(-1.00799e-15 -1.34402e-15 0)
(1.00795e-15 -6.72018e-16 0)
(-2.68798e-15 -6.04794e-15 0)
(-4.53595e-15 -8.39994e-15 0)
(-5.04006e-16 -1.68003e-15 0)
(-3.36023e-16 1.67985e-15 0)
(6.38396e-15 -7.0559e-15 0)
(2.016e-15 -3.35999e-15 0)
(3.3602e-16 -1.00801e-15 0)
(-2.18396e-15 -6.38395e-15 0)
(1.84796e-15 -5.3759e-15 0)
(3.86397e-15 -3.36025e-16 0)
(6.72028e-16 -8.06389e-15 0)
(1.00798e-14 -2.01599e-15 0)
(1.17602e-15 -3.02401e-15 0)
(3.36069e-16 -2.35197e-15 0)
(6.55188e-15 2.68792e-15 0)
(-6.71975e-16 -3.69596e-15 0)
(-2.51995e-15 -4.7039e-15 0)
(5.37592e-15 1.67989e-15 0)
(1.68043e-16 -7.72786e-15 0)
(3.69596e-15 1.14801e-20 0)
(6.72019e-16 -6.72014e-16 0)
(-6.72009e-16 -2.68796e-15 0)
(1.51196e-15 -1.00797e-15 0)
(-1.17597e-15 -1.67997e-15 0)
(1.51195e-15 -3.69595e-15 0)
(-7.89594e-15 -3.02398e-15 0)
(-4.36796e-15 -6.71985e-15 0)
(-4.70556e-20 1.6799e-15 0)
(-2.52e-15 -3.02395e-15 0)
(-8.90383e-15 -5.37593e-15 0)
(-3.36042e-16 -8.06399e-15 0)
(-3.35998e-15 -1.20958e-14 0)
(-2.51996e-15 -5.37598e-15 0)
(-1.51196e-15 -1.10878e-14 0)
(4.19994e-15 -5.97436e-20 0)
(4.87193e-15 -9.74387e-15 0)
(3.02399e-15 -2.01603e-15 0)
(4.87192e-15 -8.73588e-15 0)
(-2.18392e-15 -1.00808e-15 0)
(1.51199e-15 -2.68798e-15 0)
(6.55191e-15 6.71949e-16 0)
(1.00808e-15 -2.68797e-15 0)
(7.05591e-15 -6.71964e-16 0)
(6.2159e-15 -5.37594e-15 0)
(-5.03928e-16 -1.34397e-15 0)
(6.71988e-16 -5.03992e-15 0)
(3.35994e-16 -1.68e-15 0)
(3.19197e-15 -4.03191e-15 0)
(3.02394e-15 -4.70398e-15 0)
(3.86396e-15 -1.68e-15 0)
(1.51198e-15 6.7197e-16 0)
(-5.03977e-16 -1.00699e-20 0)
(-1.67963e-16 -2.68795e-15 0)
(-6.71993e-16 1.67997e-15 0)
(3.36009e-16 -1.344e-15 0)
(-1.68002e-15 2.01598e-15 0)
(-1.22639e-14 3.69592e-15 0)
(-2.016e-15 -3.35993e-15 0)
(-5.87993e-15 -1.97966e-20 0)
(1.34392e-15 -5.03996e-15 0)
(-3.86397e-15 -9.40789e-15 0)
(-2.85595e-15 -1.68008e-15 0)
(-5.04012e-16 -6.04794e-15 0)
(-6.71978e-16 -3.69602e-15 0)
(2.51998e-15 -7.39189e-15 0)
(1.34403e-15 -5.71194e-15 0)
(4.87191e-15 -1.34396e-15 0)
(-2.01594e-15 6.71975e-16 0)
(6.71991e-15 -8.39985e-15 0)
(3.532e-20 -2.016e-15 0)
(6.38394e-15 1.50464e-20 0)
(8.23187e-15 1.00797e-15 0)
(5.04075e-16 1.34396e-15 0)
(5.20796e-15 5.71191e-15 0)
(1.67998e-15 1.00797e-15 0)
(1.67996e-15 2.35195e-15 0)
(8.02572e-21 7.39188e-15 0)
(-6.71979e-16 3.35992e-15 0)
(3.36038e-16 -1.67996e-15 0)
(2.18398e-15 -3.35995e-15 0)
(3.69597e-15 -2.68794e-15 0)
(-3.36001e-16 -2.35196e-15 0)
(4.87192e-15 3.02396e-15 0)
(3.35996e-16 1.00795e-15 0)
(3.3601e-16 -2.68798e-15 0)
(-3.19202e-15 1.34398e-15 0)
(-8.73589e-15 -3.35981e-16 0)
(1.67925e-16 -3.36007e-16 0)
(-1.14238e-14 1.00797e-15 0)
(-2.35199e-15 -1.008e-15 0)
(-7.05596e-15 -1.344e-15 0)
(-5.03991e-16 -2.68797e-15 0)
(6.71984e-16 -7.39192e-15 0)
(1.00801e-15 -3.35996e-15 0)
(4.36797e-15 -1.34402e-15 0)
(4.53593e-15 2.68792e-15 0)
(-3.35943e-16 3.35992e-15 0)
(2.51995e-15 6.72029e-16 0)
(4.53596e-15 2.35196e-15 0)
(3.19198e-15 -1.34395e-15 0)
(3.52799e-15 3.36028e-16 0)
(1.68066e-16 -1.00796e-15 0)
(1.02478e-14 1.34401e-15 0)
(6.71992e-15 5.31082e-21 0)
(1.00804e-15 3.36003e-16 0)
(-3.35994e-16 -6.71952e-16 0)
(-1.67994e-16 -6.71955e-16 0)
(2.01599e-15 3.16543e-20 0)
(1.34396e-15 3.02395e-15 0)
(4.70399e-15 1.00797e-15 0)
(6.71988e-15 1.00797e-15 0)
(-6.71988e-15 2.68794e-15 0)
(4.19993e-15 4.70389e-15 0)
(-5.03986e-16 1.00799e-15 0)
(6.95574e-21 -6.7198e-16 0)
(-3.52796e-15 2.016e-15 0)
(-6.04799e-15 4.36794e-15 0)
(-3.69596e-15 1.00799e-15 0)
(-7.55994e-15 -4.03191e-15 0)
(-5.20798e-15 -2.01598e-15 0)
(-7.39191e-15 2.68795e-15 0)
(-1.68003e-16 1.59906e-21 0)
(1.68008e-16 -3.36011e-16 0)
(6.38392e-15 1.34395e-15 0)
(3.69597e-15 -1.34397e-15 0)
(2.52001e-15 -1.00791e-15 0)
(1.51198e-15 -5.03988e-15 0)
(-8.40013e-16 9.0718e-15 0)
(4.70397e-15 6.38393e-15 0)
(3.02399e-15 4.36794e-15 0)
(8.06391e-15 8.06385e-15 0)
(3.35997e-15 2.01597e-15 0)
(4.03199e-15 3.35992e-15 0)
(1.68001e-15 -1.34396e-15 0)
(3.02395e-15 -6.71975e-16 0)
(-1.00797e-15 4.03188e-15 0)
(1.00798e-15 -2.35199e-15 0)
(1.17597e-15 2.35193e-15 0)
(-1.67993e-15 -3.69595e-15 0)
(7.72787e-15 -2.68798e-15 0)
(-1.51193e-15 -2.35199e-15 0)
(3.35975e-16 -3.02393e-15 0)
(1.17597e-15 -7.05587e-15 0)
(-1.67995e-15 -6.38393e-15 0)
(-8.39991e-16 3.69596e-15 0)
(-4.032e-15 7.39189e-15 0)
(-6.7199e-15 -2.35195e-15 0)
(-5.54398e-15 3.35998e-15 0)
(-7.39194e-15 5.71191e-15 0)
(-3.02401e-15 6.38392e-15 0)
(-4.87198e-15 2.352e-15 0)
(-8.39981e-16 -2.01593e-15 0)
(1.84796e-15 4.03195e-15 0)
(1.17603e-15 -2.35191e-15 0)
(7.05595e-15 4.03193e-15 0)
(4.19993e-15 -2.68802e-15 0)
(-2.51994e-15 -1.00801e-15 0)
(-7.96442e-21 -3.69586e-15 0)
(2.856e-15 -1.7374e-20 0)
(3.02402e-15 1.00802e-15 0)
(1.07518e-14 -1.00792e-15 0)
(5.03997e-15 8.06391e-15 0)
(1.00803e-15 3.5919e-20 0)
(2.01599e-15 -6.71968e-16 0)
(2.18396e-15 3.35996e-15 0)
(1.51195e-15 -3.02391e-15 0)
(-2.51994e-15 -1.67999e-15 0)
(1.68001e-16 -2.35196e-15 0)
(-1.00797e-15 6.71959e-16 0)
(3.52796e-15 -5.37592e-15 0)
(4.53595e-15 2.01596e-15 0)
(-9.30725e-21 -3.35997e-15 0)
(-3.86393e-15 3.35937e-16 0)
(-2.48088e-20 -1.07518e-14 0)
(-2.05017e-20 1.67998e-15 0)
(-9.40787e-15 -2.35195e-15 0)
(-2.85602e-15 -3.35995e-15 0)
(-4.70397e-15 1.67996e-15 0)
(-4.36797e-15 -1.67995e-15 0)
(-6.55192e-15 3.35999e-15 0)
(-4.70398e-15 5.71191e-15 0)
(-2.35196e-15 1.00799e-15 0)
(1.00797e-15 1.008e-15 0)
(-3.02392e-15 6.0479e-15 0)
(5.5439e-15 1.344e-15 0)
(4.53596e-15 4.70394e-15 0)
(-5.03954e-16 1.34397e-15 0)
(2.85595e-15 3.69591e-15 0)
(7.55992e-15 -3.02392e-15 0)
(5.20798e-15 4.03194e-15 0)
(4.87199e-15 4.70393e-15 0)
(4.87196e-15 3.02401e-15 0)
(2.01598e-15 2.35198e-15 0)
(4.19996e-15 6.71991e-15 0)
(-1.84796e-15 2.68797e-15 0)
(-1.00798e-15 -1.47534e-20 0)
(-1.34401e-15 -5.37592e-15 0)
(3.36005e-16 -3.35997e-15 0)
(1.84796e-15 -5.71188e-15 0)
(4.70397e-15 3.35953e-16 0)
(-1.00797e-15 -3.36e-16 0)
(-2.35197e-15 -1.8184e-20 0)
(-4.19999e-15 -6.04791e-15 0)
(-1.67997e-15 6.71946e-16 0)
(-5.03998e-16 1.00802e-15 0)
(-7.8959e-15 -4.36794e-15 0)
(-1.68049e-16 -1.67999e-15 0)
(-6.71989e-15 2.35198e-15 0)
(-3.52794e-15 6.71996e-16 0)
(-3.86397e-15 6.71994e-16 0)
(-5.8799e-15 -4.03189e-15 0)
(-3.69592e-15 6.71971e-16 0)
(-1.6799e-16 -3.35972e-16 0)
(2.35195e-15 -6.71989e-16 0)
(1.68005e-15 -5.03991e-15 0)
(2.01598e-15 -6.71944e-16 0)
(2.01592e-15 -5.37587e-15 0)
(1.67994e-15 -3.69594e-15 0)
(6.8879e-15 2.01597e-15 0)
(7.39186e-15 3.35991e-16 0)
(5.03991e-15 2.35197e-15 0)
(5.20794e-15 2.68794e-15 0)
(2.68793e-15 6.71995e-16 0)
(6.7204e-16 -3.36006e-16 0)
(-5.04008e-16 1.34398e-15 0)
(-1.00801e-15 1.67996e-15 0)
(-5.87984e-15 -1.67997e-15 0)
(1.00795e-15 -1.34398e-15 0)
(-3.35962e-16 1.6799e-15 0)
(8.73582e-15 -3.3599e-15 0)
(8.39998e-16 -2.35196e-15 0)
(-1.67998e-15 -6.71987e-16 0)
(-6.21587e-15 3.35991e-16 0)
(-1.00799e-15 3.36025e-16 0)
)
;

boundaryField
{
    outerWall
    {
        type            noSlip;
    }
    axis
    {
        type            symmetryPlane;
    }
    nozzle
    {
        type            zeroGradient;
    }
    back
    {
        type            empty;
    }
    front
    {
        type            empty;
    }
}


// ************************************************************************* //
