# x y_double y_float e_abs e_rel
0.010000000000000 10.000000000000000 10.000000000000000 0.000000000000000 0.000000000000000
0.020000000000000 7.071067811865476 7.071068286895752 -0.000000475030276 -0.000000067179426
0.030000000000000 5.773502691896257 5.773502826690674 -0.000000134794417 -0.000000023347078
0.040000000000000 5.000000000000000 5.000000000000000 0.000000000000000 0.000000000000000
0.050000000000000 4.472135954999580 4.472136020660400 -0.000000065660821 -0.000000014682206
0.060000000000000 4.082482904638630 4.082482814788818 0.000000089849811 0.000000022008619
0.070000000000000 3.779644730092272 3.779644727706909 0.000000002385363 0.000000000631108
0.080000000000000 3.535533905932738 3.535534143447876 -0.000000237515138 -0.000000067179426
0.090000000000000 3.333333333333333 3.333333253860474 0.000000079472860 0.000000023841858
0.100000000000000 3.162277660168379 3.162277698516846 -0.000000038348467 -0.000000012126850
0.110000000000000 3.015113445777637 3.015113353729248 0.000000092048388 0.000000030528997
0.120000000000000 2.886751345948129 2.886751413345337 -0.000000067397208 -0.000000023347078
0.130000000000000 2.773500981126146 2.773501157760620 -0.000000176634474 -0.000000063686465
0.140000000000000 2.672612419124244 2.672612428665161 -0.000000009540917 -0.000000003569884
0.150000000000000 2.581988897471611 2.581988811492920 0.000000085978691 0.000000033299404
0.160000000000000 2.500000000000000 2.500000000000000 0.000000000000000 0.000000000000000
0.170000000000000 2.425356250363329 2.425356149673462 0.000000100689868 0.000000041515496
0.180000000000000 2.357022603955158 2.357022523880005 0.000000080075153 0.000000033973010
0.190000000000000 2.294157338705618 2.294157266616821 0.000000072088796 0.000000031422778
0.200000000000000 2.236067977499789 2.236068010330200 -0.000000032830411 -0.000000014682206
0.210000000000000 2.182178902359924 2.182178974151611 -0.000000071791688 -0.000000032899084
0.220000000000000 2.132007163556104 2.132007122039795 0.000000041516309 0.000000019472875
0.230000000000000 2.085144140570747 2.085144281387329 -0.000000140816582 -0.000000067533260
0.240000000000000 2.041241452319315 2.041241407394409 0.000000044924906 0.000000022008619
0.250000000000000 2.000000000000000 2.000000000000000 0.000000000000000 0.000000000000000
0.260000000000000 1.961161351381840 1.961161375045776 -0.000000023663936 -0.000000012066287
0.270000000000000 1.924500897298752 1.924500942230225 -0.000000044931472 -0.000000023347078
0.280000000000000 1.889822365046136 1.889822363853455 0.000000001192681 0.000000000631108
0.290000000000000 1.856953381770518 1.856953501701355 -0.000000119930837 -0.000000064584732
0.300000000000000 1.825741858350554 1.825741767883301 0.000000090467253 0.000000049550955
0.310000000000000 1.796053020267748 1.796052932739258 0.000000087528491 0.000000048733801
0.320000000000000 1.767766952966368 1.767767071723938 -0.000000118757570 -0.000000067179426
0.330000000000000 1.740776559556978 1.740776538848877 0.000000020708101 0.000000011895898
0.340000000000000 1.714985851425088 1.714985847473145 0.000000003951943 0.000000002304359
0.350000000000000 1.690308509457033 1.690308451652527 0.000000057804506 0.000000034197607
0.360000000000000 1.666666666666667 1.666666626930237 0.000000039736430 0.000000023841858
0.370000000000000 1.643989873053572 1.643989920616150 -0.000000047562577 -0.000000028931186
0.380000000000000 1.622214211307625 1.622214317321777 -0.000000106014152 -0.000000065351513
0.390000000000000 1.601281538050871 1.601281523704529 0.000000014346342 0.000000008959288
0.400000000000000 1.581138830084189 1.581138849258423 -0.000000019174234 -0.000000012126850
0.410000000000000 1.561737618886060 1.561737537384033 0.000000081502027 0.000000052186761
0.420000000000000 1.543033499620919 1.543033599853516 -0.000000100232597 -0.000000064958147
0.430000000000000 1.524985703326046 1.524985790252686 -0.000000086926639 -0.000000057001609
0.440000000000000 1.507556722888818 1.507556676864624 0.000000046024194 0.000000030528996
0.450000000000000 1.490711984999860 1.490712046623230 -0.000000061623370 -0.000000041338214
0.460000000000000 1.474419561548971 1.474419474601746 0.000000086947225 0.000000058970477
0.470000000000000 1.458649914978945 1.458649873733521 0.000000041245425 0.000000028276439
0.480000000000000 1.443375672974064 1.443375706672668 -0.000000033698605 -0.000000023347078
0.490000000000000 1.428571428571428 1.428571462631226 -0.000000034059797 -0.000000023841858
0.500000000000000 1.414213562373095 1.414213538169861 0.000000024203234 0.000000017114271
0.510000000000000 1.400280084028009 1.400279998779297 0.000000085248713 0.000000060879758
0.520000000000000 1.386750490563073 1.386750578880310 -0.000000088317238 -0.000000063686466
0.530000000000000 1.373605639486890 1.373605728149414 -0.000000088662524 -0.000000064547292
0.540000000000000 1.360827634879543 1.360827565193176 0.000000069686367 0.000000051208812
0.550000000000000 1.348399724926484 1.348399639129639 0.000000085796845 0.000000063628643
0.560000000000000 1.336306209562122 1.336306214332581 -0.000000004770459 -0.000000003569885
0.570000000000000 1.324532357065044 1.324532389640808 -0.000000032575765 -0.000000024594163
0.580000000000000 1.313064328597225 1.313064336776733 -0.000000008179508 -0.000000006229328
0.590000000000000 1.301889109808238 1.301889181137085 -0.000000071328847 -0.000000054788727
0.600000000000000 1.290994448735805 1.290994405746460 0.000000042989345 0.000000033299404
0.610000000000000 1.280368799328959 1.280368804931641 -0.000000005602681 -0.000000004375834
0.620000000000000 1.270001270001905 1.270001292228699 -0.000000022226794 -0.000000017501395
0.630000000000000 1.259881576697424 1.259881615638733 -0.000000038941309 -0.000000030908706
0.640000000000000 1.250000000000000 1.250000000000000 -0.000000000000000 -0.000000000000000
0.650000000000000 1.240347345892084 1.240347385406494 -0.000000039514410 -0.000000031857536
0.660000000000000 1.230914909793327 1.230914831161499 0.000000078631828 0.000000063880799
0.670000000000000 1.221694443563052 1.221694469451904 -0.000000025888852 -0.000000021190939
0.680000000000000 1.212678125181665 1.212678074836731 0.000000050344934 0.000000041515496
0.690000000000000 1.203858530857692 1.203858613967896 -0.000000083110204 -0.000000069036520
0.700000000000000 1.195228609334393 1.195228576660156 0.000000032674237 0.000000027337228
0.710000000000000 1.186781658193853 1.186781644821167 0.000000013372686 0.000000011268026
0.720000000000000 1.178511301977579 1.178511261940002 0.000000040037576 0.000000033973010
0.730000000000000 1.170411471961305 1.170411467552185 0.000000004409120 0.000000003767154
0.740000000000000 1.162476387438192 1.162476420402527 -0.000000032964334 -0.000000028356993
0.750000000000000 1.154700538379251 1.154700517654419 0.000000020724832 0.000000017948231
0.760000000000000 1.147078669352809 1.147078633308411 0.000000036044398 0.000000031422778
0.770000000000000 1.139605764596379 1.139605760574341 0.000000004022038 0.000000003529324
0.780000000000000 1.132277034144596 1.132277011871338 0.000000022273258 0.000000019671209
0.790000000000000 1.125087900926024 1.125087857246399 0.000000043679625 0.000000038823300
0.800000000000000 1.118033988749894 1.118034005165100 -0.000000016415206 -0.000000014682206
0.810000000000000 1.111111111111111 1.111111164093018 -0.000000052981907 -0.000000047683716
0.820000000000001 1.104315260748465 1.104315280914307 -0.000000020165841 -0.000000018260946
0.830000000000001 1.097642599896903 1.097642660140991 -0.000000060244088 -0.000000054884976
0.840000000000001 1.091089451179962 1.091089487075806 -0.000000035895844 -0.000000032899085
0.850000000000001 1.084652289093281 1.084652304649353 -0.000000015556072 -0.000000014341990
0.860000000000001 1.078327732034384 1.078327775001526 -0.000000042967142 -0.000000039846088
0.870000000000001 1.072112534837794 1.072112560272217 -0.000000025434422 -0.000000023723650
0.880000000000001 1.066003581778052 1.066003561019897 0.000000020758155 0.000000019472875
0.890000000000001 1.059997880006360 1.059997916221619 -0.000000036215259 -0.000000034165407
0.900000000000001 1.054092553389459 1.054092645645142 -0.000000092255682 -0.000000087521425
0.910000000000001 1.048284836721918 1.048284888267517 -0.000000051545599 -0.000000049171368
0.920000000000001 1.042572070285373 1.042572140693665 -0.000000070408291 -0.000000067533260
0.930000000000001 1.036951694730425 1.036951661109924 0.000000033620501 0.000000032422437
0.940000000000001 1.031421246258793 1.031421303749084 -0.000000057490291 -0.000000055738906
0.950000000000001 1.025978352085154 1.025978326797485 0.000000025287668 0.000000024647370
0.960000000000001 1.020620726159657 1.020620703697205 0.000000022462453 0.000000022008619
0.970000000000001 1.015346165133619 1.015346169471741 -0.000000004338122 -0.000000004272555
0.980000000000001 1.010152544552210 1.010152459144592 0.000000085407618 0.000000084549228
0.990000000000001 1.005037815259212 1.005037784576416 0.000000030682796 0.000000030528996
1.000000000000001 1.000000000000000 1.000000000000000 -0.000000000000000 -0.000000000000000
1.010000000000001 0.995037190209989 0.995037138462067 0.000000051747922 0.000000052006018
1.020000000000001 0.990147542976674 0.990147531032562 0.000000011944112 0.000000012062962
1.030000000000001 0.985329278164293 0.985329329967499 -0.000000051803206 -0.000000052574512
1.040000000000001 0.980580675690920 0.980580687522888 -0.000000011831968 -0.000000012066287
1.050000000000001 0.975900072948533 0.975900113582611 -0.000000040634078 -0.000000041637540
1.060000000000001 0.971285862357264 0.971285939216614 -0.000000076859350 -0.000000079131544
1.070000000000001 0.966736489045663 0.966736435890198 0.000000053155465 0.000000054984441
1.080000000000001 0.962250448649376 0.962250471115112 -0.000000022465736 -0.000000023347078
1.090000000000001 0.957826285221151 0.957826256752014 0.000000028469137 0.000000029722652
1.100000000000001 0.953462589245592 0.953462600708008 -0.000000011462416 -0.000000012021883
1.110000000000001 0.949157995752499 0.949158012866974 -0.000000017114475 -0.000000018031219
1.120000000000001 0.944911182523068 0.944911181926727 0.000000000596341 0.000000000631107
1.130000000000001 0.940720868383597 0.940720856189728 0.000000012193869 0.000000012962261
1.140000000000001 0.936585811581694 0.936585843563080 -0.000000031981386 -0.000000034146776
1.150000000000001 0.932504808240313 0.932504773139954 0.000000035100360 0.000000037640942
1.160000000000001 0.928476690885259 0.928476750850677 -0.000000059965419 -0.000000064584732
1.170000000000001 0.924500327042048 0.924500286579132 0.000000040462916 0.000000043767336
1.180000000000001 0.920574617898323 0.920574605464935 0.000000012433388 0.000000013506116
1.190000000000001 0.916698497028211 0.916698515415192 -0.000000018386981 -0.000000020057828
1.200000000000001 0.912870929175277 0.912870883941650 0.000000045233626 0.000000049550955
1.210000000000001 0.909090909090909 0.909090876579285 0.000000032511624 0.000000035762787
1.220000000000001 0.905357460425185 0.905357480049133 -0.000000019623948 -0.000000021675359
1.230000000000001 0.901669634667432 0.901669681072235 -0.000000046404803 -0.000000051465416
1.240000000000001 0.898026510133874 0.898026466369629 0.000000043764245 0.000000048733801
1.250000000000001 0.894427190999916 0.894427180290222 0.000000010709693 0.000000011973801
1.260000000000001 0.890870806374748 0.890870809555054 -0.000000003180306 -0.000000003569885
1.270000000000001 0.887356509416113 0.887356519699097 -0.000000010282983 -0.000000011588334
1.280000000000001 0.883883476483184 0.883883535861969 -0.000000059378785 -0.000000067179426
1.290000000000001 0.880450906325624 0.880450904369354 0.000000001956269 0.000000002221895
1.300000000000001 0.877058019307029 0.877057969570160 0.000000049736869 0.000000056708756
1.310000000000001 0.873704056661038 0.873704135417938 -0.000000078756901 -0.000000090141393
1.320000000000001 0.870388279778489 0.870388269424438 0.000000010354050 0.000000011895898
1.330000000000001 0.867109969524120 0.867109954357147 0.000000015166972 0.000000017491406
1.340000000000001 0.863868425581360 0.863868415355682 0.000000010225678 0.000000011837078
1.350000000000001 0.860662965823870 0.860662937164307 0.000000028659563 0.000000033299404
1.360000000000001 0.857492925712544 0.857492923736572 0.000000001975972 0.000000002304359
1.370000000000001 0.854357657716761 0.854357659816742 -0.000000002099981 -0.000000002457965
1.380000000000001 0.851256530758748 0.851256549358368 -0.000000018599620 -0.000000021849606
1.390000000000001 0.848188929679971 0.848188936710358 -0.000000007030387 -0.000000008288704
1.400000000000001 0.845154254728516 0.845154225826263 0.000000028902253 0.000000034197607
1.410000000000001 0.842151921066519 0.842151939868927 -0.000000018802408 -0.000000022326623
1.420000000000001 0.839181358296689 0.839181363582611 -0.000000005285922 -0.000000006298903
1.430000000000001 0.836242010007090 0.836242020130157 -0.000000010123067 -0.000000012105428
1.440000000000001 0.833333333333333 0.833333313465118 0.000000019868215 0.000000023841858
1.450000000000001 0.830454798537399 0.830454766750336 0.000000031787064 0.000000038276693
1.460000000000001 0.827605888602368 0.827605843544006 0.000000045058361 0.000000054444225
1.470000000000001 0.824786098842322 0.824786067008972 0.000000031833350 0.000000038595886
1.480000000000001 0.821994936526786 0.821994960308075 -0.000000023781289 -0.000000028931187
1.490000000000001 0.819231920519040 0.819231927394867 -0.000000006875827 -0.000000008393016
1.500000000000001 0.816496580927726 0.816496551036835 0.000000029890891 0.000000036608715
1.510000000000001 0.813788458771159 0.813788473606110 -0.000000014834950 -0.000000018229492
1.520000000000001 0.811107105653812 0.811107158660889 -0.000000053007076 -0.000000065351513
1.530000000000001 0.808452083454443 0.808452069759369 0.000000013695074 0.000000016939871
1.540000000000001 0.805822964025380 0.805822968482971 -0.000000004457591 -0.000000005531725
1.550000000000001 0.803219328902499 0.803219318389893 0.000000010512606 0.000000013088089
1.560000000000001 0.800640769025435 0.800640761852264 0.000000007173171 0.000000008959288
1.570000000000001 0.798086884467622 0.798086881637573 0.000000002830049 0.000000003546041
1.580000000000001 0.795557284175730 0.795557260513306 0.000000023662424 0.000000029743206
1.590000000000001 0.793051585718144 0.793051600456238 -0.000000014738094 -0.000000018584029
1.600000000000001 0.790569415042095 0.790569424629211 -0.000000009587117 -0.000000012126850
1.610000000000001 0.788110406239100 0.788110435009003 -0.000000028769902 -0.000000036504914
1.620000000000001 0.785674201318386 0.785674214363098 -0.000000013044712 -0.000000016603208
1.630000000000001 0.783260449987957 0.783260405063629 0.000000044924328 0.000000057355542
1.640000000000001 0.780868809443030 0.780868768692017 0.000000040751013 0.000000052186760
1.650000000000001 0.778498944161523 0.778498947620392 -0.000000003458869 -0.000000004442998
1.660000000000001 0.776150525706333 0.776150524616241 0.000000001090091 0.000000001404484
1.670000000000001 0.773823232534137 0.773823261260986 -0.000000028726850 -0.000000037123271
1.680000000000001 0.771516749810459 0.771516799926758 -0.000000050116299 -0.000000064958147
1.690000000000001 0.769230769230769 0.769230723381042 0.000000045849726 0.000000059604644
1.700000000000001 0.766964988847370 0.766964972019196 0.000000016828175 0.000000021941255
1.710000000000001 0.764719112901872 0.764719128608704 -0.000000015706831 -0.000000020539347
1.720000000000001 0.762492851663023 0.762492895126343 -0.000000043463320 -0.000000057001609
1.730000000000001 0.760285921269705 0.760285913944244 0.000000007325461 0.000000009635139
1.740000000000001 0.758098043578903 0.758098065853119 -0.000000022274216 -0.000000029381709
1.750000000000001 0.755928946018454 0.755928993225098 -0.000000047206643 -0.000000062448519
1.760000000000001 0.753778361444409 0.753778338432312 0.000000023012097 0.000000030528996
1.770000000000001 0.751646028002829 0.751646041870117 -0.000000013867289 -0.000000018449228
1.780000000000001 0.749531688995861 0.749531686306000 0.000000002689861 0.000000003588723
1.790000000000001 0.747435092751936 0.747435152530670 -0.000000059778735 -0.000000079978496
1.800000000000001 0.745355992499930 0.745356023311615 -0.000000030811685 -0.000000041338214
1.810000000000001 0.743294146247166 0.743294119834900 0.000000026412266 0.000000035534070
1.820000000000001 0.741249316661101 0.741249322891235 -0.000000006230135 -0.000000008404911
1.830000000000001 0.739221270954573 0.739221215248108 0.000000055706465 0.000000075358309
1.840000000000001 0.737209780774485 0.737209737300873 0.000000043473613 0.000000058970477
1.850000000000001 0.735214622093807 0.735214591026306 0.000000031067501 0.000000042256370
1.860000000000001 0.733235575106766 0.733235597610474 -0.000000022503707 -0.000000030690965
1.870000000000001 0.731272424127130 0.731272399425507 0.000000024701624 0.000000033778962
1.880000000000001 0.729324957489473 0.729324936866760 0.000000020622712 0.000000028276439
1.890000000000001 0.727392967453308 0.727392971515656 -0.000000004062348 -0.000000005584805
1.900000000000001 0.725476250110011 0.725476264953613 -0.000000014843602 -0.000000020460493
1.910000000000001 0.723574605292421 0.723574578762054 0.000000026530367 0.000000036665697
1.920000000000001 0.721687836487032 0.721687853336334 -0.000000016849302 -0.000000023347078
1.930000000000001 0.719815750748694 0.719815731048584 0.000000019700110 0.000000027368268
1.940000000000002 0.717958158617738 0.717958152294159 0.000000006323579 0.000000008807726
1.950000000000002 0.716114874039433 0.716114819049835 0.000000054989597 0.000000076788794
1.960000000000002 0.714285714285714 0.714285731315613 -0.000000017029899 -0.000000023841858
1.970000000000002 0.712470499879096 0.712470531463623 -0.000000031584527 -0.000000044330996
1.980000000000002 0.710669054518701 0.710669040679932 0.000000013838770 0.000000019472875
1.990000000000002 0.708881205008336 0.708881199359894 0.000000005648442 0.000000007968108
2.000000000000001 0.707106781186547 0.707106769084930 0.000000012101617 0.000000017114271
2.010000000000001 0.705345615858598 0.705345630645752 -0.000000014787154 -0.000000020964409
2.020000000000001 0.703597544730292 0.703597545623779 -0.000000000893488 -0.000000001269885
2.030000000000001 0.701862406343596 0.701862394809723 0.000000011533873 0.000000016433240
2.040000000000000 0.700140042014005 0.700139999389648 0.000000042624356 0.000000060879758
2.050000000000000 0.698430295769578 0.698430299758911 -0.000000003989333 -0.000000005711856
2.060000000000000 0.696733014291618 0.696733057498932 -0.000000043207314 -0.000000062014162
2.070000000000000 0.695048046856916 0.695048034191132 0.000000012665784 0.000000018222890
2.080000000000000 0.693375245281536 0.693375289440155 -0.000000044158619 -0.000000063686465
2.089999999999999 0.691714463866075 0.691714465618134 -0.000000001752059 -0.000000002532922
2.099999999999999 0.690065559342354 0.690065562725067 -0.000000003382713 -0.000000004902017
2.109999999999999 0.688428390821514 0.688428401947021 -0.000000011125507 -0.000000016160733
2.119999999999999 0.686802819743445 0.686802864074707 -0.000000044331262 -0.000000064547291
2.129999999999999 0.685188709827532 0.685188651084900 0.000000058742632 0.000000085732049
2.139999999999998 0.683585927024663 0.683585882186890 0.000000044837774 0.000000065592008
2.149999999999998 0.681994339470474 0.681994318962097 0.000000020508377 0.000000030071183
2.159999999999998 0.680413817439772 0.680413782596588 0.000000034843184 0.000000051208813
2.169999999999998 0.678844233302131 0.678844273090363 -0.000000039788231 -0.000000058611725
2.179999999999997 0.677285461478597 0.677285492420197 -0.000000030941600 -0.000000045684725
2.189999999999997 0.675737378399486 0.675737380981445 -0.000000002581959 -0.000000003820950
2.199999999999997 0.674199862463243 0.674199819564819 0.000000042898423 0.000000063628644
2.209999999999997 0.672672793996313 0.672672808170319 -0.000000014174006 -0.000000021071174
2.219999999999997 0.671156055214025 0.671156048774719 0.000000006439306 0.000000009594349
2.229999999999996 0.669649530182426 0.669649541378021 -0.000000011195596 -0.000000016718590
2.239999999999996 0.668153104781061 0.668153107166290 -0.000000002385229 -0.000000003569884
2.249999999999996 0.666666666666667 0.666666686534882 -0.000000019868214 -0.000000029802321
2.259999999999996 0.665190105237740 0.665190100669861 0.000000004567879 0.000000006867028
2.269999999999996 0.663723311599973 0.663723349571228 -0.000000037971255 -0.000000057209465
2.279999999999995 0.662266178532523 0.662266194820404 -0.000000016287881 -0.000000024594162
2.289999999999995 0.660818600455090 0.660818636417389 -0.000000035962298 -0.000000054420833
2.299999999999995 0.659380473395788 0.659380495548248 -0.000000022152461 -0.000000033595870
2.309999999999995 0.657951694959770 0.657951712608337 -0.000000017648568 -0.000000026823500
2.319999999999995 0.656532164298614 0.656532168388367 -0.000000004089753 -0.000000006229326
2.329999999999994 0.655121782080419 0.655121803283691 -0.000000021203272 -0.000000032365390
2.339999999999994 0.653720450460614 0.653720438480377 0.000000011980237 0.000000018326239
2.349999999999994 0.652328073053443 0.652328073978424 -0.000000000924981 -0.000000001417969
2.359999999999994 0.650944554904120 0.650944590568542 -0.000000035664422 -0.000000054788725
2.369999999999993 0.649569802461632 0.649569809436798 -0.000000006975166 -0.000000010738132
2.379999999999993 0.648203723552165 0.648203730583191 -0.000000007031026 -0.000000010846938
2.389999999999993 0.646846227353152 0.646846175193787 0.000000052159365 0.000000080636422
2.399999999999993 0.645497224367904 0.645497202873230 0.000000021494674 0.000000033299405
2.409999999999993 0.644156626400832 0.644156634807587 -0.000000008406755 -0.000000013050793
2.419999999999992 0.642824346533226 0.642824351787567 -0.000000005254341 -0.000000008173836
2.429999999999992 0.641500299099585 0.641500294208527 0.000000004891059 0.000000007624406
2.439999999999992 0.640184399664481 0.640184402465820 -0.000000002801339 -0.000000004375832
2.449999999999992 0.638876564999941 0.638876557350159 0.000000007649782 0.000000011973803
2.459999999999992 0.637576713063339 0.637576699256897 0.000000013806442 0.000000021654559
2.469999999999991 0.636284762975779 0.636284768581390 -0.000000005605611 -0.000000008809910
2.479999999999991 0.635000635000954 0.635000646114349 -0.000000011113396 -0.000000017501393
2.489999999999991 0.633724250524479 0.633724272251129 -0.000000021726650 -0.000000034284075
2.499999999999991 0.632455532033677 0.632455527782440 0.000000004251237 0.000000006721796
2.509999999999990 0.631194403097804 0.631194412708282 -0.000000009610478 -0.000000015225861
2.519999999999990 0.629940788348713 0.629940807819366 -0.000000019470653 -0.000000030908704
2.529999999999990 0.628694613461933 0.628694593906403 0.000000019555530 0.000000031104975
2.539999999999990 0.627455805138160 0.627455830574036 -0.000000025435876 -0.000000040538115
2.549999999999990 0.626224291085151 0.626224279403687 0.000000011681464 0.000000018653802
2.559999999999989 0.625000000000001 0.625000000000000 0.000000000000001 0.000000000000002
2.569999999999989 0.623782861551807 0.623782873153687 -0.000000011601880 -0.000000018599228
2.579999999999989 0.622572806364692 0.622572839260101 -0.000000032895410 -0.000000052837852
2.589999999999989 0.621369766001201 0.621369779109955 -0.000000013108753 -0.000000021096542
2.599999999999989 0.620173672946044 0.620173692703247 -0.000000019757203 -0.000000031857533
2.609999999999988 0.618984460590174 0.618984460830688 -0.000000000240514 -0.000000000388563
2.619999999999988 0.617802063215217 0.617802083492279 -0.000000020277062 -0.000000032821293
2.629999999999988 0.616626415978209 0.616626441478729 -0.000000025500520 -0.000000041354894
2.639999999999988 0.615457454896665 0.615457415580750 0.000000039315916 0.000000063880802
2.649999999999987 0.614295116833953 0.614295065402985 0.000000051430968 0.000000083723550
2.659999999999987 0.613139339484967 0.613139331340790 0.000000008144177 0.000000013282751
2.669999999999987 0.611990061362106 0.611990034580231 0.000000026781875 0.000000043761945
2.679999999999987 0.610847221781528 0.610847234725952 -0.000000012944425 -0.000000021190936
2.689999999999987 0.609710760849694 0.609710752964020 0.000000007885674 0.000000012933467
2.699999999999986 0.608580619450186 0.608580589294434 0.000000030155752 0.000000049550958
2.709999999999986 0.607456739230789 0.607456743717194 -0.000000004486405 -0.000000007385555
2.719999999999986 0.606339062590834 0.606339037418365 0.000000025172468 0.000000041515498
2.729999999999986 0.605227532668804 0.605227530002594 0.000000002666210 0.000000004405302
2.739999999999986 0.604122093330179 0.604122102260590 -0.000000008930411 -0.000000014782461
2.749999999999985 0.603022689155529 0.603022694587708 -0.000000005432179 -0.000000009008249
2.759999999999985 0.601929265428848 0.601929306983948 -0.000000041555100 -0.000000069036517
2.769999999999985 0.600841768126111 0.600841760635376 0.000000007490735 0.000000012467068
2.779999999999985 0.599760143904069 0.599760115146637 0.000000028757432 0.000000047948221
2.789999999999984 0.598684340089251 0.598684310913086 0.000000029176165 0.000000048733804
2.799999999999984 0.597614304667198 0.597614288330078 0.000000016337120 0.000000027337231
2.809999999999984 0.596549986271895 0.596549987792969 -0.000000001521073 -0.000000002549784
2.819999999999984 0.595491334175415 0.595491349697113 -0.000000015521698 -0.000000026065363
2.829999999999984 0.594438298277766 0.594438314437866 -0.000000016160100 -0.000000027185497
2.839999999999983 0.593390829096928 0.593390822410583 0.000000006686345 0.000000011268029
2.849999999999983 0.592348877759094 0.592348873615265 0.000000004143829 0.000000006995589
2.859999999999983 0.591312395989084 0.591312408447266 -0.000000012458181 -0.000000021068696
2.869999999999983 0.590281336100957 0.590281367301941 -0.000000031200984 -0.000000052857819
2.879999999999983 0.589255650988791 0.589255630970001 0.000000020018790 0.000000033973013
2.889999999999982 0.588235294117649 0.588235259056091 0.000000035061558 0.000000059604648
2.899999999999982 0.587220219514705 0.587220191955566 0.000000027559139 0.000000046931522
2.909999999999982 0.586210381760551 0.586210370063782 0.000000011696769 0.000000019953194
2.919999999999982 0.585205735980655 0.585205733776093 0.000000002204562 0.000000003767157
2.929999999999982 0.584206237836988 0.584206223487854 0.000000014349134 0.000000024561761
2.939999999999981 0.583211843519806 0.583211839199066 0.000000004320740 0.000000007408526
2.949999999999981 0.582222509739584 0.582222461700439 0.000000048039144 0.000000082509940
2.959999999999981 0.581238193719098 0.581238210201263 -0.000000016482165 -0.000000028356989
2.969999999999981 0.580258853185661 0.580258846282959 0.000000006902702 0.000000011895902
2.979999999999980 0.579284446363494 0.579284429550171 0.000000016813323 0.000000029024296
2.989999999999980 0.578314931966242 0.578314960002899 -0.000000028036657 -0.000000048479912
2.999999999999980 0.577350269189628 0.577350258827209 0.000000010362418 0.000000017948235
3.009999999999980 0.576390417704237 0.576390385627747 0.000000032076490 0.000000055650631
3.019999999999980 0.575435337648438 0.575435340404510 -0.000000002756072 -0.000000004789543
3.029999999999979 0.574484989621428 0.574485003948212 -0.000000014326784 -0.000000024938482
3.039999999999979 0.573539334676406 0.573539316654205 0.000000018022201 0.000000031422781
3.049999999999979 0.572598334313870 0.572598338127136 -0.000000003813266 -0.000000006659583
3.059999999999979 0.571661950475031 0.571661949157715 0.000000001317317 0.000000002304363
3.069999999999979 0.570730145535352 0.570730149745941 -0.000000004210590 -0.000000007377549
3.079999999999978 0.569802882298192 0.569802880287170 0.000000002011021 0.000000003529328
3.089999999999978 0.568880123988576 0.568880140781403 -0.000000016792826 -0.000000029519095
3.099999999999978 0.567961834247067 0.567961871623993 -0.000000037376926 -0.000000065808869
3.109999999999978 0.567047977123745 0.567048013210297 -0.000000036086552 -0.000000063639328
3.119999999999977 0.566138517072300 0.566138505935669 0.000000011136631 0.000000019671212
3.129999999999977 0.565233418944224 0.565233409404755 0.000000009539469 0.000000016877043
3.139999999999977 0.564332647983102 0.564332664012909 -0.000000016029806 -0.000000028404889
3.149999999999977 0.563436169819013 0.563436150550842 0.000000019268171 0.000000034197611
3.159999999999977 0.562543950463014 0.562543928623199 0.000000021839815 0.000000038823304
3.169999999999976 0.561655956301732 0.561655938625336 0.000000017676397 0.000000031471930
3.179999999999976 0.560772154092046 0.560772180557251 -0.000000026465205 -0.000000047194220
3.189999999999976 0.559892510955856 0.559892535209656 -0.000000024253799 -0.000000043318671
3.199999999999976 0.559016994374950 0.559017002582550 -0.000000008207600 -0.000000014682202
3.209999999999976 0.558145572185950 0.558145582675934 -0.000000010489984 -0.000000018794352
3.219999999999975 0.557278212575355 0.557278215885162 -0.000000003309807 -0.000000005939237
3.229999999999975 0.556414884074659 0.556414902210236 -0.000000018135576 -0.000000032593622
3.239999999999975 0.555555555555558 0.555555582046509 -0.000000026490951 -0.000000047683712
3.249999999999975 0.554700196225231 0.554700195789337 0.000000000435894 0.000000000785819
3.259999999999974 0.553848775621714 0.553848803043365 -0.000000027421652 -0.000000049511082
3.269999999999974 0.553001263609333 0.553001284599304 -0.000000020989971 -0.000000037956461
3.279999999999974 0.552157630374235 0.552157640457153 -0.000000010082918 -0.000000018260942
3.289999999999974 0.551317846419974 0.551317811012268 0.000000035407705 0.000000064223761
3.299999999999974 0.550481882563182 0.550481915473938 -0.000000032910756 -0.000000059785356
3.309999999999973 0.549649709929315 0.549649715423584 -0.000000005494269 -0.000000009995946
3.319999999999973 0.548821299948454 0.548821330070496 -0.000000030122042 -0.000000054884972
3.329999999999973 0.547996624351193 0.547996640205383 -0.000000015854190 -0.000000028931182
3.339999999999973 0.547175655164585 0.547175645828247 0.000000009336338 0.000000017062780
3.349999999999973 0.546358364708155 0.546358406543732 -0.000000041835576 -0.000000076571677
3.359999999999972 0.545544725589983 0.545544743537903 -0.000000017947920 -0.000000032899080
3.369999999999972 0.544734710702846 0.544734716415405 -0.000000005712560 -0.000000010486866
3.379999999999972 0.543928293220423 0.543928325176239 -0.000000031955816 -0.000000058750052
3.389999999999972 0.543125446593571 0.543125450611115 -0.000000004017544 -0.000000007397083
3.399999999999971 0.542326144546643 0.542326152324677 -0.000000007778034 -0.000000014341986
3.409999999999971 0.541530361073885 0.541530370712280 -0.000000009638396 -0.000000017798440
3.419999999999971 0.540738070435877 0.540738046169281 0.000000024266596 0.000000044876804
3.429999999999971 0.539949247156041 0.539949238300323 0.000000008855718 0.000000016401019
3.439999999999971 0.539163866017194 0.539163887500763 -0.000000021483569 -0.000000039846084
3.449999999999970 0.538381902058168 0.538381874561310 0.000000027496858 0.000000051073147
3.459999999999970 0.537603330570473 0.537603318691254 0.000000011879219 0.000000022096625
3.469999999999970 0.536828127095021 0.536828160285950 -0.000000033190928 -0.000000061827849
3.479999999999970 0.536056267418900 0.536056280136108 -0.000000012717209 -0.000000023723645
3.489999999999970 0.535287727572192 0.535287737846375 -0.000000010274183 -0.000000019193758
3.499999999999969 0.534522483824851 0.534522473812103 0.000000010012748 0.000000018732136
3.509999999999969 0.533760512683626 0.533760488033295 0.000000024650331 0.000000046182381
3.519999999999969 0.533001790889028 0.533001780509949 0.000000010379080 0.000000019472880
3.529999999999969 0.532246295412352 0.532246291637421 0.000000003774931 0.000000007092452
3.539999999999969 0.531494003452736 0.531494021415710 -0.000000017962974 -0.000000033797134
3.549999999999968 0.530744892434278 0.530744910240173 -0.000000017805896 -0.000000033548878
3.559999999999968 0.529998940003182 0.529998958110809 -0.000000018107627 -0.000000034165402
3.569999999999968 0.529256124024965 0.529256105422974 0.000000018601992 0.000000035147429
3.579999999999968 0.528516422581692 0.528516411781311 0.000000010800381 0.000000020435281
3.589999999999967 0.527779813969262 0.527779817581177 -0.000000003611915 -0.000000006843602
3.599999999999967 0.527046276694732 0.527046322822571 -0.000000046127838 -0.000000087521420
3.609999999999967 0.526315789473687 0.526315808296204 -0.000000018822517 -0.000000035762782
3.619999999999967 0.525588331227639 0.525588333606720 -0.000000002379081 -0.000000004526510
3.629999999999967 0.524863881081480 0.524863898754120 -0.000000017672639 -0.000000033670900
3.639999999999966 0.524142418360962 0.524142444133759 -0.000000025772797 -0.000000049171363
3.649999999999966 0.523423922590216 0.523423910140991 0.000000012449225 0.000000023784211
3.659999999999966 0.522708373489319 0.522708356380463 0.000000017108857 0.000000032731170
3.669999999999966 0.521995750971883 0.521995782852173 -0.000000031880290 -0.000000061073849
3.679999999999966 0.521286035142689 0.521286070346832 -0.000000035204143 -0.000000067533255
3.689999999999965 0.520579206295356 0.520579218864441 -0.000000012569085 -0.000000024144424
3.699999999999965 0.519875244910039 0.519875228404999 0.000000016505040 0.000000031748078
3.709999999999965 0.519174131651168 0.519174158573151 -0.000000026921983 -0.000000051855402
3.719999999999965 0.518475847365215 0.518475830554962 0.000000016810253 0.000000032422442
3.729999999999964 0.517780373078500 0.517780363559723 0.000000009518777 0.000000018383813
3.739999999999964 0.517087689995022 0.517087697982788 -0.000000007987766 -0.000000015447605
3.749999999999964 0.516397779494325 0.516397774219513 0.000000005274812 0.000000010214629
3.759999999999964 0.515710623129399 0.515710651874542 -0.000000028745143 -0.000000055738900
3.769999999999964 0.515026202624607 0.515026211738586 -0.000000009113979 -0.000000017696147
3.779999999999963 0.514344499873642 0.514344513416290 -0.000000013542648 -0.000000026329917
3.789999999999963 0.513665496937517 0.513665497303009 -0.000000000365492 -0.000000000711538
3.799999999999963 0.512989176042580 0.512989163398743 0.000000012643837 0.000000024647376
3.809999999999963 0.512315519578562 0.512315511703491 0.000000007875071 0.000000015371526
3.819999999999963 0.511644510096653 0.511644542217255 -0.000000032120601 -0.000000062779138
3.829999999999962 0.510976130307598 0.510976135730743 -0.000000005423145 -0.000000010613304
3.839999999999962 0.510310363079831 0.510310351848602 0.000000011231229 0.000000022008624
3.849999999999962 0.509647191437628 0.509647190570831 0.000000000866797 0.000000001700778
3.859999999999962 0.508986598559290 0.508986592292786 0.000000006266505 0.000000012311728
3.869999999999961 0.508328567775351 0.508328557014465 0.000000010760886 0.000000021169155
3.879999999999961 0.507673082566812 0.507673084735870 -0.000000002169058 -0.000000004272550
3.889999999999961 0.507020126563396 0.507020115852356 0.000000010711040 0.000000021125474
3.899999999999961 0.506369683541836 0.506369650363922 0.000000033177914 0.000000065521130
3.909999999999961 0.505721737424176 0.505721747875214 -0.000000010451037 -0.000000020665589
3.919999999999960 0.505076272276108 0.505076229572296 0.000000042703812 0.000000084549234
3.929999999999960 0.504433272305321 0.504433274269104 -0.000000001963783 -0.000000003893048
3.939999999999960 0.503792721859881 0.503792703151703 0.000000018708178 0.000000037134673
3.949999999999960 0.503154605426630 0.503154575824738 0.000000029601893 0.000000058832598
3.959999999999960 0.502518907629609 0.502518892288208 0.000000015341401 0.000000030529002
3.969999999999959 0.501885613228498 0.501885592937469 0.000000020291029 0.000000040429588
3.979999999999959 0.501254707117088 0.501254737377167 -0.000000030260079 -0.000000060368667
3.989999999999959 0.500626174321761 0.500626206398010 -0.000000032076249 -0.000000064072257
3.999999999999959 0.500000000000003 0.500000000000000 0.000000000000003 0.000000000000005
4.009999999999959 0.499376169438925 0.499376177787781 -0.000000008348856 -0.000000016718571
4.019999999999959 0.498754668053819 0.498754680156708 -0.000000012102889 -0.000000024266216
4.029999999999959 0.498135481386720 0.498135447502136 0.000000033884584 0.000000068022828
4.039999999999958 0.497518595104997 0.497518569231033 0.000000025873964 0.000000052006024
4.049999999999958 0.496903994999956 0.496903985738754 0.000000009261202 0.000000018637809
4.059999999999958 0.496291666985468 0.496291697025299 -0.000000030039831 -0.000000060528583
4.069999999999958 0.495681597096612 0.495681583881378 0.000000013215234 0.000000026660732
4.079999999999957 0.495073771488340 0.495073765516281 0.000000005972059 0.000000012062967
4.089999999999957 0.494468176434151 0.494468182325363 -0.000000005891212 -0.000000011914239
4.099999999999957 0.493864798324797 0.493864804506302 -0.000000006181505 -0.000000012516593
4.109999999999957 0.493263623666993 0.493263632059097 -0.000000008392105 -0.000000017013427
4.119999999999957 0.492664639082149 0.492664664983749 -0.000000025901600 -0.000000052574506
4.129999999999956 0.492067831305125 0.492067843675613 -0.000000012370488 -0.000000025139802
4.139999999999956 0.491473187182993 0.491473197937012 -0.000000010754019 -0.000000021881191
4.149999999999956 0.490880693673819 0.490880697965622 -0.000000004291803 -0.000000008743068
4.159999999999956 0.490290337845463 0.490290343761444 -0.000000005915981 -0.000000012066282
4.169999999999956 0.489702106874394 0.489702105522156 0.000000001352239 0.000000002761349
4.179999999999955 0.489115988044521 0.489115983247757 0.000000004796764 0.000000009807007
4.189999999999955 0.488531968746034 0.488531976938248 -0.000000008192214 -0.000000016769043
4.199999999999955 0.487950036474269 0.487950056791306 -0.000000020317036 -0.000000041637534
4.209999999999955 0.487370178828582 0.487370193004608 -0.000000014176026 -0.000000029086774
4.219999999999954 0.486792383511238 0.486792385578156 -0.000000002066917 -0.000000004245994
4.229999999999954 0.486216638326318 0.486216634511948 0.000000003814370 0.000000007845001
4.239999999999954 0.485642931178635 0.485642969608307 -0.000000038429672 -0.000000079131538
4.249999999999954 0.485071250072669 0.485071271657944 -0.000000021585275 -0.000000044499185
4.259999999999954 0.484501583111512 0.484501570463181 0.000000012648331 0.000000026105862
4.269999999999953 0.483933918495830 0.483933895826340 0.000000022669490 0.000000046844185
4.279999999999953 0.483368244522834 0.483368217945099 0.000000026577736 0.000000054984447
4.289999999999953 0.482804549585270 0.482804536819458 0.000000012765812 0.000000026440953
4.299999999999953 0.482242822170415 0.482242822647095 -0.000000000476680 -0.000000000988465
4.309999999999953 0.481683050859091 0.481683075428009 -0.000000024568918 -0.000000051006400
4.319999999999952 0.481125224324691 0.481125235557556 -0.000000011232865 -0.000000023347072
4.329999999999952 0.480569331332215 0.480569332838058 -0.000000001505843 -0.000000003133456
4.339999999999952 0.480015360737322 0.480015337467194 0.000000023270128 0.000000048477883
4.349999999999952 0.479463301485387 0.479463338851929 -0.000000037366542 -0.000000077934102
4.359999999999951 0.478913142610578 0.478913128376007 0.000000014234571 0.000000029722657
4.369999999999951 0.478364873234943 0.478364855051041 0.000000018183902 0.000000038012619
4.379999999999951 0.477818482567499 0.477818489074707 -0.000000006507208 -0.000000013618577
4.389999999999951 0.477273959903350 0.477273941040039 0.000000018863311 0.000000039523026
4.399999999999951 0.476731294622799 0.476731300354004 -0.000000005731205 -0.000000012021877
4.409999999999950 0.476190476190479 0.476190507411957 -0.000000031221478 -0.000000065565104
4.419999999999950 0.475651494154497 0.475651502609253 -0.000000008454756 -0.000000017775107
4.429999999999950 0.475114338145583 0.475114315748215 0.000000022397368 0.000000047141006
4.439999999999950 0.474578997876252 0.474579006433487 -0.000000008557235 -0.000000018031212
4.449999999999950 0.474045463139980 0.474045455455780 0.000000007684200 0.000000016209838
4.459999999999949 0.473513723810381 0.473513722419739 0.000000001390642 0.000000002936857
4.469999999999949 0.472983769840405 0.472983807325363 -0.000000037484958 -0.000000079252103
4.479999999999949 0.472455591261537 0.472455590963364 0.000000000298173 0.000000000631113
4.489999999999949 0.471929178183011 0.471929162740707 0.000000015442304 0.000000032721656
4.499999999999948 0.471404520791034 0.471404552459717 -0.000000031668682 -0.000000067179420
4.509999999999948 0.470881609348014 0.470881611108780 -0.000000001760766 -0.000000003739297
4.519999999999948 0.470360434191801 0.470360428094864 0.000000006096937 0.000000012962267
4.529999999999948 0.469840985734942 0.469840943813324 0.000000041921618 0.000000089225120
4.539999999999948 0.469323254463935 0.469323277473450 -0.000000023009515 -0.000000049027008
4.549999999999947 0.468807230938498 0.468807250261307 -0.000000019322809 -0.000000041216959
4.559999999999947 0.468292905790850 0.468292921781540 -0.000000015990690 -0.000000034146770
4.569999999999947 0.467780269724991 0.467780262231827 0.000000007493164 0.000000016018555
4.579999999999947 0.467269313516000 0.467269331216812 -0.000000017700812 -0.000000037881391
4.589999999999947 0.466760028009339 0.466760009527206 0.000000018482133 0.000000039596649
4.599999999999946 0.466252404120160 0.466252386569977 0.000000017550183 0.000000037640949
4.609999999999946 0.465746432832625 0.465746402740479 0.000000030092147 0.000000064610579
4.619999999999946 0.465242105199238 0.465242087841034 0.000000017358204 0.000000037310046
4.629999999999946 0.464739412340176 0.464739412069321 0.000000000270855 0.000000000582811
4.639999999999946 0.464238345442632 0.464238375425339 -0.000000029982706 -0.000000064584726
4.649999999999945 0.463738895760171 0.463738888502121 0.000000007258050 0.000000015651156
4.659999999999945 0.463241054612082 0.463241040706635 0.000000013905448 0.000000030017736
4.669999999999945 0.462744813382750 0.462744802236557 0.000000011146193 0.000000024087127
4.679999999999945 0.462250163521027 0.462250143289566 0.000000020231461 0.000000043767342
4.689999999999944 0.461757096539613 0.461757093667984 0.000000002871629 0.000000006218917
4.699999999999944 0.461265604014445 0.461265623569489 -0.000000019555043 -0.000000042394324
4.709999999999944 0.460775677584094 0.460775673389435 0.000000004194659 0.000000009103474
4.719999999999944 0.460287308949164 0.460287302732468 0.000000006216697 0.000000013506123
4.729999999999944 0.459800489871706 0.459800481796265 0.000000008075441 0.000000017562924
4.739999999999943 0.459315212174628 0.459315210580826 0.000000001593802 0.000000003469953
4.749999999999943 0.458831467741126 0.458831459283829 0.000000008457298 0.000000018432253
4.759999999999943 0.458349248514108 0.458349257707596 -0.000000009193487 -0.000000020057822
4.769999999999943 0.457868546495633 0.457868546247482 0.000000000248151 0.000000000541969
4.779999999999943 0.457389353746351 0.457389324903488 0.000000028842863 0.000000063059760
4.789999999999942 0.456911662384957 0.456911683082581 -0.000000020697624 -0.000000045298962
4.799999999999942 0.456435464587641 0.456435441970825 0.000000022616816 0.000000049550961
4.809999999999942 0.455960752587556 0.455960750579834 0.000000002007722 0.000000004403278
4.819999999999942 0.455487518674280 0.455487519502640 -0.000000000828360 -0.000000001818623
4.829999999999941 0.455015755193293 0.455015778541565 -0.000000023348272 -0.000000051313107
4.839999999999941 0.454545454545457 0.454545438289642 0.000000016255815 0.000000035762793
4.849999999999941 0.454076609186503 0.454076617956161 -0.000000008769659 -0.000000019313171
4.859999999999941 0.453609211626517 0.453609228134155 -0.000000016507638 -0.000000036391761
4.869999999999941 0.453143254429447 0.453143268823624 -0.000000014394177 -0.000000031765180
4.879999999999940 0.452678730212595 0.452678740024567 -0.000000009811971 -0.000000021675353
4.889999999999940 0.452215631646137 0.452215611934662 0.000000019711475 0.000000043588665
4.899999999999940 0.451753951452628 0.451753944158554 0.000000007294074 0.000000016146122
4.909999999999940 0.451293682406527 0.451293677091599 0.000000005314928 0.000000011777095
4.919999999999940 0.450834817333719 0.450834840536118 -0.000000023202399 -0.000000051465410
4.929999999999939 0.450377349111048 0.450377345085144 0.000000004025904 0.000000008938957
4.939999999999939 0.449921270665850 0.449921250343323 0.000000020322528 0.000000045169075
4.949999999999939 0.449466574975497 0.449466586112976 -0.000000011137479 -0.000000024779326
4.959999999999939 0.449013255066940 0.449013233184814 0.000000021882126 0.000000048733808
4.969999999999938 0.448561304016259 0.448561310768127 -0.000000006751868 -0.000000015052275
4.979999999999938 0.448110714948224 0.448110699653625 0.000000015294598 0.000000034131293
4.989999999999938 0.447661481035848 0.447661489248276 -0.000000008212428 -0.000000018345174
4.999999999999938 0.447213595499961 0.447213590145111 0.000000005354850 0.000000011973808
5.009999999999938 0.446767051608773 0.446767061948776 -0.000000010340003 -0.000000023144060
5.019999999999937 0.446321842677455 0.446321815252304 0.000000027425150 0.000000061447027
5.029999999999937 0.445877962067713 0.445877969264984 -0.000000007197272 -0.000000016141797
5.039999999999937 0.445435403187377 0.445435404777527 -0.000000001590150 -0.000000003569878
5.049999999999937 0.444994159489988 0.444994151592255 0.000000007897733 0.000000017747947
5.059999999999937 0.444554224474390 0.444554239511490 -0.000000015037100 -0.000000033825120
5.069999999999936 0.444115591684330 0.444115579128265 0.000000012556065 0.000000028272065
5.079999999999936 0.443678254708060 0.443678259849548 -0.000000005141489 -0.000000011588327
5.089999999999936 0.443242207177939 0.443242222070694 -0.000000014892755 -0.000000033599587
5.099999999999936 0.442807442770050 0.442807435989380 0.000000006780671 0.000000015312910
5.109999999999935 0.442373955203812 0.442373961210251 -0.000000006006439 -0.000000013577742
5.119999999999935 0.441941738241595 0.441941767930984 -0.000000029689390 -0.000000067179420
5.129999999999935 0.441510785688351 0.441510796546936 -0.000000010858585 -0.000000024594156
5.139999999999935 0.441081091391234 0.441081076860428 0.000000014530806 0.000000032943615
5.149999999999935 0.440652649239235 0.440652638673782 0.000000010565452 0.000000023976827
5.159999999999934 0.440225453162815 0.440225452184677 0.000000000978138 0.000000002221901
5.169999999999934 0.439799497133545 0.439799487590790 0.000000009542755 0.000000021697968
5.179999999999934 0.439374775163750 0.439374774694443 0.000000000469307 0.000000001068124
5.189999999999934 0.438951281306150 0.438951253890991 0.000000027415159 0.000000062456040
5.199999999999934 0.438529009653517 0.438528984785080 0.000000024868437 0.000000056708762
5.209999999999933 0.438107954338326 0.438107937574387 0.000000016763940 0.000000038264404
5.219999999999933 0.437688109532411 0.437688112258911 -0.000000002726500 -0.000000006229321
5.229999999999933 0.437269469446629 0.437269449234009 0.000000020212620 0.000000046224631
5.239999999999933 0.436852028330522 0.436852067708969 -0.000000039378447 -0.000000090141386
5.249999999999932 0.436435780471988 0.436435759067535 0.000000021404452 0.000000049043761
5.259999999999932 0.436020720196950 0.436020731925964 -0.000000011729014 -0.000000026900130
5.269999999999932 0.435606841869035 0.435606837272644 0.000000004596391 0.000000010551696
5.279999999999932 0.435194139889247 0.435194134712219 0.000000005177028 0.000000011895905
5.289999999999932 0.434782608695655 0.434782624244690 -0.000000015549035 -0.000000035762780
5.299999999999931 0.434372242763072 0.434372246265411 -0.000000003502339 -0.000000008062990
5.309999999999931 0.433963036602749 0.433963030576706 0.000000006026043 0.000000013886075
5.319999999999931 0.433554984762063 0.433554977178574 0.000000007583489 0.000000017491413
5.329999999999931 0.433148081824213 0.433148056268692 0.000000025555521 0.000000058999501
5.339999999999931 0.432742322407918 0.432742327451706 -0.000000005043788 -0.000000011655406
5.349999999999930 0.432337701167120 0.432337701320648 -0.000000000153528 -0.000000000355112
5.359999999999930 0.431934212790683 0.431934207677841 0.000000005112842 0.000000011837084
5.369999999999930 0.431531852002106 0.431531846523285 0.000000005478821 0.000000012696215
5.379999999999930 0.431130613559230 0.431130588054657 0.000000025504573 0.000000059157415
5.389999999999930 0.430730492253951 0.430730491876602 0.000000000377349 0.000000000876067
5.399999999999929 0.430331482911938 0.430331468582153 0.000000014329785 0.000000033299410
5.409999999999929 0.429933580392351 0.429933577775955 0.000000002616395 0.000000006085580
5.419999999999929 0.429536779587561 0.429536759853363 0.000000019734198 0.000000045942975
5.429999999999929 0.429141075422877 0.429141104221344 -0.000000028798467 -0.000000067107225
5.439999999999928 0.428746462856275 0.428746461868286 0.000000000987989 0.000000002304366
5.449999999999928 0.428352936878122 0.428352952003479 -0.000000015125357 -0.000000035310501
5.459999999999928 0.427960492510916 0.427960515022278 -0.000000022511362 -0.000000052601496
5.469999999999928 0.427569124809016 0.427569121122360 0.000000003686655 0.000000008622361
5.479999999999928 0.427178828858383 0.427178829908371 -0.000000001049988 -0.000000002457958
5.489999999999927 0.426789599776323 0.426789611577988 -0.000000011801665 -0.000000027652185
5.499999999999927 0.426401432711224 0.426401436328888 -0.000000003617664 -0.000000008484175
5.509999999999927 0.426014322842308 0.426014333963394 -0.000000011121086 -0.000000026104959
5.519999999999927 0.425628265379377 0.425628274679184 -0.000000009299807 -0.000000021849599
5.529999999999927 0.425243255562565 0.425243258476257 -0.000000002913692 -0.000000006851825
5.539999999999926 0.424859288662090 0.424859285354614 0.000000003307476 0.000000007784874
5.549999999999926 0.424476359978012 0.424476355314255 0.000000004663757 0.000000010987083
5.559999999999926 0.424094464839988 0.424094468355179 -0.000000003515191 -0.000000008288697
5.569999999999926 0.423713598607039 0.423713594675064 0.000000003931975 0.000000009279793
5.579999999999925 0.423333756667304 0.423333734273911 0.000000022393394 0.000000052897728
5.589999999999925 0.422954934437816 0.422954916954041 0.000000017483776 0.000000041337207
5.599999999999925 0.422577127364261 0.422577112913132 0.000000014451129 0.000000034197614
5.609999999999925 0.422200330920752 0.422200322151184 0.000000008769568 0.000000020771106
5.619999999999925 0.421824540609601 0.421824544668198 -0.000000004058597 -0.000000009621529
5.629999999999924 0.421449751961092 0.421449720859528 0.000000031101565 0.000000073796615
5.639999999999924 0.421075960533262 0.421075969934464 -0.000000009401201 -0.000000022326616
5.649999999999924 0.420703161911674 0.420703142881393 0.000000019030281 0.000000045234461
5.659999999999924 0.420331351709201 0.420331329107285 0.000000022601917 0.000000053771666
5.669999999999924 0.419960525565811 0.419960528612137 -0.000000003046326 -0.000000007253839
5.679999999999923 0.419590679148347 0.419590681791306 -0.000000002642958 -0.000000006298896
5.689999999999923 0.419221808150321 0.419221788644791 0.000000019505531 0.000000046527949
5.699999999999923 0.418853908291698 0.418853938579559 -0.000000030287861 -0.000000072311277
5.709999999999923 0.418486975318690 0.418486952781677 0.000000022537013 0.000000053853559
5.719999999999922 0.418121005003548 0.418121010065079 -0.000000005061531 -0.000000012105420
5.729999999999922 0.417755993144360 0.417755991220474 0.000000001923885 0.000000004605285
5.739999999999922 0.417391935564844 0.417391955852509 -0.000000020287665 -0.000000048605790
5.749999999999922 0.417028828114152 0.417028814554214 0.000000013559938 0.000000032515589
5.759999999999922 0.416666666666670 0.416666656732559 0.000000009934110 0.000000023841865
5.769999999999921 0.416305447121816 0.416305452585220 -0.000000005463404 -0.000000013123547
5.779999999999921 0.415945165403854 0.415945142507553 0.000000022896301 0.000000055046441
5.789999999999921 0.415585817461694 0.415585815906525 0.000000001555170 0.000000003742114
5.799999999999921 0.415227399268703 0.415227383375168 0.000000015893535 0.000000038276701
5.809999999999921 0.414869906822514 0.414869904518127 0.000000002304387 0.000000005554480
5.819999999999920 0.414513336144842 0.414513319730759 0.000000016414083 0.000000039598444
5.829999999999920 0.414157683281294 0.414157688617706 -0.000000005336412 -0.000000012884977
5.839999999999920 0.413802944301187 0.413802921772003 0.000000022529184 0.000000054444232
5.849999999999920 0.413449115297364 0.413449108600616 0.000000006696748 0.000000016197272
5.859999999999919 0.413096192386017 0.413096189498901 0.000000002887115 0.000000006988966
5.869999999999919 0.412744171706501 0.412744194269180 -0.000000022562679 -0.000000054665047
5.879999999999919 0.412393049421164 0.412393033504486 0.000000015916678 0.000000038595893
5.889999999999919 0.412042821715167 0.412042856216431 -0.000000034501263 -0.000000083732228
5.899999999999919 0.411693484796312 0.411693483591080 0.000000001205232 0.000000002927499
5.909999999999918 0.411345034894866 0.411345034837723 0.000000000057144 0.000000000138919
5.919999999999918 0.410997468263396 0.410997480154037 -0.000000011890641 -0.000000028931179
5.929999999999918 0.410650781176594 0.410650759935379 0.000000021241215 0.000000051725738
5.939999999999918 0.410304969931112 0.410304963588715 0.000000006342397 0.000000015457764
5.949999999999918 0.409960030845397 0.409960031509399 -0.000000000664003 -0.000000001619677
5.959999999999917 0.409615960259523 0.409615963697433 -0.000000003437910 -0.000000008393009
5.969999999999917 0.409272754535032 0.409272789955139 -0.000000035420107 -0.000000086544015
5.979999999999917 0.408930410054768 0.408930420875549 -0.000000010820781 -0.000000026461180
5.989999999999917 0.408588923222721 0.408588945865631 -0.000000022642910 -0.000000055417336
5.999999999999917 0.408248290463866 0.408248275518417 0.000000014945448 0.000000036608723
6.009999999999916 0.407908508224005 0.407908499240875 0.000000008983130 0.000000022022413
6.019999999999916 0.407569572969614 0.407569557428360 0.000000015541254 0.000000038131537
6.029999999999916 0.407231481187687 0.407231450080872 0.000000031106815 0.000000076386077
6.039999999999916 0.406894229385583 0.406894236803055 -0.000000007417472 -0.000000018229485
6.049999999999915 0.406557814090874 0.406557798385620 0.000000015705254 0.000000038629816
6.059999999999915 0.406222231851197 0.406222254037857 -0.000000022186660 -0.000000054617051
6.069999999999915 0.405887479234102 0.405887484550476 -0.000000005316374 -0.000000013098147
6.079999999999915 0.405553552826909 0.405553579330444 -0.000000026503535 -0.000000065351505
6.089999999999915 0.405220449236557 0.405220448970795 0.000000000265762 0.000000000655846
6.099999999999914 0.404888165089461 0.404888153076172 0.000000012013289 0.000000029670635
6.109999999999914 0.404556697031370 0.404556721448898 -0.000000024417528 -0.000000060356257
6.119999999999914 0.404226041727224 0.404226034879684 0.000000006847540 0.000000016939879
6.129999999999914 0.403896195861013 0.403896182775497 0.000000013085515 0.000000032398213
6.139999999999914 0.403567156135634 0.403567135334015 0.000000020801619 0.000000051544380
6.149999999999913 0.403238919272759 0.403238892555237 0.000000026717522 0.000000066257300
6.159999999999913 0.402911482012693 0.402911484241486 -0.000000002228793 -0.000000005531718
6.169999999999913 0.402584841114240 0.402584850788116 -0.000000009673876 -0.000000024029410
6.179999999999913 0.402258993354568 0.402259021997452 -0.000000028642884 -0.000000071205081
6.189999999999912 0.401933935529073 0.401933938264847 -0.000000002735774 -0.000000006806525
6.199999999999912 0.401609664451252 0.401609659194946 0.000000005256306 0.000000013088096
6.209999999999912 0.401286176952567 0.401286154985428 0.000000021967139 0.000000054741828
6.219999999999912 0.400963469882316 0.400963455438614 0.000000014443702 0.000000036022488
6.229999999999912 0.400641540107505 0.400641560554504 -0.000000020447000 -0.000000051035645
6.239999999999911 0.400320384512721 0.400320380926132 0.000000003586588 0.000000008959295
6.249999999999911 0.400000000000003 0.400000005960464 -0.000000005960462 -0.000000014901154
6.259999999999911 0.399680383488719 0.399680405855179 -0.000000022366460 -0.000000055960866
6.269999999999911 0.399361531915439 0.399361521005630 0.000000010909808 0.000000027318125
6.279999999999911 0.399043442233814 0.399043440818787 0.000000001415027 0.000000003546048
6.289999999999910 0.398726111414453 0.398726105690002 0.000000005724450 0.000000014356849
6.299999999999910 0.398409536444801 0.398409515619278 0.000000020825523 0.000000052271647
6.309999999999910 0.398093714329019 0.398093730211258 -0.000000015882239 -0.000000039895728
6.319999999999910 0.397778642087868 0.397778630256653 0.000000011831215 0.000000029743213
6.329999999999909 0.397464316758585 0.397464334964752 -0.000000018206167 -0.000000045805790
6.339999999999909 0.397150735394772 0.397150725126266 0.000000010268505 0.000000025855435
6.349999999999909 0.396837895066275 0.396837890148163 0.000000004918112 0.000000012393253
6.359999999999909 0.396525792859075 0.396525800228119 -0.000000007369044 -0.000000018584022
6.369999999999909 0.396214425875166 0.396214425563812 0.000000000311354 0.000000000785823
6.379999999999908 0.395903791232451 0.395903766155243 0.000000025077208 0.000000063341671
6.389999999999908 0.395593886064621 0.395593881607056 0.000000004457565 0.000000011268033
6.399999999999908 0.395284707521050 0.395284712314606 -0.000000004793555 -0.000000012126843
6.409999999999908 0.394976252766685 0.394976288080215 -0.000000035313530 -0.000000089406718
6.419999999999908 0.394668518981932 0.394668489694595 0.000000029287337 0.000000074207430
6.429999999999907 0.394361503362552 0.394361495971680 0.000000007390873 0.000000018741365
6.439999999999907 0.394055203119553 0.394055217504501 -0.000000014384948 -0.000000036504906
6.449999999999907 0.393749615479082 0.393749624490738 -0.000000009011656 -0.000000022886768
6.459999999999907 0.393444737682320 0.393444746732712 -0.000000009050392 -0.000000023002956
6.469999999999906 0.393140566985379 0.393140584230423 -0.000000017245044 -0.000000043864831
6.479999999999906 0.392837100659196 0.392837107181549 -0.000000006522353 -0.000000016603201
6.489999999999906 0.392534335989433 0.392534345388412 -0.000000009398980 -0.000000023944351
6.499999999999906 0.392232270276371 0.392232269048691 0.000000001227680 0.000000003129982
6.509999999999906 0.391930900834813 0.391930878162384 0.000000022672429 0.000000057848026
6.519999999999905 0.391630224993982 0.391630202531815 0.000000022462167 0.000000057355550
6.529999999999905 0.391330240097419 0.391330242156982 -0.000000002059563 -0.000000005262980
6.539999999999905 0.391030943502890 0.391030967235565 -0.000000023732675 -0.000000060692575
6.549999999999905 0.390732332582285 0.390732318162918 0.000000014419366 0.000000036903438
6.559999999999905 0.390434404721518 0.390434384346008 0.000000020375510 0.000000052186768
6.569999999999904 0.390137157320438 0.390137135982513 0.000000021337925 0.000000054693392
6.579999999999904 0.389840587792728 0.389840602874756 -0.000000015082028 -0.000000038687680
6.589999999999904 0.389544693565813 0.389544695615768 -0.000000002049956 -0.000000005262440
6.599999999999904 0.389249472080764 0.389249473810196 -0.000000001729432 -0.000000004442990
6.609999999999904 0.388954920792210 0.388954937458038 -0.000000016665828 -0.000000042847712
6.619999999999903 0.388661037168239 0.388661026954651 0.000000010213588 0.000000026278908
6.629999999999903 0.388367818690312 0.388367801904678 0.000000016785633 0.000000043220968
6.639999999999903 0.388075262853169 0.388075262308121 0.000000000545049 0.000000001404492
6.649999999999903 0.387783367164743 0.387783348560333 0.000000018604410 0.000000047976298
6.659999999999902 0.387492129146067 0.387492150068283 -0.000000020922216 -0.000000053993912
6.669999999999902 0.387201546331186 0.387201547622681 -0.000000001291495 -0.000000003335459
6.679999999999902 0.386911616267071 0.386911630630493 -0.000000014363422 -0.000000037123264
6.689999999999902 0.386622336513532 0.386622339487076 -0.000000002973543 -0.000000007691080
6.699999999999902 0.386333704643131 0.386333703994751 0.000000000648380 0.000000001678289
6.709999999999901 0.386045718241094 0.386045694351196 0.000000023889898 0.000000061883598
6.719999999999901 0.385758374905233 0.385758399963379 -0.000000025058146 -0.000000064958140
6.729999999999901 0.385471672245853 0.385471671819687 0.000000000426166 0.000000001105570
6.739999999999901 0.385185607885676 0.385185629129410 -0.000000021243734 -0.000000055151942
6.749999999999901 0.384900179459753 0.384900182485580 -0.000000003025827 -0.000000007861329
6.759999999999900 0.384615384615387 0.384615361690521 0.000000022924866 0.000000059604652
6.769999999999900 0.384331221012047 0.384331226348877 -0.000000005336830 -0.000000013886018
6.779999999999900 0.384047686321287 0.384047657251358 0.000000029069929 0.000000075693540
6.789999999999900 0.383764778226671 0.383764803409576 -0.000000025182905 -0.000000065620679
6.799999999999899 0.383482494423688 0.383482486009598 0.000000008414090 0.000000021941263
6.809999999999899 0.383200832619676 0.383200824260712 0.000000008358965 0.000000021813535
6.819999999999899 0.382919790533745 0.382919788360596 0.000000002173149 0.000000005675207
6.829999999999899 0.382639365896693 0.382639348506927 0.000000017389766 0.000000045446881
6.839999999999899 0.382359556450939 0.382359564304352 -0.000000007853413 -0.000000020539339
6.849999999999898 0.382080359950438 0.382080376148224 -0.000000016197786 -0.000000042393663
6.859999999999898 0.381801774160609 0.381801784038544 -0.000000009877935 -0.000000025871893
6.869999999999898 0.381523796858261 0.381523787975311 0.000000008882949 0.000000023282819
6.879999999999898 0.381246425831515 0.381246447563171 -0.000000021731657 -0.000000057001602
6.889999999999898 0.380969658879732 0.380969643592834 0.000000015286898 0.000000040126287
6.899999999999897 0.380693493813443 0.380693495273590 -0.000000001460147 -0.000000003835492
6.909999999999897 0.380417928454270 0.380417943000793 -0.000000014546524 -0.000000038238271
6.919999999999897 0.380142960634856 0.380142956972122 0.000000003662733 0.000000009635147
6.929999999999897 0.379868588198796 0.379868596792221 -0.000000008593425 -0.000000022622100
6.939999999999896 0.379594809000565 0.379594802856445 0.000000006144119 0.000000016185994
6.949999999999896 0.379321620905444 0.379321604967117 0.000000015938326 0.000000042017975
6.959999999999896 0.379049021789455 0.379049032926559 -0.000000011137105 -0.000000029381701
6.969999999999896 0.378777009539288 0.378777027130127 -0.000000017590839 -0.000000046441148
6.979999999999896 0.378505582052235 0.378505587577820 -0.000000005525585 -0.000000014598423
6.989999999999895 0.378234737236120 0.378234744071960 -0.000000006835841 -0.000000018073011
6.999999999999895 0.377964473009230 0.377964496612549 -0.000000023603319 -0.000000062448512
7.009999999999895 0.377694787300252 0.377694785594940 0.000000001705312 0.000000004515052
7.019999999999895 0.377425678048201 0.377425670623779 0.000000007424422 0.000000019671216
7.029999999999895 0.377157143202360 0.377157121896744 0.000000021305616 0.000000056490024
7.039999999999894 0.376889180722207 0.376889169216156 0.000000011506051 0.000000030529004
7.049999999999894 0.376621788577358 0.376621782779694 0.000000005797664 0.000000015393862
7.059999999999894 0.376354964747494 0.376354962587357 0.000000002160137 0.000000005739627
7.069999999999894 0.376088707222304 0.376088708639145 -0.000000001416841 -0.000000003767306
7.079999999999893 0.375823014001417 0.375823020935059 -0.000000006933641 -0.000000018449220
7.089999999999893 0.375557883094343 0.375557869672775 0.000000013421567 0.000000035737680
7.099999999999893 0.375293312520404 0.375293314456940 -0.000000001936536 -0.000000005160060
7.109999999999893 0.375029300308677 0.375029295682907 0.000000004625770 0.000000012334424
7.119999999999893 0.374765844497934 0.374765843153000 0.000000001344934 0.000000003588731
7.129999999999892 0.374502943136572 0.374502927064896 0.000000016071676 0.000000042914686
7.139999999999892 0.374240594282563 0.374240577220917 0.000000017061646 0.000000045590046
7.149999999999892 0.373978796003386 0.373978763818741 0.000000032184645 0.000000086060079
7.159999999999892 0.373717546375971 0.373717576265335 -0.000000029889364 -0.000000079978488
7.169999999999892 0.373456843486638 0.373456865549088 -0.000000022062449 -0.000000059076302
7.179999999999891 0.373196685431041 0.373196691274643 -0.000000005843602 -0.000000015658237
7.189999999999891 0.372937070314104 0.372937083244324 -0.000000012930220 -0.000000034671319
7.199999999999891 0.372677996249968 0.372678011655807 -0.000000015405840 -0.000000041338206
7.209999999999891 0.372419461361932 0.372419446706772 0.000000014655160 0.000000039351220
7.219999999999891 0.372161463782396 0.372161477804184 -0.000000014021788 -0.000000037676624
7.229999999999890 0.371904001652804 0.371904015541077 -0.000000013888273 -0.000000037343704
7.239999999999890 0.371647073123586 0.371647059917450 0.000000013206136 0.000000035534078
7.249999999999890 0.371390676354107 0.371390670537949 0.000000005816158 0.000000015660485
7.259999999999890 0.371134809512606 0.371134817600250 -0.000000008087645 -0.000000021791663
7.269999999999889 0.370879470776145 0.370879471302032 -0.000000000525888 -0.000000001417947
7.279999999999889 0.370624658330553 0.370624661445618 -0.000000003115064 -0.000000008404903
7.289999999999889 0.370370370370373 0.370370358228683 0.000000012141690 0.000000032782562
7.299999999999889 0.370116605098805 0.370116591453552 0.000000013645253 0.000000036867444
7.309999999999889 0.369863360727657 0.369863361120224 -0.000000000392567 -0.000000001061383
7.319999999999888 0.369610635477289 0.369610607624054 0.000000027853235 0.000000075358317
7.329999999999888 0.369358427576562 0.369358420372009 0.000000007204552 0.000000019505586
7.339999999999888 0.369106735262784 0.369106709957123 0.000000025305661 0.000000068559196
7.349999999999888 0.368855556781662 0.368855535984039 0.000000020797622 0.000000056384191
7.359999999999888 0.368604890387246 0.368604868650436 0.000000021736809 0.000000058970485
7.369999999999887 0.368354734341881 0.368354737758636 -0.000000003416755 -0.000000009275719
7.379999999999887 0.368105086916158 0.368105053901672 0.000000033014486 0.000000089687665
7.389999999999887 0.367855946388858 0.367855966091156 -0.000000019702298 -0.000000053559820
7.399999999999887 0.367607311046907 0.367607295513153 0.000000015533754 0.000000042256378
7.409999999999886 0.367359179185325 0.367359191179276 -0.000000011993950 -0.000000032649110
7.419999999999886 0.367111549107179 0.367111533880234 0.000000015226945 0.000000041477707
7.429999999999886 0.366864419123529 0.366864413022995 0.000000006100534 0.000000016628852
7.439999999999886 0.366617787553386 0.366617798805237 -0.000000011251851 -0.000000030690957
7.449999999999886 0.366371652723659 0.366371661424637 -0.000000008700978 -0.000000023749049
7.459999999999885 0.366126012969109 0.366126000881195 0.000000012087914 0.000000033015720
7.469999999999885 0.365880866632304 0.365880876779556 -0.000000010147252 -0.000000027733760
7.479999999999885 0.365636212063568 0.365636199712753 0.000000012350815 0.000000033778970
7.489999999999885 0.365392047620938 0.365392059087753 -0.000000011466816 -0.000000031382226
7.499999999999885 0.365148371670114 0.365148365497589 0.000000006172524 0.000000016904155
7.509999999999884 0.364905182584416 0.364905178546906 0.000000004037511 0.000000011064547
7.519999999999884 0.364662478744739 0.364662468433380 0.000000010311359 0.000000028276447
7.529999999999884 0.364420258539505 0.364420264959335 -0.000000006419831 -0.000000017616558
7.539999999999884 0.364178520364618 0.364178508520126 0.000000011844491 0.000000032523860
7.549999999999883 0.363937262623422 0.363937258720398 0.000000003903024 0.000000010724443
7.559999999999883 0.363696483726657 0.363696485757828 -0.000000002031171 -0.000000005584797
7.569999999999883 0.363456182092410 0.363456189632416 -0.000000007540006 -0.000000020745296
7.579999999999883 0.363216356146077 0.363216340541840 0.000000015604237 0.000000042961273
7.589999999999883 0.362977004320317 0.362976998090744 0.000000006229573 0.000000017162444
7.599999999999882 0.362738125055009 0.362738132476807 -0.000000007421798 -0.000000020460485
7.609999999999882 0.362499716797210 0.362499713897705 0.000000002899505 0.000000007998640
7.619999999999882 0.362261778001112 0.362261801958084 -0.000000023956972 -0.000000066131658
7.629999999999882 0.362024307128001 0.362024307250977 -0.000000000122975 -0.000000000339688
7.639999999999882 0.361787302646214 0.361787289381027 0.000000013265186 0.000000036665705
7.649999999999881 0.361550763031096 0.361550748348236 0.000000014682860 0.000000040610785
7.659999999999881 0.361314686764965 0.361314713954926 -0.000000027189961 -0.000000075252852
7.669999999999881 0.361079072337062 0.361079066991806 0.000000005345256 0.000000014803561
7.679999999999881 0.360843918243519 0.360843926668167 -0.000000008424648 -0.000000023347070
7.689999999999880 0.360609222987312 0.360609233379364 -0.000000010392052 -0.000000028818042
7.699999999999880 0.360374985078226 0.360374987125397 -0.000000002047170 -0.000000005680667
7.709999999999880 0.360141203032813 0.360141217708588 -0.000000014675775 -0.000000040750058
7.719999999999880 0.359907875374350 0.359907865524292 0.000000009850058 0.000000027368276
7.729999999999880 0.359675000632806 0.359674990177155 0.000000010455651 0.000000029069720
7.739999999999879 0.359442577344798 0.359442591667175 -0.000000014322378 -0.000000039846080
7.749999999999879 0.359210604053553 0.359210610389709 -0.000000006336157 -0.000000017639114
7.759999999999879 0.358979079308872 0.358979076147079 0.000000003161792 0.000000008807734
7.769999999999879 0.358748001667090 0.358747988939285 0.000000012727805 0.000000035478400
7.779999999999879 0.358517369691040 0.358517378568649 -0.000000008877609 -0.000000024762006
7.789999999999878 0.358287181950012 0.358287185430527 -0.000000003480515 -0.000000009714315
7.799999999999878 0.358057437019719 0.358057409524918 0.000000027494802 0.000000076788802
7.809999999999878 0.357828133482259 0.357828140258789 -0.000000006776530 -0.000000018937945
7.819999999999878 0.357599269926079 0.357599258422852 0.000000011503227 0.000000032167926
7.829999999999878 0.357370844945934 0.357370853424072 -0.000000008478138 -0.000000023723642
7.839999999999877 0.357142857142860 0.357142865657806 -0.000000008514946 -0.000000023841850
7.849999999999877 0.356915305124128 0.356915295124054 0.000000010000074 0.000000028018058
7.859999999999877 0.356688187503214 0.356688201427460 -0.000000013924246 -0.000000039037587
7.869999999999877 0.356461502899762 0.356461495161057 0.000000007738706 0.000000021709794
7.879999999999876 0.356235249939551 0.356235265731812 -0.000000015792261 -0.000000044330988
7.889999999999876 0.356009427254455 0.356009423732758 0.000000003521697 0.000000009892147
7.899999999999876 0.355784033482413 0.355784028768539 0.000000004713873 0.000000013249255
7.909999999999876 0.355559067267392 0.355559080839157 -0.000000013571765 -0.000000038170213
7.919999999999876 0.355334527259353 0.355334520339966 0.000000006919388 0.000000019472883
7.929999999999875 0.355110412114220 0.355110406875610 0.000000005238610 0.000000014752060
7.939999999999875 0.354886720493841 0.354886710643768 0.000000009850073 0.000000027755540
7.949999999999875 0.354663451065957 0.354663461446762 -0.000000010380805 -0.000000029269452
7.959999999999875 0.354440602504171 0.354440599679947 0.000000002824224 0.000000007968116
7.969999999999875 0.354218173487910 0.354218184947968 -0.000000011460057 -0.000000032353104
7.979999999999874 0.353996162702397 0.353996157646179 0.000000005056218 0.000000014283256
7.989999999999874 0.353774568838615 0.353774577379227 -0.000000008540611 -0.000000024141394
7.999999999999874 0.353553390593277 0.353553384542465 0.000000006050811 0.000000017114279
8.009999999999874 0.353332626668789 0.353332608938217 0.000000017730572 0.000000050180965
8.019999999999873 0.353112275773227 0.353112280368805 -0.000000004595578 -0.000000013014495
8.029999999999873 0.352892336620296 0.352892339229584 -0.000000002609288 -0.000000007394006
8.039999999999873 0.352672807929302 0.352672815322876 -0.000000007393574 -0.000000020964401
8.049999999999873 0.352453688425123 0.352453708648682 -0.000000020223558 -0.000000057379335
8.059999999999873 0.352234976838176 0.352234959602356 0.000000017235820 0.000000048932734
8.069999999999872 0.352016671904384 0.352016687393188 -0.000000015488804 -0.000000044000201
8.079999999999872 0.351798772365149 0.351798772811890 -0.000000000446741 -0.000000001269876
8.089999999999872 0.351581276967318 0.351581275463104 0.000000001504214 0.000000004278423
8.099999999999872 0.351364184463156 0.351364165544510 0.000000018918646 0.000000053843411
8.109999999999872 0.351147493610315 0.351147502660751 -0.000000009050437 -0.000000025773890
8.119999999999871 0.350931203171801 0.350931197404861 0.000000005766940 0.000000016433248
8.129999999999871 0.350715311915950 0.350715309381485 0.000000002534465 0.000000007226559
8.139999999999871 0.350499818616394 0.350499808788300 0.000000009828094 0.000000028040226
8.149999999999871 0.350284722052032 0.350284725427628 -0.000000003375595 -0.000000009636719
8.159999999999870 0.350070021007005 0.350069999694824 0.000000021312181 0.000000060879766
8.169999999999870 0.349855714270663 0.349855720996857 -0.000000006726194 -0.000000019225623
8.179999999999870 0.349641800637536 0.349641799926758 0.000000000710778 0.000000002032874
8.189999999999870 0.349428278907309 0.349428266286850 0.000000012620459 0.000000036117451
8.199999999999870 0.349215147884792 0.349215149879456 -0.000000001994664 -0.000000005711848
8.209999999999869 0.349002406379891 0.349002420902252 -0.000000014522361 -0.000000041611064
8.219999999999869 0.348790053207581 0.348790049552917 0.000000003654663 0.000000010478118
8.229999999999869 0.348578087187878 0.348578095436096 -0.000000008248218 -0.000000023662470
8.239999999999869 0.348366507145812 0.348366528749466 -0.000000021603654 -0.000000062014154
8.249999999999869 0.348155311911398 0.348155319690704 -0.000000007779306 -0.000000022344355
8.259999999999868 0.347944500319613 0.347944498062134 0.000000002257479 0.000000006488045
8.269999999999868 0.347734071210363 0.347734063863754 0.000000007346609 0.000000021127090
8.279999999999868 0.347524023428461 0.347524017095566 0.000000006332895 0.000000018222898
8.289999999999868 0.347314355823597 0.347314357757568 -0.000000001933972 -0.000000005568361
8.299999999999867 0.347105067250314 0.347105056047440 0.000000011202875 0.000000032275169
8.309999999999867 0.346896156567983 0.346896141767502 0.000000014800481 0.000000042665451
8.319999999999867 0.346687622640771 0.346687644720078 -0.000000022079307 -0.000000063686458
8.329999999999867 0.346479464337621 0.346479475498199 -0.000000011160578 -0.000000032211370
8.339999999999867 0.346271680532225 0.346271663904190 0.000000016628035 0.000000048020198
8.349999999999866 0.346064270102994 0.346064269542694 0.000000000560300 0.000000001619064
8.359999999999866 0.345857231933040 0.345857232809067 -0.000000000876027 -0.000000002532914
8.369999999999866 0.345650564910145 0.345650553703308 0.000000011206836 0.000000032422445
8.379999999999866 0.345444267926736 0.345444262027740 0.000000005898996 0.000000017076548
8.389999999999866 0.345238339879865 0.345238327980042 0.000000011899824 0.000000034468431
8.399999999999865 0.345032779671180 0.345032781362534 -0.000000001691354 -0.000000004902009
8.409999999999865 0.344827586206899 0.344827592372894 -0.000000006165995 -0.000000017881385
8.419999999999865 0.344622758397792 0.344622761011124 -0.000000002613332 -0.000000007583168
8.429999999999865 0.344418295159148 0.344418287277222 0.000000007881926 0.000000022884750
8.439999999999864 0.344214195410760 0.344214200973511 -0.000000005562751 -0.000000016160725
8.449999999999864 0.344010458076893 0.344010472297668 -0.000000014220775 -0.000000041338205
8.459999999999864 0.343807082086267 0.343807071447372 0.000000010638895 0.000000030944374
8.469999999999864 0.343604066372028 0.343604058027267 0.000000008344760 0.000000024285976
8.479999999999864 0.343401409871725 0.343401432037354 -0.000000022165628 -0.000000064547284
8.489999999999863 0.343199111527293 0.343199104070663 0.000000007456629 0.000000021726832
8.499999999999863 0.342997170285020 0.342997193336487 -0.000000023051466 -0.000000067205996
8.509999999999863 0.342795585095533 0.342795580625534 0.000000004469999 0.000000013039839
8.519999999999863 0.342594354913769 0.342594325542450 0.000000029371319 0.000000085732057
8.529999999999863 0.342393478698953 0.342393487691879 -0.000000008992926 -0.000000026264887
8.539999999999862 0.342192955414580 0.342192977666855 -0.000000022252275 -0.000000065028442
8.549999999999862 0.341992784028387 0.341992765665054 0.000000018363333 0.000000053695089
8.559999999999862 0.341792963512334 0.341792941093445 0.000000022418890 0.000000065592016
8.569999999999862 0.341593492842580 0.341593503952026 -0.000000011109446 -0.000000032522417
8.579999999999862 0.341394370999462 0.341394364833832 0.000000006165630 0.000000018060141
8.589999999999861 0.341195596967473 0.341195583343506 0.000000013623967 0.000000039930079
8.599999999999861 0.340997169735240 0.340997159481049 0.000000010254191 0.000000030071191
8.609999999999861 0.340799088295501 0.340799093246460 -0.000000004950959 -0.000000014527500
8.619999999999861 0.340601351645089 0.340601354837418 -0.000000003192329 -0.000000009372626
8.629999999999860 0.340403958784901 0.340403944253922 0.000000014530980 0.000000042687459
8.639999999999860 0.340206908719889 0.340206891298294 0.000000017421595 0.000000051208821
8.649999999999860 0.340010200459026 0.340010195970535 0.000000004488490 0.000000013201046
8.659999999999860 0.339813833015295 0.339813828468323 0.000000004546972 0.000000013380775
8.669999999999860 0.339617805405665 0.339617818593979 -0.000000013188314 -0.000000038832811
8.679999999999859 0.339422116651068 0.339422136545181 -0.000000019894113 -0.000000058611717
8.689999999999859 0.339226765776382 0.339226782321930 -0.000000016545548 -0.000000048774300
8.699999999999859 0.339031751810408 0.339031755924225 -0.000000004113817 -0.000000012134017
8.709999999999859 0.338837073785851 0.338837087154388 -0.000000013368537 -0.000000039454175
8.719999999999859 0.338642730739301 0.338642746210098 -0.000000015470797 -0.000000045684717
8.729999999999858 0.338448721711209 0.338448733091354 -0.000000011380145 -0.000000033624430
8.739999999999858 0.338255045745872 0.338255047798157 -0.000000002052285 -0.000000006067270
8.749999999999858 0.338061701891409 0.338061690330505 0.000000011560904 0.000000034197615
8.759999999999858 0.337868689199746 0.337868690490723 -0.000000001290977 -0.000000003820943
8.769999999999857 0.337676006726590 0.337675988674164 0.000000018052426 0.000000053460790
8.779999999999857 0.337483653531416 0.337483674287796 -0.000000020756380 -0.000000061503363
8.789999999999857 0.337291628677445 0.337291628122330 0.000000000555115 0.000000001645803
8.799999999999857 0.337099931231624 0.337099909782410 0.000000021449214 0.000000063628652
8.809999999999857 0.336908560264607 0.336908549070358 0.000000011194249 0.000000033226372
8.819999999999856 0.336717514850740 0.336717516183853 -0.000000001333114 -0.000000003959145
8.829999999999856 0.336526794068035 0.336526781320572 0.000000012747463 0.000000037879489
8.839999999999856 0.336336396998159 0.336336404085159 -0.000000007087000 -0.000000021071167
8.849999999999856 0.336146322726410 0.336146324872971 -0.000000002146561 -0.000000006385793
8.859999999999856 0.335956570341701 0.335956573486328 -0.000000003144628 -0.000000009360220
8.869999999999855 0.335767138936540 0.335767149925232 -0.000000010988692 -0.000000032727121
8.879999999999855 0.335578027607015 0.335578024387360 0.000000003219655 0.000000009594357
8.889999999999855 0.335389235452772 0.335389226675034 0.000000008777738 0.000000026171794
8.899999999999855 0.335200761576998 0.335200786590576 -0.000000025013578 -0.000000074622676
8.909999999999854 0.335012605086407 0.335012614727020 -0.000000009640614 -0.000000028776868
8.919999999999854 0.334824765091215 0.334824770689011 -0.000000005597795 -0.000000016718582
8.929999999999854 0.334637240705130 0.334637224674225 0.000000016030905 0.000000047905323
8.939999999999854 0.334450031045328 0.334450036287308 -0.000000005241979 -0.000000015673431
8.949999999999854 0.334263135232441 0.334263116121292 0.000000019111148 0.000000057173964
8.959999999999853 0.334076552390533 0.334076553583145 -0.000000001192612 -0.000000003569876
8.969999999999853 0.333890281647092 0.333890289068222 -0.000000007421130 -0.000000022226255
8.979999999999853 0.333704322133003 0.333704322576523 -0.000000000443520 -0.000000001329081
8.989999999999853 0.333518672982538 0.333518683910370 -0.000000010927832 -0.000000032765278
8.999999999999853 0.333333333333336 0.333333343267441 -0.000000009934105 -0.000000029802314
9.009999999999852 0.333148302326388 0.333148300647736 0.000000001678652 0.000000005038753
9.019999999999852 0.332963579106016 0.332963556051254 0.000000023054762 0.000000069241092
9.029999999999852 0.332779162819864 0.332779169082642 -0.000000006262778 -0.000000018819622
9.039999999999852 0.332595052618872 0.332595050334930 0.000000002283942 0.000000006867035
9.049999999999851 0.332411247657270 0.332411259412766 -0.000000011755496 -0.000000035364315
9.059999999999851 0.332227747092550 0.332227736711502 0.000000010381048 0.000000031246783
9.069999999999851 0.332044550085462 0.332044541835785 0.000000008249677 0.000000024845092
9.079999999999851 0.331861655799989 0.331861674785614 -0.000000018985625 -0.000000057209458
9.089999999999851 0.331679063403332 0.331679075956345 -0.000000012553012 -0.000000037846863
9.099999999999850 0.331496772065901 0.331496775150299 -0.000000003084398 -0.000000009304460
9.109999999999850 0.331314780961289 0.331314772367477 0.000000008593811 0.000000025938508
9.119999999999850 0.331133089266264 0.331133097410202 -0.000000008143938 -0.000000024594154
9.129999999999850 0.330951696160750 0.330951690673828 0.000000005486922 0.000000016579224
9.139999999999850 0.330770600827814 0.330770581960678 0.000000018867136 0.000000057039942
9.149999999999849 0.330589802453646 0.330589801073074 0.000000001380571 0.000000004176086
9.159999999999849 0.330409300227548 0.330409318208694 -0.000000017981147 -0.000000054420825
9.169999999999849 0.330229093341916 0.330229073762894 0.000000019579022 0.000000059289211
9.179999999999849 0.330049180992227 0.330049186944962 -0.000000005952734 -0.000000018035900
9.189999999999849 0.329869562377024 0.329869568347931 -0.000000005970907 -0.000000018100813
9.199999999999848 0.329690236697896 0.329690247774124 -0.000000011076228 -0.000000033595863
9.209999999999848 0.329511203159471 0.329511195421219 0.000000007738252 0.000000023484034
9.219999999999848 0.329332460969395 0.329332441091537 0.000000019877857 0.000000060358026
9.229999999999848 0.329154009338319 0.329154014587402 -0.000000005249083 -0.000000015947194
9.239999999999847 0.328975847479887 0.328975856304169 -0.000000008824282 -0.000000026823494
9.249999999999847 0.328797974610717 0.328797966241837 0.000000008368881 0.000000025452957
9.259999999999847 0.328620389950390 0.328620404005051 -0.000000014054660 -0.000000042768681
9.269999999999847 0.328443092721434 0.328443080186844 0.000000012534590 0.000000038163658
9.279999999999847 0.328266082149309 0.328266084194183 -0.000000002044874 -0.000000006229319
9.289999999999846 0.328089357462396 0.328089356422424 0.000000001039972 0.000000003169782
9.299999999999846 0.327912917891979 0.327912926673889 -0.000000008781910 -0.000000026781226
9.309999999999846 0.327736762672234 0.327736765146255 -0.000000002474022 -0.000000007548807
9.319999999999846 0.327560891040212 0.327560901641846 -0.000000010601634 -0.000000032365383
9.329999999999846 0.327385302235828 0.327385306358337 -0.000000004122509 -0.000000012592224
9.339999999999845 0.327209995501847 0.327209979295731 0.000000016206116 0.000000049528182
9.349999999999845 0.327034970083867 0.327034980058670 -0.000000009974803 -0.000000030500723
9.359999999999845 0.326860225230309 0.326860219240189 0.000000005990121 0.000000018326246
9.369999999999845 0.326685760192403 0.326685756444931 0.000000003747472 0.000000011471183
9.379999999999844 0.326511574224172 0.326511561870575 0.000000012353597 0.000000037835098
9.389999999999844 0.326337666582421 0.326337665319443 0.000000001262979 0.000000003870159
9.399999999999844 0.326164036526724 0.326164036989212 -0.000000000462488 -0.000000001417962
9.409999999999844 0.325990683319407 0.325990676879883 0.000000006439524 0.000000019753706
9.419999999999844 0.325817606225540 0.325817584991455 0.000000021234085 0.000000065171693
9.429999999999843 0.325644804512921 0.325644791126251 0.000000013386670 0.000000041108193
9.439999999999843 0.325472277452062 0.325472295284271 -0.000000017832209 -0.000000054788718
9.449999999999843 0.325300024316180 0.325300037860870 -0.000000013544690 -0.000000041637531
9.459999999999843 0.325128044381180 0.325128048658371 -0.000000004277191 -0.000000013155404
9.469999999999843 0.324956336925644 0.324956327676773 0.000000009248871 0.000000028461888
9.479999999999842 0.324784901230818 0.324784904718399 -0.000000003487581 -0.000000010738125
9.489999999999842 0.324613736580600 0.324613749980927 -0.000000013400326 -0.000000041280835
9.499999999999842 0.324442842261528 0.324442833662033 0.000000008599495 0.000000026505423
9.509999999999842 0.324272217562763 0.324272215366364 0.000000002196400 0.000000006773321
9.519999999999841 0.324101861776085 0.324101865291595 -0.000000003515511 -0.000000010846931
9.529999999999841 0.323931774195871 0.323931783437729 -0.000000009241858 -0.000000028530260
9.539999999999841 0.323761954119091 0.323761940002441 0.000000014116649 0.000000043601940
9.549999999999841 0.323592400845289 0.323592394590378 0.000000006254912 0.000000019329600
9.559999999999841 0.323423113676578 0.323423087596893 0.000000026079685 0.000000080636429
9.569999999999840 0.323254091917621 0.323254108428955 -0.000000016511334 -0.000000051078501
9.579999999999840 0.323085334875622 0.323085337877274 -0.000000003001652 -0.000000009290585
9.589999999999840 0.322916841860316 0.322916835546494 0.000000006313822 0.000000019552472
9.599999999999840 0.322748612183954 0.322748601436615 0.000000010747339 0.000000033299412
9.609999999999840 0.322580645161293 0.322580665349960 -0.000000020188667 -0.000000062584869
9.619999999999839 0.322412940109583 0.322412937879562 0.000000002230021 0.000000006916660
9.629999999999839 0.322245496348557 0.322245508432388 -0.000000012083831 -0.000000037498836
9.639999999999839 0.322078313200418 0.322078317403793 -0.000000004203375 -0.000000013050786
9.649999999999839 0.321911389989828 0.321911394596100 -0.000000004606272 -0.000000014309130
9.659999999999838 0.321744726043896 0.321744740009308 -0.000000013965412 -0.000000043405254
9.669999999999838 0.321578320692168 0.321578323841095 -0.000000003148927 -0.000000009792098
9.679999999999838 0.321412173266615 0.321412175893784 -0.000000002627168 -0.000000008173830
9.689999999999838 0.321246283101620 0.321246296167374 -0.000000013065753 -0.000000040672076
9.699999999999838 0.321080649533970 0.321080654859543 -0.000000005325572 -0.000000016586401
9.709999999999837 0.320915271902843 0.320915281772614 -0.000000009869771 -0.000000030755067
9.719999999999837 0.320750149549795 0.320750147104263 0.000000002445531 0.000000007624413
9.729999999999837 0.320585281818753 0.320585310459137 -0.000000028640384 -0.000000089337799
9.739999999999837 0.320420668056003 0.320420682430267 -0.000000014374264 -0.000000044860602
9.749999999999837 0.320256307610177 0.320256322622299 -0.000000015012122 -0.000000046875337
9.759999999999836 0.320092199832243 0.320092201232910 -0.000000001400668 -0.000000004375825
9.769999999999836 0.319928344075495 0.319928348064423 -0.000000003988928 -0.000000012468192
9.779999999999836 0.319764739695542 0.319764763116837 -0.000000023421294 -0.000000073245393
9.789999999999836 0.319601386050299 0.319601386785507 -0.000000000735208 -0.000000002300391
9.799999999999836 0.319438282499973 0.319438278675079 0.000000003824893 0.000000011973810
9.809999999999835 0.319275428407053 0.319275408983231 0.000000019423823 0.000000060837198
9.819999999999835 0.319112823136304 0.319112807512283 0.000000015624021 0.000000048960805
9.829999999999835 0.318950466054751 0.318950474262238 -0.000000008207486 -0.000000025732793
9.839999999999835 0.318788356531672 0.318788349628448 0.000000006903223 0.000000021654565
9.849999999999834 0.318626493938586 0.318626463413239 0.000000030525347 0.000000095802916
9.859999999999834 0.318464877649244 0.318464905023575 -0.000000027374331 -0.000000085957143
9.869999999999834 0.318303507039618 0.318303495645523 0.000000011394095 0.000000035796322
9.879999999999834 0.318142381487892 0.318142384290695 -0.000000002802804 -0.000000008809903
9.889999999999834 0.317981500374449 0.317981481552124 0.000000018822325 0.000000059193146
9.899999999999833 0.317820863081867 0.317820876836777 -0.000000013754910 -0.000000043278814
9.909999999999833 0.317660468994901 0.317660480737686 -0.000000011742786 -0.000000036966468
9.919999999999833 0.317500317500479 0.317500323057175 -0.000000005556696 -0.000000017501386
9.929999999999833 0.317340407987691 0.317340403795242 0.000000004192449 0.000000013211204
9.939999999999833 0.317180739847778 0.317180752754211 -0.000000012906433 -0.000000040691100
9.949999999999832 0.317021312474123 0.317021310329437 0.000000002144686 0.000000006765116
9.959999999999832 0.316862125262242 0.316862136125565 -0.000000010863323 -0.000000034284069
9.969999999999832 0.316703177609771 0.316703170537949 0.000000007071822 0.000000022329496
9.979999999999832 0.316544468916462 0.316544473171234 -0.000000004254772 -0.000000013441310
9.989999999999831 0.316385998584169 0.316386014223099 -0.000000015638930 -0.000000049429905
9.999999999999831 0.316227766016841 0.316227763891220 0.000000002125621 0.000000006721802
10.009999999999831 0.316069770620510 0.316069781780243 -0.000000011159733 -0.000000035307816
10.109999999999831 0.314502731861222 0.314502716064453 0.000000015796769 0.000000050227764
10.209999999999830 0.312958771962206 0.312958776950836 -0.000000004988631 -0.000000015940217
10.309999999999830 0.311437329932152 0.311437338590622 -0.000000008658470 -0.000000027801643
10.409999999999830 0.309937863686874 0.309937864542007 -0.000000000855133 -0.000000002759047
10.509999999999829 0.308459849237820 0.308459848165512 0.000000001072308 0.000000003476330
10.609999999999829 0.307002779922761 0.307002782821655 -0.000000002898894 -0.000000009442567
10.709999999999829 0.305566165676073 0.305566161870956 0.000000003805116 0.000000012452676
10.809999999999828 0.304149532336239 0.304149508476257 0.000000023859982 0.000000078448195
10.909999999999828 0.302752420988339 0.302752435207367 -0.000000014219028 -0.000000046965862
11.009999999999827 0.301374387339458 0.301374405622482 -0.000000018283024 -0.000000060665486
11.109999999999827 0.300015001125096 0.300015002489090 -0.000000001363994 -0.000000004546419
11.209999999999827 0.298673845544752 0.298673838376999 0.000000007167753 0.000000023998596
11.309999999999826 0.297350516725029 0.297350496053696 0.000000020671333 0.000000069518402
11.409999999999826 0.296044623208671 0.296044617891312 0.000000005317359 0.000000017961343
11.509999999999826 0.294755785468071 0.294755786657333 -0.000000001189262 -0.000000004034737
11.609999999999825 0.293483635441877 0.293483644723892 -0.000000009282015 -0.000000031627029
11.709999999999825 0.292227816093404 0.292227804660797 0.000000011432607 0.000000039122240
11.809999999999825 0.290987980989665 0.290987998247147 -0.000000017257482 -0.000000059306510
11.909999999999824 0.289763793899874 0.289763808250427 -0.000000014350553 -0.000000049525003
12.009999999999824 0.288554928412383 0.288554936647415 -0.000000008235032 -0.000000028538873
12.109999999999824 0.287361067569041 0.287361055612564 0.000000011956477 0.000000041607853
12.209999999999823 0.286181903516073 0.286181896924973 0.000000006591101 0.000000023031158
12.309999999999823 0.285017137170576 0.285017132759094 0.000000004411482 0.000000015477953
12.409999999999823 0.283866477901832 0.283866465091705 0.000000012810126 0.000000045127296
12.509999999999822 0.282729643226659 0.282729625701904 0.000000017524755 0.000000061984143
12.609999999999822 0.281606358518078 0.281606346368790 0.000000012149289 0.000000043142806
12.709999999999821 0.280496356726609 0.280496358871460 -0.000000002144851 -0.000000007646626
12.809999999999821 0.279399378113558 0.279399365186691 0.000000012926867 0.000000046266628
12.909999999999821 0.278315169995690 0.278315186500549 -0.000000016504859 -0.000000059302765
13.009999999999820 0.277243486500716 0.277243465185165 0.000000021315550 0.000000076883863
13.109999999999820 0.276184088333056 0.276184082031250 0.000000006301806 0.000000022817410
13.209999999999820 0.275136742549377 0.275136739015579 0.000000003533798 0.000000012843788
13.309999999999819 0.274101222343423 0.274101227521896 -0.000000005178473 -0.000000018892557
13.409999999999819 0.273077306839682 0.273077309131622 -0.000000002291940 -0.000000008393009
13.509999999999819 0.272064780895473 0.272064775228500 0.000000005666973 0.000000020829499
13.609999999999818 0.271063434911048 0.271063446998596 -0.000000012087548 -0.000000044593059
13.709999999999818 0.270073064647319 0.270073056221008 0.000000008426311 0.000000031200116
13.809999999999818 0.269093471050864 0.269093483686447 -0.000000012635583 -0.000000046956111
13.909999999999817 0.268124460085861 0.268124461174011 -0.000000001088150 -0.000000004058377
14.009999999999817 0.267165842572634 0.267165839672089 0.000000002900546 0.000000010856723
14.109999999999816 0.266217434032503 0.266217440366745 -0.000000006334242 -0.000000023793491
14.209999999999816 0.265279054538647 0.265279054641724 -0.000000000103076 -0.000000000388559
14.309999999999816 0.264350528572716 0.264350503683090 0.000000024889626 0.000000094153873
14.409999999999815 0.263431684886918 0.263431698083878 -0.000000013196960 -0.000000050096327
14.509999999999815 0.262522356371344 0.262522369623184 -0.000000013251840 -0.000000050478900
14.609999999999815 0.261622379926304 0.261622399091721 -0.000000019165416 -0.000000073256028
14.709999999999814 0.260731596339432 0.260731607675552 -0.000000011336120 -0.000000043478123
14.809999999999814 0.259849850167373 0.259849846363068 0.000000003804305 0.000000014640399
14.909999999999814 0.258976989621837 0.258976995944977 -0.000000006323140 -0.000000024415837
15.009999999999813 0.258112866459835 0.258112847805023 0.000000018654812 0.000000072273856
15.109999999999813 0.257257335877921 0.257257342338562 -0.000000006460641 -0.000000025113535
15.209999999999813 0.256410256410258 0.256410241127014 0.000000015283244 0.000000059604651
15.309999999999812 0.255571489830359 0.255571484565735 0.000000005264624 0.000000020599418
15.409999999999812 0.254740901056335 0.254740893840790 0.000000007215546 0.000000028325038
15.509999999999811 0.253918358059514 0.253918349742889 0.000000008316625 0.000000032753146
15.609999999999811 0.253103731776278 0.253103733062744 -0.000000001286466 -0.000000005082761
15.709999999999811 0.252296896022998 0.252296894788742 0.000000001234256 0.000000004892079
15.809999999999810 0.251497727413930 0.251497715711594 0.000000011702336 0.000000046530585
15.909999999999810 0.250706105281952 0.250706106424332 -0.000000001142380 -0.000000004556650
16.009999999999810 0.249921911602032 0.249921917915344 -0.000000006313312 -0.000000025261139
16.109999999999811 0.249145030917313 0.249145016074181 0.000000014843133 0.000000059576275
16.209999999999813 0.248375350267705 0.248375341296196 0.000000008971509 0.000000036120772
16.309999999999814 0.247612759120893 0.247612759470940 -0.000000000350047 -0.000000001413688
16.409999999999815 0.246857149305658 0.246857151389122 -0.000000002083464 -0.000000008439960
16.509999999999817 0.246108414947428 0.246108412742615 0.000000002204813 0.000000008958706
16.609999999999818 0.245366452405960 0.245366454124451 -0.000000001718491 -0.000000007003774
16.709999999999820 0.244631160215078 0.244631156325340 0.000000003889738 0.000000015900420
16.809999999999821 0.243902439024392 0.243902444839478 -0.000000005815086 -0.000000023841853
16.909999999999823 0.243180191542900 0.243180200457573 -0.000000008914673 -0.000000036658713
17.009999999999824 0.242464322484437 0.242464318871498 0.000000003612939 0.000000014900910
17.109999999999825 0.241754738514863 0.241754740476608 -0.000000001961745 -0.000000008114609
17.209999999999827 0.241051348200949 0.241051346063614 0.000000002137335 0.000000008866720
17.309999999999828 0.240354061960888 0.240354076027870 -0.000000014066983 -0.000000058526086
17.409999999999830 0.239662792016372 0.239662796258926 -0.000000004242555 -0.000000017702183
17.509999999999831 0.238977452346177 0.238977432250977 0.000000020095200 0.000000084088269
17.609999999999832 0.238297958641197 0.238297939300537 0.000000019340660 0.000000081161668
17.709999999999834 0.237624228260880 0.237624242901802 -0.000000014640922 -0.000000061613760
17.809999999999835 0.236956180191008 0.236956179141998 0.000000001049010 0.000000004427021
17.909999999999837 0.236293735002780 0.236293733119965 0.000000001882815 0.000000007968113
18.009999999999838 0.235636814813138 0.235636800527573 0.000000014285565 0.000000060625352
18.109999999999840 0.234985343246309 0.234985336661339 0.000000006584970 0.000000028022899
18.209999999999841 0.234339245396507 0.234339237213135 0.000000008183372 0.000000034921049
18.309999999999842 0.233698447791751 0.233698457479477 -0.000000009687726 -0.000000041453961
18.409999999999844 0.233062878358773 0.233062878251076 0.000000000107697 0.000000000462094
18.509999999999845 0.232432466388969 0.232432469725609 -0.000000003336640 -0.000000014355311
18.609999999999847 0.231807142505353 0.231807142496109 0.000000000009244 0.000000000039877
18.709999999999848 0.231186838630489 0.231186836957932 0.000000001672558 0.000000007234658
18.809999999999850 0.230571487955359 0.230571493506432 -0.000000005551072 -0.000000024075277
18.909999999999851 0.229961024909138 0.229961007833481 0.000000017075657 0.000000074254570
19.009999999999852 0.229355385129845 0.229355379939079 0.000000005190765 0.000000022631975
19.109999999999854 0.228754505435840 0.228754505515099 -0.000000000079259 -0.000000000346480
19.209999999999855 0.228158323798139 0.228158339858055 -0.000000016059917 -0.000000070389352
19.309999999999857 0.227566779313515 0.227566793560982 -0.000000014247466 -0.000000062607848
19.409999999999858 0.226979812178370 0.226979807019234 0.000000005159136 0.000000022729492
19.509999999999859 0.226397363663330 0.226397350430489 0.000000013232842 0.000000058449627
19.609999999999861 0.225819376088573 0.225819379091263 -0.000000003002690 -0.000000013296864
19.709999999999862 0.225245792799829 0.225245803594589 -0.000000010794760 -0.000000047924357
19.809999999999864 0.224676558145058 0.224676564335823 -0.000000006190765 -0.000000027554122
19.909999999999865 0.224111617451765 0.224111616611481 0.000000000840284 0.000000003749400
20.009999999999867 0.223550917004949 0.223550915718079 0.000000001286870 0.000000005756497
20.109999999999868 0.222994404025646 0.222994402050972 0.000000001974674 0.000000008855264
20.209999999999869 0.222442026650065 0.222442016005516 0.000000010644549 0.000000047853139
20.309999999999871 0.221893733909282 0.221893727779388 0.000000006129893 0.000000027625356
20.409999999999872 0.221349475709487 0.221349477767944 -0.000000002058458 -0.000000009299583
20.509999999999874 0.220809202812760 0.220809206366539 -0.000000003553779 -0.000000016094341
20.609999999999875 0.220272866818364 0.220272853970528 0.000000012847836 0.000000058326913
20.709999999999877 0.219740420144525 0.219740420579910 -0.000000000435385 -0.000000001981361
20.809999999999878 0.219211816010708 0.219211831688881 -0.000000015678173 -0.000000071520657
20.909999999999879 0.218687008420348 0.218687012791634 -0.000000004371285 -0.000000019988774
21.009999999999881 0.218165952144043 0.218165948987007 0.000000003157036 0.000000014470801
21.109999999999882 0.217648602703177 0.217648595571518 0.000000007131659 0.000000032766851
21.209999999999884 0.217134916353974 0.217134922742844 -0.000000006388869 -0.000000029423501
21.309999999999885 0.216624850071963 0.216624855995178 -0.000000005923215 -0.000000027343194
21.409999999999886 0.216118361536839 0.216118350625038 0.000000010911801 0.000000050489929
21.509999999999888 0.215615409117718 0.215615406632423 0.000000002485294 0.000000011526514
21.609999999999889 0.215115951858760 0.215115949511528 0.000000002347232 0.000000010911472
21.709999999999891 0.214619949465164 0.214619949460030 0.000000000005134 0.000000000023923
21.809999999999892 0.214127362289512 0.214127361774445 0.000000000515068 0.000000002405426
21.909999999999894 0.213638151318457 0.213638156652451 -0.000000005333994 -0.000000024967421
22.009999999999895 0.213152278159744 0.213152274489403 0.000000003670341 0.000000017219340
22.109999999999896 0.212669705029557 0.212669685482979 0.000000019546578 0.000000091910497
22.209999999999898 0.212190394740175 0.212190404534340 -0.000000009794165 -0.000000046157438
22.309999999999899 0.211714310687935 0.211714312434196 -0.000000001746262 -0.000000008248198
22.409999999999901 0.211241416841493 0.211241424083710 -0.000000007242217 -0.000000034284075
22.509999999999902 0.210771677730368 0.210771664977074 0.000000012753295 0.000000060507630
22.609999999999904 0.210305058433769 0.210305064916611 -0.000000006482842 -0.000000030825898
22.709999999999905 0.209841524569685 0.209841519594193 0.000000004975493 0.000000023710716
22.809999999999906 0.209381042284254 0.209381043910980 -0.000000001626726 -0.000000007769215
22.909999999999908 0.208923578241368 0.208923593163490 -0.000000014922122 -0.000000071423832
23.009999999999909 0.208469099612542 0.208469092845917 0.000000006766625 0.000000032458649
23.109999999999911 0.208017574067018 0.208017572760582 0.000000001306436 0.000000006280410
23.209999999999912 0.207568969762101 0.207568973302841 -0.000000003540740 -0.000000017058137
23.309999999999913 0.207123255333734 0.207123264670372 -0.000000009336638 -0.000000045077692
23.409999999999915 0.206680399887278 0.206680402159691 -0.000000002272412 -0.000000010994814
23.509999999999916 0.206240372988527 0.206240385770798 -0.000000012782271 -0.000000061977539
23.609999999999918 0.205803144654915 0.205803155899048 -0.000000011244133 -0.000000054635379
23.709999999999919 0.205368685346940 0.205368697643280 -0.000000012296340 -0.000000059874464
23.809999999999921 0.204936965959779 0.204936966300011 -0.000000000340231 -0.000000001660175
23.909999999999922 0.204507957815101 0.204507961869240 -0.000000004054139 -0.000000019823868
24.009999999999923 0.204081632653062 0.204081624746323 0.000000007906739 0.000000038743021
24.109999999999925 0.203657962624487 0.203657969832420 -0.000000007207934 -0.000000035392349
24.209999999999926 0.203236920283231 0.203236922621727 -0.000000002338496 -0.000000011506255
24.309999999999928 0.202818478578709 0.202818483114243 -0.000000004535533 -0.000000022362524
24.409999999999929 0.202402610848597 0.202402621507645 -0.000000010659047 -0.000000052662599
24.509999999999931 0.201989290811695 0.201989293098450 -0.000000002286755 -0.000000011321171
24.609999999999932 0.201578492560951 0.201578482985497 0.000000009575454 0.000000047502359
24.709999999999933 0.201170190556642 0.201170191168785 -0.000000000612143 -0.000000003042910
24.809999999999935 0.200764359619706 0.200764358043671 0.000000001576036 0.000000007850177
24.909999999999936 0.200360974925216 0.200360968708992 0.000000006216224 0.000000031025121
25.009999999999938 0.199960011996002 0.199960008263588 0.000000003732414 0.000000018665801
25.109999999999939 0.199561446696417 0.199561446905136 -0.000000000208719 -0.000000001045890
25.209999999999940 0.199165255226231 0.199165254831314 0.000000000394917 0.000000001982860
25.309999999999942 0.198771414114663 0.198771417140961 -0.000000003026298 -0.000000015225016
25.409999999999943 0.198379900214539 0.198379889130592 0.000000011083946 0.000000055872326
25.509999999999945 0.197990690696580 0.197990685701370 0.000000004995210 0.000000025229520
25.609999999999946 0.197603763043811 0.197603762149811 0.000000000894000 0.000000004524207
25.709999999999948 0.197219095046087 0.197219103574753 -0.000000008528666 -0.000000043244626
25.809999999999949 0.196836664794739 0.196836665272713 -0.000000000477973 -0.000000002428275
25.909999999999950 0.196456450677336 0.196456447243690 0.000000003433645 0.000000017477895
26.009999999999952 0.196078431372549 0.196078434586525 -0.000000003213976 -0.000000016391276
26.109999999999953 0.195702585845136 0.195702582597733 0.000000003247403 0.000000016593563
26.209999999999955 0.195328893341018 0.195328891277313 0.000000002063705 0.000000010565282
26.309999999999956 0.194957333382473 0.194957345724106 -0.000000012341633 -0.000000063304275
26.409999999999958 0.194587885763417 0.194587886333466 -0.000000000570049 -0.000000002929517
26.509999999999959 0.194220530544791 0.194220542907715 -0.000000012362924 -0.000000063654053
26.609999999999960 0.193855248050040 0.193855240941048 0.000000007108993 0.000000036671655
26.709999999999962 0.193492018860690 0.193492010235786 0.000000008624903 0.000000044574982
26.809999999999963 0.193130823812005 0.193130820989609 0.000000002822396 0.000000014613908
26.909999999999965 0.192771643988747 0.192771658301353 -0.000000014312607 -0.000000074246431
27.009999999999966 0.192414460721011 0.192414462566376 -0.000000001845364 -0.000000009590570
27.109999999999967 0.192059255580152 0.192059248685837 0.000000006894315 0.000000035896815
27.209999999999969 0.191706010374788 0.191706016659737 -0.000000006284948 -0.000000032784304
27.309999999999970 0.191354707146890 0.191354721784592 -0.000000014637701 -0.000000076495121
27.409999999999972 0.191005328167945 0.191005334258080 -0.000000006090135 -0.000000031884632
27.509999999999973 0.190657855935200 0.190657854080200 0.000000001855000 0.000000009729468
27.609999999999975 0.190312273167978 0.190312266349792 0.000000006818185 0.000000035826303
27.709999999999976 0.189968562804069 0.189968556165695 0.000000006638374 0.000000034944590
27.809999999999977 0.189626707996192 0.189626708626747 -0.000000000630556 -0.000000003325247
27.909999999999979 0.189286692108524 0.189286693930626 -0.000000001822101 -0.000000009626147
28.009999999999980 0.188948498713306 0.188948497176170 0.000000001537136 0.000000008135209
28.109999999999982 0.188612111587500 0.188612103462219 0.000000008125281 0.000000043079316
28.209999999999983 0.188277514709529 0.188277527689934 -0.000000012980405 -0.000000068942939
28.309999999999985 0.187944692256065 0.187944695353508 -0.000000003097443 -0.000000016480607
28.409999999999986 0.187613628598894 0.187613621354103 0.000000007244791 0.000000038615482
28.509999999999987 0.187284308301824 0.187284305691719 0.000000002610105 0.000000013936591
28.609999999999989 0.186956716117670 0.186956718564034 -0.000000002446364 -0.000000013085188
28.709999999999990 0.186630836985285 0.186630830168724 0.000000006816561 0.000000036524300
28.809999999999992 0.186306656026652 0.186306655406952 0.000000000619701 0.000000003326240
28.909999999999993 0.185984158544034 0.185984164476395 -0.000000005932361 -0.000000031897128
29.009999999999994 0.185663330017170 0.185663327574730 0.000000002442440 0.000000013155208
29.109999999999996 0.185344156100532 0.185344144701958 0.000000011398574 0.000000061499507
29.209999999999997 0.185026622620632 0.185026615858078 0.000000006762554 0.000000036549087
29.309999999999999 0.184710715573377 0.184710726141930 -0.000000010568553 -0.000000057216784
29.410000000000000 0.184396421121472 0.184396430850029 -0.000000009728557 -0.000000052758924
29.510000000000002 0.184083725591882 0.184083729982376 -0.000000004390494 -0.000000023850530
29.610000000000003 0.183772615473324 0.183772608637810 0.000000006835514 0.000000037195498
29.710000000000004 0.183463077413822 0.183463081717491 -0.000000004303669 -0.000000023457957
29.810000000000006 0.183155098218299 0.183155089616776 0.000000008601523 0.000000046963055
29.910000000000007 0.182848664846210 0.182848662137985 0.000000002708224 0.000000014811288
30.010000000000009 0.182543764409228 0.182543754577637 0.000000009831591 0.000000053858818
30.110000000000010 0.182240384168966 0.182240381836891 0.000000002332075 0.000000012796699
30.210000000000012 0.181938511534741 0.181938514113426 -0.000000002578685 -0.000000014173390
30.310000000000013 0.181638134061376 0.181638136506081 -0.000000002444704 -0.000000013459201
30.410000000000014 0.181339239447053 0.181339234113693 0.000000005333360 0.000000029410955
30.510000000000016 0.181041815531189 0.181041821837425 -0.000000006306236 -0.000000034833035
30.610000000000017 0.180745850292363 0.180745854973793 -0.000000004681430 -0.000000025900625
30.710000000000019 0.180451331846270 0.180451333522797 -0.000000001676526 -0.000000009290739
30.810000000000020 0.180158248443725 0.180158257484436 -0.000000009040711 -0.000000050182055
30.910000000000021 0.179866588468685 0.179866597056389 -0.000000008587704 -0.000000047744853
31.010000000000023 0.179576340436322 0.179576352238655 -0.000000011802333 -0.000000065723209
31.110000000000024 0.179287492991120 0.179287493228912 -0.000000000237793 -0.000000001326320
31.210000000000026 0.179000034905010 0.179000034928322 -0.000000000023312 -0.000000000130233
31.310000000000027 0.178713955075538 0.178713962435722 -0.000000007360184 -0.000000041184158
31.410000000000029 0.178429242524063 0.178429245948792 -0.000000003424729 -0.000000019193762
31.510000000000030 0.178145886393985 0.178145885467529 0.000000000926456 0.000000005200546
31.610000000000031 0.177863875949011 0.177863866090775 0.000000009858236 0.000000055425737
31.710000000000033 0.177583200571442 0.177583202719688 -0.000000002148246 -0.000000012097125
31.810000000000034 0.177303849760498 0.177303850650787 -0.000000000890290 -0.000000005021266
31.910000000000036 0.177025813130662 0.177025809884071 0.000000003246591 0.000000018339648
32.010000000000034 0.176749080410067 0.176749095320702 -0.000000014910634 -0.000000084360464
32.110000000000035 0.176473641438894 0.176473632454872 0.000000008984021 0.000000050908574
32.210000000000036 0.176199486167808 0.176199480891228 0.000000005276580 0.000000029946624
32.310000000000038 0.175926604656420 0.175926595926285 0.000000008730135 0.000000049623734
32.410000000000039 0.175654987071771 0.175654992461205 -0.000000005389433 -0.000000030681925
32.510000000000041 0.175384623686846 0.175384625792503 -0.000000002105657 -0.000000012005939
32.610000000000042 0.175115504879107 0.175115510821342 -0.000000005942235 -0.000000033933232
32.710000000000043 0.174847621129059 0.174847632646561 -0.000000011517502 -0.000000065871652
32.810000000000045 0.174580963018832 0.174580961465836 0.000000001552996 0.000000008895564
32.910000000000046 0.174315521230793 0.174315512180328 0.000000009050464 0.000000051920013
33.010000000000048 0.174051286546176 0.174051284790039 0.000000001756137 0.000000010089770
33.110000000000049 0.173788249843743 0.173788249492645 0.000000000351097 0.000000002020259
33.210000000000051 0.173526402098451 0.173526406288147 -0.000000004189696 -0.000000024144429
33.310000000000052 0.173265734380163 0.173265740275383 -0.000000005895220 -0.000000034024155
33.410000000000053 0.173006237852361 0.173006236553192 0.000000001299168 0.000000007509373
33.510000000000055 0.172747903770890 0.172747910022736 -0.000000006251846 -0.000000036190574
33.610000000000056 0.172490723482722 0.172490715980530 0.000000007502192 0.000000043493310
33.710000000000058 0.172234688424738 0.172234699130058 -0.000000010705321 -0.000000062155427
33.810000000000059 0.171979790122527 0.171979784965515 0.000000005157012 0.000000029986152
33.910000000000061 0.171726020189214 0.171726018190384 0.000000001998831 0.000000011639649
34.010000000000062 0.171473370324297 0.171473383903503 -0.000000013579207 -0.000000079191345
34.110000000000063 0.171221832312505 0.171221822500229 0.000000009812276 0.000000057307386
34.210000000000065 0.170971398022680 0.170971408486366 -0.000000010463686 -0.000000061201382
34.310000000000066 0.170722059406674 0.170722052454948 0.000000006951726 0.000000040719551
34.410000000000068 0.170473808498256 0.170473814010620 -0.000000005512364 -0.000000032335550
34.510000000000069 0.170226637412049 0.170226633548737 0.000000003863312 0.000000022695109
34.610000000000070 0.169980538342476 0.169980540871620 -0.000000002529144 -0.000000014879024
34.710000000000072 0.169735503562725 0.169735506176949 -0.000000002614224 -0.000000015401751
34.810000000000073 0.169491525423729 0.169491529464722 -0.000000004040993 -0.000000023841859
34.910000000000075 0.169248596353165 0.169248595833778 0.000000000519386 0.000000003068777
35.010000000000076 0.169006708854464 0.169006705284119 0.000000003570346 0.000000021125468
35.110000000000078 0.168765855505845 0.168765857815742 -0.000000002309898 -0.000000013686996
35.210000000000079 0.168526028959350 0.168526038527489 -0.000000009568139 -0.000000056775436
35.310000000000080 0.168287221939910 0.168287217617035 0.000000004322875 0.000000025687483
35.410000000000082 0.168049427244415 0.168049424886703 0.000000002357711 0.000000014029868
35.510000000000083 0.167812637740800 0.167812630534172 0.000000007206628 0.000000042944492
35.610000000000085 0.167576846367152 0.167576849460602 -0.000000003093450 -0.000000018459890
35.710000000000086 0.167342046130817 0.167342051863670 -0.000000005732854 -0.000000034258299
35.810000000000088 0.167108230107536 0.167108237743378 -0.000000007635842 -0.000000045693989
35.910000000000089 0.166875391440586 0.166875392198563 -0.000000000757977 -0.000000004542171
36.010000000000090 0.166643523339933 0.166643530130386 -0.000000006790453 -0.000000040748378
36.110000000000092 0.166412619081402 0.166412621736526 -0.000000002655124 -0.000000015955065
36.210000000000093 0.166182672005859 0.166182667016983 0.000000004988876 0.000000030020433
36.310000000000095 0.165953675518401 0.165953665971756 0.000000009546645 0.000000057525960
36.410000000000096 0.165725623087565 0.165725618600845 0.000000004486719 0.000000027073178
36.510000000000097 0.165498508244544 0.165498510003090 -0.000000001758546 -0.000000010625750
36.610000000000099 0.165272324582418 0.165272310376167 0.000000014206251 0.000000085956623
36.710000000000100 0.165047065755392 0.165047064423561 0.000000001331831 0.000000008069400
36.810000000000102 0.164822725478049 0.164822712540627 0.000000012937423 0.000000078492955
36.910000000000103 0.164599297524617 0.164599299430847 -0.000000001906230 -0.000000011581036
37.010000000000105 0.164376775728237 0.164376780390739 -0.000000004662503 -0.000000028364729
37.110000000000106 0.164155153980253 0.164155155420303 -0.000000001440050 -0.000000008772493
37.210000000000107 0.163934426229508 0.163934424519539 0.000000001709969 0.000000010430811
37.310000000000109 0.163714586481645 0.163714572787285 0.000000013694360 0.000000083647770
37.410000000000110 0.163495628798428 0.163495630025864 -0.000000001227435 -0.000000007507451
37.510000000000112 0.163277547297068 0.163277551531792 -0.000000004234724 -0.000000025935739
37.610000000000113 0.163060336149555 0.163060322403908 0.000000013745648 0.000000084297922
37.710000000000115 0.162843989582010 0.162843987345695 0.000000002236315 0.000000013732866
37.810000000000116 0.162628501874035 0.162628486752510 0.000000015121525 0.000000092982011
37.910000000000117 0.162413867358081 0.162413865327835 0.000000002030246 0.000000012500447
38.010000000000119 0.162200080418820 0.162200078368187 0.000000002050633 0.000000012642612
38.110000000000120 0.161987135492528 0.161987125873566 0.000000009618963 0.000000059381028
38.210000000000122 0.161775027066481 0.161775037646294 -0.000000010579813 -0.000000065398308
38.310000000000123 0.161563749678348 0.161563739180565 0.000000010497783 0.000000064976103
38.410000000000124 0.161353297915607 0.161353290081024 0.000000007834583 0.000000048555454
38.510000000000126 0.161143666414959 0.161143675446510 -0.000000009031551 -0.000000056046580
38.610000000000127 0.160934849861756 0.160934850573540 -0.000000000711784 -0.000000004422809
38.710000000000129 0.160726842989432 0.160726845264435 -0.000000002275003 -0.000000014154469
38.810000000000130 0.160519640578949 0.160519644618034 -0.000000004039086 -0.000000025162564
38.910000000000132 0.160313237458244 0.160313233733177 0.000000003725067 0.000000023236176
39.010000000000133 0.160107628501688 0.160107627511024 0.000000000990664 0.000000006187488
39.110000000000134 0.159902808629553 0.159902811050415 -0.000000002420862 -0.000000015139584
39.210000000000136 0.159698772807480 0.159698769450188 0.000000003357292 0.000000021022657
39.310000000000137 0.159495516045965 0.159495517611504 -0.000000001565539 -0.000000009815565
39.410000000000139 0.159293033399842 0.159293025732040 0.000000007667802 0.000000048136456
39.510000000000140 0.159091319967782 0.159091323614120 -0.000000003646338 -0.000000022919781
39.610000000000142 0.158890370891790 0.158890366554260 0.000000004337530 0.000000027298886
39.710000000000143 0.158690181356717 0.158690184354782 -0.000000002998065 -0.000000018892566
39.810000000000144 0.158490746589775 0.158490732312202 0.000000014277572 0.000000090084580
39.910000000000146 0.158292061860056 0.158292055130005 0.000000006730051 0.000000042516667
40.010000000000147 0.158094122478065 0.158094137907028 -0.000000015428963 -0.000000097593529
40.110000000000149 0.157896923795253 0.157896921038628 0.000000002756625 0.000000017458385
40.210000000000150 0.157700461203558 0.157700464129448 -0.000000002925890 -0.000000018553465
40.310000000000151 0.157504730134954 0.157504722476006 0.000000007658948 0.000000048626781
40.410000000000153 0.157309726061003 0.157309725880623 0.000000000180380 0.000000001146653
40.510000000000154 0.157115444492417 0.157115444540977 -0.000000000048560 -0.000000000309075
40.610000000000156 0.156921880978624 0.156921878457069 0.000000002521554 0.000000016068852
40.710000000000157 0.156729031107337 0.156729027628899 0.000000003478439 0.000000022193964
40.810000000000159 0.156536890504135 0.156536892056465 -0.000000001552330 -0.000000009916703
40.910000000000160 0.156345454832045 0.156345456838608 -0.000000002006563 -0.000000012834164
41.010000000000161 0.156154719791127 0.156154721975327 -0.000000002184199 -0.000000013987404
41.110000000000163 0.155964681118077 0.155964687466621 -0.000000006348544 -0.000000040705010
41.210000000000164 0.155775334585819 0.155775338411331 -0.000000003825512 -0.000000024557881
41.310000000000166 0.155586676003112 0.155586674809456 0.000000001193656 0.000000007671968
41.410000000000167 0.155398701214162 0.155398711562157 -0.000000010347995 -0.000000066589968
41.510000000000169 0.155211406098237 0.155211403965950 0.000000002132287 0.000000013737955
41.610000000000170 0.155024786569287 0.155024781823158 0.000000004746129 0.000000030615291
41.710000000000171 0.154838838575569 0.154838845133781 -0.000000006558212 -0.000000042355085
41.810000000000173 0.154653558099279 0.154653549194336 0.000000008904943 0.000000057579946
41.910000000000174 0.154468941156187 0.154468938708305 0.000000002447882 0.000000015847079
42.010000000000176 0.154284983795275 0.154284983873367 -0.000000000078092 -0.000000000506156
42.110000000000177 0.154101682098386 0.154101669788361 0.000000012310025 0.000000079882486
42.210000000000178 0.153919032179870 0.153919026255608 0.000000005924262 0.000000038489471
42.310000000000180 0.153737030186239 0.153737023472786 0.000000006713453 0.000000043668416
42.410000000000181 0.153555672295826 0.153555676341057 -0.000000004045231 -0.000000026343744
42.510000000000183 0.153374954718447 0.153374969959259 -0.000000015240812 -0.000000099369624
42.610000000000184 0.153194873695072 0.153194874525070 -0.000000000829998 -0.000000005417924
42.710000000000186 0.153015425497490 0.153015419840813 0.000000005656677 0.000000036968019
42.810000000000187 0.152836606427989 0.152836605906487 0.000000000521503 0.000000003412159
42.910000000000188 0.152658412819038 0.152658417820930 -0.000000005001893 -0.000000032765261
43.010000000000190 0.152480841032965 0.152480840682983 0.000000000349982 0.000000002295249
43.110000000000191 0.152303887461651 0.152303889393806 -0.000000001932156 -0.000000012686186
43.210000000000193 0.152127548526219 0.152127549052238 -0.000000000526020 -0.000000003457756
43.310000000000194 0.151951820676729 0.151951819658279 0.000000001018450 0.000000006702452
43.410000000000196 0.151776700391883 0.151776701211929 -0.000000000820046 -0.000000005402979
43.510000000000197 0.151602184178722 0.151602178812027 0.000000005366695 0.000000035399850
43.610000000000198 0.151428268572337 0.151428267359734 0.000000001212603 0.000000008007773
43.710000000000200 0.151254950135580 0.151254951953888 -0.000000001818307 -0.000000012021474
43.810000000000201 0.151082225458780 0.151082232594490 -0.000000007135710 -0.000000047230639
43.910000000000203 0.150910091159456 0.150910094380379 -0.000000003220923 -0.000000021343323
44.010000000000204 0.150738543882045 0.150738552212715 -0.000000008330671 -0.000000055265697
44.110000000000205 0.150567580297622 0.150567576289177 0.000000004008445 0.000000026622234
44.210000000000207 0.150397197103635 0.150397196412086 0.000000000691548 0.000000004598147
44.310000000000208 0.150227391023630 0.150227397680283 -0.000000006656653 -0.000000044310514
44.410000000000210 0.150058158806990 0.150058150291443 0.000000008515547 0.000000056748313
44.510000000000211 0.149889497228676 0.149889498949051 -0.000000001720375 -0.000000011477623
44.610000000000213 0.149721403088962 0.149721398949623 0.000000004139339 0.000000027646943
44.710000000000214 0.149553873213188 0.149553880095482 -0.000000006882294 -0.000000046018827
44.810000000000215 0.149386904451502 0.149386897683144 0.000000006768358 0.000000045307576
44.910000000000217 0.149220493678615 0.149220496416092 -0.000000002737477 -0.000000018345183
45.010000000000218 0.149054637793552 0.149054646492004 -0.000000008698452 -0.000000058357474
45.110000000000220 0.148889333719414 0.148889333009720 0.000000000709694 0.000000004766590
45.210000000000221 0.148724578403134 0.148724570870399 0.000000007532734 0.000000050648887
45.310000000000223 0.148560368815241 0.148560374975204 -0.000000006159964 -0.000000041464382
45.410000000000224 0.148396701949627 0.148396700620651 0.000000001328976 0.000000008955561
45.510000000000225 0.148233574823317 0.148233577609062 -0.000000002785745 -0.000000018792944
45.610000000000227 0.148070984476238 0.148070991039276 -0.000000006563038 -0.000000044323596
45.710000000000228 0.147908927970994 0.147908926010132 0.000000001960862 0.000000013257226
45.810000000000230 0.147747402392645 0.147747397422791 0.000000004969855 0.000000033637509
45.910000000000231 0.147586404848485 0.147586405277252 -0.000000000428767 -0.000000002905193
46.010000000000232 0.147425932467825 0.147425934672356 -0.000000002204531 -0.000000014953479
46.110000000000234 0.147265982401778 0.147265985608101 -0.000000003206323 -0.000000021772328
46.210000000000235 0.147106551823045 0.147106543183327 0.000000008639718 0.000000058731024
46.310000000000237 0.146947637925710 0.146947637200356 0.000000000725354 0.000000004936140
46.410000000000238 0.146789237925025 0.146789237856865 0.000000000068160 0.000000000464341
46.510000000000240 0.146631349057213 0.146631360054016 -0.000000010996803 -0.000000074996261
46.610000000000241 0.146473968579260 0.146473959088326 0.000000009490934 0.000000064796048
46.710000000000242 0.146317093768715 0.146317094564438 -0.000000000795723 -0.000000005438343
46.810000000000244 0.146160721923497 0.146160721778870 0.000000000144628 0.000000000989512
46.910000000000245 0.146004850361694 0.146004840731621 0.000000009630074 0.000000065957218
47.010000000000247 0.145849476421373 0.145849481225014 -0.000000004803640 -0.000000032935602
47.110000000000248 0.145694597460388 0.145694598555565 -0.000000001095177 -0.000000007516937
47.210000000000250 0.145540210856190 0.145540222525597 -0.000000011669406 -0.000000080179948
47.310000000000251 0.145386314005644 0.145386308431625 0.000000005574019 0.000000038339366
47.410000000000252 0.145232904324843 0.145232900977135 0.000000003347708 0.000000023050615
47.510000000000254 0.145079979248922 0.145079985260963 -0.000000006012042 -0.000000041439501
47.610000000000255 0.144927536231884 0.144927531480789 0.000000004751094 0.000000032782552
47.710000000000257 0.144775572746419 0.144775584340096 -0.000000011593677 -0.000000080080339
47.810000000000258 0.144624086283727 0.144624084234238 0.000000002049489 0.000000014171149
47.910000000000259 0.144473074353347 0.144473075866699 -0.000000001513352 -0.000000010474976
48.010000000000261 0.144322534482982 0.144322544336319 -0.000000009853337 -0.000000068273029
48.110000000000262 0.144172464218331 0.144172459840775 0.000000004377557 0.000000030363334
48.210000000000264 0.144022861122920 0.144022852182388 0.000000008940531 0.000000062077169
48.310000000000265 0.143873722777935 0.143873721361160 0.000000001416775 0.000000009847349
48.410000000000267 0.143725046782061 0.143725052475929 -0.000000005693868 -0.000000039616397
48.510000000000268 0.143576830751316 0.143576830625534 0.000000000125782 0.000000000876057
48.610000000000269 0.143429072318892 0.143429070711136 0.000000001607756 0.000000011209414
48.710000000000271 0.143281769134996 0.143281772732735 -0.000000003597738 -0.000000025109533
48.810000000000272 0.143134918866696 0.143134921789169 -0.000000002922474 -0.000000020417616
48.910000000000274 0.142988519197758 0.142988517880440 0.000000001317318 0.000000009212753
49.010000000000275 0.142842567828501 0.142842561006546 0.000000006821955 0.000000047758558
49.110000000000277 0.142697062475642 0.142697066068649 -0.000000003593007 -0.000000025179267
49.210000000000278 0.142552000872144 0.142552003264427 -0.000000002392283 -0.000000016781827
49.310000000000279 0.142407380767071 0.142407372593880 0.000000008173192 0.000000057393034
49.410000000000281 0.142263199925440 0.142263203859329 -0.000000003933890 -0.000000027652194
49.510000000000282 0.142119456128073 0.142119467258453 -0.000000011130380 -0.000000078317077
49.610000000000284 0.141976147171460 0.141976147890091 -0.000000000718631 -0.000000005061634
49.710000000000285 0.141833270867610 0.141833275556564 -0.000000004688954 -0.000000033059620
49.810000000000286 0.141690825043918 0.141690820455551 0.000000004588366 0.000000032382947
49.910000000000288 0.141548807543018 0.141548812389374 -0.000000004846356 -0.000000034238058
50.010000000000289 0.141407216222652 0.141407221555710 -0.000000005333058 -0.000000037714183
50.110000000000291 0.141266048955534 0.141266047954559 0.000000001000975 0.000000007085742
50.210000000000292 0.141125303629212 0.141125306487083 -0.000000002857872 -0.000000020250596
50.310000000000294 0.140984978145937 0.140984982252121 -0.000000004106184 -0.000000029124972
50.410000000000295 0.140845070422535 0.140845075249672 -0.000000004827137 -0.000000034272674
50.510000000000296 0.140705578390270 0.140705585479736 -0.000000007089466 -0.000000050385111
50.610000000000298 0.140566499994723 0.140566498041153 0.000000001953570 0.000000013897837
50.710000000000299 0.140427833195661 0.140427842736244 -0.000000009540584 -0.000000067939406
50.810000000000301 0.140289575966910 0.140289574861526 0.000000001105383 0.000000007879296
50.910000000000302 0.140151726296234 0.140151724219322 0.000000002076912 0.000000014819023
51.010000000000304 0.140014282185211 0.140014290809631 -0.000000008624420 -0.000000061596718
51.110000000000305 0.139877241649110 0.139877229928970 0.000000011720140 0.000000083788755
51.210000000000306 0.139740602716772 0.139740601181984 0.000000001534788 0.000000010983125
51.310000000000308 0.139604363430490 0.139604359865189 0.000000003565302 0.000000025538614
51.410000000000309 0.139468521845892 0.139468520879745 0.000000000966147 0.000000006927346
51.510000000000311 0.139333076031823 0.139333069324493 0.000000006707330 0.000000048138821
51.610000000000312 0.139198024070233 0.139198020100594 0.000000003969639 0.000000028517926
51.710000000000313 0.139063364056057 0.139063358306885 0.000000005749172 0.000000041342104
51.810000000000315 0.138929094097109 0.138929083943367 0.000000010153742 0.000000073085786
51.910000000000316 0.138795212313966 0.138795211911201 0.000000000402765 0.000000002901865
52.010000000000318 0.138661716839860 0.138661712408066 0.000000004431794 0.000000031961192
52.110000000000319 0.138528605820563 0.138528600335121 0.000000005485442 0.000000039597902
52.210000000000321 0.138395877414289 0.138395875692368 0.000000001721921 0.000000012442000
52.310000000000322 0.138263529791577 0.138263523578644 0.000000006212933 0.000000044935442
52.410000000000323 0.138131561135190 0.138131558895111 0.000000002240078 0.000000016216992
52.510000000000325 0.137999969640010 0.137999966740608 0.000000002899401 0.000000021010159
52.610000000000326 0.137868753512933 0.137868747115135 0.000000006397798 0.000000046404989
52.710000000000328 0.137737910972769 0.137737914919853 -0.000000003947084 -0.000000028656486
52.810000000000329 0.137607440250135 0.137607440352440 -0.000000000102305 -0.000000000743453
52.910000000000331 0.137477339587362 0.137477338314056 0.000000001273305 0.000000009261929
53.010000000000332 0.137347607238388 0.137347608804703 -0.000000001566315 -0.000000011404021
53.110000000000333 0.137218241468665 0.137218236923218 0.000000004545447 0.000000033125677
53.210000000000335 0.137089240555060 0.137089237570763 0.000000002984297 0.000000021769011
53.310000000000336 0.136960602785757 0.136960610747337 -0.000000007961580 -0.000000058130442
53.410000000000338 0.136832326460164 0.136832326650620 -0.000000000190455 -0.000000001391889
53.510000000000339 0.136704409888817 0.136704415082932 -0.000000005194114 -0.000000037995220
53.610000000000340 0.136576851393288 0.136576846241951 0.000000005151337 0.000000037717497
53.710000000000342 0.136449649306090 0.136449649930000 -0.000000000623911 -0.000000004572460
53.810000000000343 0.136322801970587 0.136322796344757 0.000000005625830 0.000000041268446
53.910000000000345 0.136196307740906 0.136196315288544 -0.000000007547638 -0.000000055417347
54.010000000000346 0.136070164981841 0.136070162057877 0.000000002923964 0.000000021488651
54.110000000000348 0.135944372068770 0.135944366455078 0.000000005613692 0.000000041294040
54.210000000000349 0.135818927387566 0.135818928480148 -0.000000001092582 -0.000000008044403
54.310000000000350 0.135693829334507 0.135693818330765 0.000000011003742 0.000000081092427
54.410000000000352 0.135569076316192 0.135569080710411 -0.000000004394219 -0.000000032413140
54.510000000000353 0.135444666749456 0.135444670915604 -0.000000004166147 -0.000000030759036
54.610000000000355 0.135320599061287 0.135320603847504 -0.000000004786216 -0.000000035369458
54.710000000000356 0.135196871688739 0.135196879506111 -0.000000007817372 -0.000000057822137
54.810000000000358 0.135073483078851 0.135073482990265 0.000000000088586 0.000000000655835
54.910000000000359 0.134950431688565 0.134950429201126 0.000000002487439 0.000000018432243
55.010000000000360 0.134827715984647 0.134827718138695 -0.000000002154048 -0.000000015976297
55.110000000000362 0.134705334443603 0.134705334901810 -0.000000000458207 -0.000000003401548
55.210000000000363 0.134583285551602 0.134583279490471 0.000000006061131 0.000000045036284
55.310000000000365 0.134461567804397 0.134461566805840 0.000000000998557 0.000000007426341
55.410000000000366 0.134340179707247 0.134340181946754 -0.000000002239508 -0.000000016670423
55.510000000000367 0.134219119774839 0.134219124913216 -0.000000005138376 -0.000000038283490
55.610000000000369 0.134098386531215 0.134098380804062 0.000000005727153 0.000000042708587
55.710000000000370 0.133977978509690 0.133977979421616 -0.000000000911926 -0.000000006806536
55.810000000000372 0.133857894252784 0.133857890963554 0.000000003289230 0.000000024572549
55.910000000000373 0.133738132312145 0.133738130331039 0.000000001981106 0.000000014813318
56.010000000000375 0.133618691248474 0.133618697524071 -0.000000006275597 -0.000000046966457
56.110000000000376 0.133499569631456 0.133499577641487 -0.000000008010031 -0.000000060000429
56.210000000000377 0.133380766039683 0.133380770683289 -0.000000004643605 -0.000000034814654
56.310000000000379 0.133262279060590 0.133262276649475 0.000000002411115 0.000000018093003
56.410000000000380 0.133144107290376 0.133144110441208 -0.000000003150831 -0.000000023664821
56.510000000000382 0.133026249333942 0.133026257157326 -0.000000007823383 -0.000000058810825
56.610000000000383 0.132908703804816 0.132908701896667 0.000000001908149 0.000000014356838
56.710000000000385 0.132791469325088 0.132791459560394 0.000000009764693 0.000000073534040
56.810000000000386 0.132674544525339 0.132674545049667 -0.000000000524329 -0.000000003951992
56.910000000000387 0.132557928044577 0.132557928562164 -0.000000000517587 -0.000000003904610
57.010000000000389 0.132441618530171 0.132441624999046 -0.000000006468875 -0.000000048843222
57.110000000000390 0.132325614637780 0.132325604557991 0.000000010079789 0.000000076174132
57.210000000000392 0.132209915031293 0.132209911942482 0.000000003088811 0.000000023362927
57.310000000000393 0.132094518382761 0.132094517350197 0.000000001032564 0.000000007816858
57.410000000000394 0.131979423372336 0.131979420781136 0.000000002591201 0.000000019633368
57.510000000000396 0.131864628688205 0.131864637136459 -0.000000008448254 -0.000000064067627
57.610000000000397 0.131750133026529 0.131750136613846 -0.000000003587317 -0.000000027228183
57.710000000000399 0.131635935091379 0.131635934114456 0.000000000976922 0.000000007421396
57.810000000000400 0.131522033594674 0.131522029638290 0.000000003956384 0.000000030081529
57.910000000000402 0.131408427256125 0.131408423185349 0.000000004070777 0.000000030978050
58.010000000000403 0.131295114803169 0.131295114755630 0.000000000047538 0.000000000362072
58.110000000000404 0.131182094970909 0.131182089447975 0.000000005522934 0.000000042101281
58.210000000000406 0.131069366502061 0.131069377064705 -0.000000010562644 -0.000000080588198
58.310000000000407 0.130956928146887 0.130956932902336 -0.000000004755449 -0.000000036313079
58.410000000000409 0.130844778663143 0.130844786763191 -0.000000008100048 -0.000000061905783
58.510000000000410 0.130732916816018 0.130732923746109 -0.000000006930091 -0.000000053009532
58.610000000000412 0.130621341378080 0.130621343851089 -0.000000002473010 -0.000000018932662
58.710000000000413 0.130510051129214 0.130510047078133 0.000000004051082 0.000000031040382
58.810000000000414 0.130399044856574 0.130399048328400 -0.000000003471826 -0.000000026624626
58.910000000000416 0.130288321354518 0.130288317799568 0.000000003554950 0.000000027285256
59.010000000000417 0.130177879424562 0.130177885293961 -0.000000005869398 -0.000000045087523
59.110000000000419 0.130067717875320 0.130067721009254 -0.000000003133935 -0.000000024094640
59.210000000000420 0.129957835522449 0.129957839846611 -0.000000004324162 -0.000000033273574
59.310000000000421 0.129848231188603 0.129848226904869 0.000000004283734 0.000000032990313
59.410000000000423 0.129738903703370 0.129738897085190 0.000000006618180 0.000000051011533
59.510000000000424 0.129629851903228 0.129629850387573 0.000000001515655 0.000000011692176
59.610000000000426 0.129521074631488 0.129521071910858 0.000000002720630 0.000000021005309
59.710000000000427 0.129412570738244 0.129412576556206 -0.000000005817961 -0.000000044956694
59.810000000000429 0.129304339080323 0.129304334521294 0.000000004559029 0.000000035258128
59.910000000000430 0.129196378521230 0.129196375608444 0.000000002912786 0.000000022545417
60.010000000000431 0.129088687931106 0.129088684916496 0.000000003014610 0.000000023353016
60.110000000000433 0.128981266186671 0.128981262445450 0.000000003741221 0.000000029005926
60.210000000000434 0.128874112171176 0.128874123096466 -0.000000010925290 -0.000000084774900
60.310000000000436 0.128767224774358 0.128767222166061 0.000000002608297 0.000000020255906
60.410000000000437 0.128660602892389 0.128660604357719 -0.000000001465331 -0.000000011389119
60.510000000000439 0.128554245427826 0.128554254770279 -0.000000009342453 -0.000000072673238
60.610000000000440 0.128448151289568 0.128448143601418 0.000000007688151 0.000000059854118
60.710000000000441 0.128342319392808 0.128342315554619 0.000000003838189 0.000000029905874
60.810000000000443 0.128236748658983 0.128236755728722 -0.000000007069739 -0.000000055130367
60.910000000000444 0.128131438015730 0.128131434321404 0.000000003694327 0.000000028832319
61.010000000000446 0.128026386396843 0.128026381134987 0.000000005261856 0.000000041099777
61.110000000000447 0.127921592742222 0.127921596169472 -0.000000003427250 -0.000000026791798
61.210000000000448 0.127817055997834 0.127817064523697 -0.000000008525863 -0.000000066703639
61.310000000000450 0.127712775115664 0.127712771296501 0.000000003819163 0.000000029904312
61.410000000000451 0.127608749053672 0.127608746290207 0.000000002763465 0.000000021655765
61.510000000000453 0.127504976775751 0.127504974603653 0.000000002172098 0.000000017035399
61.610000000000454 0.127401457251682 0.127401456236839 0.000000001014843 0.000000007965708
61.710000000000456 0.127298189457091 0.127298191189766 -0.000000001732675 -0.000000013611149
61.810000000000457 0.127195172373408 0.127195164561272 0.000000007812136 0.000000061418498
61.910000000000458 0.127092404987822 0.127092406153679 -0.000000001165857 -0.000000009173299
62.010000000000460 0.126989886293243 0.126989886164665 0.000000000128578 0.000000001012502
62.110000000000461 0.126887615288256 0.126887604594231 0.000000010694025 0.000000084279502
62.210000000000463 0.126785590977084 0.126785591244698 -0.000000000267614 -0.000000002110760
62.310000000000464 0.126683812369545 0.126683801412582 0.000000010956962 0.000000086490626
62.410000000000466 0.126582278481012 0.126582279801369 -0.000000001320357 -0.000000010430816
62.510000000000467 0.126480988332375 0.126480996608734 -0.000000008276359 -0.000000065435599
62.610000000000468 0.126379940949997 0.126379936933517 0.000000004016480 0.000000031780989
62.710000000000470 0.126279135365679 0.126279145479202 -0.000000010113523 -0.000000080088634
62.810000000000471 0.126178570616618 0.126178562641144 0.000000007975475 0.000000063207837
62.910000000000473 0.126078245745372 0.126078248023987 -0.000000002278615 -0.000000018073023
63.010000000000474 0.125978159799816 0.125978156924248 0.000000002875569 0.000000022825929
63.110000000000475 0.125878311833111 0.125878304243088 0.000000007590023 0.000000060296513
63.210000000000477 0.125778700903660 0.125778704881668 -0.000000003978008 -0.000000031627040
63.310000000000478 0.125679326075075 0.125679329037666 -0.000000002962591 -0.000000023572621
63.410000000000480 0.125580186416139 0.125580191612244 -0.000000005196105 -0.000000041376790
63.510000000000481 0.125481281000767 0.125481277704239 0.000000003296528 0.000000026271071
63.610000000000483 0.125382608907973 0.125382602214813 0.000000006693159 0.000000053381880
63.710000000000484 0.125284169221832 0.125284165143967 0.000000004077865 0.000000032548928
63.810000000000485 0.125185961031446 0.125185966491699 -0.000000005460253 -0.000000043617136
63.910000000000487 0.125087983430906 0.125087991356850 -0.000000007925943 -0.000000063362947
64.010000000000488 0.124990235519260 0.124990239739418 -0.000000004220158 -0.000000033763904
64.110000000000483 0.124892716400474 0.124892711639404 0.000000004761069 0.000000038121273
64.210000000000477 0.124795425183402 0.124795429408550 -0.000000004225149 -0.000000033856598
64.310000000000471 0.124698360981749 0.124698370695114 -0.000000009713365 -0.000000077894888
64.410000000000466 0.124601522914040 0.124601520597935 0.000000002316105 0.000000018588095
64.510000000000460 0.124504910103581 0.124504908919334 0.000000001184246 0.000000009511642
64.610000000000454 0.124408521678431 0.124408520758152 0.000000000920279 0.000000007397232
64.710000000000448 0.124312356771366 0.124312363564968 -0.000000006793602 -0.000000054649448
64.810000000000443 0.124216414519850 0.124216414988041 -0.000000000468191 -0.000000003769157
64.910000000000437 0.124120694065995 0.124120697379112 -0.000000003313117 -0.000000026692706
65.010000000000431 0.124025194556537 0.124025195837021 -0.000000001280484 -0.000000010324385
65.110000000000426 0.123929915142799 0.123929917812347 -0.000000002669548 -0.000000021540790
65.210000000000420 0.123834854980662 0.123834855854511 -0.000000000873850 -0.000000007056573
65.310000000000414 0.123740013230530 0.123740017414093 -0.000000004183563 -0.000000033809298
65.410000000000409 0.123645389057304 0.123645380139351 0.000000008917953 0.000000072125240
65.510000000000403 0.123550981630348 0.123550973832607 0.000000007797740 0.000000063113545
65.610000000000397 0.123456790123456 0.123456783592701 0.000000006530755 0.000000052899119
65.710000000000392 0.123362813714829 0.123362809419632 0.000000004295197 0.000000034817598
65.810000000000386 0.123269051587035 0.123269051313400 0.000000000273635 0.000000002219821
65.910000000000380 0.123175502926990 0.123175494372845 0.000000008554145 0.000000069446804
66.010000000000375 0.123082166925918 0.123082168400288 -0.000000001474370 -0.000000011978747
66.110000000000369 0.122989042779328 0.122989036142826 0.000000006636502 0.000000053960109
66.210000000000363 0.122896129686986 0.122896134853363 -0.000000005166377 -0.000000042038569
66.310000000000358 0.122803426852879 0.122803427278996 -0.000000000426117 -0.000000003469909
66.410000000000352 0.122710933485194 0.122710935771465 -0.000000002286272 -0.000000018631360
66.510000000000346 0.122618648796285 0.122618637979031 0.000000010817254 0.000000088218669
66.610000000000340 0.122526572002646 0.122526571154594 0.000000000848052 0.000000006921370
66.710000000000335 0.122434702324885 0.122434705495834 -0.000000003170949 -0.000000025899105
66.810000000000329 0.122343038987693 0.122343041002750 -0.000000002015058 -0.000000016470553
66.910000000000323 0.122251581219818 0.122251577675343 0.000000003544475 0.000000028993287
67.010000000000318 0.122160328254038 0.122160330414772 -0.000000002160734 -0.000000017687688
67.110000000000312 0.122069279327135 0.122069284319878 -0.000000004992742 -0.000000040900890
67.210000000000306 0.121978433679866 0.121978431940079 0.000000001739788 0.000000014263075
67.310000000000301 0.121887790556937 0.121887788176537 0.000000002380401 0.000000019529444
67.410000000000295 0.121797349206978 0.121797345578671 0.000000003628308 0.000000029789708
67.510000000000289 0.121707108882515 0.121707111597061 -0.000000002714546 -0.000000022303927
67.610000000000284 0.121617068839945 0.121617063879967 0.000000004959978 0.000000040783569
67.710000000000278 0.121527228339511 0.121527232229710 -0.000000003890199 -0.000000032010925
67.810000000000272 0.121437586645274 0.121437579393387 0.000000007251888 0.000000059716993
67.910000000000267 0.121348143025092 0.121348142623901 0.000000000401191 0.000000003306116
68.010000000000261 0.121258896750590 0.121258899569511 -0.000000002818921 -0.000000023247127
68.110000000000255 0.121169847097138 0.121169850230217 -0.000000003133079 -0.000000025856916
68.210000000000250 0.121080993343826 0.121080987155437 0.000000006188389 0.000000051109496
68.310000000000244 0.120992334773438 0.120992340147495 -0.000000005374058 -0.000000044416512
68.410000000000238 0.120903870672429 0.120903864502907 0.000000006169522 0.000000051028327
68.510000000000232 0.120815600330902 0.120815597474575 0.000000002856327 0.000000023642038
68.610000000000227 0.120727523042581 0.120727524161339 -0.000000001118757 -0.000000009266796
68.710000000000221 0.120639638104791 0.120639644563198 -0.000000006458407 -0.000000053534701
68.810000000000215 0.120551944818430 0.120551943778992 0.000000001039438 0.000000008622329
68.910000000000210 0.120464442487950 0.120464444160461 -0.000000001672511 -0.000000013883859
69.010000000000204 0.120377130421331 0.120377123355865 0.000000007065465 0.000000058694416
69.110000000000198 0.120290007930059 0.120290003716946 0.000000004213113 0.000000035024631
69.210000000000193 0.120203074329103 0.120203070342541 0.000000003986562 0.000000033165227
69.310000000000187 0.120116328936893 0.120116323232651 0.000000005704243 0.000000047489319
69.410000000000181 0.120029771075298 0.120029769837856 0.000000001237441 0.000000010309454
69.510000000000176 0.119943400069600 0.119943395256996 0.000000004812604 0.000000040123954
69.610000000000170 0.119857215248477 0.119857214391232 0.000000000857245 0.000000007152218
69.710000000000164 0.119771215943977 0.119771212339401 0.000000003604576 0.000000030095513
69.810000000000159 0.119685401491501 0.119685404002666 -0.000000002511165 -0.000000020981381
69.910000000000153 0.119599771229776 0.119599767029285 0.000000004200491 0.000000035121228
70.010000000000147 0.119514324500837 0.119514323771000 0.000000000729837 0.000000006106688
70.110000000000142 0.119429060650003 0.119429051876068 0.000000008773935 0.000000073465661
70.210000000000136 0.119343979025861 0.119343981146812 -0.000000002120952 -0.000000017771753
70.310000000000130 0.119259078980239 0.119259074330330 0.000000004649909 0.000000038989980
70.410000000000124 0.119174359868190 0.119174361228943 -0.000000001360753 -0.000000011418167
70.510000000000119 0.119089821047969 0.119089819490910 0.000000001557059 0.000000013074663
70.610000000000113 0.119005461881012 0.119005456566811 0.000000005314202 0.000000044655108
70.710000000000107 0.118921281731919 0.118921279907227 0.000000001824693 0.000000015343703
70.810000000000102 0.118837279968431 0.118837282061577 -0.000000002093146 -0.000000017613550
70.910000000000096 0.118753455961408 0.118753455579281 0.000000000382127 0.000000003217822
71.010000000000090 0.118669809084817 0.118669800460339 0.000000008624479 0.000000072676267
71.110000000000085 0.118586338715704 0.118586339056492 -0.000000000340787 -0.000000002873750
71.210000000000079 0.118503044234179 0.118503049015999 -0.000000004781820 -0.000000040351871
71.310000000000073 0.118419925023396 0.118419922888279 0.000000002135117 0.000000018030045
71.410000000000068 0.118336980469531 0.118336975574493 0.000000004895037 0.000000041365238
71.510000000000062 0.118254209961768 0.118254207074642 0.000000002887126 0.000000024414574
71.610000000000056 0.118171612892278 0.118171617388725 -0.000000004496448 -0.000000038050150
71.710000000000051 0.118089188656196 0.118089184165001 0.000000004491195 0.000000038032232
71.810000000000045 0.118006936651611 0.118006937205791 -0.000000000554181 -0.000000004696173
71.910000000000039 0.117924856279537 0.117924854159355 0.000000002120182 0.000000017979096
72.010000000000034 0.117842946943907 0.117842949926853 -0.000000002982947 -0.000000025312899
72.110000000000028 0.117761208051541 0.117761202156544 0.000000005894998 0.000000050058910
72.210000000000022 0.117679639012142 0.117679648101330 -0.000000009089188 -0.000000077236710
72.310000000000016 0.117598239238265 0.117598243057728 -0.000000003819463 -0.000000032478910
72.410000000000011 0.117517008145310 0.117517001926899 0.000000006218411 0.000000052914991
72.510000000000005 0.117435945151498 0.117435939610004 0.000000005541494 0.000000047187374
72.609999999999999 0.117355049677855 0.117355041205883 0.000000008471972 0.000000072190948
72.709999999999994 0.117274321148196 0.117274321615696 -0.000000000467500 -0.000000003986380
72.809999999999988 0.117193758989105 0.117193751037121 0.000000007951984 0.000000067853308
72.909999999999982 0.117113362629921 0.117113359272480 0.000000003357441 0.000000028668303
73.009999999999977 0.117033131502720 0.117033131420612 0.000000000082108 0.000000000701577
73.109999999999971 0.116953065042296 0.116953060030937 0.000000005011359 0.000000042849318
73.209999999999965 0.116873162686148 0.116873167455196 -0.000000004769048 -0.000000040805334
73.309999999999960 0.116793423874460 0.116793423891068 -0.000000000016608 -0.000000000142199
73.409999999999954 0.116713848050086 0.116713844239712 0.000000003810374 0.000000032647146
73.509999999999948 0.116634434658534 0.116634435951710 -0.000000001293175 -0.000000011087424
73.609999999999943 0.116555183147951 0.116555184125900 -0.000000000977949 -0.000000008390441
73.709999999999937 0.116476092969102 0.116476088762283 0.000000004206819 0.000000036117444
73.809999999999931 0.116397163575360 0.116397172212601 -0.000000008637241 -0.000000074204907
73.909999999999926 0.116318394422686 0.116318389773369 0.000000004649317 0.000000039970611
74.009999999999920 0.116239784969616 0.116239786148071 -0.000000001178456 -0.000000010138144
74.109999999999914 0.116161334677242 0.116161331534386 0.000000003142856 0.000000027055956
74.209999999999908 0.116083043009200 0.116083040833473 0.000000002175727 0.000000018742846
74.309999999999903 0.116004909431653 0.116004906594753 0.000000002836900 0.000000024454997
74.409999999999897 0.115926933413276 0.115926928818226 0.000000004595050 0.000000039637468
74.509999999999891 0.115849114425240 0.115849107503891 0.000000006921349 0.000000059744514
74.609999999999886 0.115771451941198 0.115771457552910 -0.000000005611712 -0.000000048472328
74.709999999999880 0.115693945437270 0.115693949162960 -0.000000003725690 -0.000000032202984
74.809999999999874 0.115616594392026 0.115616589784622 0.000000004607404 0.000000039850717
74.909999999999869 0.115539398286476 0.115539386868477 0.000000011418000 0.000000098823429
75.009999999999863 0.115462356604051 0.115462355315685 0.000000001288366 0.000000011158318
75.109999999999857 0.115385468830589 0.115385472774506 -0.000000003943917 -0.000000034180362
75.209999999999852 0.115308734454322 0.115308731794357 0.000000002659964 0.000000023068195
75.309999999999846 0.115232152965862 0.115232162177563 -0.000000009211701 -0.000000079940368
75.409999999999840 0.115155723858186 0.115155726671219 -0.000000002813033 -0.000000024428077
75.509999999999835 0.115079446626621 0.115079440176487 0.000000006450134 0.000000056049401
75.609999999999829 0.115003320768832 0.115003317594528 0.000000003174303 0.000000027601841
75.709999999999823 0.114927345784805 0.114927351474762 -0.000000005689957 -0.000000049509164
75.809999999999818 0.114851521176838 0.114851519465446 0.000000001711392 0.000000014900906
75.909999999999812 0.114775846449523 0.114775836467743 0.000000009981780 0.000000086967602
76.009999999999806 0.114700321109734 0.114700324833393 -0.000000003723660 -0.000000032464247
76.109999999999800 0.114624944666612 0.114624939858913 0.000000004807699 0.000000041942869
76.209999999999795 0.114549716631557 0.114549718797207 -0.000000002165650 -0.000000018905761
76.309999999999789 0.114474636518207 0.114474639296532 -0.000000002778324 -0.000000024270219
76.409999999999783 0.114399703842430 0.114399701356888 0.000000002485542 0.000000021726825
76.509999999999778 0.114324918122309 0.114324912428856 0.000000005693454 0.000000049800635
76.609999999999772 0.114250278878131 0.114250272512436 0.000000006365695 0.000000055717104
76.709999999999766 0.114175785632369 0.114175781607628 0.000000004024741 0.000000035250390
76.809999999999761 0.114101437909676 0.114101439714432 -0.000000001804756 -0.000000015817117
76.909999999999755 0.114027235236868 0.114027239382267 -0.000000004145399 -0.000000036354468
77.009999999999749 0.113953177142911 0.113953173160553 0.000000003982358 0.000000034947315
77.109999999999744 0.113879263158911 0.113879263401031 -0.000000000242121 -0.000000002126118
77.209999999999738 0.113805492818100 0.113805487751961 0.000000005066139 0.000000044515769
77.309999999999732 0.113731865655824 0.113731868565083 -0.000000002909259 -0.000000025579981
77.409999999999727 0.113658381209529 0.113658383488655 -0.000000002279126 -0.000000020052421
77.509999999999721 0.113585039018754 0.113585039973259 -0.000000000954505 -0.000000008403442
77.609999999999715 0.113511838625111 0.113511830568314 0.000000008056797 0.000000070977591
77.709999999999710 0.113438779572279 0.113438777625561 0.000000001946718 0.000000017160958
77.809999999999704 0.113365861405991 0.113365866243839 -0.000000004837848 -0.000000042674648
77.909999999999698 0.113293083674021 0.113293088972569 -0.000000005298548 -0.000000046768501
78.009999999999692 0.113220445926171 0.113220445811749 0.000000000114423 0.000000001010621
78.109999999999687 0.113147947714264 0.113147951662540 -0.000000003948276 -0.000000034894811
78.209999999999681 0.113075588592127 0.113075591623783 -0.000000003031656 -0.000000026810884
78.309999999999675 0.113003368115581 0.113003365695477 0.000000002420104 0.000000021416215
78.409999999999670 0.112931285842433 0.112931281328201 0.000000004514232 0.000000039973261
78.509999999999664 0.112859341332460 0.112859338521957 0.000000002810503 0.000000024902704
78.609999999999658 0.112787534147401 0.112787537276745 -0.000000003129344 -0.000000027745479
78.709999999999653 0.112715863850942 0.112715870141983 -0.000000006291041 -0.000000055813269
78.809999999999647 0.112644330008711 0.112644329667091 0.000000000341619 0.000000003032726
78.909999999999641 0.112572932188260 0.112572930753231 0.000000001435028 0.000000012747545
79.009999999999636 0.112501669959058 0.112501673400402 -0.000000003441344 -0.000000030589271
79.109999999999630 0.112430542892481 0.112430535256863 0.000000007635618 0.000000067914094
79.209999999999624 0.112359550561798 0.112359553575516 -0.000000003013718 -0.000000026822088
79.309999999999619 0.112288692542162 0.112288698554039 -0.000000006011877 -0.000000053539469
79.409999999999613 0.112217968410599 0.112217962741852 0.000000005668748 0.000000050515508
79.509999999999607 0.112147377745999 0.112147383391857 -0.000000005645858 -0.000000050343202
79.609999999999602 0.112076920129101 0.112076923251152 -0.000000003122051 -0.000000027856320
79.709999999999596 0.112006595142489 0.112006597220898 -0.000000002078409 -0.000000018556128
79.809999999999590 0.111936402370575 0.111936405301094 -0.000000002930519 -0.000000026180215
79.909999999999584 0.111866341399594 0.111866340041161 0.000000001358433 0.000000012143359
80.009999999999579 0.111796411817590 0.111796408891678 0.000000002925912 0.000000026171789
80.109999999999573 0.111726613214409 0.111726604402065 0.000000008812343 0.000000078874165
80.209999999999567 0.111656945181685 0.111656948924065 -0.000000003742379 -0.000000033516762
80.309999999999562 0.111587407312836 0.111587412655354 -0.000000005342518 -0.000000047877425
80.409999999999556 0.111517999203046 0.111518003046513 -0.000000003843467 -0.000000034464990
80.509999999999550 0.111448720449262 0.111448720097542 0.000000000351720 0.000000003155892
80.609999999999545 0.111379570650181 0.111379578709602 -0.000000008059421 -0.000000072359961
80.709999999999539 0.111310549406241 0.111310549080372 0.000000000325869 0.000000002927564
80.809999999999533 0.111241656319610 0.111241661012173 -0.000000004692563 -0.000000042183504
80.909999999999528 0.111172890994179 0.111172884702682 0.000000006291496 0.000000056591999
81.009999999999522 0.111104253035549 0.111104249954224 0.000000003081326 0.000000027733644
81.109999999999516 0.111035742051027 0.111035741865635 0.000000000185392 0.000000001669660
81.209999999999511 0.110967357649608 0.110967360436916 -0.000000002787308 -0.000000025118271
81.309999999999505 0.110899099441975 0.110899105668068 -0.000000006226093 -0.000000056141962
81.409999999999499 0.110830967040482 0.110830970108509 -0.000000003068027 -0.000000027682037
81.509999999999494 0.110762960059151 0.110762961208820 -0.000000001149670 -0.000000010379551
81.609999999999488 0.110695078113656 0.110695086419582 -0.000000008305926 -0.000000075034285
81.709999999999482 0.110627320821323 0.110627323389053 -0.000000002567731 -0.000000023210638
81.809999999999476 0.110559687801110 0.110559694468975 -0.000000006667865 -0.000000060310091
81.909999999999471 0.110492178673608 0.110492184758186 -0.000000006084578 -0.000000055067951
82.009999999999465 0.110424793061026 0.110424786806107 0.000000006254920 0.000000056644161
82.109999999999459 0.110357530587184 0.110357530415058 0.000000000172126 0.000000001559711
82.209999999999454 0.110290390877503 0.110290393233299 -0.000000002355796 -0.000000021359937
82.309999999999448 0.110223373559000 0.110223375260830 -0.000000001701830 -0.000000015439829
82.409999999999442 0.110156478260273 0.110156476497650 0.000000001762623 0.000000016001085
82.509999999999437 0.110089704611499 0.110089704394341 0.000000000217159 0.000000001972563
82.609999999999431 0.110023052244421 0.110023051500320 0.000000000744101 0.000000006763135
82.709999999999425 0.109956520792341 0.109956525266171 -0.000000004473830 -0.000000040687262
82.809999999999420 0.109890109890110 0.109890118241310 -0.000000008351200 -0.000000075995919
82.909999999999414 0.109823819174124 0.109823822975159 -0.000000003801035 -0.000000034610295
83.009999999999408 0.109757648282310 0.109757639467716 0.000000008814593 0.000000080309604
83.109999999999403 0.109691596854120 0.109691597521305 -0.000000000667185 -0.000000006082372
83.209999999999397 0.109625664530525 0.109625667333603 -0.000000002803078 -0.000000025569539
83.309999999999391 0.109559850954004 0.109559856355190 -0.000000005401186 -0.000000049298956
83.409999999999386 0.109494155768536 0.109494149684906 0.000000006083630 0.000000055561230
83.509999999999380 0.109428578619593 0.109428577125072 0.000000001494520 0.000000013657497
83.609999999999374 0.109363119154132 0.109363116323948 0.000000002830184 0.000000025878776
83.709999999999368 0.109297777020585 0.109297782182693 -0.000000005162109 -0.000000047229768
83.809999999999363 0.109232551868854 0.109232552349567 -0.000000000480713 -0.000000004400821
83.909999999999357 0.109167443350303 0.109167441725731 0.000000001624572 0.000000014881471
84.009999999999351 0.109102451117746 0.109102450311184 0.000000000806562 0.000000007392701
84.109999999999346 0.109037574825443 0.109037578105927 -0.000000003280483 -0.000000030085805
84.209999999999340 0.108972814129094 0.108972817659378 -0.000000003530285 -0.000000032396011
84.309999999999334 0.108908168685824 0.108908168971539 -0.000000000285714 -0.000000002623444
84.409999999999329 0.108843638154185 0.108843639492989 -0.000000001338804 -0.000000012300248
84.509999999999323 0.108779222194140 0.108779221773148 0.000000000420992 0.000000003870155
84.609999999999317 0.108714920467061 0.108714923262596 -0.000000002795535 -0.000000025714364
84.709999999999312 0.108650732635719 0.108650736510754 -0.000000003875035 -0.000000035665059
84.809999999999306 0.108586658364276 0.108586661517620 -0.000000003153344 -0.000000029039882
84.909999999999300 0.108522697318281 0.108522690832615 0.000000006485666 0.000000059763225
85.009999999999295 0.108458849164659 0.108458846807480 0.000000002357179 0.000000021733394
85.109999999999289 0.108395113571704 0.108395114541054 -0.000000000969350 -0.000000008942743
85.209999999999283 0.108331490209075 0.108331486582756 0.000000003626319 0.000000033474287
85.309999999999278 0.108267978747787 0.108267977833748 0.000000000914039 0.000000008442373
85.409999999999272 0.108204578860200 0.108204573392868 0.000000005467332 0.000000050527729
85.509999999999266 0.108141290220019 0.108141288161278 0.000000002058741 0.000000019037511
85.609999999999260 0.108078112502282 0.108078114688396 -0.000000002186114 -0.000000020227170
85.709999999999255 0.108015045383355 0.108015038073063 0.000000007310292 0.000000067678461
85.809999999999249 0.107952088540923 0.107952088117599 0.000000000423324 0.000000003921406
85.909999999999243 0.107889241653987 0.107889242470264 -0.000000000816277 -0.000000007565882
86.009999999999238 0.107826504402852 0.107826508581638 -0.000000004178786 -0.000000038754723
86.109999999999232 0.107763876469124 0.107763871550560 0.000000004918564 0.000000045642049
86.209999999999226 0.107701357535702 0.107701353728771 0.000000003806931 0.000000035347103
86.309999999999221 0.107638947286772 0.107638947665691 -0.000000000378920 -0.000000003520285
86.409999999999215 0.107576645407797 0.107576645910740 -0.000000000502943 -0.000000004675206
86.509999999999209 0.107514451585516 0.107514455914497 -0.000000004328981 -0.000000040264182
86.609999999999204 0.107452365507932 0.107452370226383 -0.000000004718451 -0.000000043912023
86.709999999999198 0.107390386864310 0.107390388846397 -0.000000001982087 -0.000000018456840
86.809999999999192 0.107328515345166 0.107328519225121 -0.000000003879954 -0.000000036150267
86.909999999999187 0.107266750642264 0.107266746461391 0.000000004180872 0.000000038976403
87.009999999999181 0.107205092448606 0.107205092906952 -0.000000000458345 -0.000000004275407
87.109999999999175 0.107143540458432 0.107143536210060 0.000000004248372 0.000000039651221
87.209999999999170 0.107082094367206 0.107082091271877 0.000000003095329 0.000000028906132
87.309999999999164 0.107020753871615 0.107020758092403 -0.000000004220789 -0.000000039438973
87.409999999999158 0.106959518669559 0.106959514319897 0.000000004349662 0.000000040666432
87.509999999999152 0.106898388460148 0.106898389756680 -0.000000001296532 -0.000000012128638
87.609999999999147 0.106837362943694 0.106837362051010 0.000000000892684 0.000000008355539
87.709999999999141 0.106776441821706 0.106776446104050 -0.000000004282344 -0.000000040105701
87.809999999999135 0.106715624796881 0.106715627014637 -0.000000002217756 -0.000000020781921
87.909999999999130 0.106654911573103 0.106654904782772 0.000000006790331 0.000000063666371
88.009999999999124 0.106594301855432 0.106594301760197 0.000000000095235 0.000000000893436
88.109999999999118 0.106533795350099 0.106533795595169 -0.000000000245070 -0.000000002300394
88.209999999999113 0.106473391764504 0.106473401188850 -0.000000009424346 -0.000000088513630
88.309999999999107 0.106413090807204 0.106413096189499 -0.000000005382295 -0.000000050579256
88.409999999999101 0.106352892187911 0.106352888047695 0.000000004140216 0.000000038929043
88.509999999999096 0.106292795617487 0.106292799115181 -0.000000003497694 -0.000000032906218
88.609999999999090 0.106232800807934 0.106232807040215 -0.000000006232281 -0.000000058666256
88.709999999999084 0.106172907472391 0.106172911822796 -0.000000004350405 -0.000000040974717
88.809999999999079 0.106113115325129 0.106113120913506 -0.000000005588376 -0.000000052664332
88.909999999999073 0.106053424081544 0.106053426861763 -0.000000002780219 -0.000000026215271
89.009999999999067 0.105993833458149 0.105993829667568 0.000000003790581 0.000000035762281
89.109999999999062 0.105934343172575 0.105934336781502 0.000000006391073 0.000000060330513
89.209999999999056 0.105874952943557 0.105874955654144 -0.000000002710587 -0.000000025601777
89.309999999999050 0.105815662490936 0.105815663933754 -0.000000001442818 -0.000000013635206
89.409999999999044 0.105756471535646 0.105756469070911 0.000000002464735 0.000000023305759
89.509999999999039 0.105697379799717 0.105697378516197 0.000000001283520 0.000000012143346
89.609999999999033 0.105638387006262 0.105638384819031 0.000000002187231 0.000000020704891
89.709999999999027 0.105579492879476 0.105579487979412 0.000000004900063 0.000000046411129
89.809999999999022 0.105520697144627 0.105520702898502 -0.000000005753875 -0.000000054528405
89.909999999999016 0.105461999528056 0.105461992323399 0.000000007204657 0.000000068315198
90.009999999999010 0.105403399757166 0.105403400957584 -0.000000001200418 -0.000000011388800
90.109999999999005 0.105344897560420 0.105344891548157 0.000000006012264 0.000000057072185
90.209999999998999 0.105286492667335 0.105286493897438 -0.000000001230103 -0.000000011683389
90.309999999998993 0.105228184808476 0.105228185653687 -0.000000000845211 -0.000000008032172
90.409999999998988 0.105169973715451 0.105169974267483 -0.000000000552032 -0.000000005248950
90.509999999998982 0.105111859120907 0.105111852288246 0.000000006832661 0.000000065003710
90.609999999998976 0.105053840758524 0.105053842067719 -0.000000001309194 -0.000000012462128
90.709999999998971 0.104995918363010 0.104995921254158 -0.000000002891149 -0.000000027535818
90.809999999998965 0.104938091670094 0.104938097298145 -0.000000005628052 -0.000000053632113
90.909999999998959 0.104880360416525 0.104880362749100 -0.000000002332575 -0.000000022240342
91.009999999998954 0.104822724340063 0.104822725057602 -0.000000000717539 -0.000000006845260
91.109999999998948 0.104765183179478 0.104765184223652 -0.000000001044174 -0.000000009966807
91.209999999998942 0.104707736674539 0.104707740247250 -0.000000003572711 -0.000000034120791
91.309999999998936 0.104650384566016 0.104650378227234 0.000000006338782 0.000000060571035
91.409999999998931 0.104593126595671 0.104593127965927 -0.000000001370256 -0.000000013100827
91.509999999998925 0.104535962506253 0.104535967111588 -0.000000004605335 -0.000000044055030
91.609999999998919 0.104478892041494 0.104478895664215 -0.000000003622721 -0.000000034674188
91.709999999998914 0.104421914946107 0.104421921074390 -0.000000006128283 -0.000000058687713
91.809999999998908 0.104365030965775 0.104365028440952 0.000000002524823 0.000000024192231
91.909999999998902 0.104308239847152 0.104308240115643 -0.000000000268490 -0.000000002574010
92.009999999998897 0.104251541337855 0.104251541197300 0.000000000140555 0.000000001348229
92.109999999998891 0.104194935186460 0.104194931685925 0.000000003500536 0.000000033596024
92.209999999998885 0.104138421142499 0.104138419032097 0.000000002110402 0.000000020265352
92.309999999998880 0.104081998956452 0.104082003235817 -0.000000004279365 -0.000000041115326
92.409999999998874 0.104025668379745 0.104025661945343 0.000000006434402 0.000000061853987
92.509999999998868 0.103969429164747 0.103969432413578 -0.000000003248831 -0.000000031247948
92.609999999998863 0.103913281064759 0.103913277387619 0.000000003677140 0.000000035386621
92.709999999998857 0.103857223834017 0.103857226669788 -0.000000002835772 -0.000000027304521
92.809999999998851 0.103801257227682 0.103801257908344 -0.000000000680663 -0.000000006557364
92.909999999998846 0.103745381001838 0.103745378553867 0.000000002447971 0.000000023595951
93.009999999998840 0.103689594913489 0.103689588606358 0.000000006307131 0.000000060827042
93.109999999998834 0.103633898720550 0.103633902966976 -0.000000004246426 -0.000000040975264
93.209999999998828 0.103578292181846 0.103578291833401 0.000000000348446 0.000000003364080
93.309999999998823 0.103522775057109 0.103522777557373 -0.000000002500264 -0.000000024151829
93.409999999998817 0.103467347106968 0.103467337787151 0.000000009319816 0.000000090074953
93.509999999998811 0.103412008092950 0.103412002325058 0.000000005767892 0.000000055775846
93.609999999998806 0.103356757777475 0.103356756269932 0.000000001507543 0.000000014585824
93.709999999998800 0.103301595923849 0.103301599621773 -0.000000003697924 -0.000000035797353
93.809999999998794 0.103246522296261 0.103246517479420 0.000000004816842 0.000000046653790
93.909999999998789 0.103191536659781 0.103191532194614 0.000000004465167 0.000000043270667
94.009999999998783 0.103136638780352 0.103136643767357 -0.000000004987005 -0.000000048353380
94.109999999998777 0.103081828424788 0.103081829845905 -0.000000001421117 -0.000000013786303
94.209999999998772 0.103027105360771 0.103027105331421 0.000000000029350 0.000000000284875
94.309999999998766 0.102972469356843 0.102972470223904 -0.000000000867060 -0.000000008420313
94.409999999998760 0.102917920182407 0.102917917072773 0.000000003109634 0.000000030214700
94.509999999998755 0.102863457607718 0.102863460779190 -0.000000003171472 -0.000000030831861
94.609999999998749 0.102809081403883 0.102809078991413 0.000000002412470 0.000000023465529
94.709999999998743 0.102754791342852 0.102754794061184 -0.000000002718332 -0.000000026454548
94.809999999998738 0.102700587197422 0.102700591087341 -0.000000003889920 -0.000000037876313
94.909999999998732 0.102646468741223 0.102646462619305 0.000000006121918 0.000000059640805
95.009999999998726 0.102592435748722 0.102592431008816 0.000000004739906 0.000000046201322
95.109999999998720 0.102538487995216 0.102538488805294 -0.000000000810078 -0.000000007900236
95.209999999998715 0.102484625256827 0.102484628558159 -0.000000003301332 -0.000000032212947
95.309999999998709 0.102430847310501 0.102430850267410 -0.000000002956909 -0.000000028867371
95.409999999998703 0.102377153934001 0.102377153933048 0.000000000000953 0.000000000009308
95.509999999998698 0.102323544905906 0.102323547005653 -0.000000002099748 -0.000000020520669
95.609999999998692 0.102270020005604 0.102270014584064 0.000000005421539 0.000000053012009
95.709999999998686 0.102216579013291 0.102216579020023 -0.000000000006732 -0.000000000065863
95.809999999998681 0.102163221709967 0.102163217961788 0.000000003748179 0.000000036688140
95.909999999998675 0.102109947877430 0.102109946310520 0.000000001566909 0.000000015345315
96.009999999998669 0.102056757298273 0.102056756615639 0.000000000682635 0.000000006688774
96.109999999998664 0.102003649755884 0.102003648877144 0.000000000878740 0.000000008614794
96.209999999998658 0.101950625034437 0.101950623095036 0.000000001939401 0.000000019022945
96.309999999998652 0.101897682918889 0.101897686719894 -0.000000003801005 -0.000000037302172
96.409999999998647 0.101844823194982 0.101844817399979 0.000000005795004 0.000000056900326
96.509999999998641 0.101792045649232 0.101792037487030 0.000000008162202 0.000000080185067
96.609999999998635 0.101739350068929 0.101739346981049 0.000000003087881 0.000000030350898
96.709999999998630 0.101686736242135 0.101686730980873 0.000000005261261 0.000000051739899
96.809999999998624 0.101634203957675 0.101634211838245 -0.000000007880570 -0.000000077538567
96.909999999998618 0.101581753005140 0.101581752300262 0.000000000704878 0.000000006939019
97.009999999998612 0.101529383174879 0.101529382169247 0.000000001005633 0.000000009904845
97.109999999998607 0.101477094257998 0.101477093994617 0.000000000263380 0.000000002595467
97.209999999998601 0.101424886046353 0.101424887776375 -0.000000001730022 -0.000000017057176
97.309999999998595 0.101372758332550 0.101372756063938 0.000000002268612 0.000000022378910
97.409999999998590 0.101320710909941 0.101320706307888 0.000000004602053 0.000000045420658
97.509999999998584 0.101268743572620 0.101268745958805 -0.000000002386185 -0.000000023562897
97.609999999998578 0.101216856115418 0.101216860115528 -0.000000004000110 -0.000000039520194
97.709999999998573 0.101165048333903 0.101165048778057 -0.000000000444154 -0.000000004390391
97.809999999998567 0.101113320024373 0.101113319396973 0.000000000627400 0.000000006204921
97.909999999998561 0.101061670983855 0.101061671972275 -0.000000000988420 -0.000000009780362
98.009999999998556 0.101010101010102 0.101010091602802 0.000000009407299 0.000000093132265
98.109999999998550 0.100958609901587 0.100958608090878 0.000000001810709 0.000000017935164
98.209999999998544 0.100907197457502 0.100907191634178 0.000000005823324 0.000000057709701
98.309999999998539 0.100855863477756 0.100855864584446 -0.000000001106690 -0.000000010972988
98.409999999998533 0.100804607762966 0.100804612040520 -0.000000004277554 -0.000000042434108
98.509999999998527 0.100753430114461 0.100753426551819 0.000000003562642 0.000000035360010
98.609999999998522 0.100702330334274 0.100702330470085 -0.000000000135811 -0.000000001348640
98.709999999998516 0.100651308225139 0.100651308894157 -0.000000000669018 -0.000000006646888
98.809999999998510 0.100600363590492 0.100600361824036 0.000000001766456 0.000000017559144
98.909999999998504 0.100549496234461 0.100549496710300 -0.000000000475839 -0.000000004732390
99.009999999998499 0.100498705961869 0.100498706102371 -0.000000000140502 -0.000000001398048
99.109999999998493 0.100447992578228 0.100447990000248 0.000000002577980 0.000000025664827
99.209999999998487 0.100397355889736 0.100397355854511 0.000000000035225 0.000000000350857
99.309999999998482 0.100346795703275 0.100346803665161 -0.000000007961886 -0.000000079343703
99.409999999998476 0.100296311826405 0.100296311080456 0.000000000745949 0.000000007437452
99.509999999998470 0.100245904067365 0.100245907902718 -0.000000003835353 -0.000000038259445
99.609999999998465 0.100195572235068 0.100195571780205 0.000000000454863 0.000000004539750
99.709999999998459 0.100145316139096 0.100145310163498 0.000000005975598 0.000000059669272
99.809999999998453 0.100095135589701 0.100095130503178 0.000000005086524 0.000000050816893
99.909999999998448 0.100045030397800 0.100045025348663 0.000000005049137 0.000000050468640
100.009999999998442 0.099995000374970 0.099995002150536 -0.000000001775566 -0.000000017756548
101.009999999998442 0.099498793460072 0.099498793482780 -0.000000000022709 -0.000000000228229
102.009999999998442 0.099009900990100 0.099009893834591 0.000000007155509 0.000000072270639
103.009999999998442 0.098528145012854 0.098528139293194 0.000000005719660 0.000000058051028
104.009999999998442 0.098053353578870 0.098053351044655 0.000000002534215 0.000000025845264
105.009999999998442 0.097585360483562 0.097585365176201 -0.000000004692639 -0.000000048087529
106.009999999998442 0.097124005022780 0.097124002873898 0.000000002148883 0.000000022125147
107.009999999998442 0.096669131760958 0.096669137477875 -0.000000005716917 -0.000000059139014
108.009999999998442 0.096220590311092 0.096220590174198 0.000000000136894 0.000000001422706
109.009999999998442 0.095778235125855 0.095778234302998 0.000000000822858 0.000000008591281
110.009999999998442 0.095341925299172 0.095341920852661 0.000000004446511 0.000000046637518
111.009999999998442 0.094911524377646 0.094911523163319 0.000000001214327 0.000000012794306
112.009999999998442 0.094486900181272 0.094486899673939 0.000000000507333 0.000000005369351
113.009999999998442 0.094067924632892 0.094067923724651 0.000000000908241 0.000000009655162
114.009999999998442 0.093654473595895 0.093654476106167 -0.000000002510271 -0.000000026803539
115.009999999998442 0.093246426719697 0.093246422708035 0.000000004011662 0.000000043022155
116.009999999998442 0.092843667292559 0.092843666672707 0.000000000619853 0.000000006676307
117.009999999998442 0.092446082101349 0.092446081340313 0.000000000761036 0.000000008232215
118.009999999998442 0.092053561297837 0.092053554952145 0.000000006345693 0.000000068934789
119.009999999998442 0.091665998271200 0.091665998101234 0.000000000169966 0.000000001854184
120.009999999998442 0.091283289526367 0.091283291578293 -0.000000002051926 -0.000000022478658
121.009999999998442 0.090905334567916 0.090905331075191 0.000000003492725 0.000000038421562
122.009999999998442 0.090532035789212 0.090532034635544 0.000000001153668 0.000000012743200
123.009999999998442 0.090163298366506 0.090163297951221 0.000000000415284 0.000000004605914
124.009999999998442 0.089799030157752 0.089799031615257 -0.000000001457505 -0.000000016230743
125.009999999998442 0.089439141605876 0.089439138770103 0.000000002835773 0.000000031706173
126.009999999998442 0.089083545646277 0.089083544909954 0.000000000736323 0.000000008265538
127.009999999998442 0.088732157618345 0.088732153177261 0.000000004441083 0.000000050050436
128.009999999998456 0.088384895180781 0.088384896516800 -0.000000001336019 -0.000000015115923
129.009999999998456 0.088041678230545 0.088041685521603 -0.000000007291058 -0.000000082813706
130.009999999998456 0.087702428825230 0.087702430784702 -0.000000001959472 -0.000000022342279
131.009999999998456 0.087367071108705 0.087367072701454 -0.000000001592749 -0.000000018230543
132.009999999998456 0.087035531239861 0.087035536766052 -0.000000005526192 -0.000000063493512
133.009999999998456 0.086707737324309 0.086707733571529 0.000000003752780 0.000000043280798
134.009999999998456 0.086383619348891 0.086383625864983 -0.000000006516091 -0.000000075432026
135.009999999998456 0.086063109118854 0.086063109338284 -0.000000000219430 -0.000000002549640
136.009999999998456 0.085746140197577 0.085746139287949 0.000000000909628 0.000000010608388
137.009999999998456 0.085432647848723 0.085432648658752 -0.000000000810029 -0.000000009481492
138.009999999998456 0.085122568980696 0.085122570395470 -0.000000001414774 -0.000000016620434
139.009999999998456 0.084815842093297 0.084815844893456 -0.000000002800159 -0.000000033014573
140.009999999998456 0.084512407226490 0.084512412548065 -0.000000005321575 -0.000000062967972
141.009999999998456 0.084212205911162 0.084212213754654 -0.000000007843492 -0.000000093139614
142.009999999998456 0.083915181121789 0.083915181457996 -0.000000000336207 -0.000000004006511
143.009999999998456 0.083621277230941 0.083621278405190 -0.000000001174248 -0.000000014042457
144.009999999998456 0.083330439965511 0.083330437541008 0.000000002424503 0.000000029095042
145.009999999998456 0.083042616364615 0.083042621612549 -0.000000005247934 -0.000000063195674
146.009999999998456 0.082757754739083 0.082757756114006 -0.000000001374923 -0.000000016613827
147.009999999998456 0.082475804632463 0.082475803792477 0.000000000839986 0.000000010184639
148.009999999998456 0.082196716783477 0.082196719944477 -0.000000003161000 -0.000000038456521
149.009999999998456 0.081920443089870 0.081920444965363 -0.000000001875493 -0.000000022894074
150.009999999998456 0.081646936573578 0.081646934151649 0.000000002421929 0.000000029663440
151.009999999998456 0.081376151347179 0.081376150250435 0.000000001096744 0.000000013477465
152.009999999998456 0.081108042581546 0.081108048558235 -0.000000005976689 -0.000000073687999
153.009999999998456 0.080842566474675 0.080842569470406 -0.000000002995731 -0.000000037056355
154.009999999998456 0.080579680221624 0.080579683184624 -0.000000002962999 -0.000000036771049
155.009999999998456 0.080319341985523 0.080319344997406 -0.000000003011883 -0.000000037498854
156.009999999998456 0.080061510869599 0.080061510205269 0.000000000664330 0.000000008297750
157.009999999998456 0.079806146890198 0.079806149005890 -0.000000002115692 -0.000000026510389
158.009999999998456 0.079553210950730 0.079553209245205 0.000000001705526 0.000000021438802
159.009999999998456 0.079302664816533 0.079302668571472 -0.000000003754939 -0.000000047349469
160.009999999998456 0.079054471090588 0.079054474830627 -0.000000003740040 -0.000000047309652
161.009999999998456 0.078808593190075 0.078808590769768 0.000000002420308 0.000000030711213
162.009999999998456 0.078564995323724 0.078565001487732 -0.000000006164008 -0.000000078457439
163.009999999998456 0.078323642469924 0.078323639929295 0.000000002540630 0.000000032437583
164.009999999998456 0.078084500355581 0.078084498643875 0.000000001711706 0.000000021921205
165.009999999998456 0.077847535435669 0.077847532927990 0.000000002507679 0.000000032212696
166.009999999998456 0.077612714873464 0.077612720429897 -0.000000005556434 -0.000000071591796
167.009999999998456 0.077380006521433 0.077380008995533 -0.000000002474100 -0.000000031973378
168.009999999998456 0.077149378902746 0.077149376273155 0.000000002629591 0.000000034084410
169.009999999998456 0.076920801193392 0.076920799911022 0.000000001282370 0.000000016671307
170.009999999998456 0.076694243204873 0.076694242656231 0.000000000548642 0.000000007153631
171.009999999998456 0.076469675367456 0.076469674706459 0.000000000660997 0.000000008643909
172.009999999998456 0.076247068713962 0.076247066259384 0.000000002454578 0.000000032192428
173.009999999998456 0.076026394864074 0.076026394963264 -0.000000000099191 -0.000000001304691
174.009999999998456 0.075807626009131 0.075807623565197 0.000000002443934 0.000000032238625
175.009999999998456 0.075590734897415 0.075590737164021 -0.000000002266605 -0.000000029985223
176.009999999998456 0.075375694819891 0.075375691056252 0.000000003763639 0.000000049931737
177.009999999998456 0.075162479596385 0.075162485241890 -0.000000005645505 -0.000000075110685
178.009999999998456 0.074951063562201 0.074951067566872 -0.000000004004670 -0.000000053430466
179.009999999998456 0.074741421555146 0.074741423130035 -0.000000001574889 -0.000000021071171
180.009999999998456 0.074533528902945 0.074533529579639 -0.000000000676695 -0.000000009079062
181.009999999998456 0.074327361411048 0.074327364563942 -0.000000003152894 -0.000000042419023
182.009999999998456 0.074122895350803 0.074122898280621 -0.000000002929818 -0.000000039526492
183.009999999998456 0.073920107447981 0.073920108377934 -0.000000000929952 -0.000000012580506
184.009999999998456 0.073718974871653 0.073718979954720 -0.000000005083066 -0.000000068951941
185.009999999998456 0.073519475223388 0.073519475758076 -0.000000000534688 -0.000000007272736
186.009999999998456 0.073321586526778 0.073321588337421 -0.000000001810644 -0.000000024694550
187.009999999998456 0.073125287217269 0.073125287890434 -0.000000000673166 -0.000000009205648
188.009999999998456 0.072930556132290 0.072930559515953 -0.000000003383663 -0.000000046395689
189.009999999998456 0.072737372501670 0.072737373411655 -0.000000000909986 -0.000000012510563
190.009999999998456 0.072545715938333 0.072545714676380 0.000000001261953 0.000000017395273
191.009999999998456 0.072355566429258 0.072355568408966 -0.000000001979708 -0.000000027360821
192.009999999998456 0.072166904326707 0.072166904807091 -0.000000000480384 -0.000000006656570
193.009999999998456 0.071979710339689 0.071979708969593 0.000000001370096 0.000000019034472
194.009999999998456 0.071793965525682 0.071793965995312 -0.000000000469630 -0.000000006541353
195.009999999998456 0.071609651282579 0.071609653532505 -0.000000002249926 -0.000000031419318
196.009999999998456 0.071426749340860 0.071426749229431 0.000000000111429 0.000000001560040
197.009999999998456 0.071245241755990 0.071245245635509 -0.000000003879520 -0.000000054453035
198.009999999998456 0.071065110901021 0.071065112948418 -0.000000002047397 -0.000000028810152
199.009999999998456 0.070886339459403 0.070886343717575 -0.000000004258172 -0.000000060070419
200.009999999998456 0.070708910417991 0.070708908140659 0.000000002277331 0.000000032207132
201.009999999998456 0.070532807060243 0.070532806217670 0.000000000842573 0.000000011945825
202.009999999998456 0.070358012959608 0.070358015596867 -0.000000002637258 -0.000000037483411
203.009999999998456 0.070184511973088 0.070184513926506 -0.000000001953418 -0.000000027832613
204.009999999998456 0.070012288234973 0.070012286305428 0.000000001929545 0.000000027560093
205.009999999998456 0.069841326150752 0.069841325283051 0.000000000867701 0.000000012423898
206.009999999998456 0.069671610391179 0.069671608507633 0.000000001883546 0.000000027034630
207.009999999998456 0.069503125886501 0.069503128528595 -0.000000002642094 -0.000000038014029
208.009999999998456 0.069335857820835 0.069335862994194 -0.000000005173359 -0.000000074613042
209.009999999998456 0.069169791626697 0.069169789552689 0.000000002074009 0.000000029984313
210.009999999998456 0.069004912979676 0.069004915654659 -0.000000002674983 -0.000000038765115
211.009999999998456 0.068841207793238 0.068841211497784 -0.000000003704546 -0.000000053812910
212.009999999998456 0.068678662213676 0.068678662180901 0.000000000032776 0.000000000477233
213.009999999998456 0.068517262615184 0.068517260253429 0.000000002361755 0.000000034469488
214.009999999998456 0.068356995595059 0.068356998264790 -0.000000002669731 -0.000000039055706
215.009999999998456 0.068197847969025 0.068197846412659 0.000000001556366 0.000000022821334
216.009999999998456 0.068039806766679 0.068039812147617 -0.000000005380938 -0.000000079085149
217.009999999998456 0.067882859227052 0.067882858216763 0.000000001010290 0.000000014882842
218.009999999998456 0.067726992794279 0.067726992070675 0.000000000723604 0.000000010684131
219.009999999998456 0.067572195113379 0.067572198808193 -0.000000003694814 -0.000000054679506
220.009999999998456 0.067418454026144 0.067418456077576 -0.000000002051431 -0.000000030428336
221.009999999998456 0.067265757567128 0.067265756428242 0.000000001138886 0.000000016931143
222.009999999998456 0.067114093959732 0.067114092409611 0.000000001550121 0.000000023096803
223.009999999998456 0.066963451612393 0.066963449120522 0.000000002491871 0.000000037212404
224.009999999998456 0.066813819114860 0.066813819110394 0.000000000004466 0.000000000066848
225.009999999998456 0.066665185234566 0.066665187478065 -0.000000002243499 -0.000000033653236
226.009999999998456 0.066517538913086 0.066517539322376 -0.000000000409290 -0.000000006153121
227.009999999998456 0.066370869262678 0.066370867192745 0.000000002069932 0.000000031187362
228.009999999998456 0.066225165562914 0.066225171089172 -0.000000005526258 -0.000000083446499
229.009999999998456 0.066080417257390 0.066080421209335 -0.000000003951946 -0.000000059805094
230.009999999998456 0.065936613950508 0.065936617553234 -0.000000003602726 -0.000000054639235
231.009999999998456 0.065793745404346 0.065793745219707 0.000000000184638 0.000000002806320
232.009999999998456 0.065651801535592 0.065651804208755 -0.000000002673163 -0.000000040717288
233.009999999998456 0.065510772412559 0.065510772168636 0.000000000243922 0.000000003723394
234.009999999998456 0.065370648252261 0.065370649099350 -0.000000000847089 -0.000000012958245
235.009999999998456 0.065231419417568 0.065231420099735 -0.000000000682167 -0.000000010457645
236.009999999998456 0.065093076414419 0.065093077719212 -0.000000001304793 -0.000000020045031
237.009999999998456 0.064955609889102 0.064955607056618 0.000000002832484 0.000000043606457
238.009999999998456 0.064819010625600 0.064819015562534 -0.000000004936935 -0.000000076164919
239.009999999998456 0.064683269542994 0.064683265984058 0.000000003558936 0.000000055020962
240.009999999998456 0.064548377692929 0.064548380672932 -0.000000002980002 -0.000000046166957
241.009999999998456 0.064414326257136 0.064414322376251 0.000000003880885 0.000000060248779
242.009999999998456 0.064281106545007 0.064281105995178 0.000000000549828 0.000000008553500
243.009999999998456 0.064148709991234 0.064148709177971 0.000000000813263 0.000000012677771
244.009999999998456 0.064017128153492 0.064017131924629 -0.000000003771137 -0.000000058908251
245.009999999998456 0.063886352710182 0.063886351883411 0.000000000826770 0.000000012941263
246.009999999998456 0.063756375458213 0.063756376504898 -0.000000001046685 -0.000000016416943
247.009999999998456 0.063627188310851 0.063627190887928 -0.000000002577077 -0.000000040502768
248.009999999998456 0.063498783295595 0.063498787581921 -0.000000004286325 -0.000000067502477
249.009999999998456 0.063371152552121 0.063371151685715 0.000000000866406 0.000000013671927
250.009999999998456 0.063244288330250 0.063244290649891 -0.000000002319641 -0.000000036677480
251.009999999998456 0.063118182987981 0.063118182122707 0.000000000865274 0.000000013708786
252.009999999998456 0.062992828989552 0.062992833554745 -0.000000004565192 -0.000000072471618
253.009999999998456 0.062868218903551 0.062868215143681 0.000000003759871 0.000000059805587
254.009999999998456 0.062744345401063 0.062744349241257 -0.000000003840194 -0.000000061203820
255.009999999998456 0.062621201253862 0.062621198594570 0.000000002659291 0.000000042466311
256.009999999998456 0.062498779332637 0.062498778104782 0.000000001227855 0.000000019646059
257.009999999998456 0.062377072605262 0.062377069145441 0.000000003459821 0.000000055466224
258.009999999998456 0.062256074135095 0.062256071716547 0.000000002418548 0.000000038848392
259.009999999998456 0.062135777079322 0.062135774642229 0.000000002437093 0.000000039222062
260.009999999998456 0.062016174687328 0.062016170471907 0.000000004215421 0.000000067972929
261.009999999998456 0.061897260299105 0.061897262930870 -0.000000002631765 -0.000000042518278
262.009999999998456 0.061779027343700 0.061779025942087 0.000000001401613 0.000000022687518
263.009999999998456 0.061661469337684 0.061661470681429 -0.000000001343745 -0.000000021792298
264.009999999998456 0.061544579883661 0.061544578522444 0.000000001361217 0.000000022117583
265.009999999998456 0.061428352668807 0.061428353190422 -0.000000000521615 -0.000000008491434
266.009999999998456 0.061312781463436 0.061312783509493 -0.000000002046057 -0.000000033370803
267.009999999998456 0.061197860119598 0.061197858303785 0.000000001815813 0.000000029671179
268.009999999998456 0.061083582569706 0.061083581298590 0.000000001271116 0.000000020809452
269.009999999998456 0.060969942825189 0.060969937592745 0.000000005232444 0.000000085820056
270.009999999998456 0.060856934975176 0.060856930911541 0.000000004063635 0.000000066773576
271.009999999998456 0.060744553185204 0.060744553804398 -0.000000000619194 -0.000000010193402
272.009999999998456 0.060632791695951 0.060632791370153 0.000000000325797 0.000000005373285
273.009999999998456 0.060521644821998 0.060521647334099 -0.000000002512101 -0.000000041507485
274.009999999998456 0.060411106950613 0.060411106795073 0.000000000155541 0.000000002574706
275.009999999998456 0.060301172540565 0.060301173478365 -0.000000000937800 -0.000000015551943
276.009999999998456 0.060191836120948 0.060191836208105 -0.000000000087157 -0.000000001447990
277.009999999998456 0.060083092290047 0.060083091259003 0.000000001031045 0.000000017160313
278.009999999998456 0.059974935714213 0.059974934905767 0.000000000808446 0.000000013479723
279.009999999998456 0.059867361126762 0.059867363423109 -0.000000002296347 -0.000000038357242
280.009999999998456 0.059760363326903 0.059760361909866 0.000000001417036 0.000000023711977
281.009999999998456 0.059653937178676 0.059653934091330 0.000000003087346 0.000000051754278
282.009999999998456 0.059548077609923 0.059548076242208 0.000000001367714 0.000000022968232
283.009999999998456 0.059442779611266 0.059442780911922 -0.000000001300657 -0.000000021880818
284.009999999998456 0.059338038235117 0.059338036924601 0.000000001310516 0.000000022085605
285.009999999998456 0.059233848594699 0.059233844280243 0.000000004314456 0.000000072837675
286.009999999998456 0.059130205863087 0.059130202978849 0.000000002884237 0.000000048777732
287.009999999998456 0.059027105272272 0.059027101844549 0.000000003427722 0.000000058070311
288.009999999998456 0.058924542112236 0.058924540877342 0.000000001234894 0.000000020957212
289.009999999998456 0.058822511730054 0.058822512626648 -0.000000000896594 -0.000000015242362
290.009999999998456 0.058721009528999 0.058721009641886 -0.000000000112886 -0.000000001922418
291.009999999998456 0.058620030967681 0.058620031923056 -0.000000000955375 -0.000000016297750
292.009999999998456 0.058519571559186 0.058519568294287 0.000000003264900 0.000000055791583
293.009999999998456 0.058419626870245 0.058419626206160 0.000000000664085 0.000000011367497
294.009999999998456 0.058320192520406 0.058320187032223 0.000000005488183 0.000000094104334
295.009999999998456 0.058221264181233 0.058221261948347 0.000000002232886 0.000000038351727
296.009999999998456 0.058122837575513 0.058122839778662 -0.000000002203149 -0.000000037905042
297.009999999998456 0.058024908476478 0.058024909347296 -0.000000000870818 -0.000000015007662
298.009999999998456 0.057927472707042 0.057927474379539 -0.000000001672498 -0.000000028872275
299.009999999998456 0.057830526139055 0.057830523699522 0.000000002439533 0.000000042184181
300.009999999998456 0.057734064692570 0.057734064757824 -0.000000000065254 -0.000000001130256
301.009999999998456 0.057638084335114 0.057638082653284 0.000000001681830 0.000000029179149
302.009999999998456 0.057542581080990 0.057542581111193 -0.000000000030202 -0.000000000524869
303.009999999998456 0.057447550990575 0.057447548955679 0.000000002034896 0.000000035421806
304.009999999998456 0.057352990169639 0.057352989912033 0.000000000257605 0.000000004491579
305.009999999998456 0.057258894768675 0.057258889079094 0.000000005689581 0.000000099365887
306.009999999998456 0.057165260982242 0.057165261358023 -0.000000000375780 -0.000000006573578
307.009999999998456 0.057072085048318 0.057072080671787 0.000000004376531 0.000000076684271
308.009999999998456 0.056979363247664 0.056979358196259 0.000000005051405 0.000000088653244
309.009999999998456 0.056887091903200 0.056887093931437 -0.000000002028237 -0.000000035653728
310.009999999998456 0.056795267379394 0.056795265525579 0.000000001853815 0.000000032640306
311.009999999998456 0.056703886081663 0.056703887879848 -0.000000001798186 -0.000000031711862
312.009999999998456 0.056612944455774 0.056612942367792 0.000000002087982 0.000000036881709
313.009999999998456 0.056522438987273 0.056522436439991 0.000000002547282 0.000000045066741
314.009999999998456 0.056432366200907 0.056432366371155 -0.000000000170248 -0.000000003016843
315.009999999998456 0.056342722660068 0.056342720985413 0.000000001674655 0.000000029722654
316.009999999998456 0.056253504966239 0.056253504008055 0.000000000958184 0.000000017033328
317.009999999998456 0.056164709758457 0.056164707988501 0.000000001769956 0.000000031513669
318.009999999998456 0.056076333712776 0.056076336652040 -0.000000002939265 -0.000000052415421
319.009999999998456 0.055988373541749 0.055988371372223 0.000000002169526 0.000000038749584
320.009999999998456 0.055900825993912 0.055900823324919 0.000000002668994 0.000000047745157
321.009999999998456 0.055813687853281 0.055813688784838 -0.000000000931557 -0.000000016690477
322.009999999998456 0.055726955938851 0.055726956576109 -0.000000000637258 -0.000000011435364
323.009999999998456 0.055640627104115 0.055640626698732 0.000000000405383 0.000000007285733
324.009999999998456 0.055554698236581 0.055554695427418 0.000000002809163 0.000000050565713
325.009999999998456 0.055469166257299 0.055469166487455 -0.000000000230157 -0.000000004149271
326.009999999998456 0.055384028120401 0.055384024977684 0.000000003142717 0.000000056744108
327.009999999998456 0.055299280812645 0.055299282073975 -0.000000001261329 -0.000000022809148
328.009999999998456 0.055214921352964 0.055214922875166 -0.000000001522202 -0.000000027568664
329.009999999998456 0.055130946792030 0.055130943655968 0.000000003136062 0.000000056883875
330.009999999998456 0.055047354211815 0.055047351866961 0.000000002344855 0.000000042597047
331.009999999998456 0.054964140725173 0.054964143782854 -0.000000003057681 -0.000000055630469
332.009999999998456 0.054881303475414 0.054881304502487 -0.000000001027073 -0.000000018714441
333.009999999998456 0.054798839635896 0.054798837751150 0.000000001884746 0.000000034393908
334.009999999998456 0.054716746409619 0.054716747254133 -0.000000000844514 -0.000000015434288
335.009999999998456 0.054635021028826 0.054635021835566 -0.000000000806740 -0.000000014765984
336.009999999998456 0.054553660754610 0.054553657770157 0.000000002984454 0.000000054706753
337.009999999998456 0.054472662876534 0.054472662508488 0.000000000368046 0.000000006756532
338.009999999998456 0.054392024712243 0.054392024874687 -0.000000000162444 -0.000000002986539
339.009999999998456 0.054311743607099 0.054311744868755 -0.000000001261656 -0.000000023229898
340.009999999998456 0.054231816933809 0.054231818765402 -0.000000001831593 -0.000000033773407
341.009999999998456 0.054152242092064 0.054152242839336 -0.000000000747272 -0.000000013799464
342.009999999998456 0.054073016508189 0.054073013365269 0.000000003142921 0.000000058123642
343.009999999998456 0.053994137634786 0.053994137793779 -0.000000000158993 -0.000000002944636
344.009999999998456 0.053915602950395 0.053915604948997 -0.000000001998603 -0.000000037069097
345.009999999998456 0.053837409959152 0.053837407380342 0.000000002578810 0.000000047899961
346.009999999998456 0.053759556190461 0.053759552538395 0.000000003652066 0.000000067933338
347.009999999998456 0.053682039198660 0.053682040423155 -0.000000001224495 -0.000000022810143
348.009999999998456 0.053604856562702 0.053604859858751 -0.000000003296049 -0.000000061487886
349.009999999998456 0.053528005885837 0.053528003394604 0.000000002491233 0.000000046540749
350.009999999998456 0.053451484795299 0.053451482206583 0.000000002588716 0.000000048431137
351.009999999998456 0.053375290941998 0.053375288844109 0.000000002097890 0.000000039304507
352.009999999998456 0.053299422000217 0.053299419581890 0.000000002418327 0.000000045372483
353.009999999998456 0.053223875667315 0.053223874419928 0.000000001247388 0.000000023436620
354.009999999998456 0.053148649663433 0.053148649632931 0.000000000030502 0.000000000573900
355.009999999998456 0.053073741731203 0.053073741495609 0.000000000235593 0.000000004438981
356.009999999998456 0.052999149635466 0.052999150007963 -0.000000000372497 -0.000000007028357
357.009999999998456 0.052924871162993 0.052924871444702 -0.000000000281709 -0.000000005322812
358.009999999998456 0.052850904122205 0.052850905805826 -0.000000001683622 -0.000000031856060
359.009999999998456 0.052777246342904 0.052777245640755 0.000000000702149 0.000000013304006
360.009999999998456 0.052703895676005 0.052703894674778 0.000000001001227 0.000000018997216
361.009999999998456 0.052630849993275 0.052630849182606 0.000000000810670 0.000000015402938
362.009999999998456 0.052558107187070 0.052558109164238 -0.000000001977168 -0.000000037618704
363.009999999998456 0.052485665170080 0.052485663443804 0.000000001726277 0.000000032890439
364.009999999998456 0.052413521875081 0.052413523197174 -0.000000001322093 -0.000000025224275
365.009999999998456 0.052341675254682 0.052341673523188 0.000000001731495 0.000000033080614
366.009999999998456 0.052270123281087 0.052270121872425 0.000000001408662 0.000000026949654
367.009999999998456 0.052198863945848 0.052198864519596 -0.000000000573748 -0.000000010991583
368.009999999998456 0.052127895259634 0.052127897739410 -0.000000002479777 -0.000000047571009
369.009999999998456 0.052057215251994 0.052057214081287 0.000000001170707 0.000000022488843
370.009999999998456 0.051986821971129 0.051986824721098 -0.000000002749969 -0.000000052897419
371.009999999998456 0.051916713483666 0.051916714757681 -0.000000001274015 -0.000000024539593
372.009999999998456 0.051846887874432 0.051846887916327 -0.000000000041894 -0.000000000808042
373.009999999998456 0.051777343246238 0.051777344197035 -0.000000000950796 -0.000000018363176
374.009999999998456 0.051708077719661 0.051708076149225 0.000000001570436 0.000000030371195
375.009999999998456 0.051639089432830 0.051639087498188 0.000000001934642 0.000000037464680
376.009999999998456 0.051570376541216 0.051570374518633 0.000000002022583 0.000000039219855
377.009999999998456 0.051501937217425 0.051501933485270 0.000000003732155 0.000000072466308
378.009999999998456 0.051433769650995 0.051433768123388 0.000000001527607 0.000000029700466
379.009999999998456 0.051365872048194 0.051365870982409 0.000000001065786 0.000000020748911
380.009999999998456 0.051298242631822 0.051298242062330 0.000000000569491 0.000000011101577
381.009999999998456 0.051230879641012 0.051230877637863 0.000000002003149 0.000000039100428
382.009999999998456 0.051163781331046 0.051163781434298 -0.000000000103251 -0.000000002018056
383.009999999998456 0.051096945973156 0.051096942275763 0.000000003697393 0.000000072360360
384.009999999998456 0.051030371854342 0.051030367612839 0.000000004241503 0.000000083117231
385.009999999998456 0.050964057277187 0.050964057445526 -0.000000000168339 -0.000000003303100
386.009999999998456 0.050898000559673 0.050898000597954 -0.000000000038280 -0.000000000752098
387.009999999998456 0.050832200035007 0.050832200795412 -0.000000000760405 -0.000000014959122
388.009999999998456 0.050766654051437 0.050766654312611 -0.000000000261174 -0.000000005144593
389.009999999998456 0.050701360972083 0.050701357424259 0.000000003547824 0.000000069974928
390.009999999998456 0.050636319174766 0.050636321306229 -0.000000002131463 -0.000000042093561
391.009999999998456 0.050571527051833 0.050571523606777 0.000000003445056 0.000000068122439
392.009999999998456 0.050506983009997 0.050506982952356 0.000000000057641 0.000000001141243
393.009999999998456 0.050442685470168 0.050442684441805 0.000000001028363 0.000000020386767
394.009999999998456 0.050378632867292 0.050378631800413 0.000000001066879 0.000000021177217
395.009999999998456 0.050314823650192 0.050314821302891 0.000000002347301 0.000000046652278
396.009999999998456 0.050251256281407 0.050251256674528 -0.000000000393121 -0.000000007823108
397.009999999998456 0.050187929237041 0.050187930464745 -0.000000001227703 -0.000000024462126
398.009999999998456 0.050124841006606 0.050124842673540 -0.000000001666934 -0.000000033255645
399.009999999998456 0.050061990092872 0.050061989575624 0.000000000517248 0.000000010332149
400.009999999998456 0.049999375011719 0.049999374896288 0.000000000115431 0.000000002308642
401.009999999998456 0.049936994291985 0.049936994910240 -0.000000000618255 -0.000000012380705
402.009999999998456 0.049874846475328 0.049874842166901 0.000000004308427 0.000000086384777
403.009999999998456 0.049812930116078 0.049812927842140 0.000000002273937 0.000000045649539
404.009999999998456 0.049751243781095 0.049751244485378 -0.000000000704284 -0.000000014156101
405.009999999998456 0.049689786049633 0.049689784646034 0.000000001403599 0.000000028247236
406.009999999998456 0.049628555513203 0.049628552049398 0.000000003463804 0.000000069794583
407.009999999998456 0.049567550775431 0.049567546695471 0.000000004079960 0.000000082311116
408.009999999998456 0.049506770451933 0.049506772309542 -0.000000001857609 -0.000000037522316
409.009999999998456 0.049446213170176 0.049446213990450 -0.000000000820274 -0.000000016589213
410.009999999998456 0.049385877569352 0.049385879188776 -0.000000001619424 -0.000000032791232
411.009999999998456 0.049325762300248 0.049325760453939 0.000000001846309 0.000000037430921
412.009999999998456 0.049265866025119 0.049265868961811 -0.000000002936692 -0.000000059609061
413.009999999998456 0.049206187417564 0.049206189811230 -0.000000002393666 -0.000000048645631
414.009999999998456 0.049146725162401 0.049146723002195 0.000000002160205 0.000000043954208
415.009999999998456 0.049087477955547 0.049087479710579 -0.000000001755032 -0.000000035753142
416.009999999998456 0.049028444503899 0.049028441309929 0.000000003193970 0.000000065145240
417.009999999998456 0.048969623525210 0.048969626426697 -0.000000002901487 -0.000000059250753
418.009999999998456 0.048911013747978 0.048911012709141 0.000000001038837 0.000000021239331
419.009999999998456 0.048852613911328 0.048852611333132 0.000000002578197 0.000000052774998
420.009999999998456 0.048794422764899 0.048794422298670 0.000000000466229 0.000000009554970
421.009999999998456 0.048736439068729 0.048736438155174 0.000000000913555 0.000000018744799
422.009999999998456 0.048678661593147 0.048678658902645 0.000000002690502 0.000000055270666
423.009999999998456 0.048621089118663 0.048621088266373 0.000000000852290 0.000000017529227
424.009999999998456 0.048563720435857 0.048563718795776 0.000000001640081 0.000000033771735
425.009999999998456 0.048506554345278 0.048506554216146 0.000000000129132 0.000000002662151
426.009999999998456 0.048449589657333 0.048449587076902 0.000000002580430 0.000000053260104
427.009999999998456 0.048392825192184 0.048392824828625 0.000000000363559 0.000000007512667
428.009999999998456 0.048336259779650 0.048336260020733 -0.000000000241083 -0.000000004987629
429.009999999998456 0.048279892259099 0.048279892653227 -0.000000000394128 -0.000000008163396
430.009999999998456 0.048223721479354 0.048223719000816 0.000000002478538 0.000000051396647
431.009999999998456 0.048167746298590 0.048167746514082 -0.000000000215492 -0.000000004473786
432.009999999998456 0.048111965584238 0.048111964017153 0.000000001567085 0.000000032571629
433.009999999998456 0.048056378212889 0.048056375235319 0.000000002977570 0.000000061959937
434.009999999998456 0.048000983070200 0.048000983893871 -0.000000000823671 -0.000000017159465
435.009999999998456 0.047945779050797 0.047945778816938 0.000000000233859 0.000000004877566
436.009999999998456 0.047890765058185 0.047890763729811 0.000000001328375 0.000000027737596
437.009999999998456 0.047835940004657 0.047835938632488 0.000000001372169 0.000000028684895
438.009999999998456 0.047781302811201 0.047781303524971 -0.000000000713770 -0.000000014938275
439.009999999998456 0.047726852407412 0.047726850956678 0.000000001450734 0.000000030396593
440.009999999998456 0.047672587731406 0.047672588378191 -0.000000000646785 -0.000000013567226
441.009999999998456 0.047618507729730 0.047618508338928 -0.000000000609198 -0.000000012793299
442.009999999998456 0.047564611357278 0.047564610838890 0.000000000518388 0.000000010898613
443.009999999998456 0.047510897577205 0.047510895878077 0.000000001699129 0.000000035762926
444.009999999998456 0.047457365360844 0.047457367181778 -0.000000001820934 -0.000000038369890
445.009999999998456 0.047404013687623 0.047404013574123 0.000000000113499 0.000000002394300
446.009999999998456 0.047350841544983 0.047350838780403 0.000000002764580 0.000000058385014
447.009999999998456 0.047297847928298 0.047297850251198 -0.000000002322900 -0.000000049112177
448.009999999998456 0.047245031840794 0.047245033085346 -0.000000001244552 -0.000000026342497
449.009999999998456 0.047192392293473 0.047192394733429 -0.000000002439956 -0.000000051702311
450.009999999998456 0.047139928305032 0.047139927744865 0.000000000560167 0.000000011883058
451.009999999998456 0.047087638901787 0.047087639570236 -0.000000000668449 -0.000000014195855
452.009999999998456 0.047035523117598 0.047035522758961 0.000000000358638 0.000000007624827
453.009999999998456 0.046983579993795 0.046983581036329 -0.000000001042534 -0.000000022189326
454.009999999998456 0.046931808579101 0.046931806951761 0.000000001627340 0.000000034674557
455.009999999998456 0.046880207929560 0.046880207955837 -0.000000000026277 -0.000000000560517
456.009999999998456 0.046828777108467 0.046828776597977 0.000000000510490 0.000000010901202
457.009999999998456 0.046777515186292 0.046777516603470 -0.000000001417178 -0.000000030296130
458.009999999998456 0.046726421240615 0.046726420521736 0.000000000718879 0.000000015384853
459.009999999998456 0.046675494356052 0.046675495803356 -0.000000001447304 -0.000000031007793
460.009999999998456 0.046624733624187 0.046624734997749 -0.000000001373562 -0.000000029459947
461.009999999998456 0.046574138143506 0.046574138104916 0.000000000038590 0.000000000828569
462.009999999998456 0.046523707019325 0.046523708850145 -0.000000001830820 -0.000000039352408
463.009999999998456 0.046473439363732 0.046473439782858 -0.000000000419126 -0.000000009018612
464.009999999998456 0.046423334295511 0.046423334628344 -0.000000000332832 -0.000000007169506
465.009999999998456 0.046373390940085 0.046373389661312 0.000000001278773 0.000000027575585
466.009999999998456 0.046323608429449 0.046323608607054 -0.000000000177604 -0.000000003833995
467.009999999998456 0.046273985902106 0.046273984014988 0.000000001887118 0.000000040781399
468.009999999998456 0.046224522503004 0.046224523335695 -0.000000000832691 -0.000000018014050
469.009999999998456 0.046175217383479 0.046175215393305 0.000000001990174 0.000000043100476
470.009999999998456 0.046126069701185 0.046126067638397 0.000000002062788 0.000000044720655
471.009999999998456 0.046077078620043 0.046077080070972 -0.000000001450929 -0.000000031489170
472.009999999998456 0.046028243310176 0.046028241515160 0.000000001795016 0.000000038998142
473.009999999998456 0.045979562947848 0.045979563146830 -0.000000000198982 -0.000000004327618
474.009999999998456 0.045931036715411 0.045931037515402 -0.000000000799991 -0.000000017417211
475.009999999998456 0.045882663801246 0.045882664620876 -0.000000000819630 -0.000000017863618
476.009999999998456 0.045834443399702 0.045834444463253 -0.000000001063551 -0.000000023204191
477.009999999998456 0.045786374711044 0.045786373317242 0.000000001393802 0.000000030441416
478.009999999998456 0.045738456941395 0.045738458633423 -0.000000001692028 -0.000000036993547
479.009999999998456 0.045690689302683 0.045690689235926 0.000000000066757 0.000000001461070
480.009999999998456 0.045643071012584 0.045643072575331 -0.000000001562747 -0.000000034238426
481.009999999998456 0.045595601294469 0.045595601201057 0.000000000093412 0.000000002048705
482.009999999998456 0.045548279377354 0.045548278838396 0.000000000538958 0.000000011832669
483.009999999998456 0.045501104495841 0.045501101762056 0.000000002733784 0.000000060081712
484.009999999998456 0.045454075890071 0.045454077422619 -0.000000001532548 -0.000000033716396
485.009999999998456 0.045407192805673 0.045407190918922 0.000000001886751 0.000000041551805
486.009999999998456 0.045360454493710 0.045360453426838 0.000000001066872 0.000000023519862
487.009999999998456 0.045313860210628 0.045313857495785 0.000000002714844 0.000000059911989
488.009999999998456 0.045267409218213 0.045267410576344 -0.000000001358130 -0.000000030002391
489.009999999998456 0.045221100783534 0.045221097767353 0.000000003016181 0.000000066698526
490.009999999998456 0.045174934178898 0.045174933969975 0.000000000208924 0.000000004624774
491.009999999998456 0.045128908681804 0.045128911733627 -0.000000003051823 -0.000000067624572
492.009999999998456 0.045083023574891 0.045083023607731 -0.000000000032840 -0.000000000728430
493.009999999998456 0.045037278145894 0.045037277042866 0.000000001103028 0.000000024491450
494.009999999998456 0.044991671687597 0.044991672039032 -0.000000000351435 -0.000000007811112
495.009999999998456 0.044946203497787 0.044946201145649 0.000000002352138 0.000000052332295
496.009999999998456 0.044900872879208 0.044900871813297 0.000000001065911 0.000000023739204
497.009999999998456 0.044855679139518 0.044855676591396 0.000000002548122 0.000000056807114
498.009999999998456 0.044810621591241 0.044810622930527 -0.000000001339285 -0.000000029887675
499.009999999998456 0.044765699551728 0.044765699654818 -0.000000000103089 -0.000000002302867
500.009999999998456 0.044720912343108 0.044720914214849 -0.000000001871741 -0.000000041853820
501.009999999998456 0.044676259292251 0.044676259160042 0.000000000132209 0.000000002959266
502.009999999998456 0.044631739730719 0.044631738215685 0.000000001515034 0.000000033945211
503.009999999998456 0.044587352994729 0.044587351381779 0.000000001612951 0.000000036175072
504.009999999998456 0.044543098425112 0.044543098658323 -0.000000000233212 -0.000000005235640
505.009999999998456 0.044498975367265 0.044498976320028 -0.000000000952763 -0.000000021410902
506.009999999998456 0.044454983171119 0.044454980641603 0.000000002529516 0.000000056900613
507.009999999998456 0.044411121191094 0.044411122798920 -0.000000001607826 -0.000000036203232
508.009999999998456 0.044367388786057 0.044367387890816 0.000000000895242 0.000000020177918
509.009999999998456 0.044323785319291 0.044323783367872 0.000000001951418 0.000000044026436
510.009999999998456 0.044280310158445 0.044280309230089 0.000000000928356 0.000000020965432
511.009999999998456 0.044236962675506 0.044236965477467 -0.000000002801961 -0.000000063339812
512.009999999998399 0.044193742246752 0.044193740934134 0.000000001312619 0.000000029701466
513.009999999998399 0.044150648252723 0.044150646775961 0.000000001476762 0.000000033448249
514.009999999998399 0.044107680078174 0.044107679277658 0.000000000800516 0.000000018149125
515.009999999998399 0.044064837112047 0.044064834713936 0.000000002398112 0.000000054422341
516.009999999998399 0.044022118747430 0.044022116810083 0.000000001937346 0.000000044008479
517.009999999998399 0.043979524381520 0.043979525566101 -0.000000001184582 -0.000000026934842
518.009999999998399 0.043937053415589 0.043937053531408 -0.000000000115819 -0.000000002636020
519.009999999998399 0.043894705254952 0.043894704431295 0.000000000823656 0.000000018764368
520.009999999998399 0.043852479308924 0.043852478265762 0.000000001043161 0.000000023787971
521.009999999998399 0.043810374990792 0.043810375034809 -0.000000000044017 -0.000000001004710
522.009999999998399 0.043768391717780 0.043768391013145 0.000000000704635 0.000000016099169
523.009999999998399 0.043726528911012 0.043726529926062 -0.000000001015050 -0.000000023213596
524.009999999998399 0.043684785995480 0.043684784322977 0.000000001672503 0.000000038285700
525.009999999998399 0.043643162400012 0.043643161654472 0.000000000745540 0.000000017082624
526.009999999998399 0.043601657557239 0.043601658195257 -0.000000000638018 -0.000000014632883
527.009999999998399 0.043560270903561 0.043560270220041 0.000000000683520 0.000000015691359
528.009999999998399 0.043519001879116 0.043519001454115 0.000000000425001 0.000000009765864
529.009999999998399 0.043477849927746 0.043477848172188 0.000000001755558 0.000000040378225
530.009999999998399 0.043436814496971 0.043436814099550 0.000000000397421 0.000000009149401
531.009999999998399 0.043395895037951 0.043395895510912 -0.000000000472960 -0.000000010898738
532.009999999998399 0.043355091005461 0.043355092406273 -0.000000001400812 -0.000000032310204
533.009999999998399 0.043314401857855 0.043314401060343 0.000000000797513 0.000000018412182
534.009999999998399 0.043273827057042 0.043273828923702 -0.000000001866660 -0.000000043136012
535.009999999998399 0.043233366068450 0.043233364820480 0.000000001247969 0.000000028865883
536.009999999998399 0.043193018361000 0.043193019926548 -0.000000001565548 -0.000000036245396
537.009999999998399 0.043152783407077 0.043152783066034 0.000000000341043 0.000000007903147
538.009999999998399 0.043112660682499 0.043112657964230 0.000000002718270 0.000000063050385
539.009999999998399 0.043072649666491 0.043072648346424 0.000000001320066 0.000000030647439
540.009999999998399 0.043032749841651 0.043032750487328 -0.000000000645677 -0.000000015004311
541.009999999998399 0.042992960693930 0.042992960661650 0.000000000032280 0.000000000750819
542.009999999998399 0.042953281712597 0.042953278869390 0.000000002843207 0.000000066193004
543.009999999998399 0.042913712390217 0.042913708835840 0.000000003554377 0.000000082826141
544.009999999998399 0.042874252222620 0.042874250560999 0.000000001661621 0.000000038755686
545.009999999998399 0.042834900708874 0.042834900319576 0.000000000389298 0.000000009088335
546.009999999998399 0.042795657351262 0.042795654386282 0.000000002964980 0.000000069282256
547.009999999998399 0.042756521655250 0.042756523936987 -0.000000002281737 -0.000000053365819
548.009999999998399 0.042717493129467 0.042717490345240 0.000000002784228 0.000000065177691
549.009999999998399 0.042678571285674 0.042678568512201 0.000000002773473 0.000000064985146
550.009999999998399 0.042639755638742 0.042639754712582 0.000000000926160 0.000000021720582
551.009999999998399 0.042601045706622 0.042601045221090 0.000000000485532 0.000000011397187
552.009999999998399 0.042562441010327 0.042562440037727 0.000000000972599 0.000000022851114
553.009999999998399 0.042523941073898 0.042523939162493 0.000000001911405 0.000000044948919
554.009999999998399 0.042485545424388 0.042485546320677 -0.000000000896288 -0.000000021096315
555.009999999998399 0.042447253591833 0.042447254061699 -0.000000000469865 -0.000000011069396
556.009999999998399 0.042409065109229 0.042409066110849 -0.000000001001621 -0.000000023618082
557.009999999998399 0.042370979512505 0.042370978742838 0.000000000769667 0.000000018164956
558.009999999998399 0.042332996340506 0.042332995682955 0.000000000657551 0.000000015532818
559.009999999998399 0.042295115134962 0.042295113205910 0.000000001929053 0.000000045609346
560.009999999998399 0.042257335440472 0.042257335036993 0.000000000403479 0.000000009548149
561.009999999998399 0.042219656804475 0.042219657450914 -0.000000000646439 -0.000000015311325
562.009999999998399 0.042182078777231 0.042182076722383 0.000000002054847 0.000000048713753
563.009999999998399 0.042144600911795 0.042144600301981 0.000000000609814 0.000000014469562
564.009999999998399 0.042107222763999 0.042107220739126 0.000000002024872 0.000000048088484
565.009999999998399 0.042069943892426 0.042069941759109 0.000000002133317 0.000000050708805
566.009999999998399 0.042032763858392 0.042032763361931 0.000000000496461 0.000000011811281
567.009999999998399 0.041995682225919 0.041995681822300 0.000000000403619 0.000000009610964
568.009999999998399 0.041958698561719 0.041958697140217 0.000000001421502 0.000000033878613
569.009999999998399 0.041921812435170 0.041921809315681 0.000000003119489 0.000000074412071
570.009999999998399 0.041885023418295 0.041885025799274 -0.000000002380980 -0.000000056845606
571.009999999998399 0.041848331085740 0.041848331689835 -0.000000000604094 -0.000000014435324
572.009999999998399 0.041811735014758 0.041811734437943 0.000000000576815 0.000000013795536
573.009999999998399 0.041775234785182 0.041775234043598 0.000000000741583 0.000000017751748
574.009999999998399 0.041738829979409 0.041738830506802 -0.000000000527392 -0.000000012635531
575.009999999998399 0.041702520182381 0.041702520102262 0.000000000080119 0.000000001921200
576.009999999998399 0.041666304981561 0.041666306555271 -0.000000001573710 -0.000000037769363
577.009999999998399 0.041630183966916 0.041630182415247 0.000000001551669 0.000000037272699
578.009999999998399 0.041594156730897 0.041594155132771 0.000000001598127 0.000000038421900
579.009999999998399 0.041558222868419 0.041558224707842 -0.000000001839423 -0.000000044261337
580.009999999998399 0.041522381976844 0.041522379964590 0.000000002012254 0.000000048461914
581.009999999998399 0.041486633655959 0.041486632078886 0.000000001577073 0.000000038014003
582.009999999998399 0.041450977507959 0.041450977325439 0.000000000182520 0.000000004403273
583.009999999998399 0.041415413137430 0.041415415704250 -0.000000002566821 -0.000000061977421
584.009999999998399 0.041379940151326 0.041379939764738 0.000000000386587 0.000000009342388
585.009999999998399 0.041344558158954 0.041344560682774 -0.000000002523819 -0.000000061043565
586.009999999998399 0.041309266771959 0.041309267282486 -0.000000000510527 -0.000000012358664
587.009999999998399 0.041274065604297 0.041274067014456 -0.000000001410159 -0.000000034165734
588.009999999998399 0.041238954272227 0.041238952428102 0.000000001844125 0.000000044718029
589.009999999998399 0.041203932394288 0.041203930974007 0.000000001420281 0.000000034469561
590.009999999998399 0.041168999591282 0.041168998926878 0.000000000664404 0.000000016138461
591.009999999998399 0.041134155486259 0.041134156286716 -0.000000000800458 -0.000000019459680
592.009999999998399 0.041099399704497 0.041099399328232 0.000000000376265 0.000000009155003
593.009999999998399 0.041064731873488 0.041064731776714 0.000000000096773 0.000000002356602
594.009999999998399 0.041030151622918 0.041030153632164 -0.000000002009246 -0.000000048969990
595.009999999998399 0.040995658584654 0.040995661169291 -0.000000002584636 -0.000000063046585
596.009999999998399 0.040961252392726 0.040961250662804 0.000000001729922 0.000000042233135
597.009999999998399 0.040926932683308 0.040926933288574 -0.000000000605266 -0.000000014788951
598.009999999998399 0.040892699094706 0.040892697870731 0.000000001223975 0.000000029931378
599.009999999998399 0.040858551267341 0.040858548134565 0.000000003132775 0.000000076673680
600.009999999998399 0.040824488843730 0.040824487805367 0.000000001038364 0.000000025434823
601.009999999998399 0.040790511468475 0.040790513157845 -0.000000001689369 -0.000000041415743
602.009999999998399 0.040756618788244 0.040756616741419 0.000000002046825 0.000000050220684
603.009999999998399 0.040722810451757 0.040722809731960 0.000000000719796 0.000000017675509
604.009999999998399 0.040689086109769 0.040689088404179 -0.000000002294409 -0.000000056388818
605.009999999998399 0.040655445415059 0.040655445307493 0.000000000107566 0.000000002645788
606.009999999998399 0.040621888022410 0.040621887892485 0.000000000129925 0.000000003198395
607.009999999998399 0.040588413588596 0.040588412433863 0.000000001154733 0.000000028449826
608.009999999998399 0.040555021772370 0.040555018931627 0.000000002840743 0.000000070046629
609.009999999998399 0.040521712234445 0.040521714836359 -0.000000002601915 -0.000000064210379
610.009999999998399 0.040488484637481 0.040488481521606 0.000000003115875 0.000000076957057
611.009999999998399 0.040455338646074 0.040455337613821 0.000000001032253 0.000000025515856
612.009999999998399 0.040422273926735 0.040422271937132 0.000000001989603 0.000000049220471
613.009999999998399 0.040389290147884 0.040389288216829 0.000000001931055 0.000000047811054
614.009999999998399 0.040356386979828 0.040356386452913 0.000000000526915 0.000000013056541
615.009999999998399 0.040323564094754 0.040323566645384 -0.000000002550630 -0.000000063254081
616.009999999998399 0.040290821166710 0.040290821343660 -0.000000000176950 -0.000000004391823
617.009999999998399 0.040258157871596 0.040258157998323 -0.000000000126727 -0.000000003147871
618.009999999998399 0.040225573887146 0.040225572884083 0.000000001003063 0.000000024935961
619.009999999998399 0.040193068892919 0.040193069726229 -0.000000000833310 -0.000000020732680
620.009999999998399 0.040160642570281 0.040160644799471 -0.000000002229190 -0.000000055506824
621.009999999998399 0.040128294602398 0.040128294378519 0.000000000223879 0.000000005579072
622.009999999998399 0.040096024674216 0.040096025913954 -0.000000001239738 -0.000000030919222
623.009999999998399 0.040063832472454 0.040063831955194 0.000000000517260 0.000000012910886
624.009999999998399 0.040031717685588 0.040031716227531 0.000000001458057 0.000000036422541
625.009999999998399 0.039999680003840 0.039999678730965 0.000000001272875 0.000000031822138
626.009999999998399 0.039967719119163 0.039967719465494 -0.000000000346331 -0.000000008665269
627.009999999998399 0.039935834725232 0.039935834705830 0.000000000019402 0.000000000485836
628.009999999998399 0.039904026517428 0.039904028177261 -0.000000001659833 -0.000000041595625
629.009999999998399 0.039872294192830 0.039872292429209 0.000000001763622 0.000000044231758
630.009999999998399 0.039840637450199 0.039840638637543 -0.000000001187343 -0.000000029802321
631.009999999998399 0.039809055989968 0.039809055626392 0.000000000363575 0.000000009132981
632.009999999998399 0.039777549514228 0.039777550846338 -0.000000001332110 -0.000000033488991
633.009999999998399 0.039746117726721 0.039746116846800 0.000000000879921 0.000000022138548
634.009999999998399 0.039714760332823 0.039714761078358 -0.000000000745535 -0.000000018772234
635.009999999998399 0.039683477039534 0.039683476090431 0.000000000949103 0.000000023916834
636.009999999998399 0.039652267555469 0.039652269333601 -0.000000001778132 -0.000000044843124
637.009999999998399 0.039621131590844 0.039621129631996 0.000000001958848 0.000000049439467
638.009999999998399 0.039590068857463 0.039590068161488 0.000000000695976 0.000000017579553
639.009999999998399 0.039559079068713 0.039559081196785 -0.000000002128072 -0.000000053794781
640.009999999998399 0.039528161939546 0.039528161287308 0.000000000652238 0.000000016500595
641.009999999998399 0.039497317186472 0.039497315883636 0.000000001302836 0.000000032985422
642.009999999998399 0.039466544527548 0.039466541260481 0.000000003267067 0.000000082780667
643.009999999998399 0.039435843682364 0.039435844868422 -0.000000001186057 -0.000000030075617
644.009999999998399 0.039405214372037 0.039405215531588 -0.000000001159550 -0.000000029426315
645.009999999998399 0.039374656319197 0.039374656975269 -0.000000000656072 -0.000000016662298
646.009999999998399 0.039344169247976 0.039344169199467 0.000000000048510 0.000000001232958
647.009999999998399 0.039313752884001 0.039313752204180 0.000000000679822 0.000000017292211
648.009999999998399 0.039283406954381 0.039283405989408 0.000000000964972 0.000000024564374
649.009999999998399 0.039253131187695 0.039253130555153 0.000000000632542 0.000000016114439
650.009999999998399 0.039222925313987 0.039222922176123 0.000000003137865 0.000000080000777
651.009999999998399 0.039192789064752 0.039192788302898 0.000000000761853 0.000000019438610
652.009999999998399 0.039162722172925 0.039162721484900 0.000000000688026 0.000000017568389
653.009999999998399 0.039132724372877 0.039132725447416 -0.000000001074540 -0.000000027458848
654.009999999998399 0.039102795400396 0.039102792739868 0.000000002660528 0.000000068039336
655.009999999998399 0.039072934992687 0.039072934538126 0.000000000454561 0.000000011633662
656.009999999998399 0.039043142888355 0.039043143391609 -0.000000000503254 -0.000000012889692
657.009999999998399 0.039013418827398 0.039013419300318 -0.000000000472919 -0.000000012121967
658.009999999998399 0.038983762551199 0.038983762264252 0.000000000286948 0.000000007360696
659.009999999998399 0.038954173802514 0.038954172283411 0.000000001519103 0.000000038997183
660.009999999998399 0.038924652325463 0.038924653083086 -0.000000000757623 -0.000000019463824
661.009999999998399 0.038895197865524 0.038895197212696 0.000000000652828 0.000000016784271
662.009999999998399 0.038865810169517 0.038865808397532 0.000000001771986 0.000000045592398
663.009999999998399 0.038836488985603 0.038836486637592 0.000000002348011 0.000000060458881
664.009999999998399 0.038807234063269 0.038807231932878 0.000000002130390 0.000000054896733
665.009999999998399 0.038778045153321 0.038778044283390 0.000000000869931 0.000000022433593
666.009999999998399 0.038748922007876 0.038748923689127 -0.000000001681251 -0.000000043388340
667.009999999998399 0.038719864380350 0.038719866424799 -0.000000002044449 -0.000000052801028
668.009999999998399 0.038690872025455 0.038690872490406 -0.000000000464951 -0.000000012017068
669.009999999998399 0.038661944699184 0.038661941885948 0.000000002813236 0.000000072764982
670.009999999998399 0.038633082158805 0.038633082062006 0.000000000096799 0.000000002505607
671.009999999998399 0.038604284162855 0.038604285567999 -0.000000001405144 -0.000000036398655
672.009999999998399 0.038575550471126 0.038575548678637 0.000000001792489 0.000000046466983
673.009999999998399 0.038546880844662 0.038546882569790 -0.000000001725128 -0.000000044754023
674.009999999998399 0.038518275045747 0.038518276065588 -0.000000001019841 -0.000000026476808
675.009999999998399 0.038489732837899 0.038489732891321 -0.000000000053422 -0.000000001387961
676.009999999998399 0.038461253985860 0.038461253046989 0.000000000938870 0.000000024410812
677.009999999998399 0.038432838255589 0.038432836532593 0.000000001722996 0.000000044831355
678.009999999998399 0.038404485414254 0.038404483348131 0.000000002066123 0.000000053798992
679.009999999998399 0.038376195230223 0.038376193493605 0.000000001736618 0.000000045252477
680.009999999998399 0.038347967473056 0.038347966969013 0.000000000504043 0.000000013143928
681.009999999998399 0.038319801913500 0.038319800049067 0.000000001864434 0.000000048654573
682.009999999998399 0.038291698323477 0.038291696459055 0.000000001864422 0.000000048689985
683.009999999998399 0.038263656476079 0.038263656198978 0.000000000277100 0.000000007241871
684.009999999998399 0.038235676145559 0.038235675543547 0.000000000602012 0.000000015744770
685.009999999998399 0.038207757107323 0.038207758218050 -0.000000001110727 -0.000000029070710
686.009999999998399 0.038179899137927 0.038179896771908 0.000000002366019 0.000000061970273
687.009999999998399 0.038152102015060 0.038152102380991 -0.000000000365931 -0.000000009591363
688.009999999998399 0.038124365517548 0.038124367594719 -0.000000002077171 -0.000000054484076
689.009999999998399 0.038096689425337 0.038096688687801 0.000000000737536 0.000000019359582
690.009999999998399 0.038069073519492 0.038069073110819 0.000000000408673 0.000000010735043
691.009999999998399 0.038041517582185 0.038041517138481 0.000000000443704 0.000000011663684
692.009999999998399 0.038014021396693 0.038014020770788 0.000000000625905 0.000000016465102
693.009999999998399 0.037986584747385 0.037986584007740 0.000000000739645 0.000000019471217
694.009999999998399 0.037959207419720 0.037959206849337 0.000000000570383 0.000000015026217
695.009999999998399 0.037931889200237 0.037931889295578 -0.000000000095341 -0.000000002513491
696.009999999998399 0.037904629876548 0.037904627621174 0.000000002255374 0.000000059501278
697.009999999998399 0.037877429237333 0.037877429276705 -0.000000000039371 -0.000000001039445
698.009999999998399 0.037850287072333 0.037850286811590 0.000000000260743 0.000000006888789
699.009999999998399 0.037823203172339 0.037823203951120 -0.000000000778781 -0.000000020590037
700.009999999998399 0.037796177329192 0.037796176970005 0.000000000359187 0.000000009503255
701.009999999998399 0.037769209335769 0.037769209593534 -0.000000000257765 -0.000000006824743
702.009999999998399 0.037742298985984 0.037742298096418 0.000000000889566 0.000000023569457
703.009999999998399 0.037715446074774 0.037715446203947 -0.000000000129173 -0.000000003424944
704.009999999998399 0.037688650398097 0.037688650190830 0.000000000207267 0.000000005499453
705.009999999998399 0.037661911752926 0.037661910057068 0.000000001695858 0.000000045028455
706.009999999998399 0.037635229937237 0.037635229527950 0.000000000409287 0.000000010875103
707.009999999998399 0.037608604750011 0.037608604878187 -0.000000000128176 -0.000000003408157
708.009999999998399 0.037582035991220 0.037582036107779 -0.000000000116559 -0.000000003101444
709.009999999998399 0.037555523461824 0.037555523216724 0.000000000245100 0.000000006526338
710.009999999998399 0.037529066963767 0.037529066205025 0.000000000758742 0.000000020217450
711.009999999998399 0.037502666299964 0.037502668797970 -0.000000002498006 -0.000000066608744
712.009999999998399 0.037476321274304 0.037476319819689 0.000000001454615 0.000000038814240
713.009999999998399 0.037450031691635 0.037450030446053 0.000000001245582 0.000000033259841
714.009999999998399 0.037423797357764 0.037423796951771 0.000000000405993 0.000000010848519
715.009999999998399 0.037397618079448 0.037397615611553 0.000000002467895 0.000000065990695
716.009999999998399 0.037371493664390 0.037371493875980 -0.000000000211590 -0.000000005661805
717.009999999998399 0.037345423921232 0.037345424294472 -0.000000000373240 -0.000000009994260
718.009999999998399 0.037319408659547 0.037319406867027 0.000000001792520 0.000000048031844
719.009999999998399 0.037293447689838 0.037293449044228 -0.000000001354389 -0.000000036317083
720.009999999998399 0.037267540823528 0.037267539650202 0.000000001173327 0.000000031483873
721.009999999998399 0.037241687872956 0.037241689860821 -0.000000001987865 -0.000000053377402
722.009999999998399 0.037215888651371 0.037215888500214 0.000000000151157 0.000000004061637
723.009999999998399 0.037190142972926 0.037190143018961 -0.000000000046035 -0.000000001237821
724.009999999998399 0.037164450652674 0.037164449691772 0.000000000960901 0.000000025855389
725.009999999998399 0.037138811506559 0.037138812243938 -0.000000000737379 -0.000000019854684
726.009999999998399 0.037113225351415 0.037113226950169 -0.000000001598754 -0.000000043077735
727.009999999998399 0.037087692004956 0.037087690085173 0.000000001919784 0.000000051763362
728.009999999998399 0.037062211285775 0.037062209099531 0.000000002186244 0.000000058988483
729.009999999998399 0.037036783013333 0.037036783993244 -0.000000000979911 -0.000000026457773
730.009999999998399 0.037011407007961 0.037011407315731 -0.000000000307770 -0.000000008315553
731.009999999998399 0.036986083090846 0.036986082792282 0.000000000298564 0.000000008072336
732.009999999998399 0.036960811084034 0.036960810422897 0.000000000661137 0.000000017887513
733.009999999998399 0.036935590810420 0.036935590207577 0.000000000602843 0.000000016321464
734.009999999998399 0.036910422093742 0.036910422146320 -0.000000000052579 -0.000000001424498
735.009999999998399 0.036885304758579 0.036885302513838 0.000000002244741 0.000000060857326
736.009999999998399 0.036860238630345 0.036860238760710 -0.000000000130365 -0.000000003536729
737.009999999998399 0.036835223535283 0.036835223436356 0.000000000098927 0.000000002685674
738.009999999998399 0.036810259300460 0.036810260266066 -0.000000000965606 -0.000000026231978
739.009999999998399 0.036785345753762 0.036785345524549 0.000000000229212 0.000000006231072
740.009999999998399 0.036760482723890 0.036760482937098 -0.000000000213208 -0.000000005799925
741.009999999998399 0.036735670040353 0.036735668778419 0.000000001261934 0.000000034351734
742.009999999998399 0.036710907533468 0.036710906773806 0.000000000759662 0.000000020693098
743.009999999998399 0.036686195034347 0.036686196923256 -0.000000001888909 -0.000000051488266
744.009999999998399 0.036661532374900 0.036661531776190 0.000000000598710 0.000000016330755
745.009999999998399 0.036636919387826 0.036636918783188 0.000000000604638 0.000000016503512
746.009999999998399 0.036612355906608 0.036612354218960 0.000000001687648 0.000000046095035
747.009999999998399 0.036587841765510 0.036587841808796 -0.000000000043285 -0.000000001183055
748.009999999998399 0.036563376799575 0.036563377827406 -0.000000001027831 -0.000000028110955
749.009999999998399 0.036538960844611 0.036538958549500 0.000000002295111 0.000000062812718
750.009999999998399 0.036514593737198 0.036514595150948 -0.000000001413750 -0.000000038717395
751.009999999998399 0.036490275314674 0.036490276455879 -0.000000001141205 -0.000000031274226
752.009999999998399 0.036466005415137 0.036466006189585 -0.000000000774447 -0.000000021237517
753.009999999998399 0.036441783877437 0.036441784352064 -0.000000000474627 -0.000000013024256
754.009999999998399 0.036417610541171 0.036417610943317 -0.000000000402146 -0.000000011042633
755.009999999998399 0.036393485246681 0.036393485963345 -0.000000000716663 -0.000000019692071
756.009999999998399 0.036369407835049 0.036369409412146 -0.000000001577096 -0.000000043363268
757.009999999998399 0.036345378148091 0.036345377564430 0.000000000583660 0.000000016058725
758.009999999998399 0.036321396028353 0.036321394145489 0.000000001882864 0.000000051838972
759.009999999998399 0.036297461319108 0.036297459155321 0.000000002163787 0.000000059612625
760.009999999998399 0.036273573864352 0.036273572593927 0.000000001270425 0.000000035023428
761.009999999998399 0.036249733508798 0.036249730736017 0.000000002772781 0.000000076491069
762.009999999998399 0.036225940097872 0.036225941032171 -0.000000000934299 -0.000000025790896
763.009999999998399 0.036202193477709 0.036202196031809 -0.000000002554100 -0.000000070550969
764.009999999998399 0.036178493495150 0.036178492009640 0.000000001485511 0.000000041060603
765.009999999998399 0.036154839997738 0.036154840141535 -0.000000000143797 -0.000000003977253
766.009999999998399 0.036131232833710 0.036131232976913 -0.000000000143204 -0.000000003963436
767.009999999998399 0.036107671851997 0.036107670515776 0.000000001336221 0.000000037006576
768.009999999998399 0.036084156902220 0.036084156483412 0.000000000418808 0.000000011606425
769.009999999998399 0.036060687834683 0.036060687154531 0.000000000680151 0.000000018861298
770.009999999998399 0.036037264500371 0.036037266254425 -0.000000001754054 -0.000000048673337
771.009999999998399 0.036013886750947 0.036013886332512 0.000000000418435 0.000000011618703
772.009999999998399 0.035990554438744 0.035990554839373 -0.000000000400629 -0.000000011131500
773.009999999998399 0.035967267416766 0.035967268049717 -0.000000000632951 -0.000000017597967
774.009999999998399 0.035944025538682 0.035944025963545 -0.000000000424863 -0.000000011820122
775.009999999998399 0.035920828658821 0.035920828580856 0.000000000077965 0.000000002170456
776.009999999998399 0.035897676632169 0.035897675901651 0.000000000730518 0.000000020350005
777.009999999998399 0.035874569314367 0.035874567925930 0.000000001388437 0.000000038702545
778.009999999998399 0.035851506561704 0.035851508378983 -0.000000001817278 -0.000000050689034
779.009999999998399 0.035828488231116 0.035828486084938 0.000000002146178 0.000000059901443
780.009999999998399 0.035805514180181 0.035805512219667 0.000000001960513 0.000000054754502
781.009999999998399 0.035782584267113 0.035782583057880 0.000000001209233 0.000000033793900
782.009999999998399 0.035759698350766 0.035759698599577 -0.000000000248811 -0.000000006957860
783.009999999998399 0.035736856290620 0.035736855119467 0.000000001171153 0.000000032771582
784.009999999998399 0.035714057946785 0.035714056342840 0.000000001603945 0.000000044910751
785.009999999998399 0.035691303179995 0.035691302269697 0.000000000910298 0.000000025504758
786.009999999998399 0.035668591851604 0.035668592900038 -0.000000001048434 -0.000000029393765
787.009999999998399 0.035645923823581 0.035645920783281 0.000000003040300 0.000000085291647
788.009999999998399 0.035623298958511 0.035623297095299 0.000000001863212 0.000000052303194
789.009999999998399 0.035600717119588 0.035600718110800 -0.000000000991212 -0.000000027842474
790.009999999998399 0.035578178170611 0.035578176379204 0.000000001791407 0.000000050351285
791.009999999998399 0.035555681975983 0.035555679351091 0.000000002624892 0.000000073824812
792.009999999998399 0.035533228400706 0.035533230751753 -0.000000002351047 -0.000000066164732
793.009999999998399 0.035510817310379 0.035510819405317 -0.000000002094938 -0.000000058994366
794.009999999998399 0.035488448571192 0.035488449037075 -0.000000000465883 -0.000000013127732
795.009999999998399 0.035466122049926 0.035466123372316 -0.000000001322391 -0.000000037286029
796.009999999998399 0.035443837613945 0.035443838685751 -0.000000001071806 -0.000000030239554
797.009999999998399 0.035421595131200 0.035421594977379 0.000000000153821 0.000000004342572
798.009999999998399 0.035399394470217 0.035399392247200 0.000000002223017 0.000000062798167
799.009999999998399 0.035377235500102 0.035377234220505 0.000000001279597 0.000000036170061
800.009999999998399 0.035355118090530 0.035355117172003 0.000000000918527 0.000000025980031
801.009999999998399 0.035333042111749 0.035333041101694 0.000000001010055 0.000000028586685
802.009999999998399 0.035311007434571 0.035311009734869 -0.000000002300298 -0.000000065143941
803.009999999998399 0.035289013930373 0.035289015620947 -0.000000001690574 -0.000000047906532
804.009999999998399 0.035267061471090 0.035267062485218 -0.000000001014128 -0.000000028755663
805.009999999998399 0.035245149929217 0.035245150327682 -0.000000000398465 -0.000000011305534
806.009999999998399 0.035223279177800 0.035223279148340 0.000000000029460 0.000000000836386
807.009999999998399 0.035201449090438 0.035201448947191 0.000000000143247 0.000000004069341
808.009999999998399 0.035179659541275 0.035179659724236 -0.000000000182960 -0.000000005200743
809.009999999998399 0.035157910405002 0.035157907754183 0.000000002650820 0.000000075397532
810.009999999998399 0.035136201556852 0.035136200487614 0.000000001069238 0.000000030431236
811.009999999998399 0.035114532872593 0.035114534199238 -0.000000001326645 -0.000000037780497
812.009999999998399 0.035092904228533 0.035092905163765 -0.000000000935232 -0.000000026650161
813.009999999998399 0.035071315501511 0.035071313381195 0.000000002120316 0.000000060457262
814.009999999998399 0.035049766568894 0.035049766302109 0.000000000266785 0.000000007611609
815.009999999998399 0.035028257308578 0.035028256475925 0.000000000832653 0.000000023770883
816.009999999998399 0.035006787598982 0.035006787627935 -0.000000000028953 -0.000000000827067
817.009999999998399 0.034985357319047 0.034985356032848 0.000000001286199 0.000000036763920
818.009999999998399 0.034963966348231 0.034963965415955 0.000000000932276 0.000000026663913
819.009999999998399 0.034942614566507 0.034942615777254 -0.000000001210748 -0.000000034649598
820.009999999998399 0.034921301854361 0.034921303391457 -0.000000001537096 -0.000000044015996
821.009999999998399 0.034900028092789 0.034900028258562 -0.000000000165773 -0.000000004749943
822.009999999998399 0.034878793163294 0.034878794103861 -0.000000000940567 -0.000000026966732
823.009999999998399 0.034857596947882 0.034857597202063 -0.000000000254181 -0.000000007291974
824.009999999998399 0.034836439329061 0.034836441278458 -0.000000001949396 -0.000000055958542
825.009999999998399 0.034815320189838 0.034815318882465 0.000000001307373 0.000000037551661
826.009999999998399 0.034794239413716 0.034794237464666 0.000000001949050 0.000000056016443
827.009999999998399 0.034773196884689 0.034773197025061 -0.000000000140371 -0.000000004036770
828.009999999998399 0.034752192487245 0.034752190113068 0.000000002374177 0.000000068317330
829.009999999998399 0.034731226106356 0.034731224179268 0.000000001927088 0.000000055485750
830.009999999998399 0.034710297627483 0.034710295498371 0.000000002129111 0.000000061339474
831.009999999998399 0.034689406936566 0.034689407795668 -0.000000000859102 -0.000000024765535
832.009999999998399 0.034668553920028 0.034668553620577 0.000000000299451 0.000000008637540
833.009999999998399 0.034647738464767 0.034647736698389 0.000000001766378 0.000000050981058
834.009999999998399 0.034626960458158 0.034626960754395 -0.000000000296236 -0.000000008555075
835.009999999998399 0.034606219788047 0.034606218338013 0.000000001450034 0.000000041900963
836.009999999998399 0.034585516342748 0.034585516899824 -0.000000000557076 -0.000000016107208
837.009999999998399 0.034564850011045 0.034564848989248 0.000000001021797 0.000000029561742
838.009999999998399 0.034544220682186 0.034544222056866 -0.000000001374679 -0.000000039794771
839.009999999998399 0.034523628245880 0.034523628652096 -0.000000000406215 -0.000000011766302
840.009999999998399 0.034503072592297 0.034503072500229 0.000000000092068 0.000000002668400
841.009999999998399 0.034482553612062 0.034482553601265 0.000000000010797 0.000000000313128
842.009999999998399 0.034462071196258 0.034462071955204 -0.000000000758946 -0.000000022022638
843.009999999998399 0.034441625236418 0.034441623836756 0.000000001399662 0.000000040638686
844.009999999998399 0.034421215624526 0.034421212971210 0.000000002653315 0.000000077083713
845.009999999998399 0.034400842253012 0.034400843083858 -0.000000000830847 -0.000000024151931
846.009999999998399 0.034380505014753 0.034380506724119 -0.000000001709366 -0.000000049719058
847.009999999998399 0.034360203803068 0.034360203891993 -0.000000000088925 -0.000000002588011
848.009999999998399 0.034339938511717 0.034339938312769 0.000000000198948 0.000000005793479
849.009999999998399 0.034319709034896 0.034319709986448 -0.000000000951552 -0.000000027726105
850.009999999998399 0.034299515267241 0.034299515187740 0.000000000079500 0.000000002317828
851.009999999998399 0.034279357103816 0.034279357641935 -0.000000000538119 -0.000000015698050
852.009999999998399 0.034259234440121 0.034259233623743 0.000000000816378 0.000000023829435
853.009999999998399 0.034239147172083 0.034239146858454 0.000000000313629 0.000000009159946
854.009999999998399 0.034219095196054 0.034219093620777 0.000000001575277 0.000000046035014
855.009999999998399 0.034199078408813 0.034199077636003 0.000000000772809 0.000000022597369
856.009999999998399 0.034179096707560 0.034179095178843 0.000000001528717 0.000000044726672
857.009999999998399 0.034159149989915 0.034159149974585 0.000000000015330 0.000000000448796
858.009999999998399 0.034139238153916 0.034139238297939 -0.000000000144023 -0.000000004218692
859.009999999998399 0.034119361098017 0.034119360148907 0.000000000949110 0.000000027817356
860.009999999998399 0.034099518721084 0.034099519252777 -0.000000000531693 -0.000000015592387
861.009999999998399 0.034079710922396 0.034079711884260 -0.000000000961865 -0.000000028223966
862.009999999998399 0.034059937601638 0.034059938043356 -0.000000000441718 -0.000000012968829
863.009999999998399 0.034040198658907 0.034040197730064 0.000000000928842 0.000000027286632
864.009999999998399 0.034020493994700 0.034020494669676 -0.000000000674976 -0.000000019840285
865.009999999998399 0.034000823509918 0.034000821411610 0.000000002098309 0.000000061713465
866.009999999998399 0.033981187105865 0.033981189131737 -0.000000002025872 -0.000000059617444
867.009999999998399 0.033961584684241 0.033961582928896 0.000000001755345 0.000000051686201
868.009999999998399 0.033942016147143 0.033942017704248 -0.000000001557105 -0.000000045875440
869.009999999998399 0.033922481397064 0.033922482281923 -0.000000000884860 -0.000000026084755
870.009999999998399 0.033902980336886 0.033902980387211 -0.000000000050325 -0.000000001484382
871.009999999998399 0.033883512869884 0.033883512020111 0.000000000849773 0.000000025079258
872.009999999998399 0.033864078899722 0.033864077180624 0.000000001719098 0.000000050764652
873.009999999998399 0.033844678330448 0.033844675868750 0.000000002461699 0.000000072735175
874.009999999998399 0.033825311066496 0.033825311809778 -0.000000000743282 -0.000000021974145
875.009999999998399 0.033805977012681 0.033805977553129 -0.000000000540448 -0.000000015986761
876.009999999998399 0.033786676074200 0.033786676824093 -0.000000000749893 -0.000000022194927
877.009999999998399 0.033767408156627 0.033767405897379 0.000000002259248 0.000000066906186
878.009999999998399 0.033748173165914 0.033748172223568 0.000000000942346 0.000000027922885
879.009999999998399 0.033728971008387 0.033728968352079 0.000000002656307 0.000000078754469
880.009999999998399 0.033709801590743 0.033709801733494 -0.000000000142751 -0.000000004234707
881.009999999998399 0.033690664820052 0.033690664917231 -0.000000000097179 -0.000000002884444
882.009999999998399 0.033671560603752 0.033671557903290 0.000000002700462 0.000000080200088
883.009999999998399 0.033652488849648 0.033652488142252 0.000000000707396 0.000000021020624
884.009999999998399 0.033633449465911 0.033633448183537 0.000000001282374 0.000000038127948
885.009999999998399 0.033614442361073 0.033614441752434 0.000000000608640 0.000000018106494
886.009999999998399 0.033595467444031 0.033595465123653 0.000000002320377 0.000000069068165
887.009999999998399 0.033576524624037 0.033576525747776 -0.000000001123739 -0.000000033467993
888.009999999998399 0.033557613810705 0.033557612448931 0.000000001361774 0.000000040580187
889.009999999998399 0.033538734914002 0.033538736402988 -0.000000001488986 -0.000000044396009
890.009999999998399 0.033519887844252 0.033519886434078 0.000000001410174 0.000000042069761
891.009999999998399 0.033501072512128 0.033501073718071 -0.000000001205943 -0.000000035997145
892.009999999998399 0.033482288828656 0.033482287079096 0.000000001749560 0.000000052253305
893.009999999998399 0.033463536705210 0.033463537693024 -0.000000000987813 -0.000000029519097
894.009999999998399 0.033444816053512 0.033444818109274 -0.000000002055762 -0.000000061467289
895.009999999998399 0.033426126785627 0.033426128327847 -0.000000001542220 -0.000000046138148
896.009999999998399 0.033407468813966 0.033407468348742 0.000000000465224 0.000000013925763
897.009999999998399 0.033388842051281 0.033388841897249 0.000000000154032 0.000000004613267
898.009999999998399 0.033370246410664 0.033370245248079 0.000000001162584 0.000000034838947
899.009999999998399 0.033351681805545 0.033351682126522 -0.000000000320977 -0.000000009624025
900.009999999998399 0.033333148149691 0.033333148807287 -0.000000000657596 -0.000000019727985
901.009999999998399 0.033314645357206 0.033314645290375 0.000000000066831 0.000000002006065
902.009999999998399 0.033296173342525 0.033296171575785 0.000000001766740 0.000000053061349
903.009999999998399 0.033277732020414 0.033277731388807 0.000000000631607 0.000000018979866
904.009999999998399 0.033259321305973 0.033259321004152 0.000000000301820 0.000000009074757
905.009999999998399 0.033240941114626 0.033240940421820 0.000000000692806 0.000000020841948
906.009999999998399 0.033222591362126 0.033222589641809 0.000000001720317 0.000000051781536
907.009999999998399 0.033204271964552 0.033204272389412 -0.000000000424860 -0.000000012795328
908.009999999998399 0.033185982838306 0.033185984939337 -0.000000002101031 -0.000000063310804
909.009999999998399 0.033167723900109 0.033167723566294 0.000000000333816 0.000000010064469
910.009999999998399 0.033149495067007 0.033149495720863 -0.000000000653856 -0.000000019724461
911.009999999998399 0.033131296256363 0.033131297677755 -0.000000001421393 -0.000000042901810
912.009999999998399 0.033113127385855 0.033113129436970 -0.000000002051115 -0.000000061942641
913.009999999998399 0.033094988373480 0.033094987273216 0.000000001100264 0.000000033245640
914.009999999998399 0.033076879137548 0.033076878637075 0.000000000500472 0.000000015130579
915.009999999998399 0.033058799596680 0.033058799803257 -0.000000000206577 -0.000000006248781
916.009999999998399 0.033040749669810 0.033040750771761 -0.000000001101951 -0.000000033351279
917.009999999998399 0.033022729276180 0.033022727817297 0.000000001458883 0.000000044178153
918.009999999998399 0.033004738335342 0.033004738390446 -0.000000000055104 -0.000000001669569
919.009999999998399 0.032986776767152 0.032986775040627 0.000000001726526 0.000000052339940
920.009999999998399 0.032968844491774 0.032968845218420 -0.000000000726646 -0.000000022040397
921.009999999998399 0.032950941429671 0.032950941473246 -0.000000000043574 -0.000000001322404
922.009999999998399 0.032933067501613 0.032933067530394 -0.000000000028781 -0.000000000873919
923.009999999998399 0.032915222628667 0.032915223389864 -0.000000000761197 -0.000000023125998
924.009999999998399 0.032897406732200 0.032897405326366 0.000000001405833 0.000000042733870
925.009999999998399 0.032879619733878 0.032879620790482 -0.000000001056604 -0.000000032135529
926.009999999998399 0.032861861555661 0.032861862331629 -0.000000000775968 -0.000000023613032
927.009999999998399 0.032844132119805 0.032844133675098 -0.000000001555294 -0.000000047353777
928.009999999998399 0.032826431348859 0.032826431095600 0.000000000253259 0.000000007715088
929.009999999998399 0.032808759165664 0.032808758318424 0.000000000847240 0.000000025823589
930.009999999998399 0.032791115493352 0.032791115343571 0.000000000149781 0.000000004567732
931.009999999998399 0.032773500255342 0.032773498445749 0.000000001809593 0.000000055215122
932.009999999998399 0.032755913375343 0.032755911350250 0.000000002025093 0.000000061823740
933.009999999998399 0.032738354777350 0.032738354057074 0.000000000720276 0.000000022000987
934.009999999998399 0.032720824385641 0.032720826566219 -0.000000002180579 -0.000000066641927
935.009999999998399 0.032703322124779 0.032703321427107 0.000000000697672 0.000000021333358
936.009999999998399 0.032685847919609 0.032685849815607 -0.000000001895998 -0.000000058006709
937.009999999998399 0.032668401695256 0.032668400555849 0.000000001139407 0.000000034877965
938.009999999998399 0.032650983377127 0.032650981098413 0.000000002278714 0.000000069790051
939.009999999998399 0.032633592890904 0.032633591443300 0.000000001447604 0.000000044359321
940.009999999998399 0.032616230162548 0.032616231590509 -0.000000001427962 -0.000000043780714
941.009999999998399 0.032598895118293 0.032598894089460 0.000000001028832 0.000000031560343
942.009999999998399 0.032581587684649 0.032581590116024 -0.000000002431375 -0.000000074624197
943.009999999998399 0.032564307788400 0.032564308494329 -0.000000000705930 -0.000000021678021
944.009999999998399 0.032547055356598 0.032547052949667 0.000000002406931 0.000000073952348
945.009999999998399 0.032529830316569 0.032529830932617 -0.000000000616048 -0.000000018937952
946.009999999998399 0.032512632595905 0.032512631267309 0.000000001328596 0.000000040863985
947.009999999998399 0.032495462122467 0.032495461404324 0.000000000718144 0.000000022099817
948.009999999998399 0.032478318824383 0.032478317618370 0.000000001206013 0.000000037132874
949.009999999998399 0.032461202630045 0.032461203634739 -0.000000001004693 -0.000000030950592
950.009999999998399 0.032444113468110 0.032444112002850 0.000000001465260 0.000000045162596
951.009999999998399 0.032427051267496 0.032427050173283 0.000000001094213 0.000000033743837
952.009999999998399 0.032410015957383 0.032410014420748 0.000000001536635 0.000000047412363
953.009999999998399 0.032393007467213 0.032393004745245 0.000000002721968 0.000000084029489
954.009999999998399 0.032376025726684 0.032376024872065 0.000000000854619 0.000000026396677
955.009999999998399 0.032359070665754 0.032359071075916 -0.000000000410162 -0.000000012675340
956.009999999998399 0.032342142214636 0.032342143356800 -0.000000001142164 -0.000000035315027
957.009999999998399 0.032325240303800 0.032325237989426 0.000000002314375 0.000000071596514
958.009999999998399 0.032308364863968 0.032308366149664 -0.000000001285696 -0.000000039794514
959.009999999998399 0.032291515826117 0.032291516661644 -0.000000000835527 -0.000000025874517
960.009999999998399 0.032274693121473 0.032274693250656 -0.000000000129183 -0.000000004002616
961.009999999998399 0.032257896681515 0.032257895916700 0.000000000764815 0.000000023709387
962.009999999998399 0.032241126437971 0.032241124659777 0.000000001778195 0.000000055152993
963.009999999998399 0.032224382322817 0.032224383205175 -0.000000000882359 -0.000000027381710
964.009999999998399 0.032207664268274 0.032207664102316 0.000000000165958 0.000000005152759
965.009999999998399 0.032190972206813 0.032190971076488 0.000000001130324 0.000000035113076
966.009999999998399 0.032174306071145 0.032174304127693 0.000000001943452 0.000000060403847
967.009999999998399 0.032157665794229 0.032157666981220 -0.000000001186992 -0.000000036911620
968.009999999998399 0.032141051309263 0.032141052186489 -0.000000000877226 -0.000000027293011
969.009999999998399 0.032124462549689 0.032124463468790 -0.000000000919101 -0.000000028610635
970.009999999998399 0.032107899449187 0.032107900828123 -0.000000001378936 -0.000000042946941
971.009999999998399 0.032091361941678 0.032091360539198 0.000000001402480 0.000000043702724
972.009999999998399 0.032074849961319 0.032074850052595 -0.000000000091276 -0.000000002845709
973.009999999998399 0.032058363442507 0.032058365643024 -0.000000002200518 -0.000000068640985
974.009999999998399 0.032041902319871 0.032041903585196 -0.000000001265325 -0.000000039489690
975.009999999998399 0.032025466528277 0.032025463879108 0.000000002649168 0.000000082720682
976.009999999998399 0.032009056002824 0.032009053975344 0.000000002027481 0.000000063340845
977.009999999998399 0.031992670678845 0.031992670148611 0.000000000530234 0.000000016573605
978.009999999998399 0.031976310491902 0.031976308673620 0.000000001818282 0.000000056863398
979.009999999998399 0.031959975377789 0.031959977000952 -0.000000001623163 -0.000000050787366
980.009999999998399 0.031943665272529 0.031943663954735 0.000000001317794 0.000000041253686
981.009999999998399 0.031927380112373 0.031927380710840 -0.000000000598467 -0.000000018744639
982.009999999998399 0.031911119833800 0.031911119818687 0.000000000015113 0.000000000473591
983.009999999998399 0.031894884373515 0.031894885003567 -0.000000000630051 -0.000000019753998
984.009999999998399 0.031878673668448 0.031878672540188 0.000000001128260 0.000000035392320
985.009999999998399 0.031862487655753 0.031862486153841 0.000000001501912 0.000000047137305
986.009999999998399 0.031846326272807 0.031846325844526 0.000000000428281 0.000000013448350
987.009999999998399 0.031830189457210 0.031830187886953 0.000000001570256 0.000000049332293
988.009999999998399 0.031814077146782 0.031814076006413 0.000000001140369 0.000000035844796
989.009999999998399 0.031797989279563 0.031797990202904 -0.000000000923340 -0.000000029037693
990.009999999998399 0.031781925793815 0.031781926751137 -0.000000000957322 -0.000000030121578
991.009999999998399 0.031765886628014 0.031765885651112 0.000000000976902 0.000000030753194
992.009999999998399 0.031749871720856 0.031749870628119 0.000000001092737 0.000000034417055
993.009999999998399 0.031733881011251 0.031733881682158 -0.000000000670907 -0.000000021141658
994.009999999998399 0.031717914438326 0.031717915087938 -0.000000000649613 -0.000000020480942
995.009999999998399 0.031701971941421 0.031701970845461 0.000000001095960 0.000000034570714
996.009999999998399 0.031686053460090 0.031686052680016 0.000000000780074 0.000000024618850
997.009999999998399 0.031670158934099 0.031670156866312 0.000000002067787 0.000000065291323
998.009999999998399 0.031654288303424 0.031654287129641 0.000000001173784 0.000000037081354
999.009999999998399 0.031638441508255 0.031638439744711 0.000000001763544 0.000000055740543
