/*--------------------------------*- C++ -*----------------------------------*\
| =========                 |                                                 |
| \\      /  F ield         | OpenFOAM: The Open Source CFD Toolbox           |
|  \\    /   O peration     | Version:  2412                                  |
|   \\  /    A nd           | Website:  www.openfoam.com                      |
|    \\/     M anipulation  |                                                 |
\*---------------------------------------------------------------------------*/
FoamFile
{
    version     2.0;
    format      ascii;
    arch        "LSB;label=32;scalar=64";
    class       volVectorField;
    location    "3e-05";
    object      U;
}
// * * * * * * * * * * * * * * * * * * * * * * * * * * * * * * * * * * * * * //

dimensions      [0 1 -1 0 0 0 0];

internalField   nonuniform List<vector> 
3725
(
(1.01861e-15 -1.63931e-21 0)
(-4.9232e-15 1.61451e-20 0)
(-4.24413e-15 3.39528e-16 0)
(5.09283e-16 -8.59731e-21 0)
(2.71627e-15 -2.00323e-14 0)
(8.48822e-16 -6.79075e-16 0)
(2.37674e-15 -1.69765e-15 0)
(-1.52786e-15 1.69762e-15 0)
(3.39536e-16 7.62716e-21 0)
(2.37671e-15 1.0186e-15 0)
(-3.39552e-16 9.01644e-21 0)
(3.22554e-15 3.39529e-16 0)
(-1.6975e-16 -3.39528e-16 0)
(5.09267e-16 -1.01859e-15 0)
(-1.52787e-15 -9.57921e-21 0)
(-1.18836e-15 6.7906e-16 0)
(6.62088e-15 4.07439e-15 0)
(1.49395e-14 8.8279e-15 0)
(5.31371e-14 3.73488e-14 0)
(1.65693e-13 1.30721e-13 0)
(4.97418e-13 4.39697e-13 0)
(1.38547e-12 1.29397e-12 0)
(3.61553e-12 3.71315e-12 0)
(8.642e-12 9.9538e-12 0)
(1.86359e-11 2.47718e-11 0)
(3.52849e-11 5.61583e-11 0)
(5.64656e-11 1.13916e-10 0)
(7.26201e-11 2.01612e-10 0)
(6.73507e-11 3.04471e-10 0)
(2.84985e-11 3.8153e-10 0)
(1.5958e-14 -6.79058e-16 0)
(-2.71628e-15 4.75344e-15 0)
(-3.39532e-15 6.79093e-16 0)
(-6.37152e-21 6.11157e-15 0)
(1.35815e-15 9.16737e-15 0)
(-2.37672e-15 2.71629e-15 0)
(1.8674e-15 -1.35813e-15 0)
(1.7314e-20 -3.7348e-15 0)
(2.20694e-15 1.35812e-15 0)
(-2.20695e-15 1.3581e-15 0)
(-1.01858e-15 3.39526e-16 0)
(3.22556e-15 1.0186e-15 0)
(8.48831e-16 -1.69767e-15 0)
(1.75613e-20 1.01859e-15 0)
(1.69765e-15 -2.03719e-15 0)
(-1.01857e-15 4.41396e-15 0)
(1.22232e-14 1.18837e-14 0)
(4.09139e-14 4.68558e-14 0)
(1.42435e-13 1.76558e-13 0)
(4.49714e-13 6.00976e-13 0)
(1.37359e-12 1.94282e-12 0)
(3.85508e-12 5.97207e-12 0)
(1.01298e-11 1.72324e-11 0)
(2.44346e-11 4.65359e-11 0)
(5.3274e-11 1.16333e-10 0)
(1.02142e-10 2.65539e-10 0)
(1.65554e-10 5.4244e-10 0)
(2.15541e-10 9.66646e-10 0)
(2.02272e-10 1.46859e-09 0)
(8.62739e-11 1.84816e-09 0)
(2.07534e-21 -3.39534e-16 0)
(-6.28133e-15 1.69768e-15 0)
(1.52787e-15 -6.79062e-16 0)
(-5.09294e-16 -1.01857e-15 0)
(2.37671e-15 -4.75346e-15 0)
(-1.69766e-15 3.05573e-15 0)
(-1.69767e-15 3.39543e-16 0)
(-6.79033e-16 3.73481e-15 0)
(8.48822e-16 1.01861e-15 0)
(-2.03719e-15 -1.35808e-15 0)
(2.20694e-15 1.97298e-20 0)
(5.09319e-16 -4.67291e-21 0)
(1.0186e-15 2.0372e-15 0)
(4.24415e-15 -3.39545e-16 0)
(2.37677e-15 1.01863e-15 0)
(7.97906e-15 1.05256e-14 0)
(3.90465e-14 4.85534e-14 0)
(1.35814e-13 1.62977e-13 0)
(4.69746e-13 5.88074e-13 0)
(1.49735e-12 2.00054e-12 0)
(4.51988e-12 6.50378e-12 0)
(1.28492e-11 2.00152e-11 0)
(3.40385e-11 5.82197e-11 0)
(8.29709e-11 1.58506e-10 0)
(1.82886e-10 3.99836e-10 0)
(3.54867e-10 9.21402e-10 0)
(5.82301e-10 1.90155e-09 0)
(7.67225e-10 3.42246e-09 0)
(7.28484e-10 5.24494e-09 0)
(3.1318e-10 6.64297e-09 0)
(-1.00162e-14 -1.35813e-15 0)
(-6.79105e-16 2.37671e-15 0)
(1.37409e-20 1.69767e-15 0)
(8.4882e-16 1.01859e-15 0)
(-3.05578e-15 6.79065e-16 0)
(6.79046e-16 3.39567e-16 0)
(-1.01858e-15 5.09298e-15 0)
(2.20695e-15 -1.01855e-15 0)
(1.18836e-15 4.75345e-15 0)
(-5.9418e-15 2.03718e-15 0)
(5.60226e-15 5.43251e-15 0)
(1.14274e-20 -2.37671e-15 0)
(3.39566e-16 8.8014e-23 0)
(4.41394e-15 2.03724e-15 0)
(1.0186e-14 6.11163e-15 0)
(3.15767e-14 3.46325e-14 0)
(1.26137e-13 1.40228e-13 0)
(4.47676e-13 5.1066e-13 0)
(1.51976e-12 1.8396e-12 0)
(4.88811e-12 6.31093e-12 0)
(1.48787e-11 2.06379e-11 0)
(4.26511e-11 6.41231e-11 0)
(1.13997e-10 1.88082e-10 0)
(2.80649e-10 5.1675e-10 0)
(6.25441e-10 1.3163e-09 0)
(1.22843e-09 3.06556e-09 0)
(2.04135e-09 6.39884e-09 0)
(2.72308e-09 1.16464e-08 0)
(2.61766e-09 1.80248e-08 0)
(1.1348e-09 2.2999e-08 0)
(-1.03557e-14 3.39535e-16 0)
(-2.0372e-15 -2.71622e-15 0)
(-1.86745e-15 3.39531e-15 0)
(-1.69771e-16 -1.69765e-15 0)
(-3.39521e-16 -3.39528e-16 0)
(8.48814e-16 6.79071e-16 0)
(-1.69749e-16 -3.73484e-15 0)
(-5.09296e-16 1.69766e-15 0)
(-8.48842e-16 2.37674e-15 0)
(3.39514e-16 4.07439e-15 0)
(1.01864e-15 1.44078e-20 0)
(-6.79059e-16 3.05581e-15 0)
(6.28135e-15 1.69767e-15 0)
(5.26281e-15 6.1116e-15 0)
(2.97093e-14 2.81813e-14 0)
(1.01521e-13 1.06953e-13 0)
(4.03367e-13 4.14232e-13 0)
(1.41552e-12 1.56016e-12 0)
(4.81664e-12 5.60741e-12 0)
(1.55952e-11 1.93474e-11 0)
(4.78783e-11 6.37717e-11 0)
(1.38428e-10 1.99772e-10 0)
(3.73507e-10 5.91231e-10 0)
(9.29132e-10 1.64008e-09 0)
(2.0945e-09 4.22128e-09 0)
(4.16677e-09 9.94227e-09 0)
(7.01793e-09 2.1007e-08 0)
(9.4867e-09 3.87025e-08 0)
(9.24292e-09 6.05485e-08 0)
(4.04382e-09 7.79027e-08 0)
(-1.68972e-20 3.73483e-15 0)
(6.79048e-16 3.39538e-16 0)
(-5.60228e-15 3.73488e-15 0)
(-3.3953e-16 1.69767e-15 0)
(3.73483e-15 1.35813e-15 0)
(-1.52788e-15 1.0186e-15 0)
(-5.09298e-16 4.41393e-15 0)
(2.37674e-15 4.41391e-15 0)
(8.48816e-16 3.48542e-20 0)
(-8.48816e-16 3.41461e-20 0)
(1.35811e-15 1.69769e-15 0)
(-1.35811e-15 6.79065e-16 0)
(6.79069e-15 6.79101e-16 0)
(2.08814e-14 1.56186e-14 0)
(8.65813e-14 7.29999e-14 0)
(3.22388e-13 3.08976e-13 0)
(1.21502e-12 1.21214e-12 0)
(4.34044e-12 4.57047e-12 0)
(1.48621e-11 1.65693e-11 0)
(4.85071e-11 5.76217e-11 0)
(1.50201e-10 1.91511e-10 0)
(4.38241e-10 6.0531e-10 0)
(1.19422e-09 1.80841e-09 0)
(3.00319e-09 5.06777e-09 0)
(6.85209e-09 1.31876e-08 0)
(1.38177e-08 3.14337e-08 0)
(2.36115e-08 6.72872e-08 0)
(3.23792e-08 1.25618e-07 0)
(3.20178e-08 1.98863e-07 0)
(1.41504e-08 2.58267e-07 0)
(1.01859e-15 -5.43249e-15 0)
(8.48839e-16 6.79019e-16 0)
(-3.73485e-15 1.69766e-15 0)
(1.69761e-16 2.71626e-15 0)
(3.0558e-15 2.0372e-15 0)
(1.18836e-15 4.47022e-21 0)
(1.01859e-15 -1.69765e-15 0)
(1.69798e-16 3.39553e-16 0)
(-6.79053e-16 1.35815e-15 0)
(-1.69762e-16 5.093e-15 0)
(-6.79073e-16 5.77203e-15 0)
(5.26276e-15 6.79065e-15 0)
(1.27325e-14 1.29023e-14 0)
(6.02674e-14 4.85535e-14 0)
(2.4786e-13 2.13228e-13 0)
(9.58167e-13 8.72264e-13 0)
(3.59245e-12 3.42658e-12 0)
(1.29317e-11 1.29987e-11 0)
(4.46048e-11 4.74754e-11 0)
(1.46806e-10 1.6648e-10 0)
(4.58643e-10 5.58178e-10 0)
(1.35111e-09 1.78076e-09 0)
(3.72035e-09 5.37359e-09 0)
(9.46355e-09 1.52215e-08 0)
(2.1869e-08 4.00748e-08 0)
(4.47414e-08 9.67449e-08 0)
(7.76558e-08 2.10009e-07 0)
(1.08169e-07 3.97766e-07 0)
(1.0873e-07 6.37967e-07 0)
(4.85964e-08 8.37379e-07 0)
(1.35813e-15 3.39515e-16 0)
(1.01861e-15 -8.48826e-15 0)
(2.54647e-15 2.71625e-15 0)
(-2.9238e-21 1.01861e-15 0)
(-6.79058e-16 6.79079e-16 0)
(1.01862e-15 2.37673e-15 0)
(1.5279e-15 4.07439e-15 0)
(4.0744e-15 6.7907e-16 0)
(-6.79066e-16 1.01859e-15 0)
(5.60227e-15 2.71624e-15 0)
(-8.48828e-16 -1.35807e-15 0)
(3.05587e-15 4.41399e-15 0)
(3.87069e-14 3.08976e-14 0)
(1.72484e-13 1.34456e-13 0)
(6.97065e-13 5.76869e-13 0)
(2.73716e-12 2.3618e-12 0)
(1.03093e-11 9.34263e-12 0)
(3.73804e-11 3.57218e-11 0)
(1.29974e-10 1.31593e-10 0)
(4.31533e-10 4.65514e-10 0)
(1.3609e-09 1.57535e-09 0)
(4.0498e-09 5.07588e-09 0)
(1.12747e-08 1.54804e-08 0)
(2.90291e-08 4.43552e-08 0)
(6.79947e-08 1.1824e-07 0)
(1.41268e-07 2.8936e-07 0)
(2.49377e-07 6.3766e-07 0)
(3.53348e-07 1.22706e-06 0)
(3.61728e-07 1.99677e-06 0)
(1.6371e-07 2.65294e-06 0)
(8.48848e-16 3.39531e-15 0)
(7.29992e-15 2.71624e-15 0)
(-2.54647e-15 3.0558e-15 0)
(-1.69765e-15 1.01861e-15 0)
(6.79062e-16 1.35813e-15 0)
(-3.3954e-16 -3.39509e-16 0)
(2.20696e-15 -1.35811e-15 0)
(2.71629e-15 1.69766e-15 0)
(-1.18836e-15 1.66386e-20 0)
(2.71628e-15 -2.03716e-15 0)
(4.24418e-15 4.41391e-15 0)
(2.35976e-14 1.86744e-14 0)
(1.08312e-13 8.04697e-14 0)
(4.69067e-13 3.52097e-13 0)
(1.91514e-12 1.49225e-12 0)
(7.53937e-12 6.15067e-12 0)
(2.86138e-11 2.45657e-11 0)
(1.04619e-10 9.47043e-11 0)
(3.66947e-10 3.51931e-10 0)
(1.22963e-09 1.2566e-09 0)
(3.91642e-09 4.29471e-09 0)
(1.17799e-08 1.39845e-08 0)
(3.31799e-08 4.31353e-08 0)
(8.65332e-08 1.25116e-07 0)
(2.05622e-07 3.38007e-07 0)
(4.34307e-07 8.39391e-07 0)
(7.80933e-07 1.88015e-06 0)
(1.1275e-06 3.68195e-06 0)
(1.17814e-06 6.08937e-06 0)
(5.40726e-07 8.20466e-06 0)
(1.35812e-15 -3.3953e-15 0)
(-1.8674e-15 5.09297e-15 0)
(-1.0186e-15 -4.75343e-15 0)
(-8.48841e-16 3.05577e-15 0)
(3.0558e-15 2.37672e-15 0)
(-1.35812e-15 1.35811e-15 0)
(-1.69748e-16 -1.35811e-15 0)
(4.75344e-15 1.01859e-15 0)
(1.69782e-16 -6.79068e-16 0)
(2.71626e-15 3.05578e-15 0)
(1.2393e-14 8.8279e-15 0)
(6.48511e-14 4.00651e-14 0)
(2.88604e-13 1.9693e-13 0)
(1.23319e-12 8.72943e-13 0)
(5.05346e-12 3.71688e-12 0)
(2.00375e-11 1.54308e-11 0)
(7.67185e-11 6.20564e-11 0)
(2.82902e-10 2.41357e-10 0)
(1.00139e-09 9.05309e-10 0)
(3.38862e-09 3.26469e-09 0)
(1.09068e-08 1.12761e-08 0)
(3.31803e-08 3.71338e-08 0)
(9.46234e-08 1.15939e-07 0)
(2.50183e-07 3.40742e-07 0)
(6.03701e-07 9.33867e-07 0)
(1.29788e-06 2.35619e-06 0)
(2.3813e-06 5.37197e-06 0)
(3.51026e-06 1.0727e-05 0)
(3.75376e-06 1.80678e-05 0)
(1.75018e-06 2.4746e-05 0)
(-8.48814e-16 -1.69768e-15 0)
(3.56507e-15 -3.39519e-16 0)
(3.39533e-15 -3.39595e-16 0)
(-2.71624e-15 -5.43249e-15 0)
(1.18836e-15 -4.75344e-15 0)
(1.86743e-15 -3.39543e-16 0)
(-1.18836e-15 3.39502e-16 0)
(-3.39517e-16 1.01861e-15 0)
(5.09305e-16 1.69765e-15 0)
(8.31858e-15 1.01862e-15 0)
(3.61604e-14 2.00325e-14 0)
(1.65693e-13 1.03898e-13 0)
(7.24567e-13 4.56674e-13 0)
(3.11302e-12 2.0457e-12 0)
(1.28325e-11 8.82688e-12 0)
(5.12892e-11 3.69682e-11 0)
(1.98063e-10 1.50039e-10 0)
(7.37066e-10 5.89085e-10 0)
(2.63444e-09 2.23181e-09 0)
(9.00771e-09 8.13396e-09 0)
(2.93182e-08 2.84139e-08 0)
(9.02772e-08 9.4713e-08 0)
(2.60886e-07 2.99612e-07 0)
(6.99979e-07 8.93169e-07 0)
(1.71721e-06 2.48639e-06 0)
(3.76289e-06 6.38253e-06 0)
(7.05901e-06 1.48364e-05 0)
(1.06494e-05 3.02781e-05 0)
(1.16925e-05 5.20697e-05 0)
(5.54941e-06 7.27047e-05 0)
(-5.09294e-16 -2.37673e-15 0)
(1.18836e-15 -1.69766e-15 0)
(3.73486e-15 -8.82783e-15 0)
(-2.03718e-15 1.35807e-15 0)
(3.05578e-15 -1.01863e-15 0)
(3.39547e-16 -1.01861e-15 0)
(-1.69766e-15 3.39525e-16 0)
(1.69776e-16 -1.69767e-15 0)
(3.22557e-15 -1.35813e-15 0)
(2.08814e-14 4.41398e-15 0)
(8.77697e-14 4.34604e-14 0)
(3.93181e-13 2.24093e-13 0)
(1.75132e-12 1.02879e-12 0)
(7.51152e-12 4.5956e-12 0)
(3.1245e-11 1.99745e-11 0)
(1.25945e-10 8.43563e-11 0)
(4.90803e-10 3.45629e-10 0)
(1.84423e-09 1.37077e-09 0)
(6.66005e-09 5.24917e-09 0)
(2.30252e-08 1.93501e-08 0)
(7.58411e-08 6.84242e-08 0)
(2.36579e-07 2.31092e-07 0)
(6.93465e-07 7.41491e-07 0)
(1.89027e-06 2.24496e-06 0)
(4.72072e-06 6.35696e-06 0)
(1.05604e-05 1.66303e-05 0)
(2.03029e-05 3.94918e-05 0)
(3.14352e-05 8.25951e-05 0)
(3.55738e-05 0.000145488 0)
(1.72265e-05 0.000207902 0)
(-5.83069e-21 1.35812e-15 0)
(-1.01859e-15 -3.39554e-16 0)
(1.69787e-16 -6.11157e-15 0)
(1.69756e-16 -6.79065e-15 0)
(1.18836e-15 -4.07437e-15 0)
(2.5465e-15 -6.79065e-15 0)
(-2.20695e-15 -5.43253e-15 0)
(2.37673e-15 -2.37673e-15 0)
(6.96049e-15 1.35812e-15 0)
(4.58371e-14 1.93535e-14 0)
(1.97439e-13 9.74464e-14 0)
(8.99597e-13 4.61088e-13 0)
(4.00922e-12 2.1608e-12 0)
(1.73139e-11 9.74736e-12 0)
(7.26587e-11 4.27311e-11 0)
(2.95536e-10 1.8223e-10 0)
(1.16287e-09 7.54276e-10 0)
(4.41471e-09 3.02403e-09 0)
(1.6119e-08 1.17142e-08 0)
(5.6389e-08 4.3717e-08 0)
(1.88125e-07 1.56646e-07 0)
(5.95077e-07 5.36651e-07 0)
(1.77129e-06 1.74886e-06 0)
(4.91158e-06 5.38559e-06 0)
(1.25062e-05 1.55393e-05 0)
(2.8614e-05 4.15131e-05 0)
(5.65326e-05 0.000100946 0)
(9.01466e-05 0.000217056 0)
(0.000105672 0.000393157 0)
(5.23596e-05 0.000577694 0)
(-8.48827e-16 1.60044e-21 0)
(-1.35813e-15 -1.16379e-20 0)
(3.90463e-15 -3.89998e-20 0)
(-1.69767e-15 -2.03719e-15 0)
(-1.35812e-15 4.41386e-15 0)
(4.92321e-15 -3.0558e-15 0)
(-1.0186e-15 1.35811e-15 0)
(4.92323e-15 -2.03721e-15 0)
(1.81651e-14 6.79067e-15 0)
(8.76e-14 3.9386e-14 0)
(4.22721e-13 1.85386e-13 0)
(1.94553e-12 9.13348e-13 0)
(8.70719e-12 4.26727e-12 0)
(3.79379e-11 1.93912e-11 0)
(1.6061e-10 8.58768e-11 0)
(6.59606e-10 3.70015e-10 0)
(2.62216e-09 1.5484e-09 0)
(1.00641e-08 6.28041e-09 0)
(3.71797e-08 2.46329e-08 0)
(1.31724e-07 9.31647e-08 0)
(4.45542e-07 3.38671e-07 0)
(1.43074e-06 1.17853e-06 0)
(4.33017e-06 3.9068e-06 0)
(1.22331e-05 1.2259e-05 0)
(3.18164e-05 3.61179e-05 0)
(7.46152e-05 9.87771e-05 0)
(0.00015196 0.000246685 0)
(0.000250594 0.000547498 0)
(0.000306053 0.00102527 0)
(0.000155629 0.00155988 0)
(-1.01218e-20 -2.37673e-15 0)
(-8.4882e-16 1.35813e-15 0)
(5.09297e-15 -1.35811e-15 0)
(-3.22554e-15 2.71622e-15 0)
(-1.18837e-15 -5.77201e-15 0)
(-6.79028e-16 3.39498e-16 0)
(4.9232e-15 -3.39535e-15 0)
(5.09304e-15 -2.71627e-15 0)
(3.48023e-14 9.50697e-15 0)
(1.79614e-13 6.45116e-14 0)
(8.55797e-13 3.39874e-13 0)
(3.95609e-12 1.66032e-12 0)
(1.78675e-11 7.82593e-12 0)
(7.85316e-11 3.59054e-11 0)
(3.35623e-10 1.60659e-10 0)
(1.39243e-09 6.99822e-10 0)
(5.59567e-09 2.96291e-09 0)
(2.17281e-08 1.21689e-08 0)
(8.12822e-08 4.83749e-08 0)
(2.91918e-07 1.85635e-07 0)
(1.00215e-06 6.85553e-07 0)
(3.27117e-06 2.42704e-06 0)
(1.00817e-05 8.19948e-06 0)
(2.90699e-05 2.62733e-05 0)
(7.73948e-05 7.92441e-05 0)
(0.000186539 0.000222531 0)
(0.000393073 0.000572851 0)
(0.000674087 0.00131833 0)
(0.00086496 0.00256888 0)
(0.000453317 0.00407814 0)
(-1.69766e-15 -6.7906e-16 0)
(-1.69759e-16 -2.0372e-15 0)
(-1.18834e-15 1.35811e-15 0)
(-3.06721e-20 -3.05578e-15 0)
(-1.52788e-15 -6.79111e-16 0)
(4.9232e-15 -6.11157e-15 0)
(3.39572e-16 -4.0744e-15 0)
(1.29023e-14 -1.69765e-15 0)
(6.72279e-14 2.07116e-14 0)
(3.38516e-13 1.13405e-13 0)
(1.62026e-12 5.72455e-13 0)
(7.55753e-12 2.77705e-12 0)
(3.43928e-11 1.3194e-11 0)
(1.52565e-10 6.11458e-11 0)
(6.58548e-10 2.76512e-10 0)
(2.7613e-09 1.21835e-09 0)
(1.1224e-08 5.22238e-09 0)
(4.41231e-08 2.17367e-08 0)
(1.6728e-07 8.76706e-08 0)
(6.09607e-07 3.4178e-07 0)
(2.12659e-06 1.28424e-06 0)
(7.06618e-06 4.63393e-06 0)
(2.22149e-05 1.59902e-05 0)
(6.55165e-05 5.24597e-05 0)
(0.00017901 0.000162508 0)
(0.00044482 0.000470413 0)
(0.000973806 0.00125442 0)
(0.00174761 0.00301208 0)
(0.00237591 0.00617168 0)
(0.00128757 0.0103781 0)
(3.3953e-16 4.75343e-15 0)
(2.20694e-15 -2.71624e-15 0)
(-5.09276e-16 1.01862e-15 0)
(-2.71628e-15 -1.35815e-15 0)
(-1.69767e-15 -2.71628e-15 0)
(1.18837e-15 -2.0372e-15 0)
(1.69768e-15 -1.6977e-15 0)
(2.59744e-14 6.79082e-16 0)
(1.18498e-13 2.92e-14 0)
(5.93337e-13 1.69428e-13 0)
(2.85243e-12 8.55967e-13 0)
(1.34242e-11 4.20412e-12 0)
(6.16439e-11 2.01493e-11 0)
(2.76014e-10 9.43149e-11 0)
(1.20353e-09 4.31138e-10 0)
(5.10183e-09 1.92206e-09 0)
(2.09845e-08 8.34454e-09 0)
(8.35642e-08 3.52193e-08 0)
(3.21315e-07 1.44245e-07 0)
(1.18934e-06 5.7193e-07 0)
(4.22126e-06 2.18992e-06 0)
(1.43007e-05 8.06982e-06 0)
(4.5951e-05 2.85157e-05 0)
(0.000138958 9.60907e-05 0)
(0.00039086 0.00030697 0)
(0.00100548 0.000920426 0)
(0.00229932 0.00255842 0)
(0.00436203 0.00645276 0)
(0.00638951 0.0140531 0)
(0.00360815 0.0252893 0)
(5.09291e-16 -3.05579e-15 0)
(-8.48821e-16 -3.73489e-15 0)
(1.18836e-15 4.41387e-15 0)
(-5.26277e-15 -4.75343e-15 0)
(-3.73485e-15 -4.07439e-15 0)
(1.52789e-15 -1.6977e-15 0)
(3.05581e-15 -3.39539e-16 0)
(3.76883e-14 5.43252e-15 0)
(1.92516e-13 4.07441e-14 0)
(9.58846e-13 2.27828e-13 0)
(4.64721e-12 1.1517e-12 0)
(2.20219e-11 5.66853e-12 0)
(1.01978e-10 2.73865e-11 0)
(4.60811e-10 1.29423e-10 0)
(2.02935e-09 5.97781e-10 0)
(8.69635e-09 2.69517e-09 0)
(3.61969e-08 1.1847e-08 0)
(1.46048e-07 5.06929e-08 0)
(5.69813e-07 2.10826e-07 0)
(2.14387e-06 8.50423e-07 0)
(7.75001e-06 3.32061e-06 0)
(2.68105e-05 1.25122e-05 0)
(8.82305e-05 4.53759e-05 0)
(0.000274357 0.000157571 0)
(0.000797261 0.000521796 0)
(0.00213341 0.00163186 0)
(0.00512306 0.00477733 0)
(0.0103686 0.0128212 0)
(0.0165033 0.0304651 0)
(0.00971454 0.0614658 0)
(-3.39529e-16 -1.69767e-15 0)
(-1.01861e-15 -1.01861e-15 0)
(-3.39528e-16 -3.05575e-15 0)
(-5.94183e-15 1.01857e-15 0)
(-5.09309e-16 -3.05581e-15 0)
(1.6976e-16 -1.69768e-15 0)
(1.0186e-14 -3.05577e-15 0)
(5.9079e-14 7.80934e-15 0)
(2.82323e-13 5.16093e-14 0)
(1.42231e-12 2.63479e-13 0)
(6.9355e-12 1.33878e-12 0)
(3.3107e-11 6.64571e-12 0)
(1.54461e-10 3.23607e-11 0)
(7.03812e-10 1.54236e-10 0)
(3.12783e-09 7.19051e-10 0)
(1.35388e-08 3.27553e-09 0)
(5.69828e-08 1.45642e-08 0)
(2.32799e-07 6.31233e-08 0)
(9.21112e-07 2.66358e-07 0)
(3.52168e-06 1.09228e-06 0)
(1.29676e-05 4.34712e-06 0)
(4.58421e-05 1.6746e-05 0)
(0.000154745 6.23534e-05 0)
(0.000496274 0.000223375 0)
(0.00149657 0.000768961 0)
(0.00419713 0.00251937 0)
(0.0106913 0.00784164 0)
(0.0236279 0.0226516 0)
(0.0428733 0.0592917 0)
(0.0268588 0.131965 0)
(6.7901e-16 -4.41394e-15 0)
(6.79062e-16 -3.3953e-16 0)
(-1.86743e-15 -3.05581e-15 0)
(-4.75348e-15 -2.37675e-15 0)
(5.093e-16 -2.30102e-20 0)
(1.5279e-15 -2.37672e-15 0)
(1.22233e-14 -2.37673e-15 0)
(7.28302e-14 6.45115e-15 0)
(3.87239e-13 4.58371e-14 0)
(1.92075e-12 2.48879e-13 0)
(9.43668e-12 1.30144e-12 0)
(4.5291e-11 6.48783e-12 0)
(2.12665e-10 3.17988e-11 0)
(9.75829e-10 1.52639e-10 0)
(4.37032e-09 7.17175e-10 0)
(1.90802e-08 3.29518e-09 0)
(8.10828e-08 1.47935e-08 0)
(3.34894e-07 6.48187e-08 0)
(1.34168e-06 2.76947e-07 0)
(5.20444e-06 1.15217e-06 0)
(1.94903e-05 4.66449e-06 0)
(7.03153e-05 1.83367e-05 0)
(0.000243203 7.00262e-05 0)
(0.000804313 0.000258808 0)
(0.00251926 0.000929551 0)
(0.00743792 0.00321603 0)
(0.0202222 0.0109105 0)
(0.0489565 0.0352777 0)
(0.0984903 0.117157 0)
(0.0642174 0.35194 0)
(-1.50666e-14 -4.24437e-16 0)
(-4.24441e-16 -1.69769e-15 0)
(-3.81975e-15 -2.12206e-15 0)
(-4.4564e-15 1.27323e-15 0)
(3.60757e-15 -1.27322e-15 0)
(2.54651e-15 -1.27325e-15 0)
(1.44302e-14 1.27323e-15 0)
(8.87034e-14 4.24421e-15 0)
(4.6495e-13 3.22558e-14 0)
(2.31202e-12 1.9693e-13 0)
(1.13954e-11 1.01309e-12 0)
(5.4917e-11 5.10448e-12 0)
(2.58934e-10 2.5106e-11 0)
(1.19364e-09 1.21056e-10 0)
(5.37329e-09 5.71666e-10 0)
(2.35944e-08 2.64131e-09 0)
(1.00921e-07 1.19318e-08 0)
(4.19962e-07 5.2643e-08 0)
(1.69713e-06 2.26689e-07 0)
(6.65154e-06 9.51457e-07 0)
(2.52194e-05 3.89115e-06 0)
(9.24086e-05 1.54752e-05 0)
(0.000325908 5.99032e-05 0)
(0.00110726 0.000224873 0)
(0.00359497 0.00082248 0)
(0.0112584 0.00290555 0)
(0.0332861 0.0100803 0)
(0.0978748 0.0334474 0)
(0.262148 0.112623 0)
(0.836682 0.346863 0)
(8.48767e-16 -8.48808e-16 0)
(6.3662e-16 -1.27325e-15 0)
(-3.18312e-15 4.24338e-16 0)
(-3.60756e-15 -2.54648e-15 0)
(5.30521e-15 1.27319e-15 0)
(4.03196e-15 -3.39531e-15 0)
(1.44302e-14 -1.69764e-15 0)
(9.42209e-14 8.4883e-15 0)
(5.07816e-13 1.90989e-14 0)
(2.55627e-12 1.10349e-13 0)
(1.25963e-11 5.58534e-13 0)
(6.08104e-11 2.81559e-12 0)
(2.87379e-10 1.38967e-11 0)
(1.32796e-09 6.71761e-11 0)
(5.99392e-09 3.17928e-10 0)
(2.63978e-08 1.47255e-09 0)
(1.13288e-07 6.66913e-09 0)
(4.732e-07 2.95031e-08 0)
(1.92046e-06 1.2739e-07 0)
(7.56391e-06 5.3611e-07 0)
(2.88411e-05 2.1976e-06 0)
(0.000106377 8.7548e-06 0)
(0.000378031 3.38865e-05 0)
(0.00129552 0.000126907 0)
(0.00424719 0.000459798 0)
(0.0134171 0.00159808 0)
(0.0399993 0.00529831 0)
(0.115918 0.0165272 0)
(0.304626 0.0449328 0)
(0.81838 0.109504 0)
(2.33428e-15 2.54646e-15 0)
(3.60752e-15 -5.09299e-15 0)
(-2.97092e-15 -4.24326e-16 0)
(-5.72963e-15 -4.24404e-16 0)
(-4.24375e-16 -5.51737e-15 0)
(4.24415e-15 3.81969e-15 0)
(1.63401e-14 2.97084e-15 0)
(1.0186e-13 -1.69765e-15 0)
(5.26703e-13 -2.12211e-15 0)
(2.63924e-12 4.24392e-16 0)
(1.30239e-11 -1.27322e-15 0)
(6.29132e-11 -2.97091e-15 0)
(2.97547e-10 -2.3343e-14 0)
(1.37606e-09 -1.11197e-13 0)
(6.21652e-09 -4.50732e-13 0)
(2.74051e-08 -1.92898e-12 0)
(1.17739e-07 -8.01514e-12 0)
(4.92395e-07 -3.21582e-11 0)
(2.0011e-06 -1.24563e-10 0)
(7.89367e-06 -4.63279e-10 0)
(3.01506e-05 -1.64239e-09 0)
(0.000111422 -5.47344e-09 0)
(0.0003968 -1.67756e-08 0)
(0.0013628 -4.49082e-08 0)
(0.00447767 -9.15682e-08 0)
(0.0141615 -4.52808e-08 0)
(0.0422436 8.25685e-07 0)
(0.121655 5.77929e-06 0)
(0.317898 2.12513e-05 0)
(0.813216 7.79251e-05 0)
(6.36613e-16 -3.39527e-15 0)
(-6.36618e-16 -7.83133e-21 0)
(-5.72961e-15 2.12202e-15 0)
(-3.39535e-15 2.12206e-15 0)
(1.06103e-15 2.5465e-15 0)
(1.90989e-15 -2.54648e-15 0)
(1.86744e-14 -3.39527e-15 0)
(9.76162e-14 -5.09304e-15 0)
(5.05482e-13 -2.46163e-14 0)
(2.55733e-12 -1.12471e-13 0)
(1.25925e-11 -5.64476e-13 0)
(6.07949e-11 -2.83299e-12 0)
(2.8732e-10 -1.39443e-11 0)
(1.32771e-09 -6.73624e-11 0)
(5.99282e-09 -3.18774e-10 0)
(2.63933e-08 -1.47615e-09 0)
(1.1327e-07 -6.68411e-09 0)
(4.7313e-07 -2.95639e-08 0)
(1.9202e-06 -1.2763e-07 0)
(7.563e-06 -5.37021e-07 0)
(2.88381e-05 -2.20093e-06 0)
(0.000106368 -8.76639e-06 0)
(0.000378007 -3.39243e-05 0)
(0.00129547 -0.00012702 0)
(0.00424719 -0.000460085 0)
(0.0134177 -0.00159857 0)
(0.0400028 -0.0052979 0)
(0.115931 -0.0165181 0)
(0.30467 -0.0448793 0)
(0.818373 -0.109276 0)
(-1.90986e-15 1.69762e-15 0)
(-2.12219e-16 -8.48841e-16 0)
(-1.48549e-15 -8.4883e-16 0)
(-5.94182e-15 4.244e-16 0)
(4.24455e-16 -1.69767e-15 0)
(2.97088e-15 2.49503e-20 0)
(1.57035e-14 3.39528e-15 0)
(8.59447e-14 -7.63947e-15 0)
(4.63465e-13 -3.48023e-14 0)
(2.31456e-12 -2.01174e-13 0)
(1.13924e-11 -1.01988e-12 0)
(5.48921e-11 -5.11042e-12 0)
(2.58825e-10 -2.51357e-11 0)
(1.19316e-09 -1.21196e-10 0)
(5.37126e-09 -5.72291e-10 0)
(2.35859e-08 -2.64411e-09 0)
(1.00887e-07 -1.1944e-08 0)
(4.19827e-07 -5.26952e-08 0)
(1.69662e-06 -2.26908e-07 0)
(6.64969e-06 -9.52359e-07 0)
(2.5213e-05 -3.89481e-06 0)
(9.23879e-05 -1.54897e-05 0)
(0.000325848 -5.99602e-05 0)
(0.00110711 -0.000225092 0)
(0.00359474 -0.000823293 0)
(0.0112588 -0.00290844 0)
(0.0332919 -0.0100894 0)
(0.0979067 -0.033473 0)
(0.262279 -0.112627 0)
(0.836658 -0.346564 0)
(1.54013 0.0192421 0)
(2.13545 0.00625916 0)
(2.91344 0.00194996 0)
(3.80277 0.00059217 0)
(4.70893 0.000169419 0)
(5.52368 4.29499e-05 0)
(6.15433 7.71168e-06 0)
(6.55431 1.68936e-07 0)
(6.73828 8.08767e-08 0)
(6.77148 4.13249e-07 0)
(6.7367 3.11494e-07 0)
(6.69726 1.75951e-07 0)
(6.67999 2.87839e-07 0)
(6.68241 6.82296e-07 0)
(6.69125 1.2439e-06 0)
(6.69741 1.79714e-06 0)
(6.69897 2.19338e-06 0)
(6.69771 2.45194e-06 0)
(6.69606 2.61345e-06 0)
(6.69313 2.73409e-06 0)
(6.69822 2.74341e-06 0)
(6.66639 2.79291e-06 0)
(6.81653 2.49522e-06 0)
(6.47549 2.46279e-06 0)
(6.72143 1.71968e-06 0)
(1.47929 0.0262231 0)
(2.11827 0.00881368 0)
(2.90777 0.00281489 0)
(3.80099 0.000875165 0)
(4.70839 0.000260288 0)
(5.52353 7.48009e-05 0)
(6.15431 2.31498e-05 0)
(6.55432 1.08428e-05 0)
(6.7383 8.53238e-06 0)
(6.77151 6.74562e-06 0)
(6.73674 4.16351e-06 0)
(6.6973 1.60392e-06 0)
(6.68003 2.04059e-07 0)
(6.68246 2.29253e-07 0)
(6.6913 9.88867e-07 0)
(6.69746 1.74688e-06 0)
(6.69903 2.19126e-06 0)
(6.69778 2.39546e-06 0)
(6.69613 2.45809e-06 0)
(6.69321 2.47812e-06 0)
(6.6983 2.36961e-06 0)
(6.66647 2.3079e-06 0)
(6.81662 1.953e-06 0)
(6.47558 1.95762e-06 0)
(6.72152 1.4042e-06 0)
(1.46036 2.37867e-05 0)
(2.11203 2.84381e-06 0)
(2.9055 -5.1793e-06 0)
(3.80022 -4.67081e-06 0)
(4.70814 5.79071e-07 0)
(5.52346 7.09159e-06 0)
(6.15429 1.22338e-05 0)
(6.55431 1.38276e-05 0)
(6.7383 1.16181e-05 0)
(6.77151 7.22759e-06 0)
(6.73673 2.35315e-06 0)
(6.6973 -1.59142e-06 0)
(6.68003 -3.44788e-06 0)
(6.68245 -3.23297e-06 0)
(6.6913 -2.0584e-06 0)
(6.69747 -9.29825e-07 0)
(6.69903 -1.99731e-07 0)
(6.69778 1.68377e-07 0)
(6.69613 3.42393e-07 0)
(6.69321 4.01022e-07 0)
(6.6983 3.98372e-07 0)
(6.66647 3.67393e-07 0)
(6.81662 2.86516e-07 0)
(6.47558 2.00814e-07 0)
(6.72152 5.07856e-08 0)
(1.47923 -0.0261665 0)
(2.11824 -0.00880683 0)
(2.90777 -0.00282613 0)
(3.801 -0.000887613 0)
(4.7084 -0.00026514 0)
(5.52354 -6.895e-05 0)
(6.15431 -8.44549e-06 0)
(6.55432 8.44176e-06 0)
(6.7383 8.9118e-06 0)
(6.7715 3.58585e-06 0)
(6.73673 -2.28071e-06 0)
(6.6973 -5.6643e-06 0)
(6.68003 -6.32033e-06 0)
(6.68246 -5.54088e-06 0)
(6.6913 -4.3356e-06 0)
(6.69747 -3.28424e-06 0)
(6.69903 -2.58879e-06 0)
(6.69778 -2.18552e-06 0)
(6.69613 -1.97836e-06 0)
(6.69321 -1.89484e-06 0)
(6.6983 -1.77135e-06 0)
(6.66647 -1.69313e-06 0)
(6.81662 -1.43235e-06 0)
(6.47558 -1.57069e-06 0)
(6.72152 -1.38913e-06 0)
(1.53996 -0.019209 0)
(2.13538 -0.00625515 0)
(2.91342 -0.00195603 0)
(3.80277 -0.000599948 0)
(4.70895 -0.00017485 0)
(5.5237 -4.41906e-05 0)
(6.15435 -5.24117e-06 0)
(6.55431 5.28806e-06 0)
(6.73827 5.74524e-06 0)
(6.77146 2.69063e-06 0)
(6.73669 -7.81836e-07 0)
(6.69726 -2.64493e-06 0)
(6.67999 -2.95624e-06 0)
(6.68241 -2.76095e-06 0)
(6.69125 -2.53223e-06 0)
(6.69741 -2.40468e-06 0)
(6.69897 -2.39118e-06 0)
(6.69771 -2.41037e-06 0)
(6.69606 -2.47611e-06 0)
(6.69313 -2.55183e-06 0)
(6.69822 -2.54353e-06 0)
(6.66639 -2.54552e-06 0)
(6.81653 -2.26109e-06 0)
(6.47549 -2.27667e-06 0)
(6.72143 -1.75539e-06 0)
(-6.71999e-16 1.008e-15 0)
(-3.02396e-15 -2.35196e-15 0)
(-3.36022e-16 -4.70392e-15 0)
(-5.71195e-15 -2.35194e-15 0)
(4.53593e-15 2.35196e-15 0)
(1.68029e-16 2.35197e-15 0)
(1.20959e-14 -2.35196e-15 0)
(7.25755e-14 -9.40793e-15 0)
(3.88077e-13 -4.60317e-14 0)
(1.91704e-12 -2.54014e-13 0)
(9.41684e-12 -1.29964e-12 0)
(4.51982e-11 -6.4908e-12 0)
(2.12255e-10 -3.18119e-11 0)
(9.73912e-10 -1.52698e-10 0)
(4.36168e-09 -7.17392e-10 0)
(1.90419e-08 -3.29603e-09 0)
(8.09173e-08 -1.47965e-08 0)
(3.34195e-07 -6.48275e-08 0)
(1.3388e-06 -2.76965e-07 0)
(5.19286e-06 -1.15216e-06 0)
(1.9445e-05 -4.66399e-06 0)
(7.01423e-05 -1.83328e-05 0)
(0.000242562 -7.00023e-05 0)
(0.000801997 -0.00025868 0)
(0.00251118 -0.000928912 0)
(0.00741047 -0.00321306 0)
(0.0201337 -0.0108965 0)
(0.0486831 -0.0352159 0)
(0.0977849 -0.116848 0)
(0.063718 -0.350749 0)
(-6.71986e-16 3.02399e-15 0)
(8.39942e-16 4.70394e-15 0)
(-2.51996e-15 2.68796e-15 0)
(-4.70396e-15 3.69594e-15 0)
(3.35985e-16 -3.35962e-16 0)
(-8.39987e-16 3.35993e-15 0)
(1.00799e-14 -1.00796e-15 0)
(5.37596e-14 -6.38402e-15 0)
(2.83078e-13 -5.10716e-14 0)
(1.41304e-12 -2.63422e-13 0)
(6.89115e-12 -1.33794e-12 0)
(3.2887e-11 -6.63696e-12 0)
(1.53437e-10 -3.23001e-11 0)
(6.99059e-10 -1.53898e-10 0)
(3.10634e-09 -7.17382e-10 0)
(1.34439e-08 -3.2674e-09 0)
(5.65744e-08 -1.45255e-08 0)
(2.31088e-07 -6.29432e-08 0)
(9.14149e-07 -2.65537e-07 0)
(3.49419e-06 -1.08862e-06 0)
(1.28626e-05 -4.33121e-06 0)
(4.5455e-05 -1.66786e-05 0)
(0.000153374 -6.2074e-05 0)
(0.000491622 -0.000222253 0)
(0.00148163 -0.00076456 0)
(0.00415191 -0.0025028 0)
(0.010567 -0.00778114 0)
(0.0233327 -0.0224447 0)
(0.0423033 -0.0586276 0)
(0.0264937 -0.130188 0)
(6.71948e-16 3.35994e-15 0)
(-9.57586e-15 6.72012e-16 0)
(-2.18399e-15 3.35995e-15 0)
(-4.19996e-15 2.68798e-15 0)
(-8.3998e-16 3.35997e-15 0)
(-6.71995e-16 2.01603e-15 0)
(6.38394e-15 2.01594e-15 0)
(3.89757e-14 -6.71993e-15 0)
(1.90847e-13 -4.40157e-14 0)
(9.4533e-13 -2.26126e-13 0)
(4.58771e-12 -1.14172e-12 0)
(2.17377e-11 -5.62763e-12 0)
(1.00643e-10 -2.71812e-11 0)
(4.54695e-10 -1.28441e-10 0)
(2.00197e-09 -5.93083e-10 0)
(8.57682e-09 -2.67324e-09 0)
(3.56893e-08 -1.1747e-08 0)
(1.43954e-07 -5.02473e-08 0)
(5.61441e-07 -2.08891e-07 0)
(2.1115e-06 -8.42242e-07 0)
(7.62946e-06 -3.287e-06 0)
(2.63793e-05 -1.23783e-05 0)
(8.6758e-05 -4.48599e-05 0)
(0.000269587 -0.000155657 0)
(0.000782765 -0.000514973 0)
(0.00209264 -0.00160877 0)
(0.0050198 -0.00470351 0)
(0.0101466 -0.0126053 0)
(0.0161246 -0.029907 0)
(0.00948455 -0.0602544 0)
(-1.07518e-14 -4.70391e-15 0)
(-5.0404e-16 3.02396e-15 0)
(-1.6801e-16 1.00801e-15 0)
(-2.18398e-15 1.34399e-15 0)
(-3.19196e-15 2.35197e-15 0)
(-1.68023e-16 4.70392e-15 0)
(5.04022e-16 2.35201e-15 0)
(2.35199e-14 -5.03995e-15 0)
(1.19111e-13 -2.41919e-14 0)
(5.79428e-13 -1.65647e-13 0)
(2.79785e-12 -8.50746e-13 0)
(1.31481e-11 -4.15024e-12 0)
(6.03559e-11 -1.98578e-11 0)
(2.70166e-10 -9.29148e-11 0)
(1.17765e-09 -4.24555e-10 0)
(4.99039e-09 -1.89192e-09 0)
(2.05183e-08 -8.21013e-09 0)
(8.16737e-08 -3.46354e-08 0)
(3.13901e-07 -1.41778e-07 0)
(1.16131e-06 -5.61817e-07 0)
(4.11945e-06 -2.14977e-06 0)
(1.39471e-05 -7.916e-06 0)
(4.4784e-05 -2.79488e-05 0)
(0.000135326 -9.40916e-05 0)
(0.000380322 -0.000300264 0)
(0.000977442 -0.000899258 0)
(0.00223286 -0.00249623 0)
(0.00423108 -0.0062867 0)
(0.00619002 -0.0136687 0)
(0.00349338 -0.0245544 0)
(-2.01602e-15 6.38388e-15 0)
(-2.01597e-15 6.72009e-16 0)
(1.34396e-15 1.008e-15 0)
(-1.00799e-15 1.008e-15 0)
(-3.02397e-15 2.01598e-15 0)
(-1.51198e-15 1.00802e-15 0)
(1.34399e-15 3.35996e-15 0)
(1.36079e-14 -6.7202e-16 0)
(6.35036e-14 -1.91519e-14 0)
(3.27262e-13 -1.12895e-13 0)
(1.5723e-12 -5.591e-13 0)
(7.33567e-12 -2.71453e-12 0)
(3.33718e-11 -1.28828e-11 0)
(1.47979e-10 -5.96984e-11 0)
(6.38501e-10 -2.69839e-10 0)
(2.67617e-09 -1.1884e-09 0)
(1.08732e-08 -5.09135e-09 0)
(4.27241e-08 -2.11793e-08 0)
(1.61893e-07 -8.53698e-08 0)
(5.89654e-07 -3.32587e-07 0)
(2.05576e-06 -1.24878e-06 0)
(6.82639e-06 -4.5024e-06 0)
(2.14459e-05 -1.55228e-05 0)
(6.31998e-05 -5.08777e-05 0)
(0.000172534 -0.000157443 0)
(0.000428325 -0.000455235 0)
(0.000936691 -0.00121244 0)
(0.00167905 -0.00290735 0)
(0.00227959 -0.00594883 0)
(0.00123446 -0.0099901 0)
(-1.15918e-14 -2.35192e-15 0)
(1.51195e-15 1.67999e-15 0)
(-1.34399e-15 6.71985e-16 0)
(-1.50818e-20 1.00798e-15 0)
(-2.68796e-15 -3.35977e-16 0)
(-5.04003e-16 1.34396e-15 0)
(-6.71978e-16 -3.35994e-16 0)
(6.88793e-15 -1.34397e-15 0)
(3.42717e-14 -1.0416e-14 0)
(1.69175e-13 -6.98875e-14 0)
(8.2101e-13 -3.32302e-13 0)
(3.80501e-12 -1.6138e-12 0)
(1.71683e-11 -7.57104e-12 0)
(7.54207e-11 -3.47153e-11 0)
(3.2221e-10 -1.5524e-10 0)
(1.3362e-09 -6.75839e-10 0)
(5.36728e-09 -2.85975e-09 0)
(2.08311e-08 -1.17381e-08 0)
(7.7886e-08 -4.66323e-08 0)
(2.79565e-07 -1.78825e-07 0)
(9.59168e-07 -6.59913e-07 0)
(3.12888e-06 -2.33441e-06 0)
(9.63647e-06 -7.87979e-06 0)
(2.77654e-05 -2.52258e-05 0)
(7.38616e-05 -7.60088e-05 0)
(0.000177864 -0.000213217 0)
(0.000374412 -0.000548235 0)
(0.000641403 -0.00126006 0)
(0.000822046 -0.00245217 0)
(0.000430535 -0.00388788 0)
(-1.68042e-16 6.7199e-15 0)
(-3.02396e-15 -6.71987e-16 0)
(-2.18397e-15 -1.34397e-15 0)
(-1.00799e-15 -3.35981e-16 0)
(8.39957e-16 1.34397e-15 0)
(8.39977e-16 -3.35971e-16 0)
(-2.18396e-15 -2.35196e-15 0)
(3.35996e-15 -1.344e-15 0)
(1.1592e-14 -1.14239e-14 0)
(8.13115e-14 -3.76318e-14 0)
(3.99669e-13 -1.85135e-13 0)
(1.85034e-12 -8.74938e-13 0)
(8.28201e-12 -4.0854e-12 0)
(3.60645e-11 -1.85531e-11 0)
(1.52604e-10 -8.21111e-11 0)
(6.2643e-10 -3.53585e-10 0)
(2.48917e-09 -1.47877e-09 0)
(9.54914e-09 -5.99438e-09 0)
(3.52592e-08 -2.34961e-08 0)
(1.24852e-07 -8.88051e-08 0)
(4.22056e-07 -3.22592e-07 0)
(1.35448e-06 -1.12172e-06 0)
(4.09669e-06 -3.71546e-06 0)
(1.15652e-05 -1.16485e-05 0)
(3.00562e-05 -3.42875e-05 0)
(7.04273e-05 -9.3678e-05 0)
(0.000143292 -0.000233701 0)
(0.000236065 -0.000518077 0)
(0.000287983 -0.000969087 0)
(0.000146341 -0.00147284 0)
(-1.84801e-15 1.14426e-20 0)
(-6.04792e-15 4.03195e-15 0)
(-1.68e-15 3.02394e-15 0)
(-2.35197e-15 3.02395e-15 0)
(-3.69594e-15 -1.00799e-15 0)
(1.67999e-16 2.01597e-15 0)
(-1.008e-15 3.36002e-16 0)
(2.35198e-15 -1.34398e-15 0)
(6.88795e-15 -2.688e-15 0)
(3.71277e-14 -1.71359e-14 0)
(1.83455e-13 -9.40793e-14 0)
(8.49234e-13 -4.38813e-13 0)
(3.77275e-12 -2.04354e-12 0)
(1.62877e-11 -9.21743e-12 0)
(6.82974e-11 -4.04088e-11 0)
(2.77675e-10 -1.72233e-10 0)
(1.09214e-09 -7.12528e-10 0)
(4.14428e-09 -2.85498e-09 0)
(1.51242e-08 -1.10526e-08 0)
(5.28821e-08 -4.12216e-08 0)
(1.76329e-07 -1.47604e-07 0)
(5.57443e-07 -5.05316e-07 0)
(1.65824e-06 -1.64549e-06 0)
(4.59507e-06 -5.06322e-06 0)
(1.16919e-05 -1.45966e-05 0)
(2.67295e-05 -3.89591e-05 0)
(5.27621e-05 -9.46422e-05 0)
(8.40581e-05 -0.000203285 0)
(9.84361e-05 -0.000367842 0)
(4.87435e-05 -0.000539988 0)
(-1.25998e-14 2.35197e-15 0)
(-6.7203e-16 -2.68796e-15 0)
(-5.04004e-16 -4.36792e-15 0)
(-1.67998e-15 -1.34397e-15 0)
(-1.67998e-15 1.00799e-15 0)
(-2.01598e-15 -3.69594e-15 0)
(-3.52796e-15 2.68795e-15 0)
(2.68795e-15 3.02395e-15 0)
(1.008e-15 -6.72007e-16 0)
(1.0752e-14 -9.40793e-15 0)
(8.45034e-14 -4.23357e-14 0)
(3.70437e-13 -2.06639e-13 0)
(1.62909e-12 -9.65322e-13 0)
(6.9864e-12 -4.3001e-12 0)
(2.90494e-11 -1.86761e-11 0)
(1.17043e-10 -7.88442e-11 0)
(4.55929e-10 -3.22869e-10 0)
(1.71244e-09 -1.2798e-09 0)
(6.18135e-09 -4.89799e-09 0)
(2.13601e-08 -1.80448e-08 0)
(7.0321e-08 -6.37683e-08 0)
(2.19242e-07 -2.15226e-07 0)
(6.4228e-07 -6.90099e-07 0)
(1.74967e-06 -2.08782e-06 0)
(4.36668e-06 -5.90738e-06 0)
(9.76118e-06 -1.54413e-05 0)
(1.87509e-05 -3.66353e-05 0)
(2.90081e-05 -7.65471e-05 0)
(3.27971e-05 -0.000134715 0)
(1.58725e-05 -0.000192353 0)
(-1.68062e-16 -1.34399e-15 0)
(-4.53591e-15 -6.71996e-16 0)
(1.00796e-15 -1.05581e-20 0)
(-1.67998e-15 -3.36002e-16 0)
(1.51197e-15 1.60831e-20 0)
(-1.176e-15 1.00797e-15 0)
(-4.70394e-15 -6.71975e-16 0)
(1.17597e-15 3.36e-16 0)
(-1.176e-15 -3.36001e-16 0)
(2.856e-15 -3.35998e-15 0)
(3.39358e-14 -1.91519e-14 0)
(1.53047e-13 -9.20634e-14 0)
(6.72667e-13 -4.28397e-13 0)
(2.85867e-12 -1.89133e-12 0)
(1.18024e-11 -8.16273e-12 0)
(4.71333e-11 -3.41592e-11 0)
(1.81946e-10 -1.38568e-10 0)
(6.76826e-10 -5.43785e-10 0)
(2.41815e-09 -2.05912e-09 0)
(8.26455e-09 -7.50048e-09 0)
(2.6887e-08 -2.6186e-08 0)
(8.27506e-08 -8.72338e-08 0)
(2.3901e-07 -2.75777e-07 0)
(6.40924e-07 -8.21562e-07 0)
(1.57137e-06 -2.28542e-06 0)
(3.44097e-06 -5.86218e-06 0)
(6.45025e-06 -1.36157e-05 0)
(9.72374e-06 -2.77628e-05 0)
(1.06675e-05 -4.77065e-05 0)
(5.0602e-06 -6.65659e-05 0)
(-1.14238e-14 -3.35995e-15 0)
(1.17596e-15 5.37594e-15 0)
(-2.18396e-15 2.35197e-15 0)
(-3.36009e-16 2.68798e-15 0)
(1.18167e-20 6.04793e-15 0)
(-8.4e-16 1.00803e-15 0)
(-3.024e-15 6.71986e-16 0)
(-3.02397e-15 6.71993e-16 0)
(-8.39998e-16 -2.01597e-15 0)
(-3.52793e-15 -3.35996e-15 0)
(1.89838e-14 -6.38398e-15 0)
(5.87996e-14 -3.93118e-14 0)
(2.65606e-13 -1.79423e-13 0)
(1.12106e-12 -7.91947e-13 0)
(4.59259e-12 -3.39627e-12 0)
(1.82082e-11 -1.40931e-11 0)
(6.96836e-11 -5.66559e-11 0)
(2.56868e-10 -2.20252e-10 0)
(9.08912e-10 -8.25772e-10 0)
(3.07445e-09 -2.97638e-09 0)
(9.89152e-09 -1.02749e-08 0)
(3.00783e-08 -3.38184e-08 0)
(8.57367e-08 -1.05527e-07 0)
(2.26571e-07 -3.09952e-07 0)
(5.46419e-07 -8.48934e-07 0)
(1.174e-06 -2.14042e-06 0)
(2.15254e-06 -4.87643e-06 0)
(3.17092e-06 -9.72988e-06 0)
(3.38841e-06 -1.6377e-05 0)
(1.57906e-06 -2.24169e-05 0)
(-1.17604e-15 -1.00798e-15 0)
(-3.36003e-16 -4.70394e-15 0)
(-1.68012e-16 3.02398e-15 0)
(3.35992e-16 -3.35986e-16 0)
(-8.39998e-16 2.35198e-15 0)
(-1.34399e-15 2.01596e-15 0)
(-4.53593e-15 2.35199e-15 0)
(-4.87195e-15 1.34399e-15 0)
(-5.03995e-16 -1.34397e-15 0)
(-2.01601e-15 -3.36007e-16 0)
(2.85602e-15 -6.71995e-16 0)
(2.30158e-14 -1.67999e-14 0)
(1.01135e-13 -7.72794e-14 0)
(4.27557e-13 -3.17854e-13 0)
(1.72048e-12 -1.34937e-12 0)
(6.76599e-12 -5.56009e-12 0)
(2.57003e-11 -2.21688e-11 0)
(9.39166e-11 -8.54288e-11 0)
(3.29294e-10 -3.17328e-10 0)
(1.10308e-09 -1.13254e-09 0)
(3.51206e-09 -3.86891e-09 0)
(1.05595e-08 -1.25918e-08 0)
(2.97298e-08 -3.88197e-08 0)
(7.74998e-08 -1.12537e-07 0)
(1.84064e-07 -3.03847e-07 0)
(3.88552e-07 -7.5409e-07 0)
(6.98235e-07 -1.68796e-06 0)
(1.0075e-06 -3.30329e-06 0)
(1.05206e-06 -5.45976e-06 0)
(4.82648e-07 -7.35252e-06 0)
(-1.10878e-14 2.35196e-15 0)
(2.18397e-15 2.01599e-15 0)
(-3.86394e-15 7.39189e-15 0)
(-8.40019e-16 -3.35977e-16 0)
(-2.01599e-15 -1.67997e-15 0)
(-6.72004e-16 -1.00796e-15 0)
(1.67971e-16 1.34397e-15 0)
(-2.68798e-15 2.72589e-20 0)
(1.51196e-15 5.71191e-15 0)
(-7.39188e-15 6.72002e-16 0)
(4.70393e-15 -1.67095e-20 0)
(5.54398e-15 -4.03198e-15 0)
(3.66238e-14 -2.35199e-14 0)
(1.55231e-13 -1.17599e-13 0)
(6.18908e-13 -5.14077e-13 0)
(2.42977e-12 -2.102e-12 0)
(9.1551e-12 -8.32972e-12 0)
(3.31692e-11 -3.18472e-11 0)
(1.15309e-10 -1.17276e-10 0)
(3.82724e-10 -4.14723e-10 0)
(1.20659e-09 -1.4029e-09 0)
(3.58935e-09 -4.51827e-09 0)
(9.98909e-09 -1.37734e-08 0)
(2.57084e-08 -3.94452e-08 0)
(6.01894e-08 -1.05096e-07 0)
(1.24988e-07 -2.57051e-07 0)
(2.20518e-07 -5.66121e-07 0)
(3.1229e-07 -1.08873e-06 0)
(3.19512e-07 -1.77071e-06 0)
(1.44547e-07 -2.35154e-06 0)
(-9.23987e-15 2.35198e-15 0)
(4.19994e-15 2.68798e-15 0)
(1.17597e-15 -3.69592e-15 0)
(-3.19196e-15 3.36004e-16 0)
(-1.05839e-14 4.36795e-15 0)
(-2.68797e-15 2.68797e-15 0)
(1.008e-15 3.69598e-15 0)
(-8.39992e-16 1.67997e-15 0)
(-6.72008e-16 1.34402e-15 0)
(-2.184e-15 2.35197e-15 0)
(-1.68002e-16 -3.69591e-15 0)
(2.68796e-15 -4.67585e-20 0)
(1.29359e-14 -8.06398e-15 0)
(5.44316e-14 -4.46877e-14 0)
(2.14703e-13 -1.87487e-13 0)
(8.44866e-13 -7.68091e-13 0)
(3.15267e-12 -3.01524e-12 0)
(1.13465e-11 -1.14511e-11 0)
(3.91157e-11 -4.1821e-11 0)
(1.28713e-10 -1.46593e-10 0)
(4.02005e-10 -4.91337e-10 0)
(1.18389e-09 -1.56692e-09 0)
(3.25885e-09 -4.72641e-09 0)
(8.28663e-09 -1.33824e-08 0)
(1.91416e-08 -3.52168e-08 0)
(3.91438e-08 -8.4975e-08 0)
(6.79076e-08 -1.8436e-07 0)
(9.45453e-08 -3.48998e-07 0)
(9.49875e-08 -5.59483e-07 0)
(4.24394e-08 -7.34078e-07 0)
(-6.72013e-16 1.68e-15 0)
(5.04003e-16 4.70394e-15 0)
(-3.69596e-15 4.36794e-15 0)
(-6.72004e-16 4.70394e-15 0)
(-6.72012e-16 3.02398e-15 0)
(-1.00799e-15 1.344e-15 0)
(3.69592e-15 -6.72e-16 0)
(-2.01597e-15 1.86232e-20 0)
(-4.70395e-15 3.35993e-15 0)
(-2.35197e-15 2.35197e-15 0)
(-4.87194e-15 1.67993e-15 0)
(3.36001e-16 -3.35993e-15 0)
(8.56792e-15 -7.39188e-15 0)
(2.11678e-14 -1.2432e-14 0)
(7.34155e-14 -6.45116e-14 0)
(2.80894e-13 -2.70478e-13 0)
(1.05604e-12 -1.05638e-12 0)
(3.76418e-12 -3.97687e-12 0)
(1.28793e-11 -1.442e-11 0)
(4.20367e-11 -5.01487e-11 0)
(1.30141e-10 -1.66622e-10 0)
(3.79615e-10 -5.26467e-10 0)
(1.03416e-09 -1.57231e-09 0)
(2.59987e-09 -4.40447e-09 0)
(5.92979e-09 -1.14569e-08 0)
(1.19531e-08 -2.72963e-08 0)
(2.04166e-08 -5.84029e-08 0)
(2.79863e-08 -1.0898e-07 0)
(2.76616e-08 -1.72453e-07 0)
(1.22213e-08 -2.23892e-07 0)
(-1.67999e-16 -1.34397e-15 0)
(-6.71975e-16 6.72014e-16 0)
(-3.35995e-15 3.3734e-20 0)
(-1.68015e-16 2.35197e-15 0)
(-1.51198e-15 2.01599e-15 0)
(5.03975e-16 1.67998e-15 0)
(-4.36793e-15 -2.01595e-15 0)
(-1.17602e-15 3.35987e-16 0)
(-3.35996e-15 -1.00796e-15 0)
(-8.40015e-16 1.00799e-15 0)
(-8.40007e-16 -6.71959e-16 0)
(1.176e-15 3.35983e-16 0)
(1.84799e-15 -6.71999e-16 0)
(7.22396e-15 -1.67998e-15 0)
(2.68798e-14 -1.67999e-14 0)
(9.05514e-14 -8.63514e-14 0)
(3.43222e-13 -3.54142e-13 0)
(1.21329e-12 -1.3366e-12 0)
(4.12387e-12 -4.82123e-12 0)
(1.33584e-11 -1.66376e-11 0)
(4.10053e-11 -5.48295e-11 0)
(1.18526e-10 -1.71732e-10 0)
(3.19734e-10 -5.0809e-10 0)
(7.9516e-10 -1.409e-09 0)
(1.79195e-09 -3.62525e-09 0)
(3.56366e-09 -8.53515e-09 0)
(5.99995e-09 -1.80264e-08 0)
(8.10768e-09 -3.31973e-08 0)
(7.89626e-09 -5.1917e-08 0)
(3.4537e-09 -6.6778e-08 0)
(8.39987e-16 6.72017e-16 0)
(5.37589e-15 7.39191e-15 0)
(3.69595e-15 4.36792e-15 0)
(-6.7199e-16 -2.01594e-15 0)
(-1.17598e-15 3.02393e-15 0)
(-3.86395e-15 -3.35999e-16 0)
(-8.39992e-15 1.67996e-15 0)
(-3.52796e-15 3.36008e-16 0)
(3.35968e-16 1.34396e-15 0)
(-5.37594e-15 -6.71968e-16 0)
(-3.35994e-15 4.70392e-15 0)
(1.00797e-15 -3.35976e-16 0)
(-8.39977e-16 -6.72025e-16 0)
(5.20794e-15 -3.36024e-16 0)
(6.88798e-15 -7.72796e-15 0)
(3.09118e-14 -3.59517e-14 0)
(1.10039e-13 -1.17599e-13 0)
(3.81693e-13 -4.38477e-13 0)
(1.28385e-12 -1.56407e-12 0)
(4.13378e-12 -5.36756e-12 0)
(1.25966e-11 -1.75418e-11 0)
(3.60887e-11 -5.44874e-11 0)
(9.64453e-11 -1.59774e-10 0)
(2.37395e-10 -4.38859e-10 0)
(5.28917e-10 -1.11755e-09 0)
(1.03855e-09 -2.60181e-09 0)
(1.7253e-09 -5.42882e-09 0)
(2.30078e-09 -9.8773e-09 0)
(2.21097e-09 -1.52819e-08 0)
(9.58262e-10 -1.94943e-08 0)
(-5.03986e-16 7.0559e-15 0)
(-3.69592e-15 1.01531e-21 0)
(-1.34399e-15 -7.72785e-15 0)
(-6.71991e-16 7.05588e-15 0)
(-3.36022e-16 -1.17598e-14 0)
(-1.00799e-15 4.70392e-15 0)
(-4.87196e-15 -7.05588e-15 0)
(3.52794e-15 1.34397e-15 0)
(-1.51199e-15 -2.68794e-15 0)
(-4.36795e-15 2.35196e-15 0)
(-1.17603e-15 -4.36792e-15 0)
(1.68005e-16 3.02394e-15 0)
(-2.01598e-15 -2.01594e-15 0)
(4.19994e-15 5.03994e-15 0)
(1.848e-15 -3.35995e-15 0)
(7.72797e-15 -7.39199e-15 0)
(3.59517e-14 -3.99837e-14 0)
(1.16255e-13 -1.37423e-13 0)
(3.88077e-13 -4.96605e-13 0)
(1.25411e-12 -1.68536e-12 0)
(3.77376e-12 -5.46232e-12 0)
(1.07313e-11 -1.68405e-11 0)
(2.84192e-11 -4.89703e-11 0)
(6.92627e-11 -1.33285e-10 0)
(1.52663e-10 -3.36107e-10 0)
(2.96168e-10 -7.74262e-10 0)
(4.859e-10 -1.59726e-09 0)
(6.40084e-10 -2.8737e-09 0)
(6.07625e-10 -4.4025e-09 0)
(2.61179e-10 -5.57456e-09 0)
(3.02393e-15 1.008e-15 0)
(4.36795e-15 -3.35987e-15 0)
(-1.512e-15 9.07185e-15 0)
(-3.36006e-16 -3.35959e-16 0)
(-4.03195e-15 6.04789e-15 0)
(1.51198e-15 1.00801e-15 0)
(-6.55194e-15 4.36792e-15 0)
(-1.34399e-15 5.03994e-15 0)
(-6.72008e-16 3.69596e-15 0)
(-4.87196e-15 -3.35989e-16 0)
(-5.03994e-15 3.35992e-16 0)
(-3.36007e-16 -5.2203e-21 0)
(-8.3998e-16 -3.36015e-16 0)
(3.02397e-15 -4.03196e-15 0)
(6.68756e-21 -2.016e-15 0)
(3.69598e-15 -6.04794e-15 0)
(1.36079e-14 -9.07198e-15 0)
(3.41038e-14 -4.16637e-14 0)
(1.12391e-13 -1.50191e-13 0)
(3.71109e-13 -5.15757e-13 0)
(1.10392e-12 -1.66016e-12 0)
(3.11789e-12 -5.07861e-12 0)
(8.19431e-12 -1.46468e-11 0)
(1.97725e-11 -3.95264e-11 0)
(4.31322e-11 -9.87481e-11 0)
(8.27263e-11 -2.25197e-10 0)
(1.34143e-10 -4.59636e-10 0)
(1.74708e-10 -8.18382e-10 0)
(1.63997e-10 -1.24241e-09 0)
(6.99598e-11 -1.56272e-09 0)
(-1.17598e-14 1.00802e-15 0)
(2.68794e-15 1.61277e-14 0)
(-2.85596e-15 4.51254e-20 0)
(-1.29433e-20 2.01597e-15 0)
(-3.52798e-15 3.02399e-15 0)
(-6.71997e-16 -3.35974e-16 0)
(-7.72793e-15 1.34398e-15 0)
(3.35989e-16 -3.02393e-15 0)
(-4.03195e-15 -1.00799e-15 0)
(-8.39993e-16 1.00799e-15 0)
(-3.86398e-15 5.71194e-15 0)
(5.03983e-16 3.17357e-20 0)
(-1.84799e-15 1.008e-15 0)
(2.68797e-15 -2.35197e-15 0)
(-1.17596e-15 -1.67997e-15 0)
(5.54392e-15 -3.35996e-15 0)
(4.2e-15 -5.37595e-15 0)
(9.74392e-15 -1.27679e-14 0)
(3.14158e-14 -4.97276e-14 0)
(1.05503e-13 -1.51871e-13 0)
(3.18862e-13 -4.90221e-13 0)
(8.86194e-13 -1.49418e-12 0)
(2.31418e-12 -4.28229e-12 0)
(5.52699e-12 -1.14582e-11 0)
(1.19388e-11 -2.83733e-11 0)
(2.26543e-11 -6.40949e-11 0)
(3.63293e-11 -1.29498e-10 0)
(4.68151e-11 -2.28342e-10 0)
(4.34939e-11 -3.43754e-10 0)
(1.84263e-11 -4.29764e-10 0)
(1.67966e-16 3.02396e-15 0)
(1.176e-15 -1.24317e-14 0)
(-3.19198e-15 3.35994e-15 0)
(-8.40003e-16 -1.00797e-15 0)
(-6.04793e-15 -1.00797e-15 0)
(-1.17598e-15 1.67997e-15 0)
(-8.56791e-15 3.69596e-15 0)
(2.01594e-15 3.36003e-16 0)
(3.35988e-16 -3.35999e-16 0)
(-6.72009e-16 1.00799e-15 0)
(-4.36793e-15 4.36794e-15 0)
(-3.35997e-15 1.67999e-15 0)
(-1.68003e-16 6.04789e-15 0)
(-5.04002e-16 -3.35992e-15 0)
(3.35995e-16 -3.23485e-20 0)
(1.512e-15 2.35193e-15 0)
(6.71991e-15 -2.68796e-15 0)
(2.52001e-15 -4.36796e-15 0)
(5.712e-15 -8.39998e-15 0)
(3.27597e-14 -4.16637e-14 0)
(8.97114e-14 -1.37759e-13 0)
(2.45278e-13 -4.28397e-13 0)
(6.40244e-13 -1.219e-12 0)
(1.51115e-12 -3.2491e-12 0)
(3.23851e-12 -7.97995e-12 0)
(6.08542e-12 -1.78647e-11 0)
(9.66229e-12 -3.57532e-11 0)
(1.23244e-11 -6.24711e-11 0)
(1.13428e-11 -9.3316e-11 0)
(4.77066e-12 -1.16022e-10 0)
(-1.17597e-15 3.02398e-15 0)
(1.34399e-15 1.67997e-14 0)
(-4.19996e-15 6.72007e-16 0)
(-2.01598e-15 3.36e-16 0)
(-4.53596e-15 4.03194e-15 0)
(3.35992e-15 -1.00796e-15 0)
(-7.55994e-15 3.02396e-15 0)
(-4.70392e-15 2.68795e-15 0)
(1.67989e-16 -2.01594e-15 0)
(1.51196e-15 6.72002e-16 0)
(-1.34398e-15 1.29441e-20 0)
(-2.51998e-15 -1.00795e-15 0)
(-1.34399e-15 -6.71936e-16 0)
(-2.18397e-15 4.03191e-15 0)
(1.67993e-16 -4.36788e-15 0)
(1.17599e-15 -2.35193e-15 0)
(1.51202e-15 1.34398e-15 0)
(3.35995e-15 -1.67998e-15 0)
(2.01596e-15 -1.67999e-15 0)
(1.14239e-14 -1.14239e-14 0)
(2.43599e-14 -3.96477e-14 0)
(6.66956e-14 -1.20623e-13 0)
(1.73711e-13 -3.41374e-13 0)
(4.04541e-13 -9.01146e-13 0)
(8.63682e-13 -2.19911e-12 0)
(1.60422e-12 -4.88205e-12 0)
(2.52234e-12 -9.67774e-12 0)
(3.19097e-12 -1.67727e-11 0)
(2.9089e-12 -2.48692e-11 0)
(1.21614e-12 -3.07663e-11 0)
(5.03972e-16 -2.35198e-15 0)
(2.51998e-15 -7.05585e-15 0)
(-4.19995e-15 -2.68796e-15 0)
(-1.34399e-15 1.34398e-15 0)
(-1.84801e-15 1.34399e-15 0)
(1.34399e-15 2.01598e-15 0)
(-9.57591e-15 3.36012e-16 0)
(-2.18398e-15 3.36022e-16 0)
(-1.67993e-16 4.03193e-15 0)
(-1.51199e-15 6.04792e-15 0)
(1.34398e-15 -1.34395e-15 0)
(-2.18398e-15 9.40784e-15 0)
(-2.85597e-15 6.38389e-15 0)
(-2.01599e-15 -1.00795e-15 0)
(1.84797e-15 4.36789e-15 0)
(-2.18395e-15 2.35195e-15 0)
(6.04791e-15 1.00798e-15 0)
(1.67999e-15 -6.71994e-16 0)
(-1.84794e-15 -3.35994e-16 0)
(7.7279e-15 -1.008e-15 0)
(5.87995e-15 -9.07193e-15 0)
(1.59599e-14 -3.12478e-14 0)
(4.53597e-14 -9.27354e-14 0)
(1.07183e-13 -2.45614e-13 0)
(2.23439e-13 -5.93372e-13 0)
(4.13445e-13 -1.30367e-12 0)
(6.49652e-13 -2.57341e-12 0)
(8.11771e-13 -4.42106e-12 0)
(7.38355e-13 -6.51231e-12 0)
(3.04078e-13 -8.01657e-12 0)
(-3.52791e-15 -1.344e-15 0)
(1.84797e-15 -2.67516e-20 0)
(-5.04006e-16 -6.72008e-16 0)
(8.39975e-16 -3.36005e-16 0)
(-6.0479e-15 1.00799e-15 0)
(1.17596e-15 1.67998e-15 0)
(-9.07192e-15 -1.00795e-15 0)
(-5.04017e-16 1.344e-15 0)
(3.02395e-15 1.00802e-15 0)
(-3.52795e-15 3.36012e-16 0)
(-3.52796e-15 1.344e-15 0)
(-8.39999e-16 -2.35193e-15 0)
(2.35195e-15 6.72013e-16 0)
(-5.03992e-15 3.36007e-16 0)
(-2.18399e-15 3.36037e-16 0)
(5.03997e-16 1.34399e-15 0)
(4.70395e-15 -3.35979e-16 0)
(3.36013e-16 -3.88961e-22 0)
(6.72006e-16 -3.35986e-16 0)
(5.03994e-15 -1.67995e-15 0)
(8.40018e-16 -1.344e-15 0)
(4.36794e-15 -7.05594e-15 0)
(1.05839e-14 -2.41918e-14 0)
(2.65438e-14 -5.98076e-14 0)
(5.57756e-14 -1.56239e-13 0)
(1.08191e-13 -3.42046e-13 0)
(1.63127e-13 -6.67292e-13 0)
(2.00927e-13 -1.14474e-12 0)
(1.83119e-13 -1.67428e-12 0)
(7.52635e-14 -2.05295e-12 0)
(1.51193e-15 -6.71992e-15 0)
(3.02398e-15 1.34396e-15 0)
(-1.67997e-15 -3.02395e-15 0)
(1.00798e-15 -2.68795e-15 0)
(3.35962e-16 -2.35197e-15 0)
(-2.01596e-15 4.70394e-15 0)
(-5.37595e-15 9.40787e-15 0)
(-5.03994e-15 8.73588e-15 0)
(8.39969e-16 8.39989e-15 0)
(1.17595e-15 2.35199e-15 0)
(-4.53594e-15 6.3839e-15 0)
(-3.36024e-16 3.02396e-15 0)
(-2.51994e-15 3.36017e-16 0)
(-8.40001e-16 1.34397e-15 0)
(6.71978e-16 6.7199e-15 0)
(-1.00799e-15 1.34399e-15 0)
(4.36796e-15 2.68797e-15 0)
(5.04011e-16 3.02399e-15 0)
(4.36792e-15 5.71193e-15 0)
(-1.67993e-15 7.72789e-15 0)
(3.02396e-15 2.01602e-15 0)
(-3.02395e-15 1.67997e-15 0)
(-1.67989e-16 -3.02397e-15 0)
(8.3999e-15 -1.88158e-14 0)
(9.23997e-15 -4.13277e-14 0)
(3.02398e-14 -8.23195e-14 0)
(4.01517e-14 -1.74047e-13 0)
(4.70397e-14 -2.91646e-13 0)
(4.82156e-14 -4.21341e-13 0)
(2.08319e-14 -5.20124e-13 0)
(-1.41118e-14 -2.68798e-15 0)
(5.03991e-15 -4.70394e-15 0)
(-1.17598e-15 -3.49651e-20 0)
(-8.3998e-16 2.35193e-15 0)
(3.35985e-16 -1.00797e-15 0)
(8.39987e-16 3.36007e-16 0)
(-2.016e-15 6.72017e-16 0)
(-5.04018e-16 -3.35958e-16 0)
(-8.39989e-15 -3.35969e-16 0)
(-1.176e-15 -2.35195e-15 0)
(-2.01598e-15 5.03994e-15 0)
(-1.34398e-15 2.35199e-15 0)
(-1.68029e-16 3.02394e-15 0)
(1.67995e-16 -2.01595e-15 0)
(-5.03999e-16 3.02395e-15 0)
(-2.35196e-15 3.0279e-20 0)
(2.35199e-15 2.68797e-15 0)
(1.67998e-15 5.03994e-15 0)
(2.55536e-20 4.03196e-15 0)
(5.20792e-15 -3.35974e-16 0)
(8.39988e-16 4.03194e-15 0)
(3.35981e-16 2.68797e-15 0)
(-4.87193e-15 3.69593e-15 0)
(5.03993e-16 -3.02399e-15 0)
(1.51199e-15 -8.73595e-15 0)
(9.07193e-15 -2.31838e-14 0)
(1.05839e-14 -4.46877e-14 0)
(1.07519e-14 -7.15675e-14 0)
(6.55203e-15 -1.03487e-13 0)
(4.53596e-15 -1.26335e-13 0)
(2.35192e-15 -2.68798e-15 0)
(2.01599e-15 1.00795e-15 0)
(1.67998e-16 -4.70393e-15 0)
(-1.67997e-15 -3.69595e-15 0)
(1.008e-15 6.71961e-16 0)
(1.51199e-15 1.008e-15 0)
(-2.85596e-15 -6.71978e-16 0)
(-1.68001e-15 2.68796e-15 0)
(3.35963e-16 3.35987e-16 0)
(-7.22391e-15 -6.71993e-16 0)
(2.18394e-15 1.28899e-20 0)
(-3.86395e-15 6.72003e-16 0)
(-3.35996e-15 -1.34396e-15 0)
(1.00798e-15 4.03194e-15 0)
(-1.17598e-15 4.74892e-20 0)
(1.00797e-15 2.68795e-15 0)
(3.52798e-15 2.49173e-20 0)
(3.35996e-15 -1.67996e-15 0)
(8.39996e-16 -3.36e-16 0)
(2.51998e-15 -2.68796e-15 0)
(-1.67997e-15 -3.36008e-16 0)
(3.35986e-16 -5.03992e-15 0)
(-6.38394e-15 -3.35996e-15 0)
(-8.39994e-16 -1.25322e-20 0)
(6.37666e-21 -1.67999e-15 0)
(3.19195e-15 -4.70395e-15 0)
(3.3604e-16 -6.71996e-15 0)
(-3.35975e-16 -1.1088e-14 0)
(6.55188e-15 -2.08319e-14 0)
(1.84799e-15 -2.72158e-14 0)
(1.33919e-20 -3.69595e-15 0)
(2.18397e-15 -4.70395e-15 0)
(1.68e-16 -3.35997e-15 0)
(8.40001e-16 -3.02398e-15 0)
(4.53594e-15 -3.69592e-15 0)
(3.19196e-15 6.71977e-16 0)
(-6.72015e-16 3.02396e-15 0)
(-9.23988e-15 2.68798e-15 0)
(-1.51198e-15 1.34399e-15 0)
(-2.688e-15 3.3599e-16 0)
(1.00798e-15 -2.35197e-15 0)
(-2.68796e-15 1.34396e-15 0)
(-3.02398e-15 -1.00799e-15 0)
(1.51199e-15 -3.35986e-16 0)
(-1.34399e-15 -6.71999e-16 0)
(-1.67978e-16 2.35196e-15 0)
(2.18398e-15 -2.68794e-15 0)
(4.03197e-15 1.00795e-15 0)
(-5.04006e-16 -2.35196e-15 0)
(-1.34397e-15 -3.36021e-16 0)
(6.71972e-16 -2.68795e-15 0)
(1.68001e-16 3.02394e-15 0)
(-4.19997e-15 6.71962e-16 0)
(1.17599e-15 -3.35995e-15 0)
(8.20392e-21 1.34397e-15 0)
(-1.67973e-16 -2.01595e-15 0)
(5.87989e-15 6.71988e-15 0)
(-8.39996e-16 -4.36791e-15 0)
(-1.17595e-15 -6.04796e-15 0)
(1.67999e-16 -6.71992e-15 0)
(1.00797e-15 -1.38935e-20 0)
(-4.03193e-15 -3.02397e-15 0)
(2.51997e-15 -1.68001e-15 0)
(3.02397e-15 -2.68796e-15 0)
(2.01599e-15 3.35967e-16 0)
(3.02396e-15 -2.35198e-15 0)
(-1.00799e-15 -1.43557e-22 0)
(-6.71995e-15 -1.34399e-15 0)
(-2.13322e-20 -3.35997e-15 0)
(-5.71193e-15 -6.72007e-16 0)
(1.84796e-15 1.00801e-15 0)
(-2.18398e-15 -6.71998e-16 0)
(-4.87195e-15 7.56204e-21 0)
(1.51201e-15 2.35196e-15 0)
(3.35981e-16 6.71999e-16 0)
(1.84796e-15 6.72037e-16 0)
(-3.35958e-16 5.71189e-15 0)
(4.19995e-15 -1.34395e-15 0)
(-1.67998e-16 -1.00799e-15 0)
(2.01596e-15 1.00801e-15 0)
(1.89663e-20 -3.36002e-16 0)
(-6.72019e-16 -2.35197e-15 0)
(-3.86395e-15 -3.02392e-15 0)
(1.67997e-16 6.71984e-16 0)
(1.00799e-15 1.344e-15 0)
(5.54392e-15 5.03992e-15 0)
(-2.85591e-15 -1.34393e-15 0)
(-1.19554e-21 5.37591e-15 0)
(-6.72016e-16 1.00801e-15 0)
(5.03996e-16 2.01594e-15 0)
(-1.51198e-15 2.01597e-15 0)
(-2.35199e-15 -3.35997e-16 0)
(1.51197e-15 -1.34397e-15 0)
(2.68797e-15 2.01594e-15 0)
(3.02398e-15 1.67997e-15 0)
(3.86396e-15 -6.71984e-16 0)
(-2.35197e-15 -1.34399e-15 0)
(-7.39191e-15 -2.01597e-15 0)
(-1.96308e-20 -3.35996e-15 0)
(-5.03995e-15 -1.34397e-15 0)
(1.67985e-16 -1.34401e-15 0)
(-6.71994e-16 -4.03193e-15 0)
(-1.00799e-15 -1.15445e-20 0)
(1.17597e-15 -6.7198e-16 0)
(-3.35993e-15 -3.46811e-22 0)
(2.85597e-15 2.01596e-15 0)
(5.37593e-15 -1.34395e-15 0)
(1.00801e-15 3.36012e-16 0)
(-1.84799e-15 -1.67996e-15 0)
(-1.67975e-16 1.34398e-15 0)
(-1.84801e-15 3.36e-16 0)
(1.00798e-15 -6.71976e-16 0)
(-8.90387e-15 -2.23036e-20 0)
(4.87192e-15 3.02399e-15 0)
(1.68e-15 1.344e-15 0)
(3.52796e-15 6.72015e-16 0)
(1.00797e-15 6.04791e-15 0)
(1.34398e-15 2.35942e-20 0)
(-4.19992e-15 -1.00799e-15 0)
(1.67996e-15 3.36011e-16 0)
(3.35983e-16 1.67997e-15 0)
(-3.69594e-15 1.00799e-15 0)
(-2.85595e-15 1.00799e-15 0)
(-3.35974e-16 -3.35991e-15 0)
(4.53593e-15 -2.35197e-15 0)
(1.51199e-15 -3.69596e-15 0)
(2.51996e-15 -6.71993e-16 0)
(-4.03196e-15 3.35972e-16 0)
(-1.34401e-15 3.69594e-15 0)
(-3.19198e-15 3.02397e-15 0)
(-3.19194e-15 -1.67996e-15 0)
(3.35979e-16 1.67996e-15 0)
(-1.344e-15 -6.72001e-16 0)
(1.51199e-15 6.71997e-16 0)
(-6.71994e-16 2.01597e-15 0)
(3.69595e-15 1.008e-15 0)
(1.34401e-15 3.02394e-15 0)
(1.84798e-15 4.36793e-15 0)
(-3.35996e-15 3.69592e-15 0)
(2.85595e-15 2.35198e-15 0)
(-4.87193e-15 2.01598e-15 0)
(1.51198e-15 6.3839e-15 0)
(5.0395e-16 3.36026e-16 0)
(-5.03968e-16 4.03193e-15 0)
(4.03195e-15 7.05592e-15 0)
(-8.3997e-16 4.03195e-15 0)
(-5.03986e-16 -1.34395e-15 0)
(-3.35993e-16 3.69594e-15 0)
(4.03192e-15 -6.71994e-16 0)
(1.68011e-16 2.68794e-15 0)
(1.67996e-16 -5.37592e-15 0)
(-4.36795e-15 -2.01599e-15 0)
(8.39977e-16 6.0479e-15 0)
(-3.35975e-16 4.03193e-15 0)
(5.03992e-15 4.03193e-15 0)
(-8.39955e-16 1.344e-15 0)
(2.51994e-15 -1.008e-15 0)
(-6.21593e-15 -3.69596e-15 0)
(-1.34398e-15 -3.35994e-15 0)
(-5.37595e-15 3.02394e-15 0)
(5.03947e-16 6.71976e-16 0)
(-4.31707e-22 1.00798e-15 0)
(-1.51197e-15 1.008e-15 0)
(1.00801e-15 -1.00802e-15 0)
(-1.67991e-16 -3.02395e-15 0)
(3.02397e-15 -1.00798e-15 0)
(5.04e-16 6.72021e-16 0)
(1.34397e-15 -6.71981e-16 0)
(-2.35197e-15 6.72012e-16 0)
(2.68799e-15 6.71964e-16 0)
(-1.344e-15 1.34399e-15 0)
(1.67998e-15 -5.03991e-15 0)
(-1.67997e-15 1.67998e-15 0)
(1.68008e-16 1.68002e-15 0)
(1.67996e-15 3.36026e-16 0)
(1.68002e-15 1.08662e-20 0)
(1.51194e-15 -1.67998e-15 0)
(-3.19194e-15 -3.02395e-15 0)
(2.35195e-15 -3.69593e-15 0)
(-5.03981e-16 2.68797e-15 0)
(8.39986e-16 -1.008e-15 0)
(2.01596e-15 -3.35974e-16 0)
(2.51998e-15 -3.02396e-15 0)
(2.01596e-15 -6.7199e-16 0)
(3.36028e-16 -3.35957e-16 0)
(2.01596e-15 1.00796e-15 0)
(-3.02394e-15 -3.02396e-15 0)
(-6.38393e-15 -4.03195e-15 0)
(1.34395e-15 -1.44807e-20 0)
(-3.69598e-15 -2.01597e-15 0)
(-4.36792e-15 -1.34397e-15 0)
(5.03981e-16 -3.69594e-15 0)
(-1.008e-15 -1.67997e-15 0)
(1.34399e-15 -4.03192e-15 0)
(3.86395e-15 -3.3603e-16 0)
(1.51199e-15 -3.02397e-15 0)
(2.51998e-15 1.34394e-15 0)
(-4.03193e-15 -1.19057e-20 0)
(1.00797e-15 -2.68796e-15 0)
(1.34397e-15 -6.7198e-16 0)
(5.04019e-16 -3.02397e-15 0)
(2.01598e-15 2.01597e-15 0)
(-3.36003e-16 4.70394e-15 0)
(2.68797e-15 7.0559e-15 0)
(-2.18396e-15 5.03993e-15 0)
(2.35197e-15 6.72008e-16 0)
(-3.35994e-15 1.67997e-15 0)
(-5.04008e-16 -6.71991e-16 0)
(-3.53994e-21 1.00798e-15 0)
(2.35196e-15 -6.71972e-16 0)
(-1.17597e-15 -6.72005e-16 0)
(6.71989e-16 -3.36023e-16 0)
(2.51998e-15 -4.36794e-15 0)
(1.00801e-15 -1.68e-15 0)
(2.68798e-15 -3.36028e-16 0)
(1.17599e-15 -3.69593e-15 0)
(-3.02398e-15 -1.008e-15 0)
(-3.02398e-15 -1.67998e-15 0)
(-3.19196e-15 -3.36006e-16 0)
(-3.36005e-16 -1.34399e-15 0)
(-1.68e-15 -1.34398e-15 0)
(-1.67999e-15 3.35974e-16 0)
(-1.34396e-15 3.35982e-16 0)
(5.03963e-16 3.35983e-16 0)
(1.00801e-15 -1.00799e-15 0)
(5.04015e-16 -6.71994e-16 0)
(3.02395e-15 -3.35977e-16 0)
(1.84797e-15 -2.18905e-20 0)
(-1.34396e-15 1.00797e-15 0)
(6.72007e-16 1.67997e-15 0)
(4.19994e-15 -1.00799e-15 0)
(2.00043e-20 2.35197e-15 0)
(3.35996e-15 1.00799e-15 0)
(2.51996e-15 4.13177e-20 0)
(-1.34397e-15 1.00801e-15 0)
(8.39997e-16 2.35196e-15 0)
(-1.00801e-15 1.344e-15 0)
(-3.86394e-15 2.68796e-15 0)
(2.18397e-15 3.02396e-15 0)
(8.39999e-16 3.35997e-16 0)
(-3.35999e-16 -3.35996e-15 0)
(-1.67998e-15 -2.016e-15 0)
(3.69597e-15 -5.71195e-15 0)
(2.01599e-15 -5.03991e-15 0)
(4.87195e-15 -4.36795e-15 0)
(1.34398e-15 -9.95802e-21 0)
(-1.67998e-15 2.35197e-15 0)
(-4.19996e-15 3.69597e-15 0)
(-1.34399e-15 6.72006e-16 0)
(-1.68018e-16 3.36016e-16 0)
(-2.51998e-15 2.01595e-15 0)
(-3.86394e-15 -1.00797e-15 0)
(2.01593e-15 6.71986e-16 0)
(-2.51994e-15 1.00795e-15 0)
(1.68005e-16 -2.68793e-15 0)
(1.34398e-15 -2.01598e-15 0)
(1.84798e-15 -6.71995e-16 0)
(5.04001e-16 -5.71192e-15 0)
(-1.51198e-15 -3.02398e-15 0)
(2.35198e-15 -2.35198e-15 0)
(5.87994e-15 -9.26482e-21 0)
(1.54388e-20 3.36001e-16 0)
(4.53595e-15 -1.34395e-15 0)
(2.016e-15 5.37591e-15 0)
(-1.84797e-15 1.20195e-20 0)
(-1.68003e-16 -1.34396e-15 0)
(-2.01598e-15 2.68795e-15 0)
(3.35979e-16 -6.71974e-16 0)
(-6.71984e-16 1.344e-15 0)
(1.17598e-15 3.36e-16 0)
(-1.68002e-16 -2.35198e-15 0)
(-4.53595e-15 -1.34398e-14 0)
(3.69595e-15 -1.00799e-15 0)
(3.02397e-15 1.34391e-15 0)
(5.71195e-15 -2.68796e-15 0)
(1.00801e-15 -3.36026e-16 0)
(8.39975e-16 -5.62939e-21 0)
(-2.18396e-15 4.36794e-15 0)
(6.71972e-16 3.69596e-15 0)
(-3.19197e-15 2.01598e-15 0)
(-4.70394e-15 4.70393e-15 0)
(-1.84803e-15 7.27712e-21 0)
(-3.52792e-15 -2.01596e-15 0)
(2.18395e-15 -3.35995e-15 0)
(1.51199e-15 -3.35988e-16 0)
(1.34397e-15 3.02396e-15 0)
(-1.51198e-15 2.68793e-15 0)
(5.36415e-21 -3.02397e-15 0)
(1.67996e-16 -2.01599e-15 0)
(4.03196e-15 -4.70393e-15 0)
(3.19199e-15 1.00798e-15 0)
(-6.71977e-16 1.67997e-15 0)
(4.70394e-15 -6.14554e-21 0)
(4.87196e-15 -4.70393e-15 0)
(-1.68001e-15 2.01596e-15 0)
(-6.71983e-16 2.68794e-15 0)
(-2.68797e-15 -1.67997e-15 0)
(-1.34398e-15 1.34399e-15 0)
(5.03992e-16 3.02393e-15 0)
(8.39989e-16 3.35994e-16 0)
(-4.06194e-21 4.03193e-15 0)
(-3.52796e-15 1.34393e-15 0)
(3.02395e-15 3.35978e-16 0)
(1.67999e-15 -3.02394e-15 0)
(4.36796e-15 -3.88021e-20 0)
(6.72e-16 -4.70394e-15 0)
(2.85598e-15 -4.70393e-15 0)
(8.39991e-16 2.01598e-15 0)
(-1.68013e-16 1.67999e-15 0)
(-4.19994e-15 1.00799e-15 0)
(-1.84803e-15 -1.00796e-15 0)
(-5.37589e-15 1.34398e-15 0)
(6.71956e-16 2.35196e-15 0)
(2.35199e-15 -1.67995e-15 0)
(-1.176e-15 4.36794e-15 0)
(1.67998e-15 3.35996e-15 0)
(-4.87196e-15 -6.71934e-16 0)
(-1.00798e-15 -3.02397e-15 0)
(6.71998e-16 -2.68796e-15 0)
(7.05593e-15 -7.81122e-21 0)
(5.20794e-15 -1.34398e-15 0)
(1.848e-15 1.00802e-15 0)
(1.68017e-16 -6.7202e-16 0)
(5.20794e-15 -1.008e-15 0)
(-4.03194e-15 -5.71192e-15 0)
(1.84796e-15 -3.69595e-15 0)
(-1.51199e-15 3.35995e-16 0)
(-1.00799e-15 -1.04258e-20 0)
(-3.36006e-16 -1.34395e-15 0)
(5.03992e-16 -1.67998e-15 0)
(6.71982e-16 -1.00799e-15 0)
(-2.01598e-15 3.36009e-16 0)
(-1.67994e-15 -1.34399e-15 0)
(-3.35978e-16 -2.68797e-15 0)
(6.8879e-15 -6.71994e-16 0)
(4.12859e-20 -3.36013e-16 0)
(6.88789e-15 3.3599e-16 0)
(-1.84795e-15 3.35998e-16 0)
(-1.84798e-15 -6.7199e-16 0)
(-2.01599e-15 -1.00797e-15 0)
(-5.37593e-15 6.71989e-16 0)
(6.71946e-16 3.36001e-16 0)
(-3.35974e-16 1.00801e-15 0)
(1.00799e-15 4.70396e-15 0)
(1.00799e-15 1.67999e-15 0)
(-2.51996e-15 1.00801e-15 0)
(-4.53595e-15 -1.00801e-15 0)
(-9.83341e-21 6.72034e-16 0)
(-2.01597e-15 4.03192e-15 0)
(6.55192e-15 3.35981e-16 0)
(3.36045e-16 -3.69594e-15 0)
(6.38391e-15 1.00795e-15 0)
(1.17598e-15 -2.68798e-15 0)
(3.35999e-15 -1.67997e-15 0)
(-6.72005e-16 5.03991e-15 0)
(-1.67997e-16 -2.68798e-15 0)
(-3.35994e-15 -2.35196e-15 0)
(2.35196e-15 -1.34398e-15 0)
(-8.39986e-16 -1.20665e-20 0)
(-5.03993e-16 -2.01595e-15 0)
(-2.67988e-21 -4.36793e-15 0)
(-3.52795e-15 -6.7199e-16 0)
(2.51996e-15 1.67994e-15 0)
(2.18399e-15 -3.78091e-21 0)
(1.68e-15 -3.69595e-15 0)
(5.37595e-15 -3.02398e-15 0)
(5.04017e-16 -1.00797e-15 0)
(1.00797e-15 -3.69596e-15 0)
(-1.67998e-15 -1.00801e-15 0)
(-1.176e-15 -1.65064e-20 0)
(5.03974e-16 6.71983e-16 0)
(-1.67998e-15 3.36025e-16 0)
(-2.18397e-15 1.00798e-15 0)
(1.67996e-15 4.03192e-15 0)
(3.3603e-16 3.02395e-15 0)
(3.19191e-15 2.01598e-15 0)
(-4.53594e-15 5.03993e-15 0)
(1.00799e-15 7.39187e-15 0)
(-2.35198e-15 -6.71956e-16 0)
(5.04032e-16 3.36005e-16 0)
(5.20792e-15 2.01593e-15 0)
(2.51999e-15 -1.67998e-15 0)
(-3.52793e-15 -1.34397e-15 0)
(5.71193e-15 -5.03994e-15 0)
(-4.03195e-15 -2.35198e-15 0)
(1.84799e-15 -2.35196e-15 0)
(2.68794e-15 -3.12943e-20 0)
(-6.71984e-16 -1.344e-15 0)
(-1.67997e-15 -2.69101e-20 0)
(-5.20955e-21 -3.36019e-16 0)
(1.75352e-21 -3.36019e-16 0)
(-3.36027e-16 -3.36e-15 0)
(1.00802e-15 -5.37589e-15 0)
(2.51997e-15 6.71972e-16 0)
(3.36022e-16 6.71972e-16 0)
(1.10879e-14 -3.69595e-15 0)
(-6.7196e-16 -2.01603e-15 0)
(-1.68e-15 6.71981e-16 0)
(-1.84797e-15 -3.35966e-16 0)
(-4.53596e-15 -6.72014e-16 0)
(-2.01599e-15 -6.71972e-16 0)
(2.18398e-15 1.34396e-15 0)
(-2.01598e-15 2.68799e-15 0)
(-2.35195e-15 6.72028e-16 0)
(1.6797e-16 -1.67997e-15 0)
(2.01601e-15 6.71997e-16 0)
(3.35975e-16 -4.03189e-15 0)
(-6.71988e-16 1.00801e-15 0)
(-2.01597e-15 1.00798e-15 0)
(2.68795e-15 -4.36794e-15 0)
(1.00802e-15 -5.37591e-15 0)
(3.02395e-15 -5.03995e-15 0)
(-3.3597e-16 -1.00799e-15 0)
(2.18397e-15 -3.36021e-16 0)
(-3.36011e-16 -3.69596e-15 0)
(8.40002e-16 2.01595e-15 0)
(-6.71987e-16 -4.70394e-15 0)
(1.34397e-15 -4.03196e-15 0)
(3.35994e-16 -6.38393e-15 0)
(-4.86009e-22 -7.39189e-15 0)
(-4.18194e-21 -2.87219e-20 0)
(-2.51996e-15 -6.71958e-16 0)
(2.51997e-15 1.00793e-15 0)
(4.19995e-15 -1.34401e-15 0)
(1.84799e-15 -2.68795e-15 0)
(2.68798e-15 1.34395e-15 0)
(2.18397e-15 3.35997e-15 0)
(-2.18397e-15 -2.35198e-15 0)
(3.02397e-15 6.71936e-16 0)
(-3.69596e-15 -2.35194e-15 0)
(-2.68796e-15 6.71983e-16 0)
(1.176e-15 4.03198e-15 0)
(-1.34399e-15 1.00799e-15 0)
(1.67966e-16 1.00796e-15 0)
(-2.35195e-15 6.7201e-16 0)
(3.86394e-15 -2.01596e-15 0)
(-5.03986e-16 2.68792e-15 0)
(-5.03996e-16 -3.35983e-16 0)
(-2.85598e-15 1.00798e-15 0)
(-2.01596e-15 4.36789e-15 0)
(4.03194e-15 1.34396e-15 0)
(1.00799e-15 -5.37592e-15 0)
(2.51997e-15 5.03989e-15 0)
(2.85598e-15 2.01597e-15 0)
(-2.18397e-15 -7.72791e-15 0)
(-1.00799e-15 -5.37596e-15 0)
(-8.39989e-16 -4.70395e-15 0)
(-6.19547e-22 -3.02398e-15 0)
(-2.68795e-15 -4.70395e-15 0)
(3.35991e-16 1.00793e-15 0)
(1.67992e-16 -1.67996e-15 0)
(-3.69594e-15 -4.36795e-15 0)
(2.68796e-15 -3.35994e-15 0)
(-1.34395e-15 -3.02395e-15 0)
(4.87193e-15 -1.00802e-15 0)
(1.512e-15 -3.02392e-15 0)
(2.18399e-15 -6.38394e-15 0)
(-1.34397e-15 -7.72792e-15 0)
(4.36793e-15 -9.07185e-15 0)
(-5.71193e-15 6.71945e-16 0)
(1.51196e-15 -6.71989e-16 0)
(-1.17598e-15 2.35193e-15 0)
(1.51198e-15 -6.7198e-16 0)
(-3.52795e-15 4.03197e-15 0)
(-2.3673e-21 6.71982e-16 0)
(1.84798e-15 3.02394e-15 0)
(1.51197e-15 7.18371e-21 0)
(-1.68004e-16 -3.69597e-15 0)
(-2.85599e-15 -3.69595e-15 0)
(-2.35197e-15 -2.01594e-15 0)
(8.40002e-16 -1.00798e-15 0)
(-1.17596e-15 -1.34402e-15 0)
(8.40005e-16 -7.72786e-15 0)
(4.53595e-15 -2.35198e-15 0)
(-3.19197e-15 -3.36026e-16 0)
(8.40005e-16 -3.69595e-15 0)
(-2.01599e-15 6.71955e-16 0)
(1.34398e-15 6.71991e-16 0)
(1.67981e-16 3.36004e-16 0)
(3.35991e-16 2.35196e-15 0)
(1.68002e-16 -3.36053e-16 0)
(1.00796e-15 3.35942e-16 0)
(1.68005e-16 -4.03197e-15 0)
(3.35987e-16 -3.02401e-15 0)
(3.36048e-16 -3.02397e-15 0)
(2.18399e-15 -2.352e-15 0)
(3.69593e-15 -4.70394e-15 0)
(-1.34398e-15 -1.68002e-15 0)
(5.04013e-16 2.68791e-15 0)
(1.00798e-15 7.76792e-21 0)
(4.36794e-15 -1.73086e-20 0)
(1.51198e-15 -3.35992e-15 0)
(-4.36793e-15 -1.00798e-15 0)
(3.35989e-16 1.00798e-15 0)
(1.00798e-15 1.008e-15 0)
(1.51198e-15 2.35197e-15 0)
(-7.39191e-15 1.67996e-15 0)
(-1.008e-15 -3.35996e-16 0)
(-3.35999e-16 -1.67998e-15 0)
(-1.00795e-15 6.71972e-16 0)
(1.51195e-15 1.00798e-15 0)
(3.35994e-16 -2.01598e-15 0)
(7.2239e-15 -6.7204e-16 0)
(-1.34397e-15 -1.00801e-15 0)
(-1.67997e-15 -6.72003e-16 0)
(1.84796e-15 -1.34129e-20 0)
(1.84799e-15 -3.35973e-16 0)
(-3.35996e-15 2.01597e-15 0)
(1.84797e-15 1.67997e-15 0)
(-1.17597e-15 -6.71981e-16 0)
(3.35986e-16 -8.73584e-15 0)
(3.36032e-16 -1.67994e-15 0)
(-1.84798e-15 -5.37594e-15 0)
(1.51198e-15 -4.03192e-15 0)
(3.35988e-16 -2.016e-15 0)
(1.17599e-15 -2.35199e-15 0)
(2.184e-15 -6.72048e-16 0)
(2.18397e-15 -6.7199e-15 0)
(3.02396e-15 -3.02395e-15 0)
(-8.39969e-16 -2.01597e-15 0)
(1.68e-15 -4.36793e-15 0)
(-5.03994e-16 -1.68e-15 0)
(-8.39996e-16 6.71953e-16 0)
(1.84796e-15 -1.34397e-15 0)
(-5.03979e-16 2.68796e-15 0)
(3.69593e-15 -6.71978e-16 0)
(-6.3839e-15 -6.38389e-15 0)
(-4.19994e-15 1.00798e-15 0)
(-5.0401e-16 2.25605e-20 0)
(7.55986e-15 -6.71996e-16 0)
(-4.8719e-15 6.7198e-16 0)
(-8.3999e-16 -2.01597e-15 0)
(4.03196e-15 -6.38392e-15 0)
(-1.84798e-15 -7.05591e-15 0)
(1.00796e-15 -3.35996e-15 0)
(-1.67995e-15 2.01597e-15 0)
(-3.36002e-16 -3.36017e-16 0)
(-5.03984e-16 -3.02397e-15 0)
(3.35994e-15 -2.68799e-15 0)
(1.00799e-15 -5.03993e-15 0)
(-1.34398e-15 -1.34404e-15 0)
(6.71971e-16 3.35957e-16 0)
(-3.35991e-16 -2.68796e-15 0)
(1.344e-15 -1.00804e-15 0)
(3.69595e-15 -2.68797e-15 0)
(3.52796e-15 -4.03197e-15 0)
(-1.51196e-15 -6.38393e-15 0)
(1.84797e-15 -3.35998e-15 0)
(1.00801e-15 -1.34401e-15 0)
(6.72003e-16 -1.00801e-15 0)
(2.18398e-15 -3.36035e-16 0)
(-1.51199e-15 -2.01599e-15 0)
(3.36001e-16 -2.35196e-15 0)
(4.19996e-15 -2.68795e-15 0)
(-2.35198e-15 -2.01599e-15 0)
(3.3602e-16 -2.68799e-15 0)
(-6.7202e-16 -3.69594e-15 0)
(-1.00802e-15 1.00797e-15 0)
(-5.7119e-15 2.68794e-15 0)
(2.18396e-15 -2.01595e-15 0)
(-1.68007e-16 -1.00799e-15 0)
(-1.51199e-15 -2.13089e-20 0)
(1.344e-15 -1.00802e-15 0)
(6.7199e-16 -2.01599e-15 0)
(-3.02395e-15 -4.70394e-15 0)
(3.86394e-15 -3.35999e-16 0)
(-1.67991e-16 -6.71973e-16 0)
(1.51196e-15 -1.60872e-20 0)
(-2.51994e-15 -6.04791e-15 0)
(8.39983e-16 6.71958e-16 0)
(-5.03992e-16 -4.36794e-15 0)
(-1.51197e-15 6.18291e-21 0)
(2.51997e-15 2.68793e-15 0)
(2.01598e-15 -3.02394e-15 0)
(5.04006e-16 -3.02398e-15 0)
(3.36012e-16 -5.71195e-15 0)
(3.86394e-15 -3.02397e-15 0)
(-6.71973e-16 3.02395e-15 0)
(5.04012e-16 -1.34396e-15 0)
(4.87195e-15 -3.02394e-15 0)
(2.68795e-15 -1.34399e-15 0)
(-1.67997e-15 -4.36794e-15 0)
(-5.03987e-16 6.71984e-16 0)
(1.51199e-15 5.0399e-15 0)
(-1.67987e-16 -2.68795e-15 0)
(1.51196e-15 -4.36792e-15 0)
(-3.02398e-15 2.35192e-15 0)
(-2.35196e-15 6.71996e-16 0)
(1.51196e-15 -3.35991e-16 0)
(3.35993e-16 1.34397e-15 0)
(-2.01597e-15 -6.71997e-16 0)
(-3.86395e-15 -2.68796e-15 0)
(2.68794e-15 -3.69595e-15 0)
(-1.34396e-15 -1.34402e-15 0)
(-8.3999e-16 -6.71994e-16 0)
(7.05591e-15 -1.008e-15 0)
(-1.84798e-15 1.00795e-15 0)
(-2.35195e-15 -1.67998e-15 0)
(1.17597e-15 -3.35996e-15 0)
(1.00799e-15 -3.35994e-15 0)
(-3.36e-16 7.72792e-15 0)
(-7.72791e-15 -6.71997e-16 0)
(2.68796e-15 -2.01594e-15 0)
(3.35999e-16 -2.71805e-20 0)
(1.008e-15 -1.00801e-15 0)
(-5.03979e-16 -5.03993e-15 0)
(2.85599e-15 -4.03195e-15 0)
(3.86393e-15 6.71991e-16 0)
(3.36025e-16 -1.67999e-15 0)
(5.20791e-15 1.00794e-15 0)
(-2.35194e-15 -4.70395e-15 0)
(1.68002e-16 1.67998e-15 0)
(-1.008e-15 -1.00801e-15 0)
(2.51998e-15 -1.00799e-14 0)
(2.18395e-15 1.00795e-15 0)
(-1.00796e-15 -3.36019e-16 0)
(-5.87995e-15 -1.00797e-15 0)
(-1.008e-15 -3.02396e-15 0)
(-1.17598e-15 -2.68797e-15 0)
(2.51997e-15 1.36964e-20 0)
(-3.02397e-15 -1.67997e-15 0)
(-1.008e-15 1.00797e-15 0)
(1.67998e-16 -3.35998e-15 0)
(2.64383e-21 -1.67997e-15 0)
(-1.17596e-15 2.35192e-15 0)
(7.39189e-15 -3.69592e-15 0)
(-2.51996e-15 -6.7198e-16 0)
(-8.3999e-16 -1.34397e-15 0)
(1.67994e-16 4.03192e-15 0)
(1.34398e-15 2.01594e-15 0)
(2.35197e-15 -5.37594e-15 0)
(1.17595e-15 -1.00796e-15 0)
(1.008e-15 4.03193e-15 0)
(1.68003e-16 3.36034e-16 0)
(2.18398e-15 1.344e-15 0)
(-3.3599e-16 -7.85222e-21 0)
(3.69596e-15 -6.71987e-16 0)
(2.18397e-15 -3.36012e-16 0)
(-1.67978e-16 -4.36795e-15 0)
(2.01598e-15 -2.68796e-15 0)
(5.04008e-16 5.2134e-21 0)
(1.67998e-15 1.34396e-15 0)
(-1.67997e-15 3.36027e-16 0)
(1.17598e-15 2.35196e-15 0)
(-1.51196e-15 -1.67996e-15 0)
(2.18395e-15 -6.72004e-16 0)
(-4.87195e-15 1.34396e-15 0)
(-9.3614e-21 -6.7199e-16 0)
(-1.51199e-15 -6.72e-16 0)
(5.04001e-16 1.34398e-15 0)
(3.35987e-16 -3.36006e-16 0)
(-2.68797e-15 1.00797e-15 0)
(-1.84796e-15 -1.52381e-20 0)
(4.70392e-15 -3.69593e-15 0)
(1.74761e-20 -2.01596e-15 0)
(3.02399e-15 -1.00803e-15 0)
(-1.84798e-15 3.02395e-15 0)
(1.68001e-16 -3.36e-16 0)
(-8.3999e-16 1.008e-15 0)
(2.01596e-15 1.00801e-15 0)
(1.00798e-15 1.67999e-15 0)
(-3.52794e-15 6.0479e-15 0)
(-7.7106e-21 1.00801e-15 0)
(6.71989e-16 5.3759e-15 0)
(1.344e-15 7.8757e-21 0)
(-1.51199e-15 6.38389e-15 0)
(4.19996e-15 2.35198e-15 0)
(-2.35195e-15 -8.84352e-21 0)
(3.02396e-15 1.00796e-15 0)
(1.67999e-15 -3.35996e-15 0)
(2.51997e-15 -3.69598e-15 0)
(6.72002e-16 -5.37591e-15 0)
(6.71979e-16 -5.61813e-20 0)
(-1.51198e-15 -6.71999e-16 0)
(3.36003e-16 -2.68799e-15 0)
(2.51995e-15 -4.03195e-15 0)
(-4.36794e-15 -2.35199e-15 0)
(-1.34398e-15 -6.72008e-16 0)
(-2.85596e-15 -1.34397e-15 0)
(3.86392e-15 4.03192e-15 0)
(-3.02395e-15 -2.01597e-15 0)
(-5.03997e-16 -2.68795e-15 0)
(-1.17597e-15 3.36006e-16 0)
(4.19994e-15 3.02392e-15 0)
(1.67998e-15 1.00799e-15 0)
(4.19996e-15 2.68798e-15 0)
(6.72011e-16 -3.69593e-15 0)
(1.84797e-15 1.50504e-20 0)
(1.00801e-15 6.04792e-15 0)
(8.4906e-21 3.19783e-20 0)
(1.51198e-15 3.69597e-15 0)
(-1.51199e-15 -6.71953e-16 0)
(1.6735e-20 2.79137e-20 0)
(5.03977e-16 4.23777e-20 0)
(-3.35996e-15 2.01598e-15 0)
(3.36017e-16 5.95348e-20 0)
(5.87994e-15 6.72016e-16 0)
(-8.40032e-16 -1.00795e-15 0)
(8.40005e-16 -3.35989e-16 0)
(2.184e-15 2.35195e-15 0)
(-1.17596e-15 -4.03193e-15 0)
(2.35197e-15 -2.35199e-15 0)
(5.03997e-16 -4.03193e-15 0)
(-2.35198e-15 -2.68799e-15 0)
(-1.94833e-20 -3.35997e-15 0)
(2.60609e-20 -1.67999e-15 0)
(-1.008e-15 2.68797e-15 0)
(1.67998e-15 -6.71986e-16 0)
(-3.19197e-15 1.00797e-15 0)
(-1.51198e-15 -2.35197e-15 0)
(-1.67998e-15 -1.34399e-15 0)
(1.00798e-15 -2.68796e-15 0)
(1.84796e-15 -1.34399e-15 0)
(1.34401e-15 -2.35193e-15 0)
(3.35995e-16 -6.72003e-16 0)
(2.35199e-15 -1.21334e-20 0)
(3.19196e-15 -3.35999e-15 0)
(-6.71967e-16 -1.34402e-15 0)
(2.68793e-15 -2.68797e-15 0)
(-3.35988e-16 6.71949e-16 0)
(-5.03984e-16 3.69596e-15 0)
(2.01596e-15 1.34398e-15 0)
(-1.68002e-16 4.36797e-15 0)
(-2.68796e-15 2.35197e-15 0)
(6.72003e-16 1.00801e-15 0)
(1.67974e-16 6.38389e-15 0)
(1.6803e-16 3.69593e-15 0)
(-1.68011e-16 2.35193e-15 0)
(-5.03983e-16 6.71982e-16 0)
(-1.67998e-15 -4.70392e-15 0)
(4.53593e-15 1.34394e-15 0)
(8.40011e-16 -2.68796e-15 0)
(2.35198e-15 -1.344e-15 0)
(-1.34399e-15 -1.67996e-15 0)
(-2.85594e-15 -6.72e-16 0)
(2.51996e-15 -6.56506e-21 0)
(-8.40011e-16 -6.04791e-15 0)
(1.17599e-15 1.00798e-15 0)
(-1.34399e-15 -2.18203e-20 0)
(-1.34398e-15 -8.73586e-15 0)
(-1.68009e-16 3.36002e-16 0)
(-3.35986e-16 6.04789e-15 0)
(-2.51996e-15 2.35199e-15 0)
(2.85595e-15 6.71988e-15 0)
(-1.17596e-15 2.52407e-20 0)
(2.51998e-15 -2.35198e-15 0)
(3.02396e-15 -3.02396e-15 0)
(-1.34399e-15 -4.70393e-15 0)
(-2.35193e-15 -4.36795e-15 0)
(3.35987e-16 -6.71985e-15 0)
(-8.39992e-16 3.02397e-15 0)
(-5.54392e-15 3.36006e-16 0)
(3.86393e-15 8.39985e-15 0)
(-1.00798e-15 5.37592e-15 0)
(3.69596e-15 2.68795e-15 0)
(-1.26345e-21 -1.34398e-15 0)
(5.0397e-16 -2.35199e-15 0)
(-5.03974e-16 -6.7199e-15 0)
(2.68795e-15 -3.35996e-15 0)
(-5.20792e-15 -6.72034e-16 0)
(1.51201e-15 -1.34397e-15 0)
(1.84797e-15 -3.36022e-16 0)
(2.01599e-15 -1.008e-15 0)
(-1.17599e-15 -1.34402e-15 0)
(1.34396e-15 -1.008e-15 0)
(6.72e-16 -2.68798e-15 0)
(-4.03194e-15 3.35949e-16 0)
(2.35195e-15 -2.68798e-15 0)
(-2.18394e-15 -3.35985e-16 0)
(1.67987e-16 -6.7203e-16 0)
(-1.00799e-15 -3.84227e-21 0)
(2.18396e-15 -6.71962e-16 0)
(-1.00798e-15 2.01598e-15 0)
(3.36014e-16 6.72017e-16 0)
(1.34395e-15 1.00799e-15 0)
(1.34399e-15 6.71954e-16 0)
(-1.51195e-15 -3.35992e-16 0)
(-9.80592e-21 -3.36032e-16 0)
(1.17597e-15 -5.03995e-15 0)
(-1.34398e-15 1.00793e-15 0)
(-6.71981e-16 2.01599e-15 0)
(-3.19197e-15 1.67999e-15 0)
(1.6801e-16 1.00802e-15 0)
(-3.35998e-16 5.0499e-20 0)
(-1.176e-15 1.68001e-15 0)
(-3.19194e-15 2.016e-15 0)
(-1.00797e-15 -3.35951e-16 0)
(1.17597e-15 3.35989e-16 0)
(8.39992e-16 4.21607e-21 0)
(-8.40004e-16 2.35197e-15 0)
(2.18399e-15 -3.35985e-16 0)
(-1.67988e-16 -3.35996e-16 0)
(4.19996e-15 -1.34396e-15 0)
(-6.72033e-16 -6.71981e-16 0)
(-3.19195e-15 9.59112e-21 0)
(-1.67986e-16 -3.3598e-16 0)
(8.39972e-16 -2.35195e-15 0)
(1.84801e-15 3.35991e-16 0)
(6.71964e-16 3.35992e-16 0)
(-1.67996e-15 -6.71975e-16 0)
(1.84798e-15 2.35198e-15 0)
(-5.0398e-16 8.29392e-21 0)
(1.34396e-15 -6.71984e-16 0)
(2.01596e-15 -4.12503e-21 0)
(-8.39982e-16 -1.9791e-20 0)
(-1.34397e-15 -5.7119e-15 0)
(-1.34401e-15 -1.68001e-15 0)
(-1.00799e-15 -3.02396e-15 0)
(-8.39975e-16 -3.69598e-15 0)
(1.17598e-15 -2.01597e-15 0)
(1.67999e-15 -3.35995e-15 0)
(7.05589e-15 3.3599e-16 0)
(-1.84797e-15 -4.03191e-15 0)
(3.3599e-16 2.35196e-15 0)
(-2.18396e-15 5.71192e-15 0)
(-1.008e-15 4.70394e-15 0)
(8.39972e-16 7.05588e-15 0)
(-6.55949e-21 4.70394e-15 0)
(-1.67981e-16 2.01598e-15 0)
(-6.04651e-21 -3.35962e-16 0)
(1.68009e-16 3.69593e-15 0)
(-6.71987e-16 1.00801e-15 0)
(3.69594e-15 4.03192e-15 0)
(-6.21591e-15 1.67997e-15 0)
(1.68015e-16 5.71195e-15 0)
(2.51996e-15 6.04791e-15 0)
(-1.00798e-15 1.00803e-15 0)
(1.51197e-15 5.02412e-21 0)
(-1.34397e-15 -6.71984e-16 0)
(1.51199e-15 3.35997e-15 0)
(2.01596e-15 5.71194e-15 0)
(-1.67997e-15 3.69596e-15 0)
(-2.85597e-15 3.36008e-16 0)
(-2.01598e-15 -4.88606e-21 0)
(-1.34398e-15 -2.01598e-15 0)
(-6.02084e-21 -1.67998e-15 0)
(-2.35199e-15 -3.02397e-15 0)
(-1.17598e-15 -2.016e-15 0)
(2.01598e-15 -4.70394e-15 0)
(3.02395e-15 -4.03195e-15 0)
(6.71995e-16 9.69627e-21 0)
(-1.34397e-15 -1.34397e-15 0)
(2.68796e-15 3.02394e-15 0)
(5.04001e-16 -1.00796e-15 0)
(3.35991e-16 1.34399e-15 0)
(-3.69597e-15 -2.68793e-15 0)
(8.39998e-16 -3.35978e-16 0)
(-1.67999e-15 -1.00797e-15 0)
(5.03973e-16 -1.67996e-15 0)
(1.17598e-15 2.01594e-15 0)
(2.184e-15 -2.68794e-15 0)
(-2.18396e-15 1.67998e-15 0)
(2.18399e-15 -1.00798e-15 0)
(-6.71989e-16 -4.03192e-15 0)
(6.71942e-16 9.35407e-22 0)
(1.848e-15 1.00801e-15 0)
(-1.51197e-15 6.04789e-15 0)
(1.67996e-15 6.72032e-16 0)
(-1.84796e-15 2.35196e-15 0)
(5.03995e-15 3.02395e-15 0)
(-4.19995e-15 1.344e-15 0)
(2.51996e-15 3.35995e-15 0)
(5.0399e-16 3.69594e-15 0)
(-5.54395e-15 -6.71974e-16 0)
(-6.72017e-16 -2.68798e-15 0)
(-3.19196e-15 -3.05433e-20 0)
(-3.35996e-15 -6.72007e-16 0)
(-6.72e-16 -3.36007e-16 0)
(1.67997e-15 1.34395e-15 0)
(6.72004e-16 1.34399e-15 0)
(1.67494e-20 4.36795e-15 0)
(1.17594e-15 4.70394e-15 0)
(-1.67995e-15 -3.35974e-16 0)
(1.67997e-15 4.36791e-15 0)
(-1.17597e-15 6.72002e-16 0)
(-2.68797e-15 3.35995e-15 0)
(1.00797e-15 6.71987e-16 0)
(-6.04791e-15 6.71997e-16 0)
(-1.00799e-15 2.68795e-15 0)
(1.06541e-20 -4.03191e-15 0)
(5.37593e-15 -1.67997e-15 0)
(6.71976e-16 2.35195e-15 0)
(3.69596e-15 -3.35977e-16 0)
(1.512e-15 -3.36024e-16 0)
(1.68031e-16 2.68796e-15 0)
(-6.72025e-16 6.72014e-16 0)
(-3.02396e-15 6.71998e-16 0)
(5.03994e-16 5.71189e-15 0)
(5.0397e-16 -6.71965e-16 0)
(1.17602e-15 -3.35982e-16 0)
(-5.03994e-16 -1.34398e-15 0)
(-8.39993e-16 -3.35971e-16 0)
(8.39943e-16 3.69599e-15 0)
(-4.70393e-15 3.35963e-16 0)
(-2.35198e-15 -1.34398e-15 0)
(-4.70394e-15 -3.02397e-15 0)
(8.39957e-16 -4.03194e-15 0)
(-2.18396e-15 -6.72011e-16 0)
(2.68799e-15 -6.38389e-15 0)
(1.67998e-15 -1.34398e-15 0)
(-3.35984e-16 -6.7195e-16 0)
(-2.85599e-15 5.37594e-15 0)
(8.39969e-16 1.34398e-15 0)
(3.36006e-16 -2.35196e-15 0)
(1.34397e-15 1.67998e-15 0)
(-1.68e-15 3.35995e-15 0)
(-2.18397e-15 3.36007e-16 0)
(-1.00798e-15 -3.35999e-16 0)
(-5.04013e-16 -6.71986e-16 0)
(-1.17597e-15 3.35994e-15 0)
(2.35196e-15 4.36792e-15 0)
(-4.36791e-15 3.35985e-16 0)
(4.19995e-15 -1.008e-15 0)
(4.53594e-15 6.71991e-15 0)
(-1.34398e-15 -4.36791e-15 0)
(2.68797e-15 3.3598e-16 0)
(-1.84799e-15 1.00797e-15 0)
(8.40011e-16 -6.71962e-16 0)
(-1.67998e-15 2.68796e-15 0)
(-1.17596e-15 -1.34396e-15 0)
(3.52793e-15 -2.35196e-15 0)
(-5.03991e-16 -1.008e-15 0)
(-6.2159e-15 -2.35201e-15 0)
(-2.18399e-15 -3.02393e-15 0)
(-5.04052e-16 -3.02397e-15 0)
(-4.03195e-15 6.71985e-16 0)
(-1.17599e-15 -6.71963e-16 0)
(1.84794e-15 1.67998e-15 0)
(8.40022e-16 2.35195e-15 0)
(6.71992e-16 1.00798e-15 0)
(2.35194e-15 5.03992e-15 0)
(-6.21593e-15 -2.01596e-15 0)
(-2.01598e-15 4.03192e-15 0)
(3.36003e-16 -6.04789e-15 0)
(2.35197e-15 -2.01599e-15 0)
(-3.52794e-15 -1.00795e-15 0)
(-1.51199e-15 1.34399e-15 0)
(-1.34402e-15 -3.35989e-16 0)
(-3.35995e-16 -3.35996e-15 0)
(2.51995e-15 -1.34398e-15 0)
(1.68011e-16 -6.71994e-16 0)
(-2.01598e-15 -4.70391e-15 0)
(3.69597e-15 -4.70389e-15 0)
(1.6799e-16 -6.71979e-16 0)
(1.67999e-15 -1.00804e-15 0)
(3.36e-16 -2.68797e-15 0)
(-5.03994e-16 -6.71986e-15 0)
(2.18396e-15 -1.008e-15 0)
(-1.176e-15 3.36006e-16 0)
(-3.35975e-16 5.03992e-15 0)
(-5.03968e-16 -1.34398e-15 0)
(1.51196e-15 4.67198e-22 0)
(-3.52799e-15 3.35996e-15 0)
(-2.68798e-15 2.35197e-15 0)
(-3.19196e-15 3.35995e-16 0)
(-1.34398e-15 2.016e-15 0)
(3.52793e-15 4.03192e-15 0)
(-5.54391e-15 -2.35196e-15 0)
(2.35197e-15 -3.35994e-15 0)
(1.00798e-15 -3.35994e-16 0)
(6.72007e-16 1.68774e-20 0)
(-4.368e-15 6.04794e-15 0)
(-2.18396e-15 -4.70388e-15 0)
(6.71992e-16 2.68793e-15 0)
(6.72006e-16 -3.69594e-15 0)
(1.51197e-15 2.35194e-15 0)
(-8.4e-16 3.02396e-15 0)
(-5.71194e-15 3.35996e-15 0)
(-1.51199e-15 1.00797e-15 0)
(1.68006e-16 -1.00797e-15 0)
(1.67999e-15 -2.01598e-15 0)
(-1.00799e-15 1.34396e-15 0)
(2.18396e-15 3.35989e-15 0)
(-2.01598e-15 -4.36795e-15 0)
(1.00801e-15 -3.35994e-15 0)
(2.68795e-15 -3.36001e-16 0)
(-1.84797e-15 3.02389e-15 0)
(1.68003e-16 -1.00798e-15 0)
(-8.3997e-16 2.41538e-20 0)
(2.85594e-15 4.36794e-15 0)
(2.51995e-15 3.02395e-15 0)
(1.008e-15 4.36794e-15 0)
(-2.68797e-15 1.67999e-15 0)
(-3.69597e-15 1.87043e-20 0)
(-2.68799e-15 4.70394e-15 0)
(-4.19993e-15 2.35195e-15 0)
(-3.3601e-16 -2.01597e-15 0)
(-6.71996e-16 -1.34398e-15 0)
(3.35996e-15 6.04787e-15 0)
(5.03996e-16 3.36e-16 0)
(1.67996e-15 -2.35199e-15 0)
(-6.0479e-15 -5.03995e-15 0)
(1.67971e-16 5.7119e-15 0)
(1.17599e-15 -3.35988e-16 0)
(2.85596e-15 -2.68797e-15 0)
(8.91411e-21 -3.35982e-16 0)
(8.39986e-16 -3.35987e-16 0)
(-5.54397e-15 -1.008e-15 0)
(-1.34399e-15 -6.71965e-16 0)
(-1.34398e-15 2.01593e-15 0)
(2.85598e-15 -4.0319e-15 0)
(1.68004e-16 -1.34395e-15 0)
(-1.17598e-15 -6.7199e-16 0)
(3.36e-16 -3.35996e-16 0)
(2.01596e-15 -2.42511e-20 0)
(3.19199e-15 -2.688e-15 0)
(-1.008e-15 -5.71187e-15 0)
(5.04e-16 -2.20642e-20 0)
(2.85595e-15 1.34396e-15 0)
(-1.67996e-15 1.0916e-20 0)
(1.00801e-15 -6.7197e-16 0)
(2.18396e-15 1.4638e-20 0)
(-3.52796e-15 6.72019e-16 0)
(-2.85598e-15 3.02395e-15 0)
(-3.02399e-15 3.35998e-15 0)
(-2.68798e-15 -3.3596e-16 0)
(-5.20793e-15 2.01599e-15 0)
(2.01596e-15 2.68796e-15 0)
(3.69597e-15 -2.3519e-15 0)
(-5.03974e-16 1.34398e-15 0)
(8.39991e-16 -6.71974e-16 0)
(6.71971e-16 2.35197e-15 0)
(-3.19198e-15 -3.02395e-15 0)
(-1.17597e-15 3.35992e-16 0)
(3.39438e-20 3.35994e-15 0)
(5.37592e-15 1.00798e-15 0)
(-2.352e-15 -1.008e-15 0)
(-1.12558e-14 -3.35993e-15 0)
(6.71964e-16 1.67997e-15 0)
(-2.01597e-15 3.16257e-20 0)
(3.69594e-15 2.68794e-15 0)
(4.87194e-15 4.7039e-15 0)
(5.0398e-16 2.68797e-15 0)
(-2.35193e-15 -1.67999e-15 0)
(6.04792e-15 6.72014e-16 0)
(6.72001e-16 -3.35969e-16 0)
(1.68007e-16 2.68793e-15 0)
(-1.00799e-15 -1.00798e-15 0)
(1.39763e-20 -1.34397e-15 0)
(8.39986e-16 -1.67997e-15 0)
(3.19196e-15 6.7199e-16 0)
(1.67998e-15 6.71999e-16 0)
(-2.35199e-15 4.36792e-15 0)
(-3.35997e-15 2.352e-15 0)
(-6.21592e-15 3.02396e-15 0)
(-2.184e-15 1.344e-15 0)
(-3.35997e-15 1.00797e-15 0)
(-3.36e-16 1.53978e-20 0)
(4.70395e-15 5.03992e-15 0)
(3.69595e-15 -1.00796e-15 0)
(-3.3599e-16 3.35973e-16 0)
(-3.36e-16 -1.00797e-15 0)
(-3.35998e-15 -6.72005e-16 0)
(1.68019e-16 2.76942e-21 0)
(5.7119e-15 1.32784e-20 0)
(-1.67996e-15 6.71988e-16 0)
(-4.53593e-15 1.22519e-20 0)
(-1.84801e-15 2.35197e-15 0)
(1.17598e-15 6.72012e-16 0)
(-1.67996e-16 4.03194e-15 0)
(5.04006e-16 2.68799e-15 0)
(-3.35984e-16 6.72016e-16 0)
(-1.17598e-15 1.008e-15 0)
(4.03195e-15 -3.35975e-16 0)
(-3.35997e-16 1.00798e-15 0)
(-1.17597e-15 -1.00799e-15 0)
(-1.68004e-16 -3.35994e-15 0)
(2.35197e-15 -1.34397e-15 0)
(2.1274e-21 -3.36005e-16 0)
(5.03988e-16 -3.3602e-16 0)
(3.69596e-15 3.35988e-16 0)
(1.34399e-15 -1.67998e-15 0)
(-1.84799e-15 -2.68795e-15 0)
(-8.40013e-16 1.00797e-15 0)
(-5.20795e-15 -3.35986e-16 0)
(-5.20794e-15 1.67998e-15 0)
(-1.17602e-15 -6.71962e-16 0)
(-1.84796e-15 2.35197e-15 0)
(1.17601e-15 2.352e-15 0)
(-5.03979e-16 2.01597e-15 0)
(1.68454e-21 -3.69592e-15 0)
(-6.71993e-16 5.03992e-15 0)
(-2.18397e-15 -2.35196e-15 0)
(4.03193e-15 2.01598e-15 0)
(5.04008e-16 6.71975e-16 0)
(-1.84795e-15 -1.67997e-15 0)
(1.17595e-15 2.68797e-15 0)
(-1.68001e-16 7.0559e-15 0)
(-1.67995e-16 5.03996e-15 0)
(1.17595e-15 3.69598e-15 0)
(-4.19991e-15 4.70394e-15 0)
(3.02394e-15 -6.7195e-16 0)
(-1.84798e-15 4.36794e-15 0)
(2.01597e-15 3.02395e-15 0)
(-1.34397e-15 2.35196e-15 0)
(1.67999e-15 3.02396e-15 0)
(3.69593e-15 5.37595e-15 0)
(-5.03976e-16 8.06388e-15 0)
(-2.35196e-15 1.344e-15 0)
(-3.35989e-16 -4.3679e-15 0)
(3.52796e-15 3.36001e-16 0)
(-3.35976e-16 -1.67997e-15 0)
(-3.86396e-15 -1.34399e-15 0)
(-8.4e-16 -2.01595e-15 0)
(-3.52798e-15 -2.01595e-15 0)
(-2.184e-15 2.35197e-15 0)
(-1.34397e-15 3.35996e-15 0)
(5.03968e-16 1.34401e-15 0)
(2.51998e-15 6.38388e-15 0)
(1.00798e-15 -1.00798e-15 0)
(5.03993e-16 5.37591e-15 0)
(-6.72003e-16 -1.00798e-15 0)
(-1.00799e-15 -2.35196e-15 0)
(1.68013e-16 2.01598e-15 0)
(5.03976e-16 -1.34396e-15 0)
(6.5519e-15 6.72008e-16 0)
(-6.0479e-15 2.01597e-15 0)
(-2.51997e-15 1.68e-15 0)
(-1.51197e-15 4.03195e-15 0)
(-5.03979e-16 2.82606e-20 0)
(1.67969e-16 2.68798e-15 0)
(-8.39976e-16 2.35195e-15 0)
(1.34395e-15 -3.69593e-15 0)
(-2.18393e-15 1.34398e-15 0)
(6.71981e-16 -2.68792e-15 0)
(1.84798e-15 -6.71984e-16 0)
(6.72009e-16 2.35197e-15 0)
(8.39991e-16 -6.71942e-16 0)
(6.71981e-16 4.70396e-15 0)
(-1.34399e-15 6.38389e-15 0)
(5.04014e-16 3.02396e-15 0)
(4.36792e-15 4.70393e-15 0)
(-1.51198e-15 1.00802e-15 0)
(5.03993e-16 3.69594e-15 0)
(-4.87197e-15 4.36793e-15 0)
(-3.52796e-15 3.36025e-16 0)
(5.03981e-16 2.35197e-15 0)
(-3.02395e-15 -3.36019e-16 0)
(3.02395e-15 -5.03988e-15 0)
(3.35997e-16 6.71953e-16 0)
(3.35995e-16 -3.35996e-15 0)
(5.04002e-16 -1.00799e-14 0)
(2.85596e-15 1.34397e-15 0)
(-1.51198e-15 1.00799e-15 0)
(-5.0398e-16 -1.344e-15 0)
(3.35997e-16 -2.68797e-15 0)
(6.7199e-16 -1.34397e-15 0)
(-1.344e-15 -2.01596e-15 0)
(1.67997e-15 3.35987e-16 0)
(2.18395e-15 2.35196e-15 0)
(-3.52792e-15 4.03197e-15 0)
(-2.40358e-20 1.008e-15 0)
(-1.51196e-15 -1.00798e-15 0)
(3.19195e-15 -3.35994e-16 0)
(6.72015e-16 4.03193e-15 0)
(2.01598e-15 1.34403e-15 0)
(-3.36012e-16 2.01598e-15 0)
(5.04003e-16 6.7198e-16 0)
(-1.00798e-15 -1.34398e-15 0)
(8.39974e-16 -6.71943e-16 0)
(1.51199e-15 -3.35995e-16 0)
(-1.34397e-15 -3.02394e-15 0)
(-1.68e-15 3.35988e-16 0)
(6.71966e-16 -6.71977e-16 0)
(-6.71991e-15 -3.02394e-15 0)
(-1.17599e-15 2.01595e-15 0)
(-8.40007e-16 1.00802e-15 0)
(-1.344e-15 2.35199e-15 0)
(3.36018e-16 1.00797e-15 0)
(-3.35418e-21 -6.71978e-16 0)
(1.03358e-21 3.35997e-15 0)
(-2.35198e-15 2.35195e-15 0)
(4.36795e-15 3.35993e-15 0)
(-1.67996e-15 7.36691e-21 0)
(2.01595e-15 6.72002e-16 0)
(-1.51195e-15 2.68795e-15 0)
(2.01594e-15 1.42812e-21 0)
(-4.19994e-15 -3.02394e-15 0)
(-2.01597e-15 -1.34398e-15 0)
(1.51199e-15 -4.03192e-15 0)
(3.86391e-15 2.01598e-15 0)
(-2.68794e-15 2.35198e-15 0)
(-1.34398e-15 2.01598e-15 0)
(-5.03979e-16 1.00802e-15 0)
(5.54392e-15 1.67997e-15 0)
(3.02396e-15 4.36792e-15 0)
(-2.85595e-15 1.00798e-15 0)
(6.71995e-16 -1.34395e-15 0)
(2.01597e-15 3.02396e-15 0)
(-3.35992e-16 7.72786e-15 0)
(5.03998e-16 -3.35978e-16 0)
(-5.04009e-16 1.34397e-15 0)
(-3.19195e-15 3.69594e-15 0)
(-4.36795e-15 2.35198e-15 0)
(-6.72006e-16 1.344e-15 0)
(1.67993e-15 3.02399e-15 0)
(-3.02394e-15 4.03193e-15 0)
(-2.35198e-15 1.008e-15 0)
(1.67995e-16 -3.35987e-16 0)
(-1.68001e-16 -2.35197e-15 0)
(5.0399e-16 4.70392e-15 0)
(-3.86396e-15 6.04794e-15 0)
(3.52796e-15 -6.71967e-16 0)
(-5.03997e-16 3.35964e-16 0)
(1.67999e-15 -1.00798e-15 0)
(-1.17599e-15 -1.29639e-20 0)
(-1.67996e-15 -3.35996e-15 0)
(-5.04008e-16 3.3599e-15 0)
(2.01597e-15 -1.34395e-15 0)
(-5.03996e-16 2.01597e-15 0)
(-2.85593e-15 1.93625e-20 0)
(3.86393e-15 2.35197e-15 0)
(-8.40016e-16 4.03195e-15 0)
(-3.35988e-16 1.00799e-15 0)
(-1.67977e-16 2.68796e-15 0)
(1.67999e-15 -6.71976e-16 0)
(1.17597e-15 -2.01594e-15 0)
(2.35197e-15 2.35193e-15 0)
(-6.71977e-16 3.3601e-16 0)
(-1.34398e-15 -4.7039e-15 0)
(1.51198e-15 1.34398e-15 0)
(1.68004e-16 1.008e-15 0)
(-1.68018e-16 -2.68796e-15 0)
(-2.01597e-15 1.00799e-15 0)
(-5.04009e-16 6.38393e-15 0)
(-5.20795e-15 1.00799e-15 0)
(-1.176e-15 -1.00794e-15 0)
(-3.35997e-15 3.36008e-16 0)
(-5.20795e-15 5.03993e-15 0)
(1.00797e-15 1.008e-15 0)
(2.01595e-15 -5.71194e-15 0)
(-5.8799e-15 -3.69596e-15 0)
(1.84797e-15 -3.35995e-15 0)
(-1.51196e-15 -2.01595e-15 0)
(2.35196e-15 -1.67997e-15 0)
(-2.35197e-15 -4.03195e-15 0)
(1.34396e-15 -1.00799e-15 0)
(-5.03984e-16 1.008e-15 0)
(1.176e-15 3.69593e-15 0)
(-6.71983e-16 1.008e-15 0)
(4.36791e-15 2.68796e-15 0)
(1.84801e-15 -3.35982e-16 0)
(-3.86394e-15 6.72008e-16 0)
(-6.72004e-16 3.69594e-15 0)
(1.51198e-15 3.36028e-16 0)
(-1.00798e-15 2.35196e-15 0)
(1.51199e-15 -6.71997e-16 0)
(1.84799e-15 -1.67995e-15 0)
(1.34396e-15 3.35993e-16 0)
(-6.71988e-16 1.67995e-15 0)
(-8.39981e-16 3.36003e-16 0)
(2.35195e-15 1.34398e-15 0)
(-1.84797e-15 1.00799e-15 0)
(2.01597e-15 -1.00798e-15 0)
(-3.52796e-15 6.3839e-15 0)
(-5.54392e-15 1.34402e-15 0)
(2.18395e-15 2.01595e-15 0)
(-3.69597e-15 4.36796e-15 0)
(-6.55194e-15 2.35199e-15 0)
(3.3599e-16 3.69595e-15 0)
(1.34398e-15 -4.36793e-15 0)
(-6.38391e-15 -3.02398e-15 0)
(4.36794e-15 3.35993e-15 0)
(8.39983e-16 2.01597e-15 0)
(-6.71996e-16 6.3839e-15 0)
(-5.20794e-15 -3.36002e-16 0)
(2.51998e-15 -1.34399e-15 0)
(1.51199e-15 2.68799e-15 0)
(2.35196e-15 3.36021e-16 0)
(2.01597e-15 3.69595e-15 0)
(-3.35967e-16 2.01596e-15 0)
(-1.008e-15 1.04441e-20 0)
(-1.17596e-15 -1.00798e-15 0)
(1.51197e-15 -4.3679e-15 0)
(2.01597e-15 1.00798e-15 0)
(1.67988e-16 2.01599e-15 0)
(1.67998e-15 3.35996e-15 0)
(1.344e-15 2.35197e-15 0)
(-2.51996e-15 -6.71988e-16 0)
(2.18396e-15 -4.03192e-15 0)
(-1.00799e-15 4.03194e-15 0)
(-5.71192e-15 -1.34397e-15 0)
(-3.36004e-16 3.69594e-15 0)
(3.86394e-15 -1.00796e-15 0)
(1.67997e-15 -2.35193e-15 0)
(-4.03196e-15 1.34395e-15 0)
(-2.01598e-15 3.36039e-16 0)
(-2.18399e-15 3.69594e-15 0)
(-4.03195e-15 -1.67995e-15 0)
(3.3599e-16 3.02396e-15 0)
(2.35196e-15 -3.02398e-15 0)
(-5.04001e-16 -3.36006e-16 0)
(3.69595e-15 -2.35195e-15 0)
(-3.35976e-16 -6.7199e-16 0)
(-2.85596e-15 -1.34397e-15 0)
(-3.36017e-16 -2.68792e-15 0)
(1.008e-15 3.35997e-15 0)
(2.68798e-15 3.02396e-15 0)
(3.02397e-15 1.00799e-15 0)
(-2.68798e-15 2.01595e-15 0)
(5.03991e-16 -4.03191e-15 0)
(5.04019e-16 2.01596e-15 0)
(3.35975e-16 3.02393e-15 0)
(2.01599e-15 9.74815e-21 0)
(-1.51197e-15 3.02396e-15 0)
(6.72007e-16 2.35198e-15 0)
(-1.84799e-15 1.34397e-15 0)
(1.67998e-15 3.35989e-16 0)
(1.68e-16 2.01596e-15 0)
(6.71999e-16 -1.34399e-15 0)
(2.85597e-15 1.34399e-15 0)
(-4.03198e-15 -3.35991e-16 0)
(-1.17601e-15 -3.02394e-15 0)
(-8.39943e-16 -3.3602e-16 0)
(4.03192e-15 3.35969e-16 0)
(-3.02395e-15 -1.67994e-15 0)
(-3.19197e-15 4.03192e-15 0)
(-3.19197e-15 1.00801e-15 0)
(-2.01599e-15 6.04791e-15 0)
(8.39979e-16 4.70396e-15 0)
(1.51198e-15 3.35996e-15 0)
(3.36018e-16 4.70397e-15 0)
(6.71996e-16 1.00798e-15 0)
(6.71983e-16 2.68797e-15 0)
(2.68795e-15 3.02397e-15 0)
(-1.51198e-15 8.39986e-15 0)
(1.31303e-20 3.35997e-15 0)
(8.39987e-16 -4.03193e-15 0)
(1.67996e-15 6.71987e-16 0)
(-5.03981e-16 -3.35967e-16 0)
(-1.17597e-15 2.01596e-15 0)
(-3.36004e-16 -1.67996e-15 0)
(-2.35196e-15 -3.02394e-15 0)
(2.01597e-15 3.0239e-15 0)
(2.51997e-15 -1.34399e-15 0)
(1.34399e-15 -3.69595e-15 0)
(-2.01599e-15 -3.02396e-15 0)
(1.17601e-15 -4.03195e-15 0)
(-1.17598e-15 -3.02395e-15 0)
(2.01598e-15 1.00797e-15 0)
(3.19196e-15 -2.68794e-15 0)
(-3.02396e-15 6.0479e-15 0)
(-5.20791e-15 6.71983e-16 0)
(5.87987e-15 3.36007e-16 0)
(-6.71952e-16 1.67998e-15 0)
(-1.00801e-15 2.68796e-15 0)
(3.35977e-16 1.68e-15 0)
(-4.19995e-15 -3.35984e-16 0)
(1.00799e-15 4.70395e-15 0)
(-3.35986e-16 5.03992e-15 0)
(7.65318e-21 2.01598e-15 0)
(1.34398e-15 3.02397e-15 0)
(3.02395e-15 -2.11218e-21 0)
(-8.39974e-16 -6.71988e-16 0)
(-1.84796e-15 1.34398e-15 0)
(-1.34398e-15 -1.34395e-15 0)
(2.51996e-15 1.34399e-15 0)
(3.35984e-16 6.71989e-16 0)
(-1.84794e-15 2.15395e-21 0)
(6.71973e-16 -3.02394e-15 0)
(-5.04002e-16 -3.35998e-16 0)
(1.68004e-16 3.35992e-16 0)
(1.67969e-16 3.35992e-16 0)
(-5.03971e-16 6.72027e-16 0)
(-6.71998e-16 -1.34397e-15 0)
(9.42372e-21 -1.344e-15 0)
(-2.51996e-15 -3.35976e-16 0)
(5.03992e-15 1.00798e-15 0)
(1.008e-15 -1.54576e-21 0)
(2.85597e-15 5.09155e-21 0)
(2.51998e-15 -1.008e-15 0)
(-1.008e-15 -6.71974e-16 0)
(-2.68797e-15 -1.67997e-15 0)
(-6.71978e-16 -6.72003e-16 0)
(3.02395e-15 -3.02395e-15 0)
(-3.35993e-15 -2.01596e-15 0)
(5.03978e-16 -8.33901e-21 0)
(-3.69595e-15 -6.71973e-16 0)
(3.52794e-15 -6.71947e-16 0)
(3.75333e-21 1.34401e-15 0)
(3.35994e-16 3.36015e-16 0)
(-6.71985e-16 -3.35981e-16 0)
(1.51198e-15 -1.67995e-15 0)
(1.17598e-15 -1.00799e-15 0)
(2.01599e-15 -1.67998e-15 0)
(6.71986e-16 2.01599e-15 0)
(1.67998e-15 4.03194e-15 0)
(-2.01595e-15 3.69598e-15 0)
(3.86392e-15 4.03195e-15 0)
(-2.68794e-15 5.03993e-15 0)
(-1.34399e-15 2.01598e-15 0)
(2.51997e-15 3.36024e-16 0)
(-3.69594e-15 6.04792e-15 0)
(-1.008e-15 3.35996e-15 0)
(-3.86396e-15 1.67996e-15 0)
(8.39989e-16 -3.02395e-15 0)
(2.51994e-15 3.02392e-15 0)
(3.26896e-20 1.00799e-15 0)
(-8.39975e-16 -1.34399e-15 0)
(6.04792e-15 -3.35989e-16 0)
(-3.35992e-16 -3.35988e-16 0)
(1.68008e-16 -3.36e-16 0)
(-2.85597e-15 -1.00797e-15 0)
(-1.17598e-15 -3.36004e-16 0)
(3.19196e-15 6.86833e-21 0)
(1.17594e-15 2.35195e-15 0)
(-1.17596e-15 -3.35996e-16 0)
(2.35197e-15 6.71991e-15 0)
(-1.67996e-15 4.03195e-15 0)
(-4.51538e-22 8.06386e-15 0)
(5.28613e-21 3.69596e-15 0)
(-3.36005e-16 5.71192e-15 0)
(-3.02396e-15 6.0479e-15 0)
(1.92884e-20 -3.91892e-21 0)
(6.2159e-15 -6.71984e-16 0)
(-1.6797e-16 2.35198e-15 0)
(2.18398e-15 1.68002e-15 0)
(-1.008e-15 5.37591e-15 0)
(-2.01595e-15 3.36027e-16 0)
(3.35992e-16 -3.35974e-16 0)
(-3.36022e-16 1.34398e-15 0)
(-6.71987e-16 2.01595e-15 0)
(1.00797e-15 -2.01597e-15 0)
(-5.04e-16 1.67998e-15 0)
(-6.71999e-16 -1.67998e-15 0)
(-2.01596e-15 3.35994e-15 0)
(-1.68012e-16 2.35199e-15 0)
(1.67998e-15 6.71971e-16 0)
(6.71991e-16 -3.35989e-16 0)
(1.00802e-15 2.01597e-15 0)
(-3.35984e-16 3.35983e-16 0)
(4.53592e-15 -1.00798e-15 0)
(-4.36794e-15 5.03989e-15 0)
(1.00797e-15 -3.69594e-15 0)
(-8.39979e-16 2.01596e-15 0)
(-3.02393e-15 -2.01598e-15 0)
(1.51198e-15 -5.37588e-15 0)
(4.19993e-15 3.3601e-16 0)
(1.17599e-15 3.35995e-15 0)
(3.32654e-21 -4.03191e-15 0)
(1.00797e-15 3.36025e-16 0)
(-2.51997e-15 6.71994e-16 0)
(-1.00798e-15 3.3601e-16 0)
(3.69595e-15 -1.00795e-15 0)
(3.36034e-16 1.34398e-15 0)
(1.67998e-15 1.34399e-15 0)
(2.35197e-15 1.00798e-15 0)
(-3.35984e-16 -2.68793e-15 0)
(8.39982e-16 -6.71995e-16 0)
(-8.40001e-16 2.35194e-15 0)
(-2.18396e-15 -2.01593e-15 0)
(-6.71997e-16 1.68e-15 0)
(-2.01599e-15 -1.34397e-15 0)
(1.84798e-15 6.71984e-16 0)
(-3.69595e-15 3.36027e-16 0)
(-1.45503e-20 6.71995e-16 0)
(-1.34398e-15 -2.01599e-15 0)
(3.36006e-16 -2.68793e-15 0)
(-3.36005e-16 -1.67997e-15 0)
(2.35197e-15 1.00798e-15 0)
(2.01598e-15 -1.34398e-15 0)
(5.04e-16 -2.01598e-15 0)
(-5.03995e-15 -5.37592e-15 0)
(-1.34397e-15 -1.24278e-20 0)
(2.01597e-15 -3.36005e-16 0)
(3.35995e-15 -3.35966e-16 0)
(5.03985e-16 5.3759e-15 0)
(2.68799e-15 1.68e-15 0)
(6.71989e-16 -6.71975e-16 0)
(1.17213e-20 -2.00132e-20 0)
(6.7199e-16 3.02393e-15 0)
(-2.68796e-15 -3.69595e-15 0)
(-1.17599e-15 -3.35995e-16 0)
(1.84798e-15 2.01594e-15 0)
(2.85596e-15 1.34398e-15 0)
(1.59795e-20 -6.72003e-16 0)
(2.18398e-15 -2.35196e-15 0)
(5.03987e-16 2.01594e-15 0)
(-3.35982e-16 3.35987e-16 0)
(-1.52837e-20 -3.35993e-15 0)
(3.35978e-16 1.67992e-15 0)
(-3.02395e-15 2.01598e-15 0)
(-3.04538e-21 -6.71973e-16 0)
(1.68004e-16 -3.02399e-15 0)
(1.67985e-16 -3.02395e-15 0)
(-2.51997e-15 -1.008e-15 0)
(1.51196e-15 -3.35989e-16 0)
(-7.22545e-21 1.67995e-15 0)
(-2.18397e-15 -1.58512e-20 0)
(3.02399e-15 6.7199e-16 0)
(1.67999e-15 1.34398e-15 0)
(-2.01598e-15 -1.00799e-15 0)
(-4.03195e-15 -1.344e-15 0)
(5.8799e-15 -1.55786e-20 0)
(1.68021e-16 -3.35984e-16 0)
(-1.67995e-15 2.68793e-15 0)
(-2.35197e-15 1.00802e-15 0)
(2.68797e-15 3.35985e-16 0)
(2.85597e-15 2.35198e-15 0)
(2.01595e-15 -2.68793e-15 0)
(1.17598e-15 -1.34396e-15 0)
(3.35993e-15 -6.71997e-16 0)
(-1.67998e-15 -3.02397e-15 0)
(-5.03984e-16 -1.34397e-15 0)
(6.72005e-16 -6.38392e-15 0)
(1.51199e-15 -5.03995e-15 0)
(1.008e-15 -2.01601e-15 0)
(-1.34399e-15 -3.35996e-15 0)
(8.39988e-16 -2.35198e-15 0)
(-1.00798e-15 -6.72011e-16 0)
(-1.84799e-15 -5.37591e-15 0)
(-3.36014e-16 -1.008e-15 0)
(-1.68011e-16 -3.36055e-16 0)
(3.35995e-16 -3.35995e-15 0)
(-1.51197e-15 -1.00806e-15 0)
(2.18395e-15 -1.00798e-15 0)
(-3.69593e-15 -3.35997e-15 0)
(-1.67998e-16 -2.68797e-15 0)
(-2.68796e-15 -1.67996e-15 0)
(4.70393e-15 -2.01598e-15 0)
(-1.67971e-16 -3.02396e-15 0)
(-1.00802e-15 -1.344e-15 0)
(-2.01598e-15 -3.02399e-15 0)
(-6.71952e-16 -3.35993e-15 0)
(7.05588e-15 1.34395e-15 0)
(2.68798e-15 -3.69592e-15 0)
(3.19197e-15 8.73584e-15 0)
(3.35993e-16 3.3601e-16 0)
(-3.19195e-15 -1.00801e-15 0)
(-1.84795e-15 3.36007e-16 0)
(-5.03982e-16 2.68792e-15 0)
(-1.00798e-15 -3.35971e-16 0)
(-5.03991e-15 3.35992e-16 0)
(5.03976e-16 -6.72022e-16 0)
(2.85595e-15 -1.00801e-15 0)
(6.72002e-16 -4.36796e-15 0)
(2.85595e-15 -5.37597e-15 0)
(-1.84796e-15 -6.71995e-15 0)
(-1.67999e-16 6.71966e-16 0)
(2.18396e-15 1.67994e-15 0)
(-1.51201e-15 1.67993e-15 0)
(-3.69593e-15 -2.01601e-15 0)
(-1.008e-15 -9.07187e-15 0)
(-5.03987e-16 -2.35202e-15 0)
(-2.51996e-15 -5.37592e-15 0)
(1.17598e-15 -3.35999e-15 0)
(1.67998e-15 -4.36795e-15 0)
(-1.00799e-15 -6.71993e-16 0)
(3.36008e-16 1.34394e-15 0)
(3.35995e-15 -4.70392e-15 0)
(8.39982e-16 -2.6567e-20 0)
(-3.35994e-15 -3.36009e-16 0)
(-2.35196e-15 -2.01593e-15 0)
(4.03192e-15 1.67993e-15 0)
(-2.35193e-15 -5.71192e-15 0)
(4.03195e-15 -2.68799e-15 0)
(3.52797e-15 -9.07184e-15 0)
(8.39993e-16 -1.344e-15 0)
(-2.01597e-15 -1.34395e-15 0)
(6.71976e-16 -2.01599e-15 0)
(1.17597e-15 -1.67995e-15 0)
(2.18397e-15 -3.69598e-15 0)
(-5.04018e-16 1.00798e-15 0)
(-2.01596e-15 -2.68798e-15 0)
(-1.848e-15 -1.67999e-15 0)
(6.71988e-16 -2.35204e-15 0)
(1.84799e-15 -8.06388e-15 0)
(-1.67996e-15 -4.36797e-15 0)
(1.00799e-15 -8.73592e-15 0)
(1.00797e-15 -1.07519e-14 0)
(-4.19992e-15 -7.72793e-15 0)
(-1.34401e-15 -9.74389e-15 0)
(-1.008e-15 -6.41761e-20 0)
(2.01596e-15 -6.38391e-15 0)
(8.40001e-16 3.35952e-16 0)
(-1.00798e-15 -1.008e-15 0)
(1.84798e-15 -3.69596e-15 0)
(1.34399e-15 -2.01601e-15 0)
(2.18396e-15 -3.02395e-15 0)
(-1.67963e-16 -3.36019e-16 0)
(1.05547e-20 -2.35195e-15 0)
(6.71977e-16 -1.34396e-15 0)
(-1.51199e-15 2.35198e-15 0)
(2.18398e-15 6.72012e-16 0)
(-6.71988e-16 -3.02395e-15 0)
(8.40006e-16 -3.36002e-16 0)
(5.71193e-15 -3.36014e-16 0)
(-2.51996e-15 -1.67998e-15 0)
(-5.03993e-15 -4.70397e-15 0)
(2.01598e-15 -2.68797e-15 0)
(-3.57771e-21 -4.70395e-15 0)
(-5.03992e-15 -1.00803e-15 0)
(-2.184e-15 -5.37597e-15 0)
(-1.176e-15 -1.37758e-14 0)
(-5.37593e-15 -6.38398e-15 0)
(8.3999e-16 -1.07518e-14 0)
(3.19196e-15 -6.71998e-15 0)
(2.35196e-15 -7.72796e-15 0)
(-3.36004e-16 -1.00799e-14 0)
(-1.67995e-15 -8.73593e-15 0)
(4.03193e-15 -1.00799e-14 0)
(-1.67998e-15 -1.00799e-14 0)
(-3.52795e-15 -6.04795e-15 0)
(3.36003e-16 -7.05591e-15 0)
(-5.03993e-16 -6.04792e-15 0)
(-6.09742e-21 -3.35998e-15 0)
(6.72009e-16 -1.34402e-15 0)
(1.34398e-15 -6.38391e-15 0)
(1.848e-15 -4.36795e-15 0)
(1.68e-15 -3.36009e-16 0)
(2.01598e-15 2.01596e-15 0)
(8.39993e-16 5.03994e-15 0)
(-3.35996e-15 1.17598e-14 0)
(-1.00798e-15 4.03196e-15 0)
(1.67995e-15 5.37592e-15 0)
(-6.71949e-16 -1.67997e-15 0)
(3.35997e-15 4.03194e-15 0)
(2.85597e-15 2.01598e-15 0)
(4.36792e-15 3.35998e-15 0)
(6.71994e-16 4.03194e-15 0)
(8.39979e-16 -3.35997e-15 0)
(-4.36798e-15 -1.34399e-15 0)
(-5.54394e-15 -1.00799e-15 0)
(-1.67999e-15 -4.1291e-20 0)
(-2.856e-15 -1.344e-15 0)
(-1.17598e-15 -1.68002e-15 0)
(3.19196e-15 -3.02398e-15 0)
(1.67997e-16 -4.70399e-15 0)
(-3.35993e-15 -6.04796e-15 0)
(3.35993e-15 -5.03999e-15 0)
(-1.34397e-15 -5.71199e-15 0)
(-8.39981e-16 -2.68801e-15 0)
(1.51197e-15 -6.04792e-15 0)
(1.68e-15 -1.34403e-15 0)
(2.18397e-15 -1.34401e-15 0)
(1.02264e-20 -3.35996e-15 0)
(1.51197e-15 -3.35996e-15 0)
(-1.00796e-15 -1.34401e-15 0)
(4.70394e-15 -6.72008e-16 0)
(6.21593e-15 -6.71996e-16 0)
(3.52798e-15 1.08144e-20 0)
(2.85595e-15 2.36992e-20 0)
(-4.36794e-15 4.59884e-20 0)
(1.34399e-15 6.72013e-16 0)
(-1.17596e-15 1.00799e-15 0)
(5.54392e-15 6.98223e-21 0)
(6.72005e-16 -1.34398e-15 0)
(-8.3999e-16 -1.34398e-15 0)
(-5.03988e-16 -1.34398e-15 0)
(-3.3599e-16 6.71989e-16 0)
(8.39981e-16 -3.69597e-15 0)
(-5.71194e-15 -7.05593e-15 0)
(-3.86397e-15 -2.01599e-15 0)
(-2.68798e-15 -3.35997e-15 0)
(-4.87196e-15 -7.05594e-15 0)
(-5.03995e-16 -6.04795e-15 0)
(3.86395e-15 -6.71995e-15 0)
(-8.39991e-16 -8.39987e-15 0)
(-2.18397e-15 -8.73593e-15 0)
(8.39989e-16 -8.39993e-15 0)
(4.55309e-21 -8.3999e-15 0)
(3.52794e-15 -6.04794e-15 0)
(-3.35976e-16 -3.69599e-15 0)
(4.53594e-15 -1.68001e-15 0)
(2.31927e-20 -4.36797e-15 0)
(1.84798e-15 -2.35198e-15 0)
(1.344e-15 6.71973e-16 0)
(5.04012e-16 6.71991e-16 0)
(1.84798e-15 -1.34398e-15 0)
(6.55193e-15 -2.68796e-15 0)
(1.84802e-15 1.00798e-15 0)
(1.84798e-15 2.35195e-15 0)
(-3.02396e-15 -6.71992e-16 0)
(-3.36014e-16 4.36793e-15 0)
(5.20793e-15 -1.34394e-15 0)
(-1.84794e-15 3.69594e-15 0)
(2.51996e-15 -3.69595e-15 0)
(-3.36002e-16 1.34397e-15 0)
(-2.01595e-15 -3.36016e-16 0)
(3.35991e-16 1.008e-15 0)
(6.71977e-16 1.34395e-15 0)
(-3.35996e-15 -4.03194e-15 0)
(-4.19998e-15 -1.008e-15 0)
(-2.016e-15 -2.35198e-15 0)
(-6.55193e-15 -2.35198e-15 0)
(-8.40006e-16 -2.35199e-15 0)
(1.176e-15 -5.03996e-15 0)
(1.67993e-16 -3.02404e-15 0)
(-6.71996e-16 -4.70394e-15 0)
(-8.39973e-16 -5.71197e-15 0)
(-1.67998e-16 -1.00802e-15 0)
(-2.18395e-15 -3.69599e-15 0)
(5.87991e-15 -2.35199e-15 0)
(5.20796e-15 -4.36795e-15 0)
(1.008e-15 -3.69593e-15 0)
(1.67998e-15 -3.47584e-20 0)
(2.18399e-15 -2.01597e-15 0)
(4.53593e-15 -1.00799e-15 0)
(-6.71948e-16 2.01596e-15 0)
(4.70397e-15 -1.34397e-15 0)
(7.72789e-15 -1.008e-15 0)
(1.67998e-15 -3.69594e-15 0)
(-1.34397e-15 -1.34398e-15 0)
(-1.51197e-15 -1.67997e-15 0)
(-1.51198e-15 4.36792e-15 0)
(2.18397e-15 3.69598e-15 0)
(-2.01596e-15 3.02396e-15 0)
(-1.68005e-16 -1.67998e-15 0)
(4.19993e-15 -3.02394e-15 0)
(1.51198e-15 1.00797e-15 0)
(-1.00798e-15 2.35201e-15 0)
(-6.72033e-16 1.34397e-15 0)
(-1.09199e-14 -2.01599e-15 0)
(-1.68e-15 1.00795e-15 0)
(-3.024e-15 -2.35198e-15 0)
(-2.85595e-15 -3.36022e-16 0)
(2.85595e-15 -5.03991e-15 0)
(-3.35995e-15 -4.36795e-15 0)
(1.84797e-15 -3.69602e-15 0)
(4.19995e-15 -4.36794e-15 0)
(2.01597e-15 -5.37598e-15 0)
(-1.67997e-15 -4.70394e-15 0)
(8.40013e-16 -3.02398e-15 0)
(3.69596e-15 -3.02397e-15 0)
(2.68798e-15 3.35951e-16 0)
(1.34399e-15 -3.69595e-15 0)
(1.68e-15 -5.37594e-15 0)
(5.04034e-16 -6.71995e-16 0)
(7.0559e-15 1.34398e-15 0)
(5.71192e-15 -4.48105e-22 0)
(1.17604e-15 -6.71994e-16 0)
(6.72006e-16 -3.36e-16 0)
(-1.34398e-15 -2.35197e-15 0)
(3.52794e-15 1.61261e-21 0)
(-2.51996e-15 -4.36792e-15 0)
(6.21589e-15 3.69595e-15 0)
(-3.02396e-15 -1.008e-15 0)
(-1.67989e-16 -2.03323e-21 0)
(-1.00796e-15 -3.10019e-20 0)
(2.85595e-15 -1.00796e-15 0)
(-6.72001e-16 5.71189e-15 0)
(-8.0639e-15 -3.36007e-16 0)
(-8.56794e-15 -6.72003e-16 0)
(-1.68002e-15 -3.02395e-15 0)
(-1.04159e-14 -1.008e-15 0)
(2.85595e-15 -5.71193e-15 0)
(-4.19993e-15 -3.02401e-15 0)
(2.85595e-15 -5.03997e-15 0)
(1.67999e-15 -7.05589e-15 0)
(6.71999e-16 -7.05596e-15 0)
(3.86396e-15 -6.04793e-15 0)
(-3.35991e-16 -4.36799e-15 0)
(1.34399e-15 -7.7279e-15 0)
(2.35197e-15 -3.02401e-15 0)
(1.344e-15 -6.71992e-15 0)
(2.33817e-20 -3.35998e-15 0)
(9.07188e-15 3.35974e-16 0)
(3.52797e-15 -6.72e-16 0)
(5.04024e-16 3.35979e-16 0)
(1.51201e-15 2.68793e-15 0)
(5.20793e-15 -2.35197e-15 0)
(1.512e-15 2.68794e-15 0)
(3.35994e-15 -1.67999e-15 0)
(-1.00797e-15 2.01595e-15 0)
(-1.68002e-16 4.03195e-15 0)
(-3.02392e-15 1.00798e-15 0)
(3.35993e-15 -3.02392e-15 0)
(-1.67999e-15 -6.71989e-16 0)
(1.51199e-15 -1.00798e-15 0)
(8.40008e-16 -2.68797e-15 0)
(1.67996e-15 -8.73587e-15 0)
(-7.05593e-15 -2.68798e-15 0)
(-9.40793e-15 -7.72792e-15 0)
(-2.18398e-15 -2.01602e-15 0)
(-5.54395e-15 -2.35198e-15 0)
(2.18396e-15 -3.02399e-15 0)
(-3.69597e-15 -4.36796e-15 0)
(-8.39992e-16 -5.37593e-15 0)
(2.35199e-15 -1.34408e-15 0)
(1.67998e-16 -4.36796e-15 0)
(3.52797e-15 -1.34402e-15 0)
(1.51199e-15 -4.70395e-15 0)
(1.344e-15 -6.38393e-15 0)
(8.39994e-16 -5.37594e-15 0)
(2.85598e-15 -6.04791e-15 0)
(1.67998e-15 -3.35998e-15 0)
(2.18403e-15 -6.72016e-16 0)
(6.71989e-15 -5.37592e-15 0)
(2.184e-15 -4.70393e-15 0)
(4.70396e-15 -1.008e-15 0)
(2.016e-15 -4.03197e-15 0)
(2.68796e-15 -3.69595e-15 0)
(-2.18396e-15 -2.35199e-15 0)
(3.19196e-15 -5.03994e-15 0)
(-1.67984e-16 3.3599e-16 0)
(2.18396e-15 -2.35195e-15 0)
(-1.84796e-15 5.71189e-15 0)
(-2.18398e-15 6.71982e-16 0)
(9.57589e-15 -2.68794e-15 0)
(1.67997e-15 -3.35997e-15 0)
(1.00798e-15 5.03993e-15 0)
(-7.39196e-15 3.02394e-15 0)
(-7.72792e-15 -3.69595e-15 0)
(-4.87199e-15 -1.67996e-15 0)
(-5.03994e-15 -5.37593e-15 0)
(-1.68015e-16 -1.67999e-15 0)
(-8.0639e-15 -1.00801e-15 0)
(-5.04007e-16 -4.704e-15 0)
(2.68796e-15 -5.37591e-15 0)
(-1.67976e-16 -6.7199e-15 0)
(4.36796e-15 -5.71197e-15 0)
(1.67991e-16 -2.01601e-15 0)
(1.34399e-15 -3.36e-15 0)
(8.44605e-21 -4.70396e-15 0)
(5.03994e-15 1.3439e-15 0)
(1.34401e-15 -4.36795e-15 0)
(8.90391e-15 -7.05593e-15 0)
(2.85602e-15 -2.68802e-15 0)
(-3.35975e-16 -1.00797e-15 0)
(4.87191e-15 -2.01597e-15 0)
(4.03197e-15 -3.35995e-15 0)
(-6.7199e-16 -3.35997e-15 0)
(-1.84796e-15 -1.00802e-15 0)
(1.67998e-15 -9.40785e-15 0)
(5.54392e-15 -6.72041e-16 0)
(1.512e-15 6.71967e-16 0)
(1.67998e-16 -5.03992e-15 0)
(-1.84799e-15 -6.71991e-16 0)
(-3.69591e-15 5.71188e-15 0)
(-1.22722e-20 -1.04898e-20 0)
(5.03981e-16 -2.68797e-15 0)
(-1.17599e-14 -3.69592e-15 0)
(-6.04797e-15 4.70389e-15 0)
(-4.87196e-15 -3.02396e-15 0)
(-2.68798e-15 -1.34402e-15 0)
(-1.34403e-15 -6.72009e-16 0)
(-3.52798e-15 -5.71194e-15 0)
(-3.19196e-15 -6.38396e-15 0)
(1.67998e-15 -3.41372e-20 0)
(1.00797e-15 1.67987e-15 0)
(4.03198e-15 -7.05591e-15 0)
(2.688e-15 -4.03198e-15 0)
(3.36017e-16 -1.68001e-15 0)
(-5.03983e-16 -5.71196e-15 0)
(1.84796e-15 -5.37591e-15 0)
(3.86397e-15 -3.36014e-16 0)
(3.024e-15 -8.06391e-15 0)
(1.15918e-14 -1.67999e-15 0)
(1.51201e-15 -2.35202e-15 0)
(-1.17593e-15 -2.68797e-15 0)
(6.88789e-15 3.02393e-15 0)
(-6.71977e-16 -3.69596e-15 0)
(-2.51996e-15 -5.37591e-15 0)
(4.36794e-15 1.34391e-15 0)
(1.68033e-16 -7.72787e-15 0)
(3.35997e-15 -1.67997e-15 0)
(2.2747e-20 -6.7201e-16 0)
(-6.72009e-16 -2.35197e-15 0)
(8.39969e-16 -6.71971e-16 0)
(-1.17598e-15 -6.71983e-16 0)
(1.51196e-15 -3.69595e-15 0)
(-1.02479e-14 -3.35998e-15 0)
(-7.72793e-15 -6.71987e-15 0)
(-6.72033e-16 1.67992e-15 0)
(-4.53598e-15 -3.02396e-15 0)
(-8.90385e-15 -7.39193e-15 0)
(-1.00803e-15 -4.36801e-15 0)
(-1.84799e-15 -9.74384e-15 0)
(-1.84797e-15 -4.03198e-15 0)
(-1.34397e-15 -1.10878e-14 0)
(4.19994e-15 -1.00803e-15 0)
(4.70394e-15 -7.0559e-15 0)
(3.02399e-15 -3.02402e-15 0)
(5.37593e-15 -8.7359e-15 0)
(-1.51194e-15 -1.00807e-15 0)
(1.84799e-15 -1.67999e-15 0)
(7.89591e-15 2.01595e-15 0)
(1.00806e-15 -2.01598e-15 0)
(7.72792e-15 -1.34396e-15 0)
(6.2159e-15 -4.03196e-15 0)
(-5.03939e-16 -1.34397e-15 0)
(6.71989e-16 -4.70393e-15 0)
(-2.13392e-21 -1.34401e-15 0)
(1.84798e-15 -3.69593e-15 0)
(3.02395e-15 -4.03198e-15 0)
(3.86396e-15 -1.344e-15 0)
(1.51198e-15 6.71975e-16 0)
(-8.39976e-16 -5.46127e-21 0)
(-1.67967e-16 -2.01597e-15 0)
(-6.71994e-16 1.67998e-15 0)
(-8.39983e-16 3.35996e-16 0)
(-4.87199e-15 3.35993e-16 0)
(-1.29359e-14 4.70393e-15 0)
(-3.02399e-15 -2.68794e-15 0)
(-8.56792e-15 -6.7201e-16 0)
(5.03941e-16 -3.35997e-15 0)
(-2.68798e-15 -8.06392e-15 0)
(-2.51996e-15 1.00792e-15 0)
(-5.04012e-16 -5.37595e-15 0)
(3.36015e-16 -2.01602e-15 0)
(4.19997e-15 -6.38391e-15 0)
(3.36032e-16 -2.35197e-15 0)
(3.86392e-15 -1.34397e-15 0)
(-6.71969e-16 -6.72004e-16 0)
(6.71992e-15 -8.39987e-15 0)
(1.34402e-15 -1.68e-15 0)
(8.39993e-15 3.36012e-16 0)
(8.23189e-15 1.00798e-15 0)
(5.04056e-16 -6.7203e-16 0)
(5.20796e-15 5.37593e-15 0)
(1.67998e-15 3.02396e-15 0)
(1.67996e-15 2.35196e-15 0)
(-6.71988e-16 7.3919e-15 0)
(-6.71983e-16 3.35993e-15 0)
(-6.7196e-16 -1.00797e-15 0)
(2.51998e-15 -2.68796e-15 0)
(3.35998e-15 -2.35195e-15 0)
(-3.36001e-16 -1.67997e-15 0)
(4.53593e-15 3.35996e-15 0)
(3.35996e-16 2.01595e-15 0)
(-1.51198e-15 -2.35198e-15 0)
(-6.384e-15 -1.18255e-20 0)
(-1.04159e-14 -3.35989e-16 0)
(-1.17605e-15 -3.36007e-16 0)
(-1.31039e-14 1.34397e-15 0)
(-2.85598e-15 -1.008e-15 0)
(-4.36798e-15 -3.66632e-21 0)
(-6.71986e-16 -2.35198e-15 0)
(2.01598e-15 -7.39193e-15 0)
(6.72003e-16 -3.35997e-15 0)
(6.71996e-15 -3.36018e-16 0)
(1.34396e-15 2.68793e-15 0)
(-2.01594e-15 3.35993e-15 0)
(3.69595e-15 6.7202e-16 0)
(5.87995e-15 2.35197e-15 0)
(3.19198e-15 -1.34396e-15 0)
(5.54397e-15 3.36023e-16 0)
(-5.03945e-16 -1.00796e-15 0)
(1.05839e-14 1.34401e-15 0)
(8.73591e-15 1.38741e-21 0)
(-6.71956e-16 3.36003e-16 0)
(-3.35995e-16 -6.71959e-16 0)
(-5.03993e-16 -6.7196e-16 0)
(1.344e-15 2.69265e-20 0)
(1.34396e-15 2.01596e-15 0)
(3.69599e-15 1.00798e-15 0)
(6.0479e-15 1.00798e-15 0)
(-5.37591e-15 2.68794e-15 0)
(4.53594e-15 4.70391e-15 0)
(-5.03988e-16 1.00799e-15 0)
(-1.34398e-15 -1.00798e-15 0)
(-6.71994e-15 2.01599e-15 0)
(-7.72798e-15 4.70396e-15 0)
(-4.19996e-15 3.69597e-15 0)
(-8.23194e-15 -6.71944e-16 0)
(-5.20798e-15 2.35198e-15 0)
(-6.04792e-15 4.36795e-15 0)
(-1.51199e-15 3.36001e-16 0)
(1.68003e-16 -6.72007e-16 0)
(6.38393e-15 -3.36028e-16 0)
(6.04796e-15 -2.01597e-15 0)
(5.0402e-16 -5.37588e-15 0)
(-8.39996e-16 -4.3679e-15 0)
(2.18396e-15 1.04158e-14 0)
(4.70398e-15 6.71994e-15 0)
(4.36798e-15 5.37594e-15 0)
(9.07191e-15 8.73586e-15 0)
(3.35997e-15 1.67997e-15 0)
(4.03198e-15 4.03192e-15 0)
(2.688e-15 -1.67996e-15 0)
(2.01596e-15 -3.35982e-16 0)
(-1.00797e-15 4.03189e-15 0)
(-1.42484e-20 -1.68e-15 0)
(1.17597e-15 1.67995e-15 0)
(-1.67994e-15 -2.68797e-15 0)
(8.39988e-15 -1.67999e-15 0)
(-1.84794e-15 -1.008e-15 0)
(3.35981e-16 -3.02394e-15 0)
(1.84797e-15 -6.04789e-15 0)
(-1.67996e-15 -5.37594e-15 0)
(-8.39991e-16 1.00798e-15 0)
(-5.71199e-15 7.39191e-15 0)
(-6.8879e-15 -2.35196e-15 0)
(-4.87198e-15 4.03198e-15 0)
(-9.40793e-15 6.38392e-15 0)
(-3.36e-15 7.39192e-15 0)
(-4.70398e-15 2.688e-15 0)
(-2.51997e-15 -2.01594e-15 0)
(1.84796e-15 4.03196e-15 0)
(1.17602e-15 -2.35192e-15 0)
(5.71196e-15 3.69594e-15 0)
(4.19994e-15 -2.01604e-15 0)
(-2.18396e-15 3.35986e-16 0)
(2.35197e-15 -3.69588e-15 0)
(3.86399e-15 1.00797e-15 0)
(3.02401e-15 1.00802e-15 0)
(1.14239e-14 -1.67993e-15 0)
(5.37596e-15 8.06392e-15 0)
(1.00802e-15 2.35201e-15 0)
(2.35199e-15 -6.71975e-16 0)
(1.84797e-15 2.01597e-15 0)
(1.51196e-15 -3.02392e-15 0)
(-2.85595e-15 -1.67999e-15 0)
(-5.03994e-16 -1.67996e-15 0)
(-1.00797e-15 3.35972e-16 0)
(4.53595e-15 -4.36794e-15 0)
(3.86397e-15 1.34397e-15 0)
(-7.98362e-21 -2.68798e-15 0)
(-3.19194e-15 3.35953e-16 0)
(-2.0623e-20 -7.39186e-15 0)
(-1.57658e-20 -1.68e-15 0)
(-7.72789e-15 -2.35196e-15 0)
(-2.85602e-15 2.60033e-20 0)
(-5.03997e-15 2.35196e-15 0)
(-7.39195e-15 -2.01596e-15 0)
(-6.55192e-15 3.02399e-15 0)
(-4.70398e-15 5.37592e-15 0)
(-4.03195e-15 1.34399e-15 0)
(1.00797e-15 1.00799e-15 0)
(-3.02394e-15 6.04792e-15 0)
(5.87991e-15 1.008e-15 0)
(4.19996e-15 5.03995e-15 0)
(-5.03958e-16 2.01597e-15 0)
(4.19994e-15 4.03192e-15 0)
(9.57592e-15 -3.02393e-15 0)
(5.20798e-15 5.03994e-15 0)
(4.53598e-15 5.37593e-15 0)
(5.20796e-15 3.02401e-15 0)
(4.36796e-15 2.68797e-15 0)
(2.51997e-15 6.71993e-15 0)
(-1.84796e-15 2.68797e-15 0)
(-1.67998e-15 -1.26365e-20 0)
(-1.34401e-15 -5.03993e-15 0)
(7.73729e-21 -3.02398e-15 0)
(1.84796e-15 -4.7039e-15 0)
(4.36798e-15 3.35962e-16 0)
(-1.00798e-15 -3.36e-16 0)
(-2.35197e-15 -1.27415e-20 0)
(-1.68017e-16 -5.37593e-15 0)
(-1.67997e-15 3.35962e-16 0)
(-5.03997e-16 3.36029e-16 0)
(-5.54394e-15 -4.36795e-15 0)
(-1.84803e-15 -1.67999e-15 0)
(-6.71991e-15 1.00799e-15 0)
(-5.20793e-15 6.71997e-16 0)
(-3.86397e-15 6.71996e-16 0)
(-5.87992e-15 -3.69591e-15 0)
(-5.03992e-15 6.71974e-16 0)
(-1.6799e-16 2.40372e-20 0)
(2.01596e-15 -6.71994e-16 0)
(1.68005e-15 -4.70393e-15 0)
(2.01599e-15 -1.00794e-15 0)
(2.35193e-15 -5.03989e-15 0)
(3.02393e-15 -3.35995e-15 0)
(6.88791e-15 2.35197e-15 0)
(9.07186e-15 3.35986e-16 0)
(5.03991e-15 3.35996e-15 0)
(5.71195e-15 2.68794e-15 0)
(4.36793e-15 1.00799e-15 0)
(-1.51195e-15 2.01597e-15 0)
(-5.04008e-16 6.7199e-16 0)
(-1.00801e-15 1.67996e-15 0)
(-5.87986e-15 -1.67998e-15 0)
(1.00796e-15 -1.34398e-15 0)
(-3.35969e-16 2.01591e-15 0)
(8.39985e-15 -3.69591e-15 0)
(5.04e-16 -2.01596e-15 0)
(-1.67998e-15 -6.71988e-16 0)
(-5.87989e-15 -6.71997e-16 0)
(-1.00799e-15 -3.02396e-15 0)
)
;

boundaryField
{
    outerWall
    {
        type            noSlip;
    }
    axis
    {
        type            symmetryPlane;
    }
    nozzle
    {
        type            zeroGradient;
    }
    back
    {
        type            empty;
    }
    front
    {
        type            empty;
    }
}


// ************************************************************************* //
