/*--------------------------------*- C++ -*----------------------------------*\
| =========                 |                                                 |
| \\      /  F ield         | OpenFOAM: The Open Source CFD Toolbox           |
|  \\    /   O peration     | Version:  2412                                  |
|   \\  /    A nd           | Website:  www.openfoam.com                      |
|    \\/     M anipulation  |                                                 |
\*---------------------------------------------------------------------------*/
FoamFile
{
    version     2.0;
    format      ascii;
    arch        "LSB;label=32;scalar=64";
    class       volVectorField;
    location    "4.5e-05";
    object      U;
}
// * * * * * * * * * * * * * * * * * * * * * * * * * * * * * * * * * * * * * //

dimensions      [0 1 -1 0 0 0 0];

internalField   nonuniform List<vector> 
3725
(
(1.01864e-15 -4.26222e-21 0)
(-4.58363e-15 2.77217e-20 0)
(1.69774e-15 1.35813e-15 0)
(2.0372e-14 6.45113e-15 0)
(8.98068e-14 -1.69718e-15 0)
(3.27651e-13 1.05256e-13 0)
(1.1663e-12 3.796e-13 0)
(4.00634e-12 1.36051e-12 0)
(1.34308e-11 4.70323e-12 0)
(4.37913e-11 1.58763e-11 0)
(1.38757e-10 5.21895e-11 0)
(4.26714e-10 1.66868e-10 0)
(1.27132e-09 5.18134e-10 0)
(3.6624e-09 1.55994e-09 0)
(1.0179e-08 4.54551e-09 0)
(2.72256e-08 1.27937e-08 0)
(6.9877e-08 3.47035e-08 0)
(1.71521e-07 9.0491e-08 0)
(4.01075e-07 2.26172e-07 0)
(8.8927e-07 5.40056e-07 0)
(1.8591e-06 1.22729e-06 0)
(3.63955e-06 2.6427e-06 0)
(6.61507e-06 5.36412e-06 0)
(1.10412e-05 1.02019e-05 0)
(1.66875e-05 1.80533e-05 0)
(2.2482e-05 2.94918e-05 0)
(2.64411e-05 4.41852e-05 0)
(2.6082e-05 6.03899e-05 0)
(1.95814e-05 7.48243e-05 0)
(7.32976e-06 8.35054e-05 0)
(2.3088e-14 -1.01858e-15 0)
(-2.37672e-15 7.13015e-15 0)
(6.9605e-15 8.14886e-15 0)
(4.26116e-14 3.19162e-14 0)
(1.62807e-13 1.19516e-13 0)
(5.87734e-13 3.91144e-13 0)
(2.10664e-12 1.41009e-12 0)
(7.24838e-12 5.00202e-12 0)
(2.4322e-11 1.73275e-11 0)
(7.93998e-11 5.85354e-11 0)
(2.52001e-10 1.92568e-10 0)
(7.76172e-10 6.16141e-10 0)
(2.31613e-09 1.9146e-09 0)
(6.68293e-09 5.76863e-09 0)
(1.86043e-08 1.68221e-08 0)
(4.98441e-08 4.73841e-08 0)
(1.2815e-07 1.28633e-07 0)
(3.15123e-07 3.35687e-07 0)
(7.38249e-07 8.39711e-07 0)
(1.64011e-06 2.0068e-06 0)
(3.43609e-06 4.56462e-06 0)
(6.74216e-06 9.83822e-06 0)
(1.22845e-05 1.99896e-05 0)
(2.05581e-05 3.80584e-05 0)
(3.11549e-05 6.74237e-05 0)
(4.20809e-05 0.000110266 0)
(4.96146e-05 0.000165373 0)
(4.90614e-05 0.000226233 0)
(3.69181e-05 0.000280522 0)
(1.38406e-05 0.000313222 0)
(8.48846e-16 -3.39534e-16 0)
(-2.0371e-15 1.05256e-14 0)
(2.4786e-14 1.39209e-14 0)
(9.18441e-14 6.17953e-14 0)
(3.63641e-13 2.35977e-13 0)
(1.30466e-12 9.25571e-13 0)
(4.62412e-12 3.35562e-12 0)
(1.59445e-11 1.19207e-11 0)
(5.35775e-11 4.13377e-11 0)
(1.75213e-10 1.39812e-10 0)
(5.56963e-10 4.60515e-10 0)
(1.71824e-09 1.4753e-09 0)
(5.1357e-09 4.58999e-09 0)
(1.4843e-08 1.38464e-08 0)
(4.13906e-08 4.0428e-08 0)
(1.11084e-07 1.14019e-07 0)
(2.86104e-07 3.09918e-07 0)
(7.0483e-07 8.09828e-07 0)
(1.65441e-06 2.02846e-06 0)
(3.68295e-06 4.85445e-06 0)
(7.73267e-06 1.10578e-05 0)
(1.52083e-05 2.38692e-05 0)
(2.77802e-05 4.85763e-05 0)
(4.66168e-05 9.26432e-05 0)
(7.08435e-05 0.00016442 0)
(9.59441e-05 0.000269381 0)
(0.000113416 0.000404679 0)
(0.000112444 0.000554439 0)
(8.48237e-05 0.00068835 0)
(3.18549e-05 0.000769214 0)
(-1.06952e-14 -1.35811e-15 0)
(1.39208e-14 1.0186e-14 0)
(5.41558e-14 3.73488e-14 0)
(2.14416e-13 1.43284e-13 0)
(8.05206e-13 5.41897e-13 0)
(2.92322e-12 2.02023e-12 0)
(1.0349e-11 7.34549e-12 0)
(3.57372e-11 2.61146e-11 0)
(1.20242e-10 9.07247e-11 0)
(3.93784e-10 3.07275e-10 0)
(1.25362e-09 1.01355e-09 0)
(3.87327e-09 3.25156e-09 0)
(1.15945e-08 1.01307e-08 0)
(3.35615e-08 3.06046e-08 0)
(9.37336e-08 8.94858e-08 0)
(2.51961e-07 2.52742e-07 0)
(6.50007e-07 6.87997e-07 0)
(1.60403e-06 1.80046e-06 0)
(3.77172e-06 4.51676e-06 0)
(8.41209e-06 1.08266e-05 0)
(1.76972e-05 2.47025e-05 0)
(3.48811e-05 5.34159e-05 0)
(6.3865e-05 0.000108908 0)
(0.000107441 0.000208117 0)
(0.000163709 0.000370127 0)
(0.000222275 0.000607683 0)
(0.000263408 0.000914673 0)
(0.000261814 0.00125539 0)
(0.000198 0.00156092 0)
(7.44895e-05 0.00174603 0)
(-9.16728e-15 5.43255e-15 0)
(3.02186e-14 1.01861e-14 0)
(1.20365e-13 7.63952e-14 0)
(4.73141e-13 2.9947e-13 0)
(1.76643e-12 1.1354e-12 0)
(6.40464e-12 4.22958e-12 0)
(2.27003e-11 1.54217e-11 0)
(7.84809e-11 5.49754e-11 0)
(2.64447e-10 1.91238e-10 0)
(8.67327e-10 6.48689e-10 0)
(2.76518e-09 2.14289e-09 0)
(8.55612e-09 6.88498e-09 0)
(2.56505e-08 2.14834e-08 0)
(7.43594e-08 6.49984e-08 0)
(2.07994e-07 1.90339e-07 0)
(5.59967e-07 5.38413e-07 0)
(1.44689e-06 1.4679e-06 0)
(3.5764e-06 3.8475e-06 0)
(8.424e-06 9.66769e-06 0)
(1.88222e-05 2.3212e-05 0)
(3.96746e-05 5.30536e-05 0)
(7.83627e-05 0.000114931 0)
(0.000143806 0.000234786 0)
(0.000242531 0.000449589 0)
(0.000370518 0.000801333 0)
(0.000504353 0.0013186 0)
(0.000599197 0.00198888 0)
(0.000597132 0.00273498 0)
(0.000452802 0.00340617 0)
(0.000170684 0.00381439 0)
(1.10348e-14 1.25627e-14 0)
(6.84162e-14 3.29349e-14 0)
(2.61272e-13 1.52451e-13 0)
(1.00944e-12 5.99278e-13 0)
(3.75814e-12 2.29186e-12 0)
(1.36389e-11 8.56748e-12 0)
(4.84066e-11 3.1317e-11 0)
(1.67593e-10 1.11779e-10 0)
(5.65525e-10 3.89464e-10 0)
(1.85753e-09 1.32314e-09 0)
(5.93084e-09 4.37774e-09 0)
(1.83786e-08 1.40872e-08 0)
(5.51796e-08 4.40247e-08 0)
(1.60203e-07 1.33404e-07 0)
(4.48795e-07 3.91266e-07 0)
(1.21013e-06 1.10852e-06 0)
(3.13182e-06 3.027e-06 0)
(7.75387e-06 7.94686e-06 0)
(1.82951e-05 2.00013e-05 0)
(4.09515e-05 4.81046e-05 0)
(8.64868e-05 0.000110144 0)
(0.00017118 0.000239053 0)
(0.000314858 0.000489313 0)
(0.000532351 0.000938969 0)
(0.000815465 0.00167738 0)
(0.00111293 0.00276659 0)
(0.00132569 0.00418209 0)
(0.00132478 0.00576267 0)
(0.00100756 0.00718958 0)
(0.000380653 0.00806141 0)
(2.49558e-14 1.52792e-14 0)
(1.387e-13 7.70743e-14 0)
(5.45462e-13 2.98451e-13 0)
(2.08016e-12 1.17105e-12 0)
(7.74665e-12 4.48321e-12 0)
(2.81734e-11 1.67771e-11 0)
(1.00106e-10 6.13889e-11 0)
(3.47094e-10 2.19479e-10 0)
(1.17297e-09 7.65933e-10 0)
(3.85853e-09 2.60626e-09 0)
(1.23382e-08 8.63671e-09 0)
(3.82913e-08 2.78362e-08 0)
(1.15138e-07 8.71308e-08 0)
(3.34791e-07 2.64446e-07 0)
(9.39327e-07 7.7684e-07 0)
(2.53677e-06 2.20444e-06 0)
(6.57565e-06 6.02941e-06 0)
(1.63071e-05 1.58553e-05 0)
(3.85423e-05 3.99732e-05 0)
(8.64291e-05 9.63057e-05 0)
(0.000182886 0.000220907 0)
(0.00036274 0.00048036 0)
(0.000668743 0.000985226 0)
(0.00113358 0.0018947 0)
(0.00174124 0.00339259 0)
(0.00238289 0.00560922 0)
(0.00284626 0.00849876 0)
(0.00285275 0.0117362 0)
(0.00217686 0.0146703 0)
(0.00082456 0.016473 0)
(5.22883e-14 4.14232e-14 0)
(2.74683e-13 1.33437e-13 0)
(1.08872e-12 5.63627e-13 0)
(4.14775e-12 2.19883e-12 0)
(1.54599e-11 8.44253e-12 0)
(5.63244e-11 3.16439e-11 0)
(2.00433e-10 1.15986e-10 0)
(6.96002e-10 4.15344e-10 0)
(2.3556e-09 1.45182e-09 0)
(7.76062e-09 4.9482e-09 0)
(2.48533e-08 1.64242e-08 0)
(7.72492e-08 5.30216e-08 0)
(2.32637e-07 1.66234e-07 0)
(6.77486e-07 5.05351e-07 0)
(1.90379e-06 1.48696e-06 0)
(5.14956e-06 4.22652e-06 0)
(1.337e-05 1.15793e-05 0)
(3.32117e-05 3.05011e-05 0)
(7.86329e-05 7.70296e-05 0)
(0.000176652 0.000185914 0)
(0.000374527 0.000427237 0)
(0.00074442 0.000930823 0)
(0.00137561 0.00191307 0)
(0.00233787 0.00368723 0)
(0.00360136 0.00661815 0)
(0.00494256 0.0109703 0)
(0.00592093 0.0166624 0)
(0.00595346 0.0230635 0)
(0.00456015 0.0288903 0)
(0.00173266 0.0324946 0)
(1.03049e-13 7.40185e-14 0)
(5.36804e-13 2.60762e-13 0)
(2.08797e-12 1.02098e-12 0)
(7.98891e-12 3.99021e-12 0)
(2.98271e-11 1.52937e-11 0)
(1.08826e-10 5.74014e-11 0)
(3.87884e-10 2.10718e-10 0)
(1.34898e-09 7.55821e-10 0)
(4.57261e-09 2.64635e-09 0)
(1.50878e-08 9.03447e-09 0)
(4.83933e-08 3.00374e-08 0)
(1.50649e-07 9.71302e-08 0)
(4.54385e-07 3.05033e-07 0)
(1.32534e-06 9.2885e-07 0)
(3.7302e-06 2.73768e-06 0)
(1.0106e-05 7.79473e-06 0)
(2.62816e-05 2.13916e-05 0)
(6.53948e-05 5.64456e-05 0)
(0.000155102 0.000142805 0)
(0.000349085 0.000345293 0)
(0.000741568 0.000795 0)
(0.00147712 0.00173552 0)
(0.00273605 0.0035745 0)
(0.00466238 0.00690526 0)
(0.00720351 0.0124252 0)
(0.00991607 0.0206519 0)
(0.0119162 0.0314509 0)
(0.0120237 0.0436448 0)
(0.00925018 0.0548003 0)
(0.00352781 0.0617604 0)
(1.8946e-13 1.29702e-13 0)
(9.80576e-13 4.47167e-13 0)
(3.88258e-12 1.75811e-12 0)
(1.48504e-11 6.91496e-12 0)
(5.55249e-11 2.65621e-11 0)
(2.02888e-10 9.98479e-11 0)
(7.2425e-10 3.67145e-10 0)
(2.52273e-09 1.31916e-09 0)
(8.56458e-09 4.62654e-09 0)
(2.83039e-08 1.58216e-08 0)
(9.09251e-08 5.26925e-08 0)
(2.83496e-07 1.70679e-07 0)
(8.56427e-07 5.36928e-07 0)
(2.50197e-06 1.63781e-06 0)
(7.0532e-06 4.8356e-06 0)
(1.914e-05 1.3792e-05 0)
(4.98582e-05 3.7917e-05 0)
(0.000124272 0.000100231 0)
(0.000295268 0.000254043 0)
(0.000665798 0.000615418 0)
(0.0014172 0.00141971 0)
(0.00282904 0.00310568 0)
(0.00525292 0.0064106 0)
(0.00897593 0.0124138 0)
(0.0139114 0.0223962 0)
(0.0192118 0.0373331 0)
(0.0231656 0.0570206 0)
(0.0234655 0.0793558 0)
(0.0181468 0.0999087 0)
(0.00695277 0.112876 0)
(3.34611e-13 2.18321e-13 0)
(1.75794e-12 7.40185e-13 0)
(6.94671e-12 2.92102e-12 0)
(2.65822e-11 1.146e-11 0)
(9.95295e-11 4.41025e-11 0)
(3.6427e-10 1.66086e-10 0)
(1.30236e-09 6.11748e-10 0)
(4.54352e-09 2.20175e-09 0)
(1.54494e-08 7.73529e-09 0)
(5.11373e-08 2.64983e-08 0)
(1.64537e-07 8.84036e-08 0)
(5.13826e-07 2.86852e-07 0)
(1.55473e-06 9.03971e-07 0)
(4.54934e-06 2.76227e-06 0)
(1.28458e-05 8.17008e-06 0)
(3.49171e-05 2.33444e-05 0)
(9.11105e-05 6.42958e-05 0)
(0.000227489 0.000170276 0)
(0.000541492 0.0004324 0)
(0.00122333 0.00104954 0)
(0.00260926 0.00242613 0)
(0.00522028 0.00531871 0)
(0.00971711 0.0110041 0)
(0.0166516 0.0213628 0)
(0.025893 0.0386508 0)
(0.0358843 0.0646339 0)
(0.0434331 0.0990441 0)
(0.0441896 0.138298 0)
(0.0343905 0.174676 0)
(0.0132535 0.197974 0)
(5.77209e-13 3.41572e-13 0)
(3.00963e-12 1.168e-12 0)
(1.19326e-11 4.60103e-12 0)
(4.57378e-11 1.81172e-11 0)
(1.7149e-10 6.98063e-11 0)
(6.28624e-10 2.6333e-10 0)
(2.25099e-09 9.71588e-10 0)
(7.86538e-09 3.50285e-09 0)
(2.6787e-08 1.23277e-08 0)
(8.88052e-08 4.23037e-08 0)
(2.8619e-07 1.41381e-07 0)
(8.95171e-07 4.59564e-07 0)
(2.71299e-06 1.45083e-06 0)
(7.95156e-06 4.4413e-06 0)
(2.24898e-05 1.31602e-05 0)
(6.12343e-05 3.76723e-05 0)
(0.000160057 0.000103953 0)
(0.00040035 0.000275832 0)
(0.000954716 0.000701835 0)
(0.0021611 0.00170701 0)
(0.00461908 0.00395443 0)
(0.0092625 0.0086889 0)
(0.017286 0.0180211 0)
(0.029711 0.0350809 0)
(0.0463647 0.0636671 0)
(0.0645067 0.106849 0)
(0.0784138 0.164365 0)
(0.0801892 0.230428 0)
(0.0629036 0.292195 0)
(0.0244263 0.33258 0)
(9.50018e-13 5.21525e-13 0)
(4.95194e-12 1.73706e-12 0)
(1.96572e-11 6.9041e-12 0)
(7.54845e-11 2.71862e-11 0)
(2.83442e-10 1.04936e-10 0)
(1.04061e-09 3.96523e-10 0)
(3.732e-09 1.46547e-09 0)
(1.30606e-08 5.29241e-09 0)
(4.45501e-08 1.86577e-08 0)
(1.47927e-07 6.41367e-08 0)
(4.77481e-07 2.14724e-07 0)
(1.49591e-06 6.99206e-07 0)
(4.54103e-06 2.21134e-06 0)
(1.33314e-05 6.78174e-06 0)
(3.77691e-05 2.01326e-05 0)
(0.000103012 5.77404e-05 0)
(0.00026973 0.000159638 0)
(0.0006759 0.000424431 0)
(0.00161488 0.00108216 0)
(0.00366278 0.00263771 0)
(0.00784568 0.00612433 0)
(0.0157703 0.0134895 0)
(0.0295111 0.0280525 0)
(0.0508861 0.0547727 0)
(0.079719 0.0997511 0)
(0.111408 0.168102 0)
(0.136117 0.259807 0)
(0.140061 0.366075 0)
(0.111004 0.466593 0)
(0.043542 0.53427 0)
(1.4948e-12 7.27623e-13 0)
(7.80013e-12 2.46638e-12 0)
(3.10192e-11 9.77995e-12 0)
(1.19261e-10 3.85935e-11 0)
(4.48488e-10 1.49208e-10 0)
(1.64902e-09 5.64699e-10 0)
(5.92291e-09 2.09043e-09 0)
(2.07595e-08 7.5619e-09 0)
(7.09203e-08 2.6703e-08 0)
(2.35855e-07 9.19489e-08 0)
(7.62492e-07 3.08367e-07 0)
(2.39263e-06 1.00589e-06 0)
(7.27489e-06 3.18696e-06 0)
(2.13925e-05 9.79157e-06 0)
(6.07088e-05 2.91218e-05 0)
(0.000165864 8.36812e-05 0)
(0.000435075 0.000231814 0)
(0.00109224 0.000617586 0)
(0.00261467 0.001578 0)
(0.00594272 0.00385497 0)
(0.012758 0.00897222 0)
(0.0257087 0.0198144 0)
(0.0482484 0.0413266 0)
(0.0834849 0.0809633 0)
(0.131362 0.148044 0)
(0.184549 0.250733 0)
(0.226893 0.389841 0)
(0.235278 0.553008 0)
(0.189048 0.709842 0)
(0.0751819 0.820044 0)
(2.24823e-12 9.73446e-13 0)
(1.17421e-11 3.27719e-12 0)
(4.67622e-11 1.30548e-11 0)
(1.80045e-10 5.15777e-11 0)
(6.78019e-10 1.99692e-10 0)
(2.49652e-09 7.56942e-10 0)
(8.9799e-09 2.80641e-09 0)
(3.152e-08 1.01678e-08 0)
(1.0784e-07 3.59622e-08 0)
(3.59175e-07 1.24032e-07 0)
(1.16294e-06 4.1665e-07 0)
(3.65486e-06 1.36141e-06 0)
(1.11303e-05 4.32076e-06 0)
(3.27825e-05 1.32985e-05 0)
(9.31863e-05 3.96242e-05 0)
(0.000255031 0.000114075 0)
(0.000670159 0.000316631 0)
(0.00168554 0.000845288 0)
(0.00404292 0.00216452 0)
(0.00920845 0.00530017 0)
(0.0198152 0.0123673 0)
(0.0400361 0.02739 0)
(0.0753729 0.057314 0)
(0.130924 0.112721 0)
(0.207047 0.20711 0)
(0.292756 0.352958 0)
(0.362824 0.55317 0)
(0.380061 0.792146 0)
(0.311278 1.0272 0)
(0.126188 1.20293 0)
(3.22082e-12 1.21791e-12 0)
(1.68626e-11 4.08732e-12 0)
(6.72365e-11 1.63245e-11 0)
(2.59242e-10 6.45319e-11 0)
(9.77513e-10 2.50207e-10 0)
(3.60406e-09 9.4973e-10 0)
(1.2981e-08 3.52622e-09 0)
(4.56264e-08 1.27941e-08 0)
(1.56319e-07 4.5318e-08 0)
(5.21371e-07 1.56535e-07 0)
(1.69052e-06 5.2664e-07 0)
(5.32072e-06 1.72351e-06 0)
(1.62277e-05 5.47882e-06 0)
(4.78701e-05 1.68909e-05 0)
(0.000136291 5.0415e-05 0)
(0.000373619 0.000145402 0)
(0.000983485 0.000404347 0)
(0.00247816 0.00108162 0)
(0.00595584 0.00277566 0)
(0.0135948 0.00681262 0)
(0.0293253 0.0159382 0)
(0.0594187 0.0354049 0)
(0.112247 0.0743523 0)
(0.195832 0.146885 0)
(0.31154 0.271455 0)
(0.444095 0.466304 0)
(0.556286 0.738851 0)
(0.590802 1.07283 0)
(0.497133 1.41307 0)
(0.206959 1.69202 0)
(4.40563e-12 1.40737e-12 0)
(2.30715e-11 4.75348e-12 0)
(9.20886e-11 1.89511e-11 0)
(3.55462e-10 7.50534e-11 0)
(1.34192e-09 2.91357e-10 0)
(4.95353e-09 1.10734e-09 0)
(1.78632e-08 4.11673e-09 0)
(6.28639e-08 1.49565e-08 0)
(2.15646e-07 5.30488e-08 0)
(7.20166e-07 1.83491e-07 0)
(2.33817e-06 6.18207e-07 0)
(7.36899e-06 2.02612e-06 0)
(2.25059e-05 6.4505e-06 0)
(6.64846e-05 1.99176e-05 0)
(0.000189569 5.95458e-05 0)
(0.000520481 0.000172029 0)
(0.00137232 0.000479263 0)
(0.00346403 0.00128451 0)
(0.00834117 0.0033033 0)
(0.0190804 0.00812674 0)
(0.0412595 0.0190638 0)
(0.0838468 0.0424827 0)
(0.158983 0.0895669 0)
(0.278752 0.177843 0)
(0.446611 0.330962 0)
(0.643305 0.574252 0)
(0.817725 0.92356 0)
(0.885726 1.36882 0)
(0.775689 1.8478 0)
(0.335356 2.29173 0)
(5.73049e-12 1.49837e-12 0)
(3.0025e-11 5.06586e-12 0)
(1.19968e-10 2.02461e-11 0)
(4.63542e-10 8.02374e-11 0)
(1.75173e-09 3.11838e-10 0)
(6.47309e-09 1.18652e-09 0)
(2.33679e-08 4.41622e-09 0)
(8.23254e-08 1.60636e-08 0)
(2.8272e-07 5.70451e-08 0)
(9.45239e-07 1.97562e-07 0)
(3.0725e-06 6.66474e-07 0)
(9.69494e-06 2.18724e-06 0)
(2.96464e-05 6.97314e-06 0)
(8.76915e-05 2.15628e-05 0)
(0.000250375 6.45629e-05 0)
(0.000688407 0.000186828 0)
(0.00181785 0.000521402 0)
(0.00459618 0.00140012 0)
(0.0110875 0.00360822 0)
(0.0254153 0.0088983 0)
(0.0550924 0.0209328 0)
(0.112296 0.0468086 0)
(0.213768 0.0991235 0)
(0.376879 0.197989 0)
(0.608848 0.371597 0)
(0.888547 0.653049 0)
(1.15222 1.07184 0)
(1.28399 1.63762 0)
(1.18943 2.30376 0)
(0.539741 3.05078 0)
(7.08218e-12 1.442e-12 0)
(3.71267e-11 4.873e-12 0)
(1.48469e-10 1.9513e-11 0)
(5.74158e-10 7.74071e-11 0)
(2.17163e-09 3.01095e-10 0)
(8.03182e-09 1.14677e-09 0)
(2.9021e-08 4.27249e-09 0)
(1.02336e-07 1.55567e-08 0)
(3.5177e-07 5.53033e-08 0)
(1.17724e-06 1.91738e-07 0)
(3.83043e-06 6.47558e-07 0)
(1.2099e-05 2.12766e-06 0)
(3.70375e-05 6.79159e-06 0)
(0.000109677 2.10288e-05 0)
(0.000313518 6.30518e-05 0)
(0.00086311 0.000182729 0)
(0.00228229 0.0005108 0)
(0.00577914 0.00137415 0)
(0.0139648 0.00354867 0)
(0.0320739 0.00877278 0)
(0.0696924 0.0206988 0)
(0.14249 0.0464589 0)
(0.27237 0.0988777 0)
(0.483109 0.198889 0)
(0.787909 0.37722 0)
(1.16849 0.673797 0)
(1.55617 1.13578 0)
(1.80967 1.80906 0)
(1.83596 2.7053 0)
(0.895798 3.80437 0)
(8.30654e-12 1.20399e-12 0)
(4.3576e-11 4.08867e-12 0)
(1.7436e-10 1.63537e-11 0)
(6.74733e-10 6.49411e-11 0)
(2.55376e-09 2.52818e-10 0)
(9.45163e-09 9.63618e-10 0)
(3.41754e-08 3.5929e-09 0)
(1.20598e-07 1.30926e-08 0)
(4.14856e-07 4.65814e-08 0)
(1.38943e-06 1.61636e-07 0)
(4.52444e-06 5.46374e-07 0)
(1.4303e-05 1.79686e-06 0)
(4.38222e-05 5.74122e-06 0)
(0.000129887 1.77949e-05 0)
(0.00037165 5.34146e-05 0)
(0.00102422 0.000154987 0)
(0.00271141 0.00043383 0)
(0.00687459 0.00116886 0)
(0.0166365 0.00302388 0)
(0.0382779 0.00749143 0)
(0.0833573 0.0177235 0)
(0.170931 0.0399243 0)
(0.328092 0.0854072 0)
(0.585639 0.173121 0)
(0.965036 0.332547 0)
(1.45747 0.607093 0)
(2.0037 1.06793 0)
(2.46138 1.84296 0)
(2.68989 3.32519 0)
(1.36681 5.98623 0)
(9.12605e-12 8.59447e-13 0)
(4.79987e-11 2.90132e-12 0)
(1.92135e-10 1.1624e-11 0)
(7.43827e-10 4.61767e-11 0)
(2.81646e-09 1.79833e-10 0)
(1.04284e-08 6.85788e-10 0)
(3.77235e-08 2.55827e-09 0)
(1.33179e-07 9.32719e-09 0)
(4.58345e-07 3.32023e-08 0)
(1.53582e-06 1.15274e-07 0)
(5.0036e-06 3.89879e-07 0)
(1.58259e-05 1.28295e-06 0)
(4.85147e-05 4.10177e-06 0)
(0.000143877 1.27218e-05 0)
(0.000411936 3.82139e-05 0)
(0.001136 0.000110966 0)
(0.00300956 0.000310878 0)
(0.00763697 0.000838412 0)
(0.0184997 0.00217151 0)
(0.0426166 0.00538735 0)
(0.0929513 0.0127688 0)
(0.191022 0.0288337 0)
(0.367852 0.0619005 0)
(0.660188 0.126146 0)
(1.09857 0.24443 0)
(1.69379 0.45268 0)
(2.435 0.816138 0)
(3.39593 1.46378 0)
(4.69432 2.77193 0)
(8.50021 5.25022 0)
(9.62856e-12 4.52005e-13 0)
(5.05257e-11 1.5296e-12 0)
(2.02298e-10 6.11502e-12 0)
(7.83336e-10 2.4295e-11 0)
(2.96672e-09 9.46563e-11 0)
(1.09872e-08 3.61051e-10 0)
(3.97544e-08 1.34726e-09 0)
(1.40383e-07 4.91336e-09 0)
(4.83256e-07 1.74953e-08 0)
(1.6197e-06 6.07594e-08 0)
(5.27829e-06 2.05563e-07 0)
(1.66993e-05 6.76647e-07 0)
(5.12069e-05 2.16403e-06 0)
(0.000151908 6.71414e-06 0)
(0.000435073 2.01753e-05 0)
(0.00120024 5.86085e-05 0)
(0.00318101 0.000164265 0)
(0.00807568 0.000443224 0)
(0.0195729 0.0011486 0)
(0.0451184 0.00285147 0)
(0.0984912 0.0067638 0)
(0.202643 0.0152889 0)
(0.390898 0.032863 0)
(0.703446 0.0670685 0)
(1.17581 0.130103 0)
(1.82682 0.240796 0)
(2.65867 0.429274 0)
(3.73913 0.742825 0)
(5.16551 1.20102 0)
(8.07313 1.87035 0)
(9.79578e-12 2.54642e-15 0)
(5.14006e-11 -1.01859e-14 0)
(2.05796e-10 -1.18836e-14 0)
(7.96951e-10 -3.65e-14 0)
(3.0185e-09 -1.58308e-13 0)
(1.11799e-08 -5.73389e-13 0)
(4.04549e-08 -2.02193e-12 0)
(1.42868e-07 -7.02752e-12 0)
(4.91853e-07 -2.38553e-11 0)
(1.64866e-06 -7.90025e-11 0)
(5.37314e-06 -2.55291e-10 0)
(1.7001e-05 -8.03835e-10 0)
(5.21372e-05 -2.46345e-09 0)
(0.000154684 -7.33857e-09 0)
(0.000443073 -2.12211e-08 0)
(0.00122246 -5.9475e-08 0)
(0.00324033 -1.61263e-07 0)
(0.00822758 -4.22154e-07 0)
(0.0199447 -1.06442e-06 0)
(0.0459858 -2.5778e-06 0)
(0.100414 -5.97659e-06 0)
(0.206681 -1.32129e-05 0)
(0.398921 -2.7716e-05 0)
(0.718535 -5.47861e-05 0)
(1.20281 -0.000100882 0)
(1.8733 -0.000168896 0)
(2.73619 -0.000239781 0)
(3.85876 -0.00021866 0)
(5.35425 -5.49261e-05 0)
(7.89846 0.000601422 0)
(9.62665e-12 -4.56674e-13 0)
(5.05179e-11 -1.53215e-12 0)
(2.02269e-10 -6.13581e-12 0)
(7.83251e-10 -2.43786e-11 0)
(2.9664e-09 -9.49457e-11 0)
(1.09861e-08 -3.62108e-10 0)
(3.97506e-08 -1.35101e-09 0)
(1.4037e-07 -4.92638e-09 0)
(4.83213e-07 -1.75396e-08 0)
(1.61956e-06 -6.09061e-08 0)
(5.27785e-06 -2.06038e-07 0)
(1.6698e-05 -6.78144e-07 0)
(5.1203e-05 -2.16863e-06 0)
(0.000151897 -6.72785e-06 0)
(0.000435042 -2.0215e-05 0)
(0.00120015 -5.87199e-05 0)
(0.00318079 -0.000164568 0)
(0.00807514 -0.000444017 0)
(0.0195716 -0.0011506 0)
(0.0451154 -0.00285632 0)
(0.0984849 -0.00677507 0)
(0.20263 -0.0153139 0)
(0.390874 -0.0329155 0)
(0.703403 -0.0671728 0)
(1.17574 -0.130297 0)
(1.82674 -0.241125 0)
(2.65865 -0.429749 0)
(3.73924 -0.743293 0)
(5.166 -1.20059 0)
(8.07331 -1.86738 0)
(9.14388e-12 -8.59447e-13 0)
(4.79856e-11 -2.90599e-12 0)
(1.92092e-10 -1.16384e-11 0)
(7.43665e-10 -4.62323e-11 0)
(2.81587e-09 -1.8006e-10 0)
(1.04263e-08 -6.86587e-10 0)
(3.77163e-08 -2.56113e-09 0)
(1.33155e-07 -9.33725e-09 0)
(4.58265e-07 -3.32368e-08 0)
(1.53556e-06 -1.15389e-07 0)
(5.00279e-06 -3.90256e-07 0)
(1.58234e-05 -1.28415e-06 0)
(4.85073e-05 -4.10549e-06 0)
(0.000143856 -1.2733e-05 0)
(0.000411877 -3.82467e-05 0)
(0.00113584 -0.000111059 0)
(0.00300916 -0.000311134 0)
(0.00763595 -0.000839091 0)
(0.0184973 -0.00217325 0)
(0.0426111 -0.00539163 0)
(0.0929393 -0.0127789 0)
(0.190997 -0.0288567 0)
(0.367804 -0.0619508 0)
(0.660104 -0.126252 0)
(1.09843 -0.244647 0)
(1.69362 -0.453118 0)
(2.43492 -0.817019 0)
(3.39647 -1.46547 0)
(4.69626 -2.7738 0)
(8.50015 -5.2503 0)
(10.7306 0.400732 0)
(9.59323 0.10968 0)
(9.12119 0.0431585 0)
(8.71596 0.0170755 0)
(8.34104 0.00669495 0)
(7.99936 0.00261456 0)
(7.69595 0.00101996 0)
(7.43678 0.000398493 0)
(7.22524 0.000156755 0)
(7.06079 6.28106e-05 0)
(6.93897 2.63264e-05 0)
(6.8529 1.20024e-05 0)
(6.79485 6.32689e-06 0)
(6.75737 4.11719e-06 0)
(6.73406 3.26952e-06 0)
(6.72001 2.9532e-06 0)
(6.71177 2.84233e-06 0)
(6.70685 2.75297e-06 0)
(6.70422 2.81305e-06 0)
(6.70091 3.06479e-06 0)
(6.70654 3.01637e-06 0)
(6.67397 2.94323e-06 0)
(6.81887 2.48543e-06 0)
(6.52878 2.41367e-06 0)
(6.723 1.83265e-06 0)
(9.84553 0.370765 0)
(9.37411 0.151623 0)
(9.0337 0.0607825 0)
(8.67961 0.0240091 0)
(8.32668 0.00945403 0)
(7.99375 0.00372421 0)
(7.6938 0.00146921 0)
(7.43599 0.000581168 0)
(7.22498 0.000231135 0)
(7.06074 9.30749e-05 0)
(6.939 3.86265e-05 0)
(6.85297 1.692e-05 0)
(6.79494 8.20286e-06 0)
(6.75746 4.61523e-06 0)
(6.73416 3.12835e-06 0)
(6.72012 2.50296e-06 0)
(6.71188 2.21445e-06 0)
(6.70696 2.02283e-06 0)
(6.70434 2.02931e-06 0)
(6.70104 2.26372e-06 0)
(6.70667 2.20061e-06 0)
(6.67411 2.13383e-06 0)
(6.81901 1.74578e-06 0)
(6.52892 1.7951e-06 0)
(6.72314 1.44558e-06 0)
(9.48355 0.000323136 0)
(9.26821 0.00022541 0)
(8.99651 0.000142352 0)
(8.66477 8.62206e-05 0)
(8.32087 5.14066e-05 0)
(7.99145 3.02966e-05 0)
(7.69288 1.74999e-05 0)
(7.43562 9.74163e-06 0)
(7.22483 5.05777e-06 0)
(7.06068 2.31513e-06 0)
(6.93898 7.82411e-07 0)
(6.85296 2.61359e-08 0)
(6.79493 -2.70512e-07 0)
(6.75746 -3.98925e-07 0)
(6.73416 -3.64681e-07 0)
(6.72012 -2.75527e-07 0)
(6.71188 -1.74419e-07 0)
(6.70696 -8.68807e-08 0)
(6.70434 -3.08134e-09 0)
(6.70104 5.14962e-08 0)
(6.70667 7.8035e-08 0)
(6.67411 9.90398e-08 0)
(6.81901 9.94859e-08 0)
(6.52892 9.08192e-08 0)
(6.72314 1.19241e-08 0)
(9.84523 -0.369914 0)
(9.37393 -0.151129 0)
(9.03357 -0.0605111 0)
(8.67952 -0.023857 0)
(8.32663 -0.00936676 0)
(7.99372 -0.00367348 0)
(7.69378 -0.00143983 0)
(7.43598 -0.000564581 0)
(7.22498 -0.000222263 0)
(7.06073 -8.87842e-05 0)
(6.939 -3.69418e-05 0)
(6.85297 -1.66201e-05 0)
(6.79494 -8.53279e-06 0)
(6.75746 -5.19531e-06 0)
(6.73416 -3.67282e-06 0)
(6.72012 -2.92132e-06 0)
(6.71188 -2.49176e-06 0)
(6.70696 -2.15065e-06 0)
(6.70435 -2.04839e-06 0)
(6.70104 -2.21085e-06 0)
(6.70667 -2.10696e-06 0)
(6.67411 -1.96791e-06 0)
(6.81901 -1.55779e-06 0)
(6.52892 -1.61083e-06 0)
(6.72314 -1.46809e-06 0)
(10.7287 -0.400205 0)
(9.59263 -0.10941 0)
(9.12085 -0.0430288 0)
(8.71577 -0.0170095 0)
(8.34094 -0.0066591 0)
(7.9993 -0.00259413 0)
(7.69591 -0.00100808 0)
(7.43676 -0.000391648 0)
(7.22523 -0.000152941 0)
(7.06078 -6.08351e-05 0)
(6.93897 -2.54241e-05 0)
(6.8529 -1.17286e-05 0)
(6.79485 -6.38631e-06 0)
(6.75737 -4.29835e-06 0)
(6.73406 -3.44931e-06 0)
(6.72001 -3.09604e-06 0)
(6.71177 -2.94522e-06 0)
(6.70685 -2.79391e-06 0)
(6.70422 -2.82906e-06 0)
(6.70091 -3.06341e-06 0)
(6.70654 -3.00075e-06 0)
(6.67397 -2.87635e-06 0)
(6.81887 -2.39693e-06 0)
(6.52878 -2.32022e-06 0)
(6.723 -1.86708e-06 0)
(8.3015e-12 -1.21631e-12 0)
(4.35312e-11 -4.09648e-12 0)
(1.74197e-10 -1.639e-11 0)
(6.74109e-10 -6.50481e-11 0)
(2.55144e-09 -2.5321e-10 0)
(9.44313e-09 -9.65102e-10 0)
(3.41449e-08 -3.59839e-09 0)
(1.20492e-07 -1.31124e-08 0)
(4.14492e-07 -4.66513e-08 0)
(1.38822e-06 -1.61876e-07 0)
(4.52052e-06 -5.47181e-07 0)
(1.42906e-05 -1.7995e-06 0)
(4.37845e-05 -5.7496e-06 0)
(0.000129775 -1.78207e-05 0)
(0.000371331 -5.34916e-05 0)
(0.00102334 -0.000155209 0)
(0.00270908 -0.00043445 0)
(0.00686865 -0.00117052 0)
(0.016622 -0.00302817 0)
(0.0382442 -0.00750203 0)
(0.0832828 -0.0177485 0)
(0.170775 -0.0399802 0)
(0.327781 -0.0855256 0)
(0.585052 -0.173357 0)
(0.963969 -0.332983 0)
(1.45557 -0.607832 0)
(2.0003 -1.06902 0)
(2.45528 -1.84413 0)
(2.67934 -3.32439 0)
(1.36015 -5.97926 0)
(7.06049e-12 -1.44546e-12 0)
(3.70059e-11 -4.88709e-12 0)
(1.47976e-10 -1.95319e-11 0)
(5.72261e-10 -7.75137e-11 0)
(2.16447e-09 -3.01512e-10 0)
(8.00531e-09 -1.14833e-09 0)
(2.89252e-08 -4.27826e-09 0)
(1.01998e-07 -1.55775e-08 0)
(3.50607e-07 -5.53765e-08 0)
(1.17334e-06 -1.91989e-07 0)
(3.81773e-06 -6.48398e-07 0)
(1.20588e-05 -2.1304e-06 0)
(3.69141e-05 -6.80021e-06 0)
(0.00010931 -2.10552e-05 0)
(0.000312466 -6.31297e-05 0)
(0.000860199 -0.000182951 0)
(0.00227455 -0.000511411 0)
(0.0057594 -0.00137576 0)
(0.0139167 -0.00355274 0)
(0.0319623 -0.00878253 0)
(0.0694468 -0.0207208 0)
(0.141979 -0.0465057 0)
(0.27137 -0.0989687 0)
(0.481277 -0.199046 0)
(0.784766 -0.377437 0)
(1.16344 -0.673947 0)
(1.54862 -1.13532 0)
(1.79946 -1.80646 0)
(1.82348 -2.69702 0)
(0.889073 -3.78487 0)
(5.69651e-12 -1.50057e-12 0)
(2.98183e-11 -5.0655e-12 0)
(1.19156e-10 -2.0224e-11 0)
(4.60404e-10 -8.01644e-11 0)
(1.73987e-09 -3.1155e-10 0)
(6.42918e-09 -1.1854e-09 0)
(2.32091e-08 -4.41195e-09 0)
(8.17648e-08 -1.60477e-08 0)
(2.8079e-07 -5.69872e-08 0)
(9.38771e-07 -1.97356e-07 0)
(3.05141e-06 -6.6576e-07 0)
(9.62819e-06 -2.18483e-06 0)
(2.94415e-05 -6.96523e-06 0)
(8.70833e-05 -2.15376e-05 0)
(0.000248631 -6.4485e-05 0)
(0.000683588 -0.000186595 0)
(0.00180505 -0.000520728 0)
(0.00456364 -0.00139823 0)
(0.0110085 -0.00360316 0)
(0.0252325 -0.00888519 0)
(0.0546923 -0.0209002 0)
(0.111471 -0.0467307 0)
(0.21217 -0.0989447 0)
(0.373998 -0.197594 0)
(0.604038 -0.370752 0)
(0.881166 -0.651289 0)
(1.14195 -1.06823 0)
(1.27142 -1.63052 0)
(1.17595 -2.29084 0)
(0.53296 -3.02874 0)
(4.34529e-12 -1.40346e-12 0)
(2.28174e-11 -4.72614e-12 0)
(9.10566e-11 -1.88669e-11 0)
(3.51469e-10 -7.47027e-11 0)
(1.32681e-09 -2.89989e-10 0)
(4.89764e-09 -1.1021e-09 0)
(1.76612e-08 -4.09708e-09 0)
(6.21512e-08 -1.48845e-08 0)
(2.13195e-07 -5.27913e-08 0)
(7.11957e-07 -1.82593e-07 0)
(2.31143e-06 -6.15152e-07 0)
(7.28446e-06 -2.01601e-06 0)
(2.22468e-05 -6.41798e-06 0)
(6.57163e-05 -1.98162e-05 0)
(0.00018737 -5.92389e-05 0)
(0.000514415 -0.000171132 0)
(0.00135625 -0.000476731 0)
(0.00342325 -0.00127763 0)
(0.0082424 -0.00328532 0)
(0.0188529 -0.00808176 0)
(0.0407637 -0.0189562 0)
(0.0828296 -0.0422373 0)
(0.157031 -0.0890345 0)
(0.275273 -0.176747 0)
(0.44091 -0.328823 0)
(0.634821 -0.570292 0)
(0.806458 -0.916597 0)
(0.872848 -1.35729 0)
(0.76337 -1.83027 0)
(0.329639 -2.26673 0)
(3.17131e-12 -1.19918e-12 0)
(1.65875e-11 -4.05112e-12 0)
(6.61254e-11 -1.61618e-11 0)
(2.54925e-10 -6.39131e-11 0)
(9.61205e-10 -2.47784e-10 0)
(3.5438e-09 -9.40506e-10 0)
(1.27635e-08 -3.49175e-09 0)
(4.48597e-08 -1.26684e-08 0)
(1.53685e-07 -4.487e-08 0)
(5.12561e-07 -1.54978e-07 0)
(1.66187e-06 -5.21369e-07 0)
(5.23025e-06 -1.70614e-06 0)
(1.59509e-05 -5.42324e-06 0)
(4.70506e-05 -1.67184e-05 0)
(0.000133949 -4.9896e-05 0)
(0.000367173 -0.000143893 0)
(0.000966445 -0.000400116 0)
(0.00243502 -0.0010702 0)
(0.00585163 -0.00274606 0)
(0.0133556 -0.00673918 0)
(0.0288059 -0.0157643 0)
(0.0583583 -0.0350132 0)
(0.110225 -0.0735158 0)
(0.192262 -0.145198 0)
(0.30577 -0.268255 0)
(0.435693 -0.46061 0)
(0.545475 -0.729398 0)
(0.578942 -1.05832 0)
(0.486578 -1.39281 0)
(0.20234 -1.66601 0)
(2.18247e-12 -9.60617e-13 0)
(1.14821e-11 -3.22793e-12 0)
(4.56901e-11 -1.28533e-11 0)
(1.75924e-10 -5.07682e-11 0)
(6.62447e-10 -1.96566e-10 0)
(2.43906e-09 -7.45029e-10 0)
(8.77268e-09 -2.76205e-09 0)
(3.07909e-08 -1.00063e-08 0)
(1.05339e-07 -3.53885e-08 0)
(3.50821e-07 -1.22044e-07 0)
(1.13581e-06 -4.09936e-07 0)
(3.56935e-06 -1.33935e-06 0)
(1.08691e-05 -4.25039e-06 0)
(3.20106e-05 -1.30807e-05 0)
(9.09849e-05 -3.89713e-05 0)
(0.000248985 -0.000112183 0)
(0.000654211 -0.000311347 0)
(0.00164527 -0.000831083 0)
(0.0039459 -0.00212787 0)
(0.00898642 -0.00520971 0)
(0.0193349 -0.0121544 0)
(0.0390599 -0.0269136 0)
(0.073522 -0.0563057 0)
(0.127681 -0.110711 0)
(0.201861 -0.203354 0)
(0.28532 -0.34642 0)
(0.353454 -0.542647 0)
(0.370047 -0.776616 0)
(0.302788 -1.00644 0)
(0.122633 -1.17769 0)
(1.45235e-12 -7.07275e-13 0)
(7.56902e-12 -2.40776e-12 0)
(3.00891e-11 -9.56821e-12 0)
(1.15693e-10 -3.77292e-11 0)
(4.35034e-10 -1.45837e-10 0)
(1.59943e-09 -5.51905e-10 0)
(5.74438e-09 -2.04287e-09 0)
(2.01323e-08 -7.38915e-09 0)
(6.87722e-08 -2.60905e-08 0)
(2.28693e-07 -8.9831e-08 0)
(7.39279e-07 -3.01233e-07 0)
(2.3196e-06 -9.8252e-07 0)
(7.0522e-06 -3.11257e-06 0)
(2.07358e-05 -9.56191e-06 0)
(5.88396e-05 -2.84354e-05 0)
(0.000160741 -8.16988e-05 0)
(0.000421594 -0.000226293 0)
(0.00105828 -0.000602795 0)
(0.00253309 -0.00153999 0)
(0.00575658 -0.00376152 0)
(0.0123567 -0.00875324 0)
(0.0248962 -0.0193272 0)
(0.0467154 -0.0403021 0)
(0.0808153 -0.078937 0)
(0.127128 -0.144298 0)
(0.178544 -0.244301 0)
(0.21943 -0.37968 0)
(0.227438 -0.538344 0)
(0.182609 -0.690692 0)
(0.0725665 -0.797471 0)
(9.1593e-13 -5.03325e-13 0)
(4.76126e-12 -1.681e-12 0)
(1.8921e-11 -6.69576e-12 0)
(7.26452e-11 -2.63654e-11 0)
(2.72757e-10 -1.01756e-10 0)
(1.00131e-09 -3.84481e-10 0)
(3.59076e-09 -1.42083e-09 0)
(1.25653e-08 -5.13066e-09 0)
(4.28567e-08 -1.80854e-08 0)
(1.42292e-07 -6.21624e-08 0)
(4.5925e-07 -2.08089e-07 0)
(1.43866e-06 -6.77521e-07 0)
(4.36681e-06 -2.14249e-06 0)
(1.28186e-05 -6.56977e-06 0)
(3.63127e-05 -1.95007e-05 0)
(9.90296e-05 -5.59206e-05 0)
(0.000259275 -0.000154585 0)
(0.000649626 -0.000410936 0)
(0.00155192 -0.00104759 0)
(0.00351953 -0.00255303 0)
(0.00753781 -0.00592669 0)
(0.0151492 -0.0130518 0)
(0.028344 -0.0271366 0)
(0.0488637 -0.0529721 0)
(0.0765322 -0.0964462 0)
(0.106925 -0.162481 0)
(0.1306 -0.251032 0)
(0.134334 -0.353579 0)
(0.1064 -0.4505 0)
(0.041711 -0.515628 0)
(5.37933e-13 -3.27934e-13 0)
(2.87463e-12 -1.11921e-12 0)
(1.13831e-11 -4.43416e-12 0)
(4.36446e-11 -1.74195e-11 0)
(1.63618e-10 -6.71179e-11 0)
(5.99714e-10 -2.53153e-10 0)
(2.14728e-09 -9.33915e-10 0)
(7.50231e-09 -3.36663e-09 0)
(2.55481e-08 -1.18468e-08 0)
(8.46899e-08 -4.06483e-08 0)
(2.72902e-07 -1.35831e-07 0)
(8.53521e-07 -4.41467e-07 0)
(2.5865e-06 -1.39351e-06 0)
(7.58006e-06 -4.26526e-06 0)
(2.14369e-05 -1.26368e-05 0)
(5.83611e-05 -3.61688e-05 0)
(0.00015253 -9.97901e-05 0)
(0.00038148 -0.000264745 0)
(0.000909609 -0.000673519 0)
(0.00205874 -0.00163788 0)
(0.00439971 -0.00379361 0)
(0.00882132 -0.00833402 0)
(0.01646 -0.0172817 0)
(0.0282859 -0.0336342 0)
(0.0441309 -0.0610264 0)
(0.0613841 -0.102389 0)
(0.0745984 -0.157457 0)
(0.0762635 -0.220677 0)
(0.0597943 -0.279747 0)
(0.0232078 -0.318313 0)
(3.22726e-13 -2.03615e-13 0)
(1.65882e-12 -7.01227e-13 0)
(6.56859e-12 -2.77803e-12 0)
(2.51397e-11 -1.09182e-11 0)
(9.41019e-11 -4.20098e-11 0)
(3.44363e-10 -1.58199e-10 0)
(1.23107e-09 -5.8264e-10 0)
(4.29445e-09 -2.09672e-09 0)
(1.46011e-08 -7.36534e-09 0)
(4.83247e-08 -2.52277e-08 0)
(1.55471e-07 -8.41533e-08 0)
(4.85469e-07 -2.73024e-07 0)
(1.46878e-06 -8.60275e-07 0)
(4.2974e-06 -2.62838e-06 0)
(1.21332e-05 -7.77298e-06 0)
(3.29766e-05 -2.22066e-05 0)
(8.60379e-05 -6.11529e-05 0)
(0.0002148 -0.000161928 0)
(0.00051123 -0.000411138 0)
(0.00115483 -0.000997774 0)
(0.00246284 -0.00230608 0)
(0.00492665 -0.00505466 0)
(0.00916913 -0.0104558 0)
(0.0157098 -0.0202943 0)
(0.0244235 -0.0367093 0)
(0.0338406 -0.0613719 0)
(0.0409501 -0.0940215 0)
(0.041652 -0.131252 0)
(0.0324024 -0.165736 0)
(0.0124825 -0.187797 0)
(1.61951e-13 -1.22975e-13 0)
(9.25506e-13 -4.17981e-13 0)
(3.63684e-12 -1.66016e-12 0)
(1.3912e-11 -6.52407e-12 0)
(5.19921e-11 -2.50567e-11 0)
(1.89976e-10 -9.41923e-11 0)
(6.78087e-10 -3.46308e-10 0)
(2.36173e-09 -1.24411e-09 0)
(8.01726e-09 -4.36277e-09 0)
(2.64927e-08 -1.49175e-08 0)
(8.50983e-08 -4.9675e-08 0)
(2.65303e-07 -1.60883e-07 0)
(8.0139e-07 -5.06043e-07 0)
(2.34096e-06 -1.54338e-06 0)
(6.59865e-06 -4.55619e-06 0)
(1.79047e-05 -1.29932e-05 0)
(4.66357e-05 -3.5716e-05 0)
(0.000116228 -9.43986e-05 0)
(0.000276127 -0.000239226 0)
(0.000622566 -0.000579436 0)
(0.00132502 -0.00133649 0)
(0.00264469 -0.00292316 0)
(0.00490991 -0.0060328 0)
(0.00838844 -0.01168 0)
(0.0129984 -0.021068 0)
(0.0179476 -0.0351111 0)
(0.0216368 -0.053615 0)
(0.0219118 -0.0745999 0)
(0.0169395 -0.0939019 0)
(0.00648817 -0.10607 0)
(9.27353e-14 -6.78715e-14 0)
(4.91229e-13 -2.39902e-13 0)
(1.93955e-12 -9.51546e-13 0)
(7.40959e-12 -3.72722e-12 0)
(2.7657e-11 -1.42819e-11 0)
(1.00891e-10 -5.36044e-11 0)
(3.5956e-10 -1.96759e-10 0)
(1.25039e-09 -7.05661e-10 0)
(4.23808e-09 -2.4704e-09 0)
(1.39828e-08 -8.4327e-09 0)
(4.48447e-08 -2.8033e-08 0)
(1.3959e-07 -9.06368e-08 0)
(4.20991e-07 -2.84603e-07 0)
(1.22782e-06 -8.66527e-07 0)
(3.45543e-06 -2.55365e-06 0)
(9.36072e-06 -7.26978e-06 0)
(2.43412e-05 -1.99483e-05 0)
(6.0561e-05 -5.263e-05 0)
(0.000143623 -0.000133133 0)
(0.000323217 -0.000321862 0)
(0.000686541 -0.000740944 0)
(0.00136735 -0.00161727 0)
(0.00253239 -0.00333041 0)
(0.00431468 -0.0064326 0)
(0.00666517 -0.0115725 0)
(0.00917346 -0.0192308 0)
(0.0110218 -0.0292808 0)
(0.0111189 -0.0406257 0)
(0.00855166 -0.0510005 0)
(0.00326057 -0.0574693 0)
(3.34319e-14 -3.29278e-14 0)
(2.54518e-13 -1.25663e-13 0)
(9.91697e-13 -5.11053e-13 0)
(3.80417e-12 -2.03514e-12 0)
(1.4187e-11 -7.80489e-12 0)
(5.16798e-11 -2.92486e-11 0)
(1.83902e-10 -1.07175e-10 0)
(6.38547e-10 -3.83754e-10 0)
(2.16099e-09 -1.34124e-09 0)
(7.11886e-09 -4.57074e-09 0)
(2.27963e-08 -1.51695e-08 0)
(7.08497e-08 -4.89649e-08 0)
(2.13347e-07 -1.53497e-07 0)
(6.21261e-07 -4.66571e-07 0)
(1.74565e-06 -1.37268e-06 0)
(4.72143e-06 -3.90121e-06 0)
(1.22574e-05 -1.06867e-05 0)
(3.04454e-05 -2.81465e-05 0)
(7.20772e-05 -7.10741e-05 0)
(0.000161909 -0.000171518 0)
(0.000343238 -0.000394101 0)
(0.000682154 -0.000858511 0)
(0.0012604 -0.00176419 0)
(0.00214177 -0.00339974 0)
(0.00329876 -0.00610107 0)
(0.00452659 -0.0101113 0)
(0.00542177 -0.0153551 0)
(0.00545053 -0.0212504 0)
(0.0041739 -0.026615 0)
(0.00158556 -0.0299317 0)
(1.09201e-14 -1.57919e-14 0)
(1.27007e-13 -6.71996e-14 0)
(4.94925e-13 -2.77198e-13 0)
(1.88713e-12 -1.07385e-12 0)
(7.02353e-12 -4.0985e-12 0)
(2.5574e-11 -1.53417e-11 0)
(9.08839e-11 -5.61237e-11 0)
(3.15106e-10 -2.00627e-10 0)
(1.06479e-09 -7.00065e-10 0)
(3.50241e-09 -2.38185e-09 0)
(1.11986e-08 -7.89219e-09 0)
(3.47523e-08 -2.54337e-08 0)
(1.04489e-07 -7.96018e-08 0)
(3.03805e-07 -2.41567e-07 0)
(8.52332e-07 -7.09553e-07 0)
(2.30166e-06 -2.01328e-06 0)
(5.96582e-06 -5.50593e-06 0)
(1.47937e-05 -1.44771e-05 0)
(3.49627e-05 -3.64944e-05 0)
(7.83958e-05 -8.7914e-05 0)
(0.000165873 -0.000201633 0)
(0.000328964 -0.000438395 0)
(0.000606408 -0.000899033 0)
(0.00102779 -0.00172869 0)
(0.00157852 -0.00309485 0)
(0.00215992 -0.00511609 0)
(0.00257956 -0.00775039 0)
(0.00258502 -0.0107012 0)
(0.00197215 -0.0133747 0)
(0.000746885 -0.0150166 0)
(1.00799e-14 -6.38395e-15 0)
(6.01436e-14 -2.92319e-14 0)
(2.32846e-13 -1.31711e-13 0)
(9.05178e-13 -5.3726e-13 0)
(3.37191e-12 -2.07277e-12 0)
(1.22493e-11 -7.75416e-12 0)
(4.34791e-11 -2.83253e-11 0)
(1.50514e-10 -1.0107e-10 0)
(5.07844e-10 -3.52122e-10 0)
(1.66799e-09 -1.19616e-09 0)
(5.32536e-09 -3.95719e-09 0)
(1.65014e-08 -1.27326e-08 0)
(4.95406e-08 -3.97873e-08 0)
(1.43824e-07 -1.20552e-07 0)
(4.02885e-07 -3.53536e-07 0)
(1.08628e-06 -1.00152e-06 0)
(2.81113e-06 -2.73456e-06 0)
(6.95948e-06 -7.17838e-06 0)
(1.64197e-05 -1.80653e-05 0)
(3.67513e-05 -4.34438e-05 0)
(7.76105e-05 -9.94613e-05 0)
(0.000153599 -0.000215843 0)
(0.000282493 -0.000441752 0)
(0.000477576 -0.000847588 0)
(0.000731469 -0.00151392 0)
(0.000998179 -0.00249661 0)
(0.00118885 -0.00377345 0)
(0.00118787 -0.0051989 0)
(0.000903263 -0.00648544 0)
(0.0003412 -0.00727122 0)
(4.87197e-15 -4.03194e-15 0)
(2.53679e-14 -1.41119e-14 0)
(1.04159e-13 -6.61915e-14 0)
(4.19997e-13 -2.62078e-13 0)
(1.56558e-12 -1.01404e-12 0)
(5.6876e-12 -3.78031e-12 0)
(2.0156e-11 -1.38014e-11 0)
(6.96972e-11 -4.91669e-11 0)
(2.34826e-10 -1.71046e-10 0)
(7.70146e-10 -5.80143e-10 0)
(2.45525e-09 -1.91633e-09 0)
(7.5968e-09 -6.15647e-09 0)
(2.27736e-08 -1.92084e-08 0)
(6.60168e-08 -5.81103e-08 0)
(1.84651e-07 -1.70153e-07 0)
(4.97102e-07 -4.81269e-07 0)
(1.28441e-06 -1.31199e-06 0)
(3.17463e-06 -3.43852e-06 0)
(7.47732e-06 -8.63924e-06 0)
(1.67062e-05 -2.07407e-05 0)
(3.52122e-05 -4.74006e-05 0)
(6.95442e-05 -0.000102674 0)
(0.000127612 -0.000209723 0)
(0.0002152 -0.000401546 0)
(0.000328731 -0.000715605 0)
(0.000447428 -0.00117737 0)
(0.000531511 -0.00177563 0)
(0.000529612 -0.00244143 0)
(0.000401542 -0.00304026 0)
(0.000151343 -0.00340435 0)
(2.01598e-15 -1.34394e-15 0)
(1.54558e-14 2.01589e-15 0)
(5.27516e-14 -2.35199e-14 0)
(1.85135e-13 -1.27007e-13 0)
(7.03243e-13 -4.76109e-13 0)
(2.55745e-12 -1.78751e-12 0)
(9.06639e-12 -6.50223e-12 0)
(3.13335e-11 -2.31435e-11 0)
(1.05422e-10 -8.03955e-11 0)
(3.4525e-10 -2.72276e-10 0)
(1.09909e-09 -8.98016e-10 0)
(3.3958e-09 -2.88067e-09 0)
(1.01651e-08 -8.97429e-09 0)
(2.94235e-08 -2.71085e-08 0)
(8.21759e-08 -7.92559e-08 0)
(2.20891e-07 -2.23828e-07 0)
(5.69845e-07 -6.09231e-07 0)
(1.4062e-06 -1.59418e-06 0)
(3.30647e-06 -3.99888e-06 0)
(7.3743e-06 -9.58429e-06 0)
(1.55135e-05 -2.18656e-05 0)
(3.05759e-05 -4.72763e-05 0)
(5.59798e-05 -9.63787e-05 0)
(9.417e-05 -0.000184148 0)
(0.000143478 -0.000327453 0)
(0.000194795 -0.000537541 0)
(0.000230826 -0.000808987 0)
(0.000229408 -0.0011102 0)
(0.000173472 -0.00138024 0)
(6.52561e-05 -0.0015438 0)
(-5.03974e-16 1.07518e-14 0)
(1.0081e-15 -4.70395e-15 0)
(1.79759e-14 -2.08316e-14 0)
(7.91275e-14 -4.80478e-14 0)
(3.07102e-13 -2.22094e-13 0)
(1.12072e-12 -8.07067e-13 0)
(3.96679e-12 -2.97224e-12 0)
(1.37e-11 -1.05554e-11 0)
(4.60115e-11 -3.66281e-11 0)
(1.50474e-10 -1.2386e-10 0)
(4.78358e-10 -4.07933e-10 0)
(1.47584e-09 -1.30664e-09 0)
(4.41144e-09 -4.06464e-09 0)
(1.27507e-08 -1.22598e-08 0)
(3.55582e-08 -3.579e-08 0)
(9.54369e-08 -1.00923e-07 0)
(2.45821e-07 -2.74278e-07 0)
(6.05632e-07 -7.16589e-07 0)
(1.42166e-06 -1.79463e-06 0)
(3.16503e-06 -4.29413e-06 0)
(6.64566e-06 -9.77971e-06 0)
(1.30712e-05 -2.11065e-05 0)
(2.38777e-05 -4.29452e-05 0)
(4.007e-05 -8.18861e-05 0)
(6.08967e-05 -0.000145296 0)
(8.24761e-05 -0.000237994 0)
(9.74977e-05 -0.000357454 0)
(9.66624e-05 -0.000489645 0)
(7.29171e-05 -0.000607808 0)
(2.73827e-05 -0.00067914 0)
(5.37585e-15 -6.71968e-16 0)
(7.55989e-15 -2.35181e-15 0)
(2.352e-15 7.72775e-15 0)
(3.46077e-14 -2.38558e-14 0)
(1.27679e-13 -9.03835e-14 0)
(4.78461e-13 -3.5683e-13 0)
(1.68385e-12 -1.31039e-12 0)
(5.82284e-12 -4.67003e-12 0)
(1.95453e-11 -1.61968e-11 0)
(6.38418e-11 -5.47065e-11 0)
(2.02667e-10 -1.79918e-10 0)
(6.24396e-10 -5.75454e-10 0)
(1.86373e-09 -1.7875e-09 0)
(5.37907e-09 -5.38358e-09 0)
(1.49787e-08 -1.56931e-08 0)
(4.01418e-08 -4.41865e-08 0)
(1.03235e-07 -1.19904e-07 0)
(2.53931e-07 -3.12782e-07 0)
(5.95074e-07 -7.82086e-07 0)
(1.32245e-06 -1.86827e-06 0)
(2.77147e-06 -4.24759e-06 0)
(5.43993e-06 -9.15053e-06 0)
(9.91527e-06 -1.85829e-05 0)
(1.65993e-05 -3.53611e-05 0)
(2.51645e-05 -6.26099e-05 0)
(3.40012e-05 -0.000102337 0)
(4.01011e-05 -0.000153404 0)
(3.96654e-05 -0.000209765 0)
(2.98549e-05 -0.000260007 0)
(1.11943e-05 -0.000290248 0)
(-1.67996e-14 1.00805e-15 0)
(3.02391e-15 2.01595e-14 0)
(-8.3996e-16 -3.02386e-15 0)
(1.19279e-14 -4.03201e-15 0)
(4.90557e-14 -3.96477e-14 0)
(1.99415e-13 -1.53887e-13 0)
(6.91483e-13 -5.63468e-13 0)
(2.41431e-12 -2.01195e-12 0)
(8.08982e-12 -6.96322e-12 0)
(2.63963e-11 -2.3494e-11 0)
(8.36843e-11 -7.71531e-11 0)
(2.57463e-10 -2.46424e-10 0)
(7.67396e-10 -7.6435e-10 0)
(2.21166e-09 -2.29875e-09 0)
(6.1496e-09 -6.6911e-09 0)
(1.64557e-08 -1.88121e-08 0)
(4.22545e-08 -5.09717e-08 0)
(1.03768e-07 -1.3276e-07 0)
(2.42765e-07 -3.31431e-07 0)
(5.38538e-07 -7.90433e-07 0)
(1.12647e-06 -1.794e-06 0)
(2.20654e-06 -3.85783e-06 0)
(4.0129e-06 -7.81953e-06 0)
(6.70212e-06 -1.48497e-05 0)
(1.01358e-05 -2.62376e-05 0)
(1.36635e-05 -4.2797e-05 0)
(1.60787e-05 -6.40311e-05 0)
(1.58688e-05 -8.74074e-05 0)
(1.19193e-05 -0.000108192 0)
(4.46301e-06 -0.000120671 0)
(1.6793e-16 5.3759e-15 0)
(1.51199e-15 -1.94874e-14 0)
(-4.19996e-15 3.69588e-15 0)
(2.51996e-15 -4.36794e-15 0)
(1.2096e-14 -1.67998e-14 0)
(7.99675e-14 -6.14876e-14 0)
(2.7451e-13 -2.3251e-13 0)
(9.79265e-13 -8.39322e-13 0)
(3.26775e-12 -2.91209e-12 0)
(1.06439e-11 -9.82256e-12 0)
(3.37107e-11 -3.22064e-11 0)
(1.03573e-10 -1.02736e-10 0)
(3.0829e-10 -3.18223e-10 0)
(8.87215e-10 -9.55688e-10 0)
(2.46333e-09 -2.77775e-09 0)
(6.58172e-09 -7.79822e-09 0)
(1.68742e-08 -2.10979e-08 0)
(4.13725e-08 -5.48672e-08 0)
(9.6627e-08 -1.36758e-07 0)
(2.1397e-07 -3.25622e-07 0)
(4.4671e-07 -7.37781e-07 0)
(8.73221e-07 -1.58367e-06 0)
(1.58457e-06 -3.20388e-06 0)
(2.64026e-06 -6.07219e-06 0)
(3.98346e-06 -1.07066e-05 0)
(5.35775e-06 -1.74284e-05 0)
(6.29112e-06 -2.60273e-05 0)
(6.19584e-06 -3.54709e-05 0)
(4.64479e-06 -4.38473e-05 0)
(1.73697e-06 -4.88645e-05 0)
(-1.17596e-15 3.35999e-15 0)
(1.17598e-15 2.31835e-14 0)
(-5.37594e-15 6.72036e-16 0)
(-1.51198e-15 9.24557e-21 0)
(2.68801e-15 -2.01605e-15 0)
(3.44397e-14 -2.35198e-14 0)
(1.02815e-13 -9.27354e-14 0)
(3.82197e-13 -3.4171e-13 0)
(1.28486e-12 -1.18641e-12 0)
(4.19476e-12 -3.9977e-12 0)
(1.32632e-11 -1.31053e-11 0)
(4.069e-11 -4.17578e-11 0)
(1.20954e-10 -1.29151e-10 0)
(3.47596e-10 -3.87309e-10 0)
(9.63679e-10 -1.12413e-09 0)
(2.57096e-09 -3.15128e-09 0)
(6.58117e-09 -8.51302e-09 0)
(1.61098e-08 -2.21052e-08 0)
(3.75612e-08 -5.5011e-08 0)
(8.30258e-08 -1.30767e-07 0)
(1.73004e-07 -2.9578e-07 0)
(3.37491e-07 -6.33759e-07 0)
(6.11075e-07 -1.27971e-06 0)
(1.01583e-06 -2.42057e-06 0)
(1.52903e-06 -4.25929e-06 0)
(2.05201e-06 -6.91949e-06 0)
(2.4044e-06 -1.03148e-05 0)
(2.36316e-06 -1.40349e-05 0)
(1.76835e-06 -1.73271e-05 0)
(6.60519e-07 -1.92948e-05 0)
(-8.40027e-16 -3.35996e-15 0)
(4.19994e-15 -9.40774e-15 0)
(-5.20792e-15 -2.01596e-15 0)
(-2.01599e-15 1.67997e-15 0)
(5.03962e-16 -3.35985e-16 0)
(1.32719e-14 -6.71997e-15 0)
(3.27598e-14 -3.35998e-14 0)
(1.47503e-13 -1.32719e-13 0)
(4.92741e-13 -4.70733e-13 0)
(1.61044e-12 -1.58793e-12 0)
(5.10179e-12 -5.20662e-12 0)
(1.56259e-11 -1.65546e-11 0)
(4.63884e-11 -5.11506e-11 0)
(1.33125e-10 -1.5319e-10 0)
(3.68534e-10 -4.43965e-10 0)
(9.81713e-10 -1.24277e-09 0)
(2.5091e-09 -3.35228e-09 0)
(6.13196e-09 -8.69136e-09 0)
(1.42728e-08 -2.15952e-08 0)
(3.14919e-08 -5.12501e-08 0)
(6.54949e-08 -1.15723e-07 0)
(1.27504e-07 -2.47511e-07 0)
(2.30358e-07 -4.98841e-07 0)
(3.82056e-07 -9.41691e-07 0)
(5.73753e-07 -1.65367e-06 0)
(7.68327e-07 -2.68123e-06 0)
(8.98416e-07 -3.98978e-06 0)
(8.81275e-07 -5.42028e-06 0)
(6.58325e-07 -6.6835e-06 0)
(2.45632e-07 -7.43705e-06 0)
(-3.86387e-15 -1.34402e-15 0)
(1.84797e-15 3.35993e-15 0)
(-1.848e-15 -6.72016e-16 0)
(1.17595e-15 -3.36002e-16 0)
(-7.89584e-15 1.67997e-15 0)
(8.23187e-15 3.35992e-16 0)
(6.21602e-15 -1.34398e-14 0)
(5.39276e-14 -5.07356e-14 0)
(1.87823e-13 -1.81103e-13 0)
(5.99924e-13 -6.15212e-13 0)
(1.9162e-12 -2.01431e-12 0)
(5.86736e-12 -6.41554e-12 0)
(1.74099e-11 -1.97872e-11 0)
(4.98831e-11 -5.91833e-11 0)
(1.3789e-10 -1.71289e-10 0)
(3.6676e-10 -4.78784e-10 0)
(9.35926e-10 -1.28958e-09 0)
(2.28356e-09 -3.33836e-09 0)
(5.30615e-09 -8.28168e-09 0)
(1.16865e-08 -1.9622e-08 0)
(2.42581e-08 -4.42307e-08 0)
(4.71281e-08 -9.44312e-08 0)
(8.49594e-08 -1.8996e-07 0)
(1.40587e-07 -3.57894e-07 0)
(2.10648e-07 -6.27226e-07 0)
(2.81484e-07 -1.01501e-06 0)
(3.28481e-07 -1.50775e-06 0)
(3.21603e-07 -2.04524e-06 0)
(2.3985e-07 -2.51889e-06 0)
(8.94013e-08 -2.80093e-06 0)
(1.84787e-15 -8.73587e-15 0)
(4.36796e-15 3.0239e-15 0)
(-2.68795e-15 -1.67994e-15 0)
(1.00797e-15 4.53956e-20 0)
(-1.00805e-15 -1.34395e-15 0)
(1.68035e-16 5.71191e-15 0)
(-1.67981e-16 1.67988e-15 0)
(1.2768e-14 -1.6464e-14 0)
(6.51835e-14 -6.18237e-14 0)
(2.23102e-13 -2.31166e-13 0)
(7.01059e-13 -7.60699e-13 0)
(2.15845e-12 -2.4249e-12 0)
(6.39303e-12 -7.482e-12 0)
(1.83038e-11 -2.23586e-11 0)
(5.05171e-11 -6.46191e-11 0)
(1.34165e-10 -1.80367e-10 0)
(3.41841e-10 -4.85087e-10 0)
(8.32687e-10 -1.25384e-09 0)
(1.93154e-09 -3.10555e-09 0)
(4.24636e-09 -7.34594e-09 0)
(8.79735e-09 -1.65303e-08 0)
(1.70562e-08 -3.52283e-08 0)
(3.0681e-08 -7.07323e-08 0)
(5.06546e-08 -1.33002e-07 0)
(7.57288e-08 -2.32631e-07 0)
(1.00983e-07 -3.7574e-07 0)
(1.17611e-07 -5.5719e-07 0)
(1.14937e-07 -7.54701e-07 0)
(8.55863e-08 -9.28409e-07 0)
(3.18709e-08 -1.03167e-06 0)
(-2.08315e-14 -1.34401e-15 0)
(7.55984e-15 -6.71987e-15 0)
(-1.17596e-15 -6.01507e-20 0)
(-8.3998e-16 2.3519e-15 0)
(-2.01599e-15 1.00802e-15 0)
(8.39975e-16 -6.71968e-16 0)
(-2.18399e-15 -3.35966e-16 0)
(5.20791e-15 -6.0479e-15 0)
(1.5288e-14 -2.45278e-14 0)
(7.69435e-14 -8.80313e-14 0)
(2.5267e-13 -2.74846e-13 0)
(7.76323e-13 -8.98122e-13 0)
(2.30192e-12 -2.76896e-12 0)
(6.58001e-12 -8.27025e-12 0)
(1.81353e-11 -2.38565e-11 0)
(4.80922e-11 -6.65e-11 0)
(1.22344e-10 -1.78581e-10 0)
(2.97529e-10 -4.60877e-10 0)
(6.88974e-10 -1.13971e-09 0)
(1.51192e-09 -2.69146e-09 0)
(3.12623e-09 -6.04607e-09 0)
(6.04866e-09 -1.28617e-08 0)
(1.08568e-08 -2.57755e-08 0)
(1.78846e-08 -4.83729e-08 0)
(2.66786e-08 -8.44415e-08 0)
(3.55022e-08 -1.36132e-07 0)
(4.12685e-08 -2.01533e-07 0)
(4.02583e-08 -2.72576e-07 0)
(2.99331e-08 -3.34939e-07 0)
(1.11365e-08 -3.71955e-07 0)
(1.67987e-15 -2.35198e-15 0)
(2.352e-15 3.02388e-15 0)
(-1.68009e-16 -5.71189e-15 0)
(-3.02394e-15 -6.04791e-15 0)
(1.344e-15 3.35947e-16 0)
(1.51198e-15 1.34399e-15 0)
(-3.19194e-15 -1.34395e-15 0)
(-3.36031e-16 3.35966e-16 0)
(7.89587e-15 -6.04797e-15 0)
(1.8816e-14 -2.88958e-14 0)
(8.97113e-14 -9.87833e-14 0)
(2.69638e-13 -3.2491e-13 0)
(8.09251e-13 -1.00497e-12 0)
(2.32023e-12 -2.9887e-12 0)
(6.38413e-12 -8.6301e-12 0)
(1.69037e-11 -2.40141e-11 0)
(4.29382e-11 -6.43893e-11 0)
(1.04247e-10 -1.65934e-10 0)
(2.40987e-10 -4.09679e-10 0)
(5.27865e-10 -9.65863e-10 0)
(1.08936e-09 -2.16596e-09 0)
(2.10338e-09 -4.5993e-09 0)
(3.76723e-09 -9.19986e-09 0)
(6.19199e-09 -1.72319e-08 0)
(9.21654e-09 -3.0022e-08 0)
(1.224e-08 -4.83103e-08 0)
(1.42011e-08 -7.14013e-08 0)
(1.38294e-08 -9.64342e-08 0)
(1.02679e-08 -1.18368e-07 0)
(3.81686e-09 -1.31368e-07 0)
(2.41144e-20 -2.35196e-15 0)
(3.19193e-15 -6.04791e-15 0)
(-5.0398e-16 -2.35198e-15 0)
(8.40001e-16 -1.67999e-15 0)
(4.36793e-15 -3.6959e-15 0)
(3.02396e-15 1.67995e-15 0)
(-1.51202e-15 3.69594e-15 0)
(-1.10878e-14 6.71992e-15 0)
(5.04003e-16 1.34397e-15 0)
(5.03994e-15 -1.07519e-14 0)
(3.07438e-14 -3.86397e-14 0)
(9.18954e-14 -1.11887e-13 0)
(2.77198e-13 -3.54142e-13 0)
(8.02363e-13 -1.0594e-12 0)
(2.20347e-12 -3.05624e-12 0)
(5.82906e-12 -8.49906e-12 0)
(1.47854e-11 -2.27595e-11 0)
(3.58434e-11 -5.8555e-11 0)
(8.27063e-11 -1.44349e-10 0)
(1.80836e-10 -3.39748e-10 0)
(3.72473e-10 -7.60572e-10 0)
(7.17709e-10 -1.61211e-09 0)
(1.28267e-09 -3.2186e-09 0)
(2.1036e-09 -6.01699e-09 0)
(3.12439e-09 -1.04627e-08 0)
(4.14104e-09 -1.68055e-08 0)
(4.79562e-09 -2.47976e-08 0)
(4.66223e-09 -3.34448e-08 0)
(3.45677e-09 -4.10083e-08 0)
(1.28394e-09 -4.54847e-08 0)
(1.00795e-15 -1.68e-15 0)
(-5.37587e-15 -4.36795e-15 0)
(3.52794e-15 -2.01601e-15 0)
(3.02396e-15 -2.68794e-15 0)
(1.68001e-15 3.35953e-16 0)
(2.01597e-15 -3.69594e-15 0)
(-1.008e-15 6.71991e-16 0)
(-8.39993e-15 -1.67997e-15 0)
(3.35955e-16 -4.36794e-15 0)
(-5.03991e-15 -3.35999e-15 0)
(1.20959e-14 -8.73595e-15 0)
(2.85598e-14 -3.66238e-14 0)
(9.18954e-14 -1.21295e-13 0)
(2.72662e-13 -3.6691e-13 0)
(7.45747e-13 -1.05738e-12 0)
(1.97415e-12 -2.94771e-12 0)
(4.99477e-12 -7.88654e-12 0)
(1.21008e-11 -2.02681e-11 0)
(2.78698e-11 -4.98876e-11 0)
(6.08331e-11 -1.17225e-10 0)
(1.25039e-10 -2.61966e-10 0)
(2.40449e-10 -5.54269e-10 0)
(4.28802e-10 -1.10453e-09 0)
(7.01697e-10 -2.06086e-09 0)
(1.03998e-09 -3.57669e-09 0)
(1.37568e-09 -5.73458e-09 0)
(1.59022e-09 -8.44813e-09 0)
(1.54345e-09 -1.13785e-08 0)
(1.14286e-09 -1.39373e-08 0)
(4.24156e-10 -1.54497e-08 0)
(-1.51196e-15 3.69594e-15 0)
(-1.67999e-15 -3.35998e-16 0)
(1.51196e-15 -1.00797e-15 0)
(2.68796e-15 2.01591e-15 0)
(1.68e-15 1.67996e-15 0)
(5.54392e-15 1.67998e-15 0)
(-3.69593e-15 -1.34398e-15 0)
(-7.72789e-15 -1.67997e-15 0)
(-4.01939e-20 -3.35994e-15 0)
(-6.71992e-15 -1.67996e-15 0)
(4.70394e-15 -3.024e-15 0)
(9.40794e-15 -1.37758e-14 0)
(2.83918e-14 -4.16637e-14 0)
(9.29033e-14 -1.25327e-13 0)
(2.44102e-13 -3.59518e-13 0)
(6.54356e-13 -1.00363e-12 0)
(1.66235e-12 -2.68429e-12 0)
(4.01232e-12 -6.88359e-12 0)
(9.22398e-12 -1.69178e-11 0)
(2.01019e-11 -3.96971e-11 0)
(4.12394e-11 -8.8563e-11 0)
(7.91401e-11 -1.87038e-10 0)
(1.40828e-10 -3.72041e-10 0)
(2.2996e-10 -6.92827e-10 0)
(3.40098e-10 -1.20014e-09 0)
(4.49008e-10 -1.92078e-09 0)
(5.18094e-10 -2.82517e-09 0)
(5.02055e-10 -3.80004e-09 0)
(3.71271e-10 -4.64984e-09 0)
(1.37688e-10 -5.15151e-09 0)
(3.35973e-16 3.35966e-16 0)
(-1.67995e-15 3.35978e-16 0)
(-2.85593e-15 -3.35995e-16 0)
(-3.35964e-16 -3.69587e-15 0)
(3.86393e-15 -2.35195e-15 0)
(1.512e-15 -5.71191e-15 0)
(3.52793e-15 1.34398e-15 0)
(-4.70395e-15 -1.34402e-15 0)
(-1.00801e-15 3.6959e-15 0)
(-4.19999e-15 2.68796e-15 0)
(-1.84792e-15 -1.00795e-15 0)
(1.51196e-15 -6.72045e-16 0)
(8.06394e-15 -1.17599e-14 0)
(3.00718e-14 -3.83038e-14 0)
(7.72795e-14 -1.18943e-13 0)
(2.15375e-13 -3.37678e-13 0)
(5.40956e-13 -8.93082e-13 0)
(1.31056e-12 -2.29117e-12 0)
(2.99895e-12 -5.63367e-12 0)
(6.53129e-12 -1.32014e-11 0)
(1.3365e-11 -2.94082e-11 0)
(2.5605e-11 -6.19902e-11 0)
(4.54694e-11 -1.23078e-10 0)
(7.40747e-11 -2.28766e-10 0)
(1.09334e-10 -3.95519e-10 0)
(1.44065e-10 -6.31897e-10 0)
(1.65941e-10 -9.27977e-10 0)
(1.60546e-10 -1.24653e-09 0)
(1.18585e-10 -1.52378e-09 0)
(4.39423e-11 -1.68725e-09 0)
(1.67993e-16 -6.38389e-15 0)
(-2.68794e-15 -6.38392e-15 0)
(8.39966e-16 7.39183e-15 0)
(-3.35961e-16 5.0399e-15 0)
(5.37589e-15 4.0319e-15 0)
(-8.3993e-16 3.35996e-15 0)
(2.51991e-15 -1.344e-15 0)
(-8.56788e-15 -3.35996e-15 0)
(3.35992e-16 -3.6959e-15 0)
(-1.04159e-14 5.71189e-15 0)
(3.86388e-15 6.71973e-16 0)
(3.36005e-16 6.71968e-16 0)
(3.19199e-15 -1.68e-15 0)
(6.04799e-15 -1.176e-14 0)
(2.30159e-14 -4.16637e-14 0)
(6.87115e-14 -1.08191e-13 0)
(1.74887e-13 -2.88958e-13 0)
(4.18149e-13 -7.50619e-13 0)
(9.56754e-13 -1.84127e-12 0)
(2.08705e-12 -4.31119e-12 0)
(4.2623e-12 -9.58971e-12 0)
(8.14862e-12 -2.01965e-11 0)
(1.4438e-11 -4.00086e-11 0)
(2.34681e-11 -7.42263e-11 0)
(3.45636e-11 -1.28103e-10 0)
(4.54679e-11 -2.04297e-10 0)
(5.22774e-11 -2.99557e-10 0)
(5.04949e-11 -4.01866e-10 0)
(3.7259e-11 -4.90769e-10 0)
(1.37927e-11 -5.43119e-10 0)
(8.39979e-16 -6.72011e-16 0)
(2.01595e-15 4.03196e-15 0)
(3.52796e-15 -4.70391e-15 0)
(2.01596e-15 -1.34398e-15 0)
(3.36049e-16 4.95892e-20 0)
(2.01594e-15 -3.36042e-16 0)
(-3.35993e-15 -3.69594e-15 0)
(-8.73589e-15 -4.36793e-15 0)
(3.0239e-15 2.68794e-15 0)
(-7.72793e-15 -2.01595e-15 0)
(-2.01592e-15 -1.34397e-15 0)
(2.18395e-15 -3.69592e-15 0)
(-3.35999e-16 -3.02395e-15 0)
(1.51199e-15 -7.39187e-15 0)
(1.09199e-14 -1.1424e-14 0)
(2.08319e-14 -3.66237e-14 0)
(5.54396e-14 -9.23994e-14 0)
(1.28351e-13 -2.38894e-13 0)
(3.02062e-13 -5.96732e-13 0)
(6.55868e-13 -1.38364e-12 0)
(1.33761e-12 -3.07942e-12 0)
(2.55375e-12 -6.46359e-12 0)
(4.50556e-12 -1.27884e-11 0)
(7.31853e-12 -2.36838e-11 0)
(1.07492e-11 -4.07948e-11 0)
(1.41222e-11 -6.49521e-11 0)
(1.62047e-11 -9.5086e-11 0)
(1.5634e-11 -1.27396e-10 0)
(1.15197e-11 -1.55432e-10 0)
(4.26163e-12 -1.71925e-10 0)
(-1.17596e-15 -6.72012e-16 0)
(1.00798e-15 -3.36023e-16 0)
(3.19197e-15 -4.36794e-15 0)
(1.00802e-15 -1.68001e-15 0)
(2.35198e-15 -3.36044e-16 0)
(1.17599e-15 -3.6959e-15 0)
(-2.68797e-15 -1.008e-15 0)
(-2.18401e-15 -1.67997e-15 0)
(-4.70392e-15 3.35987e-16 0)
(-3.36022e-16 -1.34398e-15 0)
(-1.34401e-15 -1.34397e-15 0)
(-1.67999e-15 3.3596e-16 0)
(-2.01595e-15 3.35974e-16 0)
(-1.84802e-15 -3.36029e-16 0)
(3.35999e-15 -2.35198e-15 0)
(4.2e-15 -8.73595e-15 0)
(1.98238e-14 -2.51998e-14 0)
(4.19997e-14 -7.39195e-14 0)
(8.88714e-14 -1.84127e-13 0)
(2.03279e-13 -4.33437e-13 0)
(4.17477e-13 -9.68346e-13 0)
(7.82539e-13 -2.03312e-12 0)
(1.39036e-12 -4.01988e-12 0)
(2.24312e-12 -7.43261e-12 0)
(3.29093e-12 -1.27793e-11 0)
(4.32093e-12 -2.03084e-11 0)
(4.94639e-12 -2.96891e-11 0)
(4.75941e-12 -3.97297e-11 0)
(3.51017e-12 -4.8426e-11 0)
(1.29527e-12 -5.35402e-11 0)
(-3.36001e-16 -4.03194e-15 0)
(-1.34397e-15 1.34393e-15 0)
(4.36795e-15 -6.38392e-15 0)
(2.016e-15 -5.71188e-15 0)
(5.20794e-15 -4.70393e-15 0)
(1.67998e-15 -2.33215e-20 0)
(-1.00798e-15 3.02395e-15 0)
(-5.20794e-15 5.37593e-15 0)
(-1.34399e-15 -1.34396e-15 0)
(1.17596e-15 2.016e-15 0)
(-2.85598e-15 2.01595e-15 0)
(-5.87989e-15 2.95087e-20 0)
(1.0079e-15 3.35983e-16 0)
(-2.85592e-15 -1.00805e-15 0)
(-1.67989e-16 -3.02393e-15 0)
(8.39982e-16 -4.70394e-15 0)
(6.55193e-15 -7.39196e-15 0)
(1.02479e-14 -2.85597e-14 0)
(2.43599e-14 -6.08156e-14 0)
(6.46796e-14 -1.36415e-13 0)
(1.30703e-13 -3.0307e-13 0)
(2.3419e-13 -6.29324e-13 0)
(4.23693e-13 -1.24386e-12 0)
(6.79219e-13 -2.29318e-12 0)
(9.89177e-13 -3.94092e-12 0)
(1.303e-12 -6.25796e-12 0)
(1.48578e-12 -9.12335e-12 0)
(1.43169e-12 -1.22001e-11 0)
(1.05453e-12 -1.48541e-11 0)
(3.87909e-13 -1.64138e-11 0)
(-1.68009e-16 1.00798e-15 0)
(-6.8879e-15 -1.47837e-14 0)
(3.69594e-15 1.00796e-15 0)
(3.02397e-15 6.71887e-16 0)
(6.38393e-15 -3.02394e-15 0)
(1.17601e-15 -6.72034e-16 0)
(1.00797e-15 -1.34399e-15 0)
(-1.84796e-15 4.36792e-15 0)
(3.3596e-16 2.68795e-15 0)
(-3.19197e-15 6.71997e-16 0)
(-5.37592e-15 4.7039e-15 0)
(-1.84805e-15 -1.67997e-15 0)
(-6.21585e-15 -3.02393e-15 0)
(3.02392e-15 -4.36792e-15 0)
(1.34399e-15 -2.01596e-15 0)
(-2.6435e-20 3.02393e-15 0)
(-8.39983e-16 -1.68005e-15 0)
(1.84799e-15 -8.39994e-15 0)
(7.89595e-15 -1.51199e-14 0)
(2.28478e-14 -4.43516e-14 0)
(4.13277e-14 -8.76954e-14 0)
(6.63596e-14 -1.90511e-13 0)
(1.25831e-13 -3.77325e-13 0)
(2.04455e-13 -6.99547e-13 0)
(2.91142e-13 -1.19178e-12 0)
(3.89757e-13 -1.88629e-12 0)
(4.41837e-13 -2.76358e-12 0)
(4.21173e-13 -3.68422e-12 0)
(3.13822e-13 -4.48557e-12 0)
(1.14911e-13 -4.95395e-12 0)
(-9.79165e-21 1.34392e-15 0)
(-7.22391e-15 -1.34409e-15 0)
(3.02393e-15 -1.00802e-15 0)
(1.68e-15 -3.69591e-15 0)
(5.03995e-15 -3.36054e-16 0)
(6.72009e-16 -5.37591e-15 0)
(2.85598e-15 -5.3759e-15 0)
(8.39977e-16 2.01597e-15 0)
(-1.68019e-16 1.67998e-15 0)
(-4.19993e-15 -8.63869e-21 0)
(-2.18405e-15 -2.01593e-15 0)
(-3.35988e-15 6.71975e-16 0)
(-6.49315e-20 4.3679e-15 0)
(-5.03985e-16 -2.35192e-15 0)
(-3.19197e-15 4.03191e-15 0)
(2.85595e-15 2.35196e-15 0)
(-5.54393e-15 1.34405e-15 0)
(-6.71977e-16 -4.03195e-15 0)
(2.35198e-15 -8.39988e-15 0)
(1.15919e-14 -8.06399e-15 0)
(1.52879e-14 -2.45278e-14 0)
(1.93199e-14 -5.27516e-14 0)
(3.61198e-14 -1.12895e-13 0)
(6.43435e-14 -2.02943e-13 0)
(7.89595e-14 -3.58509e-13 0)
(1.17767e-13 -5.63804e-13 0)
(1.28015e-13 -8.17483e-13 0)
(1.21295e-13 -1.09602e-12 0)
(9.22314e-14 -1.33324e-12 0)
(3.37678e-14 -1.47234e-12 0)
(6.71972e-16 -1.67998e-15 0)
(-3.35998e-15 -1.00798e-15 0)
(-1.34393e-15 -3.69596e-15 0)
(-3.35958e-16 -3.35995e-15 0)
(8.23185e-15 -6.72004e-16 0)
(7.43046e-20 -3.36031e-16 0)
(7.22385e-15 -3.36021e-16 0)
(-2.51992e-15 -1.67998e-15 0)
(-1.84797e-15 -1.00798e-15 0)
(-2.352e-15 -1.67996e-15 0)
(-5.71189e-15 6.7198e-16 0)
(1.00792e-15 3.91845e-21 0)
(-1.34397e-15 -1.67995e-15 0)
(-6.71986e-16 5.03993e-15 0)
(8.39977e-16 -6.7197e-16 0)
(-3.35993e-15 6.72012e-16 0)
(-4.53594e-15 -3.02397e-15 0)
(1.00797e-15 3.3604e-16 0)
(-2.35195e-15 1.6799e-15 0)
(7.72788e-15 -4.70397e-15 0)
(1.17608e-15 -1.14238e-14 0)
(1.14238e-14 -1.3104e-14 0)
(1.02479e-14 -3.29278e-14 0)
(2.16719e-14 -5.91356e-14 0)
(2.23438e-14 -9.40795e-14 0)
(3.49438e-14 -1.63631e-13 0)
(3.14159e-14 -2.41246e-13 0)
(3.71277e-14 -3.22558e-13 0)
(2.75518e-14 -3.89757e-13 0)
(8.90395e-15 -4.34781e-13 0)
(-5.60816e-21 -2.68792e-15 0)
(-3.19194e-15 -1.60144e-21 0)
(2.51994e-15 6.71918e-16 0)
(2.18398e-15 -6.72005e-16 0)
(3.58885e-20 -5.37591e-15 0)
(5.20795e-15 -5.37596e-15 0)
(3.36038e-16 -2.01596e-15 0)
(2.68793e-15 -5.03993e-15 0)
(-1.67998e-15 -2.35199e-15 0)
(-8.40013e-16 -1.34401e-15 0)
(1.17594e-15 -6.72007e-16 0)
(-1.67996e-15 -3.35971e-16 0)
(-3.19195e-15 -6.72e-16 0)
(-3.71064e-20 4.03191e-15 0)
(2.35201e-15 4.70391e-15 0)
(5.03907e-16 1.67998e-15 0)
(-4.8719e-15 4.7039e-15 0)
(4.03194e-15 6.04784e-15 0)
(-5.03994e-15 -1.34392e-15 0)
(8.40052e-16 2.35197e-15 0)
(5.87988e-15 6.71897e-16 0)
(3.02399e-15 -4.36796e-15 0)
(-1.5119e-15 -7.05594e-15 0)
(1.10878e-14 -1.94878e-14 0)
(6.7207e-16 -2.92318e-14 0)
(1.42799e-14 -4.97276e-14 0)
(1.36078e-14 -6.78716e-14 0)
(7.89598e-15 -9.00474e-14 0)
(4.872e-15 -1.09199e-13 0)
(2.01598e-15 -1.21967e-13 0)
(9.70723e-22 6.71956e-16 0)
(-6.72035e-16 -3.35998e-15 0)
(1.34402e-15 -2.35189e-15 0)
(2.51997e-15 1.00795e-15 0)
(3.36045e-16 6.7195e-16 0)
(1.37758e-14 -3.69594e-15 0)
(-1.51193e-15 -6.04798e-15 0)
(-2.85599e-15 6.71958e-16 0)
(-1.84796e-15 2.77401e-20 0)
(-6.55192e-15 -2.68799e-15 0)
(-1.67999e-15 1.68001e-15 0)
(2.18395e-15 -1.00801e-15 0)
(-2.01598e-15 3.02397e-15 0)
(-4.36792e-15 6.72035e-16 0)
(-8.40026e-16 -1.67995e-15 0)
(2.01601e-15 1.34398e-15 0)
(3.35959e-16 -5.71182e-15 0)
(-6.71979e-16 6.72013e-16 0)
(-6.71977e-16 6.71965e-16 0)
(3.35992e-15 -7.05587e-15 0)
(1.00805e-15 -6.04787e-15 0)
(3.69593e-15 -6.38393e-15 0)
(1.34402e-15 -3.02397e-15 0)
(1.51199e-15 -4.704e-15 0)
(1.67978e-16 -8.06393e-15 0)
(5.71196e-15 -6.72005e-15 0)
(1.84801e-15 -2.01598e-14 0)
(4.19994e-15 -2.75518e-14 0)
(3.52796e-15 -3.46077e-14 0)
(1.81315e-21 -3.93116e-14 0)
(-8.42488e-21 -3.35999e-15 0)
(-4.19994e-15 2.016e-15 0)
(1.84797e-15 -1.68006e-15 0)
(4.53593e-15 -2.68799e-15 0)
(4.03196e-15 -2.01595e-15 0)
(2.01601e-15 2.35193e-15 0)
(-1.55212e-20 9.40786e-15 0)
(-4.19992e-15 -1.67998e-15 0)
(6.71991e-15 -1.00808e-15 0)
(-5.71194e-15 -2.35192e-15 0)
(-2.35195e-15 3.35984e-16 0)
(2.85597e-15 7.72791e-15 0)
(-1.34397e-15 1.008e-15 0)
(-1.84804e-15 -6.72007e-16 0)
(-3.35991e-15 6.72001e-16 0)
(3.86392e-15 -3.02392e-15 0)
(-1.84796e-15 2.68789e-15 0)
(-5.03999e-16 -2.01596e-15 0)
(-1.84798e-15 6.71976e-16 0)
(-1.67994e-15 4.03185e-15 0)
(5.3759e-15 1.00793e-15 0)
(1.344e-15 -6.38387e-15 0)
(2.18396e-15 7.7278e-15 0)
(4.19996e-15 3.69592e-15 0)
(-2.18396e-15 -1.14238e-14 0)
(9.2518e-21 -8.06392e-15 0)
(5.03997e-16 -1.00799e-14 0)
(1.68007e-16 -8.06395e-15 0)
(-1.00795e-15 -9.40791e-15 0)
(3.35986e-16 -4.36806e-15 0)
(1.67984e-16 6.72016e-16 0)
(-6.38389e-15 -7.05589e-15 0)
(3.69593e-15 -1.00796e-15 0)
(-1.67991e-15 -6.71972e-16 0)
(8.73587e-15 -2.35202e-15 0)
(1.17601e-15 -1.00791e-15 0)
(-1.00799e-15 -7.05589e-15 0)
(-1.67996e-15 -9.40788e-15 0)
(7.72786e-15 -7.3918e-15 0)
(-1.00798e-14 2.3519e-15 0)
(1.84794e-15 -2.01596e-15 0)
(-1.51195e-15 -3.36053e-16 0)
(4.03192e-15 -1.67996e-15 0)
(-5.7119e-15 7.3919e-15 0)
(-1.10247e-20 6.71994e-16 0)
(1.17599e-15 3.35992e-15 0)
(1.51194e-15 -6.71975e-16 0)
(-3.36005e-16 -4.03196e-15 0)
(-3.35998e-15 -4.03193e-15 0)
(-2.01597e-15 -3.35991e-15 0)
(2.18399e-15 -1.00797e-15 0)
(-5.03957e-16 -2.35204e-15 0)
(-2.51993e-15 -9.40777e-15 0)
(8.56787e-15 -4.36795e-15 0)
(-3.52794e-15 -1.00805e-15 0)
(2.35198e-15 -4.36793e-15 0)
(-2.51996e-15 -1.34405e-15 0)
(3.69593e-15 -1.344e-15 0)
(8.39976e-16 -2.01598e-15 0)
(-8.50039e-21 1.00796e-15 0)
(1.68002e-16 -3.36071e-16 0)
(-6.7204e-16 3.3592e-16 0)
(-8.39984e-16 -4.36796e-15 0)
(3.35982e-16 -3.696e-15 0)
(1.17606e-15 -2.68797e-15 0)
(2.85597e-15 -1.34402e-15 0)
(1.84793e-15 -5.03992e-15 0)
(-1.00797e-15 -1.68004e-15 0)
(-5.03957e-16 2.68786e-15 0)
(1.00795e-15 1.27427e-20 0)
(4.03193e-15 -3.66034e-20 0)
(3.86393e-15 -3.3599e-15 0)
(-7.72785e-15 -6.71974e-16 0)
(-2.89174e-20 1.00799e-15 0)
(3.35983e-16 1.00801e-15 0)
(1.51197e-15 2.68796e-15 0)
(-9.74384e-15 1.67993e-15 0)
(3.35966e-16 -1.14283e-21 0)
(-6.72002e-16 -1.67998e-15 0)
(-3.35937e-16 6.71957e-16 0)
(5.03947e-16 1.00796e-15 0)
(1.00799e-15 -2.68796e-15 0)
(8.90384e-15 -6.72075e-16 0)
(-1.34394e-15 -1.00803e-15 0)
(-6.7197e-16 -6.72009e-16 0)
(2.18394e-15 -2.09268e-20 0)
(4.87194e-15 3.36022e-16 0)
(-5.3759e-15 2.01594e-15 0)
(3.52794e-15 1.67995e-15 0)
(-1.17595e-15 -1.00798e-15 0)
(3.35981e-16 -7.72781e-15 0)
(1.68001e-15 1.00803e-15 0)
(-3.19195e-15 -2.68795e-15 0)
(1.51197e-15 -1.34394e-15 0)
(-2.01598e-15 -1.00801e-15 0)
(5.04008e-16 -4.03198e-15 0)
(2.18399e-15 1.34389e-15 0)
(2.85596e-15 -5.03988e-15 0)
(3.69593e-15 -1.34396e-15 0)
(-1.51195e-15 6.72e-16 0)
(6.72007e-16 -4.70389e-15 0)
(-5.03986e-16 -2.22859e-20 0)
(-5.04009e-16 1.67993e-15 0)
(-1.17601e-15 -1.34396e-15 0)
(-5.03979e-16 3.69593e-15 0)
(3.3599e-15 1.79485e-20 0)
(-7.39187e-15 -6.38385e-15 0)
(-4.19993e-15 2.35195e-15 0)
(-8.40014e-16 1.34402e-15 0)
(9.57577e-15 -1.67998e-15 0)
(-4.87185e-15 6.71977e-16 0)
(-8.39987e-16 -2.01598e-15 0)
(5.03994e-15 -7.05588e-15 0)
(-2.51995e-15 -9.07186e-15 0)
(6.71939e-16 -4.03196e-15 0)
(-1.00792e-15 3.35964e-16 0)
(-3.35991e-16 -1.68001e-15 0)
(5.04005e-16 -4.70393e-15 0)
(4.36791e-15 -5.37596e-15 0)
(1.00799e-15 -7.72786e-15 0)
(-1.34397e-15 -1.34406e-15 0)
(6.71961e-16 3.3595e-16 0)
(-1.34398e-15 -2.68795e-15 0)
(1.344e-15 -3.36061e-16 0)
(2.35194e-15 -1.34398e-15 0)
(3.52793e-15 -4.03197e-15 0)
(-1.84792e-15 -8.06387e-15 0)
(2.51995e-15 -3.35997e-15 0)
(1.00801e-15 -1.34401e-15 0)
(3.36018e-16 -1.00802e-15 0)
(1.17598e-15 -2.01603e-15 0)
(-1.84797e-15 -3.35998e-15 0)
(1.17598e-15 -3.35976e-16 0)
(2.85595e-15 -2.68792e-15 0)
(-4.87193e-15 -2.35197e-15 0)
(6.72019e-16 -2.688e-15 0)
(-5.06824e-20 -3.69592e-15 0)
(-1.17603e-15 1.00797e-15 0)
(-7.22383e-15 2.68792e-15 0)
(1.51197e-15 5.1447e-20 0)
(8.39968e-16 -1.00799e-15 0)
(-3.52797e-15 -2.01601e-15 0)
(2.016e-15 -1.00804e-15 0)
(1.67996e-15 -2.01601e-15 0)
(-4.03191e-15 -7.05589e-15 0)
(4.87191e-15 -3.3601e-16 0)
(2.18399e-15 2.13789e-20 0)
(8.39948e-16 -3.99317e-20 0)
(-1.84791e-15 -6.38388e-15 0)
(8.39977e-16 6.71917e-16 0)
(-5.03994e-16 -4.3679e-15 0)
(-1.84797e-15 2.01598e-15 0)
(2.51995e-15 2.6879e-15 0)
(2.01597e-15 -3.02392e-15 0)
(-5.03973e-16 -2.35198e-15 0)
(3.36023e-16 -4.70394e-15 0)
(4.8719e-15 -6.72002e-16 0)
(-1.67994e-15 4.03191e-15 0)
(5.04017e-16 -3.35966e-16 0)
(5.20792e-15 -2.01593e-15 0)
(1.51194e-15 -3.36012e-16 0)
(-1.84795e-15 -3.02393e-15 0)
(-2.18397e-15 -3.36007e-16 0)
(8.4e-16 8.06379e-15 0)
(-1.67992e-16 -1.67995e-15 0)
(-5.0403e-16 -5.37589e-15 0)
(-3.02398e-15 3.35988e-15 0)
(-2.68795e-15 3.69596e-15 0)
(1.51192e-15 1.10485e-20 0)
(-3.35991e-16 3.35993e-15 0)
(-2.01597e-15 -1.008e-15 0)
(-6.21591e-15 -3.69594e-15 0)
(2.68792e-15 -4.70393e-15 0)
(3.36041e-16 -3.02401e-15 0)
(-8.39984e-16 -6.72006e-16 0)
(8.73586e-15 -3.69596e-15 0)
(-1.17597e-15 -6.72045e-16 0)
(-2.35193e-15 -2.01597e-15 0)
(2.51994e-15 -2.35195e-15 0)
(1.00799e-15 -4.3679e-15 0)
(-3.36002e-16 6.38387e-15 0)
(-6.38387e-15 -6.71985e-16 0)
(2.35194e-15 -2.01591e-15 0)
(3.36007e-16 -3.63937e-20 0)
(1.34399e-15 -1.00801e-15 0)
(-5.0397e-16 -3.69593e-15 0)
(2.51999e-15 -4.03193e-15 0)
(3.19192e-15 2.35197e-15 0)
(3.36035e-16 -6.71999e-16 0)
(4.87189e-15 6.71918e-16 0)
(-3.6959e-15 -4.70391e-15 0)
(8.39989e-16 2.35195e-15 0)
(-2.68798e-15 -6.72011e-16 0)
(2.18397e-15 -1.37757e-14 0)
(-1.68041e-16 1.67991e-15 0)
(-1.00796e-15 -6.7203e-16 0)
(-7.55991e-15 -1.00795e-15 0)
(-1.71543e-20 -4.03193e-15 0)
(-2.51996e-15 -3.69595e-15 0)
(2.85594e-15 -1.00797e-15 0)
(-4.36794e-15 -1.67996e-15 0)
(-1.00801e-15 3.02393e-15 0)
(-5.03999e-16 -5.03994e-15 0)
(1.2265e-20 -1.34398e-15 0)
(1.68046e-16 1.3439e-15 0)
(8.39985e-15 -4.0319e-15 0)
(-8.39951e-16 -6.71974e-16 0)
(-8.39992e-16 -1.34396e-15 0)
(1.67995e-16 4.03189e-15 0)
(1.34398e-15 6.7194e-16 0)
(2.35195e-15 -1.67994e-15 0)
(1.17592e-15 -1.00794e-15 0)
(1.43129e-20 4.0319e-15 0)
(1.68008e-16 5.18157e-20 0)
(3.19196e-15 1.34399e-15 0)
(-3.35983e-16 -2.14973e-21 0)
(3.69596e-15 -3.35992e-16 0)
(2.18396e-15 -3.36013e-16 0)
(-1.67965e-16 -4.36792e-15 0)
(-3.35998e-16 -3.02395e-15 0)
(-1.67988e-16 2.01596e-15 0)
(1.67997e-15 1.67994e-15 0)
(-1.67997e-15 1.68001e-15 0)
(-1.68012e-16 6.38387e-15 0)
(-3.35993e-15 3.05449e-20 0)
(1.67994e-15 -2.68797e-15 0)
(-4.53595e-15 1.34394e-15 0)
(-3.36017e-16 -1.34399e-15 0)
(-2.85598e-15 -1.008e-15 0)
(1.68017e-16 1.34398e-15 0)
(1.67995e-15 -6.72004e-16 0)
(-3.69595e-15 1.00796e-15 0)
(-3.52794e-15 -2.93848e-20 0)
(5.03989e-15 -3.6959e-15 0)
(3.14876e-20 -1.67994e-15 0)
(5.03997e-15 -6.72034e-16 0)
(-1.17597e-15 3.35991e-15 0)
(1.67998e-16 -1.00799e-15 0)
(-1.51197e-15 1.00802e-15 0)
(2.01594e-15 1.008e-15 0)
(1.00798e-15 -6.71981e-16 0)
(-5.87988e-15 6.04785e-15 0)
(-6.72008e-16 6.72027e-16 0)
(6.71987e-16 5.03987e-15 0)
(2.01598e-15 -3.35965e-16 0)
(-1.51197e-15 6.38384e-15 0)
(4.19994e-15 6.71993e-16 0)
(-2.35192e-15 -9.77537e-21 0)
(3.02393e-15 6.71936e-16 0)
(6.69877e-21 -5.03992e-15 0)
(1.51196e-15 -5.37595e-15 0)
(6.7201e-16 -7.05587e-15 0)
(-1.34401e-15 -2.35205e-15 0)
(-1.17597e-15 -1.67999e-15 0)
(-2.01598e-15 -4.03197e-15 0)
(2.68792e-15 -2.01596e-15 0)
(-5.54391e-15 -3.35995e-15 0)
(-1.34398e-15 -1.68e-15 0)
(-3.52794e-15 -2.01594e-15 0)
(4.87187e-15 5.37587e-15 0)
(-3.69592e-15 -6.71971e-16 0)
(-5.04004e-16 -1.67995e-15 0)
(-2.51995e-15 -3.35991e-16 0)
(4.53593e-15 3.35988e-15 0)
(1.67998e-15 1.34398e-15 0)
(6.21593e-15 4.36794e-15 0)
(3.35999e-15 -3.35991e-15 0)
(1.84796e-15 2.35098e-20 0)
(8.40006e-16 4.36789e-15 0)
(1.315e-20 3.36045e-16 0)
(1.51196e-15 3.69595e-15 0)
(-1.84798e-15 -2.01591e-15 0)
(-6.71983e-16 3.83334e-20 0)
(5.03964e-16 6.02855e-20 0)
(-2.35194e-15 2.01597e-15 0)
(3.36014e-16 8.78053e-20 0)
(4.19992e-15 6.7202e-16 0)
(5.03956e-16 -1.00794e-15 0)
(-8.39974e-16 -3.3598e-16 0)
(2.51997e-15 4.36788e-15 0)
(-2.18392e-15 -4.03191e-15 0)
(2.18395e-15 -2.35201e-15 0)
(-1.34398e-15 -4.03191e-15 0)
(-2.01597e-15 -5.37595e-15 0)
(-2.01601e-15 -3.02397e-15 0)
(3.15042e-20 -1.00799e-15 0)
(-2.35199e-15 5.0399e-15 0)
(2.68795e-15 -6.71975e-16 0)
(-5.20793e-15 1.00795e-15 0)
(-8.39971e-16 -2.35197e-15 0)
(-1.67998e-15 -1.344e-15 0)
(1.00797e-15 -3.69592e-15 0)
(5.03953e-16 -1.34398e-15 0)
(2.01601e-15 -2.35189e-15 0)
(-3.35995e-16 -1.34399e-15 0)
(4.36798e-15 -1.58275e-20 0)
(4.03194e-15 -1.67999e-15 0)
(1.34402e-15 -1.34404e-15 0)
(1.34392e-15 -4.03193e-15 0)
(-8.39972e-16 6.71923e-16 0)
(-5.03976e-16 3.69596e-15 0)
(1.67993e-15 2.01597e-15 0)
(-1.84797e-15 4.36796e-15 0)
(-2.68794e-15 1.34399e-15 0)
(2.01598e-15 -1.00796e-15 0)
(5.0397e-16 3.02389e-15 0)
(-1.17594e-15 3.69591e-15 0)
(-1.68015e-16 1.34391e-15 0)
(-1.17597e-15 3.35964e-16 0)
(-4.03195e-15 -6.71986e-15 0)
(6.55187e-15 6.71912e-16 0)
(-1.67966e-16 -2.35196e-15 0)
(1.34397e-15 -1.00801e-15 0)
(6.71992e-16 -1.00797e-15 0)
(-2.35193e-15 -1.008e-15 0)
(1.67964e-16 6.71966e-16 0)
(-3.69599e-15 -6.04785e-15 0)
(5.03989e-16 1.67995e-15 0)
(-6.72006e-16 -1.00802e-15 0)
(-1.67981e-16 -1.27678e-14 0)
(1.67979e-16 -1.67999e-15 0)
(-3.86395e-15 5.37585e-15 0)
(-3.19194e-15 3.69598e-15 0)
(3.52793e-15 6.04784e-15 0)
(-1.17594e-15 3.11103e-20 0)
(8.39992e-15 -2.01597e-15 0)
(1.84795e-15 -5.37593e-15 0)
(-1.84797e-15 -6.71988e-15 0)
(-4.03189e-15 -4.36795e-15 0)
(1.34396e-15 -6.7198e-15 0)
(-8.39996e-16 1.34398e-15 0)
(-7.55986e-15 -2.35195e-15 0)
(6.21587e-15 5.71183e-15 0)
(-2.68795e-15 3.69591e-15 0)
(4.36792e-15 1.00796e-15 0)
(6.71992e-16 -1.00797e-15 0)
(8.39962e-16 -3.35996e-15 0)
(5.04023e-16 -9.74382e-15 0)
(2.68792e-15 -5.37593e-15 0)
(-6.21588e-15 -1.00805e-15 0)
(5.04017e-16 -1.34397e-15 0)
(4.53593e-15 -6.72018e-16 0)
(-3.35984e-16 -1.008e-15 0)
(-1.84797e-15 -2.352e-15 0)
(-1.68048e-16 -1.34399e-15 0)
(8.39986e-16 -4.03195e-15 0)
(-6.71988e-15 -1.68006e-15 0)
(1.67993e-15 -4.03194e-15 0)
(-3.86391e-15 8.28208e-21 0)
(2.18395e-15 -2.01604e-15 0)
(-3.02396e-15 6.71987e-16 0)
(2.85593e-15 -6.7194e-16 0)
(-2.35196e-15 6.71982e-16 0)
(1.00802e-15 1.68002e-15 0)
(1.34394e-15 2.35197e-15 0)
(2.68798e-15 -2.01604e-15 0)
(5.13944e-20 -3.36008e-16 0)
(3.35979e-16 -6.66241e-20 0)
(6.71951e-16 -5.71193e-15 0)
(-1.34397e-15 -9.93453e-20 0)
(-6.71979e-16 2.01597e-15 0)
(-4.87193e-15 1.67997e-15 0)
(-1.67992e-16 6.72019e-16 0)
(-3.36002e-16 7.07712e-20 0)
(-3.52797e-15 1.68002e-15 0)
(-3.02393e-15 3.36007e-16 0)
(1.84801e-15 -6.71933e-16 0)
(1.51196e-15 3.35976e-16 0)
(-1.67996e-16 -9.50089e-22 0)
(-8.40007e-16 2.35195e-15 0)
(1.84799e-15 -3.35974e-16 0)
(-5.03973e-16 -3.35993e-16 0)
(4.03194e-15 -1.67994e-15 0)
(-5.04055e-16 -6.7198e-16 0)
(-4.53591e-15 1.00801e-15 0)
(-1.51197e-15 2.05783e-20 0)
(-1.17603e-15 -2.68793e-15 0)
(1.51201e-15 -3.36017e-16 0)
(6.71951e-16 3.35987e-16 0)
(-6.71949e-16 -6.71961e-16 0)
(1.51197e-15 2.35197e-15 0)
(-5.03971e-16 1.80464e-20 0)
(1.00794e-15 -6.71976e-16 0)
(2.01595e-15 -2.8793e-21 0)
(1.68014e-16 -2.90658e-20 0)
(-6.71966e-16 -5.71186e-15 0)
(-2.352e-15 -1.68001e-15 0)
(-1.34398e-15 -3.02395e-15 0)
(-1.6797e-16 -4.36797e-15 0)
(1.17598e-15 -2.01596e-15 0)
(1.67999e-15 -4.70392e-15 0)
(9.74379e-15 -3.02398e-15 0)
(-5.5439e-15 -5.71185e-15 0)
(3.35977e-16 3.69592e-15 0)
(-3.86394e-15 3.35992e-15 0)
(-3.3602e-16 3.35994e-15 0)
(8.39968e-16 7.39183e-15 0)
(6.7199e-16 3.35993e-15 0)
(-1.67976e-16 3.35988e-16 0)
(3.35988e-16 -3.35941e-16 0)
(1.68022e-16 3.69589e-15 0)
(-6.71983e-16 3.35999e-15 0)
(2.35192e-15 7.72785e-15 0)
(-7.55984e-15 3.35971e-16 0)
(1.67993e-16 4.70393e-15 0)
(8.39956e-16 5.03988e-15 0)
(-2.68796e-15 6.72036e-16 0)
(1.51197e-15 -3.35989e-16 0)
(-1.00797e-15 -3.35973e-16 0)
(1.17599e-15 3.69595e-15 0)
(2.01594e-15 6.04791e-15 0)
(-1.67995e-15 4.03195e-15 0)
(-2.35195e-15 -3.35976e-16 0)
(-1.00799e-15 -3.36006e-16 0)
(-1.17598e-15 -2.01597e-15 0)
(-6.72013e-16 -6.72e-16 0)
(-3.35998e-15 -3.69595e-15 0)
(-1.17598e-15 -2.01601e-15 0)
(3.69596e-15 -5.37592e-15 0)
(3.02393e-15 -4.36793e-15 0)
(6.71988e-16 6.71998e-16 0)
(-4.03189e-15 -1.34395e-15 0)
(6.21588e-15 5.37588e-15 0)
(-8.39975e-16 -1.34392e-15 0)
(-2.856e-15 1.34399e-15 0)
(-3.69595e-15 -2.68789e-15 0)
(1.84798e-15 -2.68794e-15 0)
(-1.00799e-15 -1.00796e-15 0)
(5.03968e-16 -1.67994e-15 0)
(1.84797e-15 2.01591e-15 0)
(4.19997e-15 -3.02391e-15 0)
(-2.18394e-15 1.67998e-15 0)
(1.17599e-15 -2.01595e-15 0)
(-1.51198e-15 -7.39185e-15 0)
(-3.86402e-15 1.06469e-20 0)
(2.18398e-15 1.00803e-15 0)
(-2.85596e-15 5.03987e-15 0)
(1.34396e-15 6.72051e-16 0)
(-1.51195e-15 2.35195e-15 0)
(8.23187e-15 3.02394e-15 0)
(-7.05587e-15 3.36017e-16 0)
(3.86392e-15 3.35994e-15 0)
(-5.0401e-16 3.69593e-15 0)
(-5.54392e-15 -6.71969e-16 0)
(-1.00803e-15 -3.35996e-15 0)
(-2.51996e-15 -4.34215e-20 0)
(-3.69594e-15 1.00796e-15 0)
(-6.72006e-16 -8.15884e-21 0)
(1.67997e-15 2.35191e-15 0)
(6.72011e-16 1.00798e-15 0)
(1.76708e-20 3.35993e-15 0)
(-1.68071e-16 6.71968e-16 0)
(-2.01592e-15 -2.01593e-15 0)
(1.67995e-15 2.0159e-15 0)
(-3.19194e-15 1.54187e-20 0)
(-3.35996e-15 2.35194e-15 0)
(3.35993e-15 -1.008e-15 0)
(-5.03989e-15 6.71998e-16 0)
(-1.00799e-15 2.68792e-15 0)
(-3.35975e-16 -4.03186e-15 0)
(8.39987e-15 -2.68794e-15 0)
(1.00797e-15 2.35193e-15 0)
(2.68796e-15 -6.71975e-16 0)
(1.344e-15 6.71975e-16 0)
(-1.17596e-15 2.68793e-15 0)
(-3.35999e-15 6.72023e-16 0)
(-6.21592e-15 3.36021e-16 0)
(8.39987e-16 5.37586e-15 0)
(-1.6803e-16 -1.00794e-15 0)
(1.51202e-15 -3.3598e-16 0)
(1.67998e-16 -1.34398e-15 0)
(-1.84797e-15 -1.34395e-15 0)
(8.39915e-16 8.06391e-15 0)
(-3.69593e-15 -3.36034e-16 0)
(-2.35198e-15 -2.01598e-15 0)
(-3.69594e-15 -2.68795e-15 0)
(8.39933e-16 -5.3759e-15 0)
(-2.51993e-15 -6.72019e-16 0)
(3.86396e-15 -7.05582e-15 0)
(1.67997e-15 -1.34397e-15 0)
(-3.35981e-16 -2.0159e-15 0)
(-3.52797e-15 4.70391e-15 0)
(-1.17603e-15 1.34398e-15 0)
(3.3601e-16 -4.70392e-15 0)
(6.71968e-16 2.01596e-15 0)
(-1.68e-15 2.35194e-15 0)
(-1.84796e-15 -1.00798e-15 0)
(1.00799e-15 -2.35198e-15 0)
(-5.04012e-16 -2.01596e-15 0)
(1.68035e-16 2.68791e-15 0)
(3.02394e-15 4.70388e-15 0)
(-3.02388e-15 -1.68e-15 0)
(2.51995e-15 -2.68798e-15 0)
(4.36791e-15 7.72784e-15 0)
(-4.03193e-15 -4.70386e-15 0)
(2.68793e-15 1.00796e-15 0)
(-4.03196e-15 3.69592e-15 0)
(2.18399e-15 5.6312e-20 0)
(-2.68796e-15 3.35993e-15 0)
(-2.51994e-15 3.36044e-16 0)
(4.19989e-15 -3.35994e-15 0)
(-5.03988e-16 -6.72008e-16 0)
(-4.87188e-15 -6.04793e-15 0)
(-1.512e-15 -2.01593e-15 0)
(-2.52005e-15 -3.02396e-15 0)
(-2.35195e-15 1.34397e-15 0)
(-1.51196e-15 1.34402e-15 0)
(1.51191e-15 2.35196e-15 0)
(2.18402e-15 3.6959e-15 0)
(1.00799e-15 6.71961e-16 0)
(2.35192e-15 4.36788e-15 0)
(-6.5519e-15 -2.6879e-15 0)
(-4.36795e-15 5.37585e-15 0)
(3.36001e-16 -6.71984e-15 0)
(2.01595e-15 -2.01599e-15 0)
(-2.18392e-15 6.05902e-20 0)
(-1.67999e-15 4.20226e-21 0)
(-1.17603e-15 -1.34398e-15 0)
(3.35999e-16 -4.70393e-15 0)
(3.86392e-15 -2.01597e-15 0)
(2.184e-15 -2.68797e-15 0)
(-2.01597e-15 -4.0319e-15 0)
(3.35996e-15 -4.03186e-15 0)
(-1.84798e-15 2.35199e-15 0)
(2.68796e-15 -2.01604e-15 0)
(-2.68795e-15 -2.68796e-15 0)
(-1.176e-15 -7.72779e-15 0)
(3.19194e-15 -1.19064e-20 0)
(-2.85598e-15 3.36018e-16 0)
(-1.67996e-15 5.37589e-15 0)
(-5.03946e-16 -1.00797e-15 0)
(2.51993e-15 1.47075e-20 0)
(-3.52798e-15 4.36792e-15 0)
(-3.02398e-15 2.35195e-15 0)
(-3.19195e-15 3.36005e-16 0)
(3.9694e-22 2.35199e-15 0)
(5.54387e-15 3.69588e-15 0)
(-6.88784e-15 -1.67994e-15 0)
(1.51196e-15 -1.67992e-15 0)
(1.00798e-15 -1.67997e-15 0)
(6.72004e-16 -1.00796e-15 0)
(-4.368e-15 7.39184e-15 0)
(-3.52794e-15 -6.04779e-15 0)
(1.00798e-15 4.03187e-15 0)
(-6.71969e-16 -3.69592e-15 0)
(2.85594e-15 1.00793e-15 0)
(-1.008e-15 1.67996e-15 0)
(-5.20792e-15 3.02393e-15 0)
(-1.51199e-15 3.35961e-16 0)
(1.84799e-15 -1.34396e-15 0)
(3.69597e-15 -2.01598e-15 0)
(-1.00798e-15 -6.72036e-16 0)
(2.85594e-15 2.01586e-15 0)
(-5.37592e-15 -6.0479e-15 0)
(1.00801e-15 -2.01594e-15 0)
(1.00795e-15 2.35195e-15 0)
(-4.19994e-15 3.35983e-15 0)
(1.68006e-16 6.72012e-16 0)
(-8.39959e-16 1.00802e-15 0)
(3.19191e-15 5.71191e-15 0)
(3.19194e-15 3.69593e-15 0)
(1.008e-15 4.70391e-15 0)
(-3.35996e-15 6.72004e-16 0)
(-3.35997e-15 3.99023e-20 0)
(-2.688e-15 4.03193e-15 0)
(-2.51993e-15 1.67995e-15 0)
(1.67982e-16 -3.69592e-15 0)
(3.35996e-16 -1.34396e-15 0)
(2.85595e-15 5.03982e-15 0)
(8.39991e-16 3.35998e-15 0)
(1.67994e-15 -3.02398e-15 0)
(-6.04786e-15 -8.39984e-15 0)
(-5.04045e-16 6.71981e-15 0)
(1.17598e-15 -1.34396e-15 0)
(2.18394e-15 -3.35994e-15 0)
(-3.35968e-16 3.36015e-16 0)
(1.34396e-15 1.45627e-20 0)
(-5.03998e-15 -2.35197e-15 0)
(-1.34399e-15 -6.71955e-16 0)
(-3.35975e-16 6.71918e-16 0)
(4.53596e-15 -4.03187e-15 0)
(-5.03973e-16 -1.34394e-15 0)
(8.4002e-16 -6.71975e-16 0)
(1.00798e-15 -3.36013e-16 0)
(1.84797e-15 -3.36029e-16 0)
(3.52796e-15 -2.35199e-15 0)
(-4.53596e-15 -5.37582e-15 0)
(5.0399e-16 -3.01293e-20 0)
(1.51194e-15 1.34395e-15 0)
(-3.02392e-15 2.10432e-20 0)
(2.352e-15 -6.71952e-16 0)
(1.17596e-15 2.85265e-20 0)
(-4.19994e-15 6.72031e-16 0)
(-3.52798e-15 2.68795e-15 0)
(-3.024e-15 3.35998e-15 0)
(-3.36001e-16 -3.35941e-16 0)
(-4.8719e-15 2.01597e-15 0)
(2.68793e-15 4.70391e-15 0)
(3.35996e-15 -2.35186e-15 0)
(-1.17594e-15 1.00796e-15 0)
(8.39988e-16 1.68001e-15 0)
(6.71947e-16 5.0399e-15 0)
(-4.53595e-15 -3.6959e-15 0)
(-1.17597e-15 1.34398e-15 0)
(-1.00793e-15 4.3679e-15 0)
(4.53589e-15 2.01597e-15 0)
(-2.352e-15 3.35994e-16 0)
(-1.14238e-14 -1.67992e-15 0)
(6.71942e-16 2.01595e-15 0)
(-1.67996e-15 3.36047e-16 0)
(2.35195e-15 3.35991e-15 0)
(8.23187e-15 4.36787e-15 0)
(5.0398e-16 2.01597e-15 0)
(-1.00791e-15 -2.68796e-15 0)
(8.06385e-15 -6.71981e-16 0)
(6.7201e-16 -1.67995e-15 0)
(-1.51199e-15 4.36786e-15 0)
(-3.02395e-15 -6.71977e-16 0)
(1.77988e-20 2.83922e-20 0)
(1.17597e-15 -1.00796e-15 0)
(1.84797e-15 3.02396e-15 0)
(1.67998e-15 2.35198e-15 0)
(-3.69597e-15 6.04788e-15 0)
(-4.36795e-15 3.35999e-15 0)
(-6.2159e-15 3.35995e-15 0)
(8.39952e-16 2.68798e-15 0)
(-3.35996e-15 1.67995e-15 0)
(-3.35995e-16 -2.68793e-15 0)
(2.01597e-15 5.03988e-15 0)
(3.69591e-15 -3.35991e-15 0)
(-3.35986e-16 3.35965e-16 0)
(3.35989e-16 -1.00795e-15 0)
(-6.04794e-15 -6.72015e-16 0)
(1.68026e-16 1.00159e-20 0)
(5.71185e-15 2.48521e-20 0)
(-1.67994e-15 1.67997e-15 0)
(-6.55188e-15 3.36021e-16 0)
(-5.04041e-16 2.35196e-15 0)
(2.18396e-15 6.72035e-16 0)
(-1.67992e-16 4.03193e-15 0)
(1.51199e-15 2.68799e-15 0)
(-3.35957e-16 6.72025e-16 0)
(-1.17597e-15 1.00801e-15 0)
(3.69593e-15 -3.35967e-16 0)
(3.36017e-16 1.00798e-15 0)
(-1.17595e-15 -3.35987e-16 0)
(-1.17598e-15 -4.03189e-15 0)
(2.01595e-15 -1.34395e-15 0)
(1.20872e-21 -3.36003e-16 0)
(1.67992e-16 -3.36029e-16 0)
(3.35995e-15 1.67997e-15 0)
(2.01598e-15 -2.35196e-15 0)
(-2.51999e-15 -1.34393e-15 0)
(-2.18402e-15 1.00796e-15 0)
(-6.55193e-15 -3.35976e-16 0)
(-3.86393e-15 1.67998e-15 0)
(-8.40029e-16 -1.00794e-15 0)
(-1.17596e-15 2.35196e-15 0)
(-1.51196e-15 2.35202e-15 0)
(-5.03964e-16 2.01595e-15 0)
(1.96091e-22 -2.3519e-15 0)
(-1.34398e-15 3.02391e-15 0)
(-3.86395e-15 -2.35195e-15 0)
(4.0319e-15 3.02395e-15 0)
(-1.17596e-15 6.71968e-16 0)
(-1.17593e-15 -2.01595e-15 0)
(8.39915e-16 4.36795e-15 0)
(1.84797e-15 9.74385e-15 0)
(-1.6799e-16 7.39193e-15 0)
(1.84793e-15 5.71196e-15 0)
(-5.20786e-15 6.04791e-15 0)
(5.03989e-15 -6.71923e-16 0)
(-3.86394e-15 6.38388e-15 0)
(2.01596e-15 3.69594e-15 0)
(-1.34396e-15 2.68794e-15 0)
(1.67998e-15 2.68795e-15 0)
(3.69591e-15 5.71192e-15 0)
(-5.03963e-16 8.73581e-15 0)
(-2.01595e-15 1.344e-15 0)
(-8.39988e-16 -4.36785e-15 0)
(3.69595e-15 -5.6575e-22 0)
(1.17602e-15 3.36033e-16 0)
(-6.71991e-15 3.35998e-16 0)
(-1.176e-15 -6.71939e-16 0)
(-5.20796e-15 -1.00793e-15 0)
(-5.04022e-16 4.36794e-15 0)
(-3.35974e-16 4.03194e-15 0)
(1.67962e-16 3.36e-15 0)
(8.39985e-16 1.17598e-14 0)
(1.00797e-15 1.00803e-15 0)
(5.03988e-16 6.04787e-15 0)
(-6.72003e-16 1.10879e-14 0)
(-4.03195e-15 -3.02393e-15 0)
(1.68014e-16 1.34398e-15 0)
(-1.68013e-16 -1.34395e-15 0)
(8.90381e-15 3.35993e-16 0)
(-8.73582e-15 2.35196e-15 0)
(-8.39983e-16 3.024e-15 0)
(-8.39967e-16 3.35995e-15 0)
(-5.03967e-16 5.31807e-20 0)
(-5.04047e-16 2.68798e-15 0)
(-1.51195e-15 2.68793e-15 0)
(1.34393e-15 -3.69589e-15 0)
(-1.17591e-15 2.01596e-15 0)
(-1.00801e-15 -2.01589e-15 0)
(8.39987e-16 -1.67996e-15 0)
(1.34401e-15 2.68797e-15 0)
(8.39988e-16 -3.35909e-16 0)
(1.00796e-15 7.05591e-15 0)
(-1.67997e-15 7.72783e-15 0)
(5.04023e-16 2.01597e-15 0)
(4.03189e-15 5.03988e-15 0)
(-1.17598e-15 2.688e-15 0)
(1.51197e-15 4.03191e-15 0)
(-5.87994e-15 7.05587e-15 0)
(1.008e-15 2.01602e-15 0)
(2.18396e-15 2.68797e-15 0)
(-1.67995e-15 1.34396e-15 0)
(-1.17601e-15 -6.38379e-15 0)
(3.35996e-16 3.6959e-15 0)
(3.35993e-16 -4.03192e-15 0)
(-8.39988e-16 -8.73579e-15 0)
(1.00796e-15 1.34395e-15 0)
(-1.84796e-15 -4.68023e-21 0)
(1.91302e-20 -1.34399e-15 0)
(3.36014e-16 -2.68794e-15 0)
(6.71967e-16 -1.00797e-15 0)
(-6.72004e-16 -2.68794e-15 0)
(1.67995e-15 3.3599e-16 0)
(3.52792e-15 2.35193e-15 0)
(-3.86388e-15 6.38393e-15 0)
(-3.77298e-20 1.344e-15 0)
(-1.67964e-16 -1.00797e-15 0)
(2.51993e-15 -3.35978e-16 0)
(6.72026e-16 4.7039e-15 0)
(6.71991e-16 2.35202e-15 0)
(-1.1798e-20 2.68797e-15 0)
(5.03999e-16 6.71972e-16 0)
(-2.35195e-15 -3.69593e-15 0)
(5.03968e-16 -6.71907e-16 0)
(2.85597e-15 -3.35996e-16 0)
(-4.03192e-15 -5.71188e-15 0)
(-3.36011e-16 -1.34399e-15 0)
(1.67993e-15 -6.71962e-16 0)
(-5.71189e-15 -3.0239e-15 0)
(-1.51199e-15 -3.36027e-16 0)
(8.3997e-16 4.032e-15 0)
(-1.176e-15 3.36009e-16 0)
(-5.03974e-16 1.00794e-15 0)
(-3.36001e-16 -3.3597e-16 0)
(3.35997e-16 6.38393e-15 0)
(-2.35197e-15 2.35194e-15 0)
(-2.04045e-20 4.03191e-15 0)
(-1.67995e-15 3.02398e-15 0)
(3.35953e-16 1.00799e-15 0)
(1.51203e-15 3.02392e-15 0)
(-6.7205e-16 6.71985e-16 0)
(-4.19991e-15 -2.68792e-15 0)
(-2.01595e-15 -1.34399e-15 0)
(1.51199e-15 -5.37587e-15 0)
(4.87185e-15 3.02396e-15 0)
(-2.68791e-15 2.35198e-15 0)
(-3.35992e-16 1.67997e-15 0)
(-5.03962e-16 2.352e-15 0)
(3.52791e-15 2.01598e-15 0)
(3.02395e-15 4.0319e-15 0)
(-1.84793e-15 2.01596e-15 0)
(3.36e-16 -6.7193e-16 0)
(2.01594e-15 4.03193e-15 0)
(1.68007e-16 7.72779e-15 0)
(1.008e-15 -6.71956e-16 0)
(-3.86398e-15 2.35195e-15 0)
(-2.18394e-15 4.36791e-15 0)
(-3.69593e-15 3.02396e-15 0)
(-6.72021e-16 2.016e-15 0)
(6.71911e-16 5.03996e-15 0)
(-1.34394e-15 3.35991e-15 0)
(-2.35197e-15 1.344e-15 0)
(1.84796e-15 -3.35971e-16 0)
(-1.67992e-16 -2.35195e-15 0)
(5.03985e-16 4.3679e-15 0)
(-3.86394e-15 5.37591e-15 0)
(2.51994e-15 3.36037e-16 0)
(-5.03996e-16 -3.36036e-16 0)
(1.00799e-15 -1.00797e-15 0)
(-1.17598e-15 1.67997e-15 0)
(-3.35961e-16 -1.00795e-15 0)
(-1.17601e-15 4.03186e-15 0)
(2.01595e-15 -1.00793e-15 0)
(-1.17598e-15 2.01595e-15 0)
(-2.51989e-15 3.78282e-20 0)
(5.20788e-15 3.35975e-16 0)
(-2.85599e-15 2.01595e-15 0)
(1.344e-15 -6.71969e-16 0)
(-5.03957e-16 3.69594e-15 0)
(1.67998e-15 3.36035e-16 0)
(1.51197e-15 -2.01592e-15 0)
(2.35196e-15 2.3519e-15 0)
(-1.67995e-15 3.36013e-16 0)
(-2.68796e-15 -5.71183e-15 0)
(2.18396e-15 1.67996e-15 0)
(-1.84797e-15 3.36012e-16 0)
(1.84795e-15 -3.69591e-15 0)
(-2.35196e-15 1.00799e-15 0)
(-5.04029e-16 5.37591e-15 0)
(-5.87991e-15 -2.01597e-15 0)
(5.03987e-16 -3.0239e-15 0)
(-3.35996e-15 3.36024e-16 0)
(-4.53593e-15 5.3759e-15 0)
(2.68794e-15 5.03995e-15 0)
(2.01593e-15 -8.39988e-15 0)
(-5.54389e-15 -5.03992e-15 0)
(-1.68019e-16 -3.35992e-15 0)
(-1.51194e-15 -2.01594e-15 0)
(3.35993e-15 -2.01594e-15 0)
(-1.67979e-16 -1.00796e-15 0)
(1.67995e-15 2.35197e-15 0)
(-4.36794e-15 1.00802e-15 0)
(1.176e-15 4.36789e-15 0)
(-6.71964e-16 1.34401e-15 0)
(5.03986e-15 3.35994e-15 0)
(1.17601e-15 -3.35968e-16 0)
(-4.19992e-15 6.72014e-16 0)
(2.01597e-15 5.03989e-15 0)
(2.18397e-15 4.55367e-20 0)
(-3.35994e-15 2.35195e-15 0)
(2.85597e-15 -1.34398e-15 0)
(1.67999e-15 -2.68792e-15 0)
(-5.04039e-16 3.35986e-16 0)
(-1.34398e-15 1.67992e-15 0)
(-8.39972e-16 -3.35973e-16 0)
(2.01591e-15 3.69594e-15 0)
(-1.84795e-15 1.00799e-15 0)
(3.69593e-15 -1.34396e-15 0)
(-6.2159e-15 7.72785e-15 0)
(-4.19991e-15 3.696e-15 0)
(4.19989e-15 1.67995e-15 0)
(-4.36795e-15 5.03994e-15 0)
(-2.51996e-15 2.35199e-15 0)
(6.71983e-16 6.04791e-15 0)
(1.34397e-15 -1.00796e-15 0)
(-8.06385e-15 -5.03995e-15 0)
(5.0399e-15 5.03988e-15 0)
(-3.36008e-16 4.36794e-15 0)
(-1.67994e-16 8.73582e-15 0)
(-1.00796e-15 2.35197e-15 0)
(1.17598e-15 -2.01596e-15 0)
(-3.02396e-15 2.68798e-15 0)
(2.01596e-15 -3.35953e-16 0)
(2.01595e-15 4.03193e-15 0)
(-3.35955e-16 2.68794e-15 0)
(-1.00799e-15 1.68e-15 0)
(-2.35195e-15 -2.01596e-15 0)
(4.70394e-15 -6.04785e-15 0)
(3.02395e-15 1.00798e-15 0)
(-2.51998e-15 2.01599e-15 0)
(1.00797e-15 1.34396e-15 0)
(4.03197e-15 2.35195e-15 0)
(-5.8799e-15 -2.01596e-15 0)
(2.85593e-15 -4.70388e-15 0)
(-1.34398e-15 4.3679e-15 0)
(-9.07185e-15 -2.01594e-15 0)
(-1.4769e-20 5.03989e-15 0)
(4.87191e-15 3.2714e-20 0)
(1.67996e-15 -2.0159e-15 0)
(-2.68796e-15 -1.68003e-15 0)
(-2.01598e-15 1.34404e-15 0)
(-1.512e-15 3.35994e-15 0)
(3.19198e-15 -2.35191e-15 0)
(5.03989e-16 1.00799e-15 0)
(2.35194e-15 -4.70394e-15 0)
(1.67988e-16 6.71978e-16 0)
(2.68795e-15 -2.35192e-15 0)
(2.91088e-20 1.00801e-15 0)
(-1.67969e-16 -1.00795e-15 0)
(-6.7203e-16 -3.69587e-15 0)
(-5.03982e-16 2.35196e-15 0)
(-3.36006e-16 4.03192e-15 0)
(3.02395e-15 1.008e-15 0)
(-3.52794e-15 2.01594e-15 0)
(1.51197e-15 -7.39183e-15 0)
(1.51199e-15 2.68794e-15 0)
(-2.688e-15 5.37588e-15 0)
(4.03195e-15 1.99475e-20 0)
(-3.52792e-15 4.03192e-15 0)
(6.71993e-16 2.35196e-15 0)
(-2.85596e-15 2.01596e-15 0)
(1.67997e-15 -1.008e-15 0)
(1.67989e-16 2.01593e-15 0)
(3.36013e-16 -3.02397e-15 0)
(5.87992e-15 2.01597e-15 0)
(-6.04794e-15 -2.01596e-15 0)
(-1.17602e-15 -4.70389e-15 0)
(-8.39906e-16 -1.00802e-15 0)
(5.37588e-15 -6.72028e-16 0)
(-2.68795e-15 -2.35191e-15 0)
(-4.19994e-15 3.3599e-15 0)
(-3.19197e-15 2.35201e-15 0)
(2.01598e-15 6.38388e-15 0)
(8.39973e-16 4.70395e-15 0)
(1.51197e-15 4.03193e-15 0)
(1.34401e-15 3.69597e-15 0)
(-1.00798e-15 6.71984e-16 0)
(-1.44081e-20 1.67997e-15 0)
(3.35991e-15 4.03195e-15 0)
(-4.87192e-15 5.03984e-15 0)
(1.42998e-20 2.01597e-15 0)
(1.84797e-15 -4.36788e-15 0)
(1.34395e-15 1.67997e-15 0)
(-5.03982e-16 -6.71957e-16 0)
(-5.0397e-16 3.02392e-15 0)
(-2.01598e-15 -1.34396e-15 0)
(-3.69593e-15 -3.3599e-15 0)
(1.00797e-15 1.67989e-15 0)
(2.18394e-15 -5.03993e-15 0)
(1.67998e-15 -7.39189e-15 0)
(-1.67999e-15 -5.03993e-15 0)
(2.184e-15 -6.04791e-15 0)
(-2.51995e-15 -4.36792e-15 0)
(2.35197e-15 -6.72038e-16 0)
(4.87194e-15 -3.35991e-15 0)
(-2.68796e-15 7.05583e-15 0)
(-6.21587e-15 -1.34401e-15 0)
(7.2238e-15 7.43787e-21 0)
(-6.7192e-16 1.00797e-15 0)
(-1.34402e-15 1.67994e-15 0)
(3.3596e-16 3.36014e-16 0)
(-3.86393e-15 -1.67996e-15 0)
(4.03195e-15 3.02395e-15 0)
(-3.35979e-16 3.35992e-15 0)
(1.42654e-20 2.01598e-15 0)
(6.7198e-16 5.03993e-15 0)
(2.68794e-15 5.66425e-22 0)
(-8.39963e-16 -6.71978e-16 0)
(-3.19192e-15 1.67997e-15 0)
(-1.00798e-15 -1.34392e-15 0)
(2.51995e-15 1.344e-15 0)
(-1.00801e-15 6.71986e-16 0)
(-2.8559e-15 1.01824e-20 0)
(6.71954e-16 -3.02391e-15 0)
(-6.72002e-16 -3.35988e-16 0)
(8.39998e-16 -6.72001e-16 0)
(-5.04045e-16 3.35995e-16 0)
(-2.51994e-15 1.00803e-15 0)
(-1.176e-15 -1.34397e-15 0)
(-3.35986e-16 -1.34401e-15 0)
(-2.85593e-15 -3.35976e-16 0)
(5.71187e-15 1.00797e-15 0)
(1.00799e-15 -1.40271e-20 0)
(3.86397e-15 1.61196e-21 0)
(2.85597e-15 -1.68e-15 0)
(-1.008e-15 -6.71959e-16 0)
(-2.35198e-15 -1.67996e-15 0)
(-6.71959e-16 -6.72006e-16 0)
(2.68793e-15 -3.02393e-15 0)
(-4.70389e-15 -2.68793e-15 0)
(1.84795e-15 -8.47218e-21 0)
(-2.01593e-15 -6.71952e-16 0)
(7.22387e-15 6.91302e-20 0)
(-6.71982e-16 1.34403e-15 0)
(1.00798e-15 3.36027e-16 0)
(-1.67997e-15 -3.35954e-16 0)
(8.39971e-16 -1.34393e-15 0)
(1.17598e-15 -1.00798e-15 0)
(3.02397e-15 2.2009e-20 0)
(6.71983e-16 3.35996e-15 0)
(6.71986e-16 5.03992e-15 0)
(-3.02393e-15 4.70397e-15 0)
(3.86387e-15 3.69594e-15 0)
(-5.03989e-15 4.3679e-15 0)
(-1.67998e-15 2.35197e-15 0)
(3.52793e-15 -3.35958e-16 0)
(-6.04788e-15 5.71188e-15 0)
(-1.68e-15 2.35197e-15 0)
(-4.53593e-15 1.00794e-15 0)
(8.39974e-16 -3.02391e-15 0)
(1.84793e-15 2.6879e-15 0)
(5.25316e-20 6.71997e-16 0)
(-1.51195e-15 -3.02396e-15 0)
(8.90386e-15 -1.67997e-15 0)
(-2.18395e-15 -1.00798e-15 0)
(1.176e-15 -1.34399e-15 0)
(-1.84797e-15 -1.00796e-15 0)
(-1.17597e-15 -6.72009e-16 0)
(4.53593e-15 1.008e-15 0)
(1.67931e-16 5.0399e-15 0)
(-1.67952e-16 1.00799e-15 0)
(3.02394e-15 8.06385e-15 0)
(-2.01593e-15 2.01597e-15 0)
(-3.9615e-21 9.74377e-15 0)
(8.58172e-21 4.70394e-15 0)
(-3.36015e-16 7.72788e-15 0)
(-3.69593e-15 6.71986e-15 0)
(3.37848e-20 1.00799e-15 0)
(5.54387e-15 -3.35978e-16 0)
(-3.35951e-16 3.02397e-15 0)
(1.00798e-15 1.68002e-15 0)
(-3.35997e-15 4.70389e-15 0)
(-3.02392e-15 6.72031e-16 0)
(-2.5702e-20 -3.35952e-16 0)
(-3.36028e-16 -3.36012e-16 0)
(-1.34397e-15 1.00795e-15 0)
(1.00794e-15 -2.35193e-15 0)
(-8.39991e-16 1.34397e-15 0)
(-6.72018e-16 -4.03194e-15 0)
(-3.02393e-15 3.35991e-15 0)
(-1.68011e-16 3.35997e-15 0)
(3.02395e-15 1.34396e-15 0)
(-6.71996e-16 2.35198e-15 0)
(1.34403e-15 4.03194e-15 0)
(6.72019e-16 2.35195e-15 0)
(3.8639e-15 1.70159e-20 0)
(-3.69593e-15 5.37582e-15 0)
(1.34395e-15 -4.3679e-15 0)
(-8.39959e-16 4.03191e-15 0)
(-2.6879e-15 -1.67997e-15 0)
(2.51997e-15 -5.71183e-15 0)
(5.5439e-15 6.72027e-16 0)
(1.68e-16 6.38389e-15 0)
(4.31999e-21 -5.03984e-15 0)
(1.00796e-15 4.2658e-20 0)
(-2.85596e-15 -1.34399e-15 0)
(6.71993e-16 3.36023e-16 0)
(3.02393e-15 1.34404e-15 0)
(-1.00793e-15 6.71978e-16 0)
(1.67997e-15 1.34398e-15 0)
(1.34397e-15 3.35971e-16 0)
(-8.39978e-16 -2.6879e-15 0)
(1.67975e-16 -1.00798e-15 0)
(-2.68798e-15 3.3599e-15 0)
(-1.67995e-15 -2.01591e-15 0)
(-1.68012e-16 2.35198e-15 0)
(-5.71193e-15 -1.34397e-15 0)
(2.68795e-15 6.71973e-16 0)
(-4.87192e-15 1.68e-15 0)
(-6.72032e-16 3.35992e-16 0)
(-1.34396e-15 -3.69595e-15 0)
(3.36007e-16 -3.0239e-15 0)
(-3.36006e-16 -2.35195e-15 0)
(2.85596e-15 -1.8366e-20 0)
(3.35996e-15 -4.70392e-15 0)
(6.71995e-16 -3.02397e-15 0)
(-5.71192e-15 -7.05585e-15 0)
(-1.34394e-15 -3.20176e-20 0)
(2.68795e-15 -1.34398e-15 0)
(6.38389e-15 6.72039e-16 0)
(8.39986e-16 8.39982e-15 0)
(2.68799e-15 4.03197e-15 0)
(2.68798e-15 -6.71949e-16 0)
(1.8756e-20 6.71954e-16 0)
(6.71985e-16 3.02391e-15 0)
(-4.03192e-15 -3.69591e-15 0)
(-1.17598e-15 3.35987e-16 0)
(1.84797e-15 -1.00804e-15 0)
(-1.68033e-16 1.67995e-15 0)
(-3.35966e-16 -2.35199e-15 0)
(3.86395e-15 -4.36793e-15 0)
(-1.51199e-15 -2.01605e-15 0)
(2.35199e-15 -1.68001e-15 0)
(-3.35999e-15 -4.36789e-15 0)
(3.35959e-16 -6.72082e-16 0)
(-2.35193e-15 4.03194e-15 0)
(-1.61368e-20 -6.71974e-16 0)
(-2.18397e-15 -5.03996e-15 0)
(5.0396e-16 -3.35993e-15 0)
(-3.86393e-15 -1.00799e-15 0)
(1.51193e-15 1.67998e-15 0)
(3.3599e-16 1.67992e-15 0)
(-2.51996e-15 -3.36019e-16 0)
(3.35998e-15 2.01597e-15 0)
(3.02397e-15 2.68795e-15 0)
(-2.68796e-15 -1.00799e-15 0)
(-3.69593e-15 -2.53257e-20 0)
(8.90381e-15 -2.46513e-20 0)
(-5.03941e-16 -3.35975e-16 0)
(-5.03927e-16 3.69589e-15 0)
(-3.52793e-15 3.36062e-16 0)
(3.02396e-15 -1.34399e-15 0)
(6.8879e-15 4.03194e-15 0)
(2.01594e-15 -2.35191e-15 0)
(1.17597e-15 -1.34394e-15 0)
(3.69589e-15 -1.9983e-20 0)
(-1.67998e-15 -4.36793e-15 0)
(-5.03978e-16 3.36008e-16 0)
(-3.02395e-15 -9.74385e-15 0)
(1.51198e-15 -8.0639e-15 0)
(-6.71977e-16 -2.35203e-15 0)
(-2.01598e-15 -2.35198e-15 0)
(2.18396e-15 -3.35995e-15 0)
(-2.35195e-15 -2.01601e-15 0)
(-1.51198e-15 -5.71187e-15 0)
(-3.36025e-16 -4.70396e-15 0)
(1.6798e-16 -3.36083e-16 0)
(-1.67999e-15 -3.02394e-15 0)
(-1.51197e-15 -6.72081e-16 0)
(1.17594e-15 -6.71995e-16 0)
(-4.70388e-15 -4.36795e-15 0)
(1.67985e-16 -3.35995e-15 0)
(-3.02394e-15 -2.01595e-15 0)
(4.70391e-15 -2.35198e-15 0)
(8.40032e-16 -3.35994e-15 0)
(-1.68002e-15 -1.344e-15 0)
(-6.71999e-16 -5.03996e-15 0)
(-6.7191e-16 -3.6959e-15 0)
(8.39981e-15 3.0239e-15 0)
(4.70396e-15 -3.69588e-15 0)
(5.20793e-15 1.10877e-14 0)
(1.34399e-15 6.72014e-16 0)
(-2.18393e-15 -2.68798e-15 0)
(-1.84793e-15 -3.35999e-16 0)
(-5.03975e-16 2.35189e-15 0)
(-1.67996e-15 -3.69594e-15 0)
(-3.6959e-15 3.35979e-16 0)
(5.03964e-16 -6.72029e-16 0)
(3.35944e-16 -1.00803e-15 0)
(6.72008e-16 -3.02398e-15 0)
(8.39956e-16 -8.06394e-15 0)
(-5.03992e-15 -1.00799e-14 0)
(1.68004e-16 6.71924e-16 0)
(2.18394e-15 1.6799e-15 0)
(1.51196e-15 1.34389e-15 0)
(-2.68792e-15 3.35946e-16 0)
(-2.35198e-15 -9.07181e-15 0)
(-2.35197e-15 -2.35204e-15 0)
(-4.36792e-15 -5.71189e-15 0)
(2.18395e-15 -2.352e-15 0)
(6.71966e-16 -5.03993e-15 0)
(-1.67996e-15 -1.21808e-20 0)
(3.36006e-16 1.34391e-15 0)
(3.69594e-15 -4.36789e-15 0)
(1.84796e-15 -4.71958e-20 0)
(-4.03191e-15 1.00797e-15 0)
(-1.67995e-15 -3.35933e-16 0)
(5.37587e-15 2.0159e-15 0)
(-3.02388e-15 -6.71986e-15 0)
(5.03992e-15 -3.69599e-15 0)
(5.20797e-15 -1.04157e-14 0)
(1.84798e-15 -2.352e-15 0)
(-1.00798e-15 2.016e-15 0)
(2.01595e-15 -2.01597e-15 0)
(1.17596e-15 -5.37592e-15 0)
(1.51195e-15 -9.7439e-15 0)
(-1.51202e-15 1.34394e-15 0)
(-2.01595e-15 -4.36798e-15 0)
(-1.51201e-15 -3.35998e-15 0)
(1.34398e-15 -3.02406e-15 0)
(1.17599e-15 -8.39985e-15 0)
(-4.70392e-15 -1.00804e-15 0)
(1.00797e-15 -8.0639e-15 0)
(1.00796e-15 -1.04158e-14 0)
(-3.19188e-15 -8.39991e-15 0)
(1.00795e-15 -1.17598e-14 0)
(-1.48726e-20 -3.02409e-15 0)
(-1.68002e-15 -4.03192e-15 0)
(1.67996e-16 -1.00807e-15 0)
(-6.71966e-16 -3.024e-15 0)
(1.51197e-15 -4.36795e-15 0)
(2.01598e-15 -2.35202e-15 0)
(1.84795e-15 -3.02394e-15 0)
(5.04049e-16 -3.36038e-16 0)
(-3.35977e-16 -3.02392e-15 0)
(1.67995e-15 -3.02392e-15 0)
(-8.39996e-16 2.35199e-15 0)
(4.53594e-15 1.68001e-15 0)
(-6.71978e-16 -4.36792e-15 0)
(8.40019e-16 1.34396e-15 0)
(1.04159e-14 6.71962e-16 0)
(-3.19192e-15 6.72e-16 0)
(-4.70389e-15 -5.71191e-15 0)
(2.68795e-15 -1.67996e-15 0)
(-4.95696e-21 -6.04793e-15 0)
(-3.35991e-15 -2.35204e-15 0)
(-8.40019e-16 -8.73592e-15 0)
(-8.40017e-16 -1.67997e-14 0)
(-9.07186e-15 -4.032e-15 0)
(8.39977e-16 -1.20958e-14 0)
(8.39975e-16 -6.71999e-15 0)
(2.35193e-15 -1.04159e-14 0)
(-3.36007e-16 -1.24319e-14 0)
(-2.01592e-15 -1.17599e-14 0)
(6.21585e-15 -1.20959e-14 0)
(-1.84797e-15 -1.31039e-14 0)
(-6.55189e-15 -6.71994e-15 0)
(-1.34398e-15 -6.3839e-15 0)
(-5.03985e-16 -7.05588e-15 0)
(-7.10762e-21 -4.03197e-15 0)
(1.68e-15 -1.68003e-15 0)
(1.34397e-15 -7.05588e-15 0)
(1.848e-15 -5.71192e-15 0)
(2.016e-15 -6.72008e-16 0)
(2.35197e-15 2.35194e-15 0)
(8.39994e-16 5.37591e-15 0)
(-4.03194e-15 1.27677e-14 0)
(-1.00796e-15 3.02397e-15 0)
(3.02392e-15 5.37587e-15 0)
(6.72063e-16 -4.03192e-15 0)
(4.70396e-15 1.67993e-15 0)
(5.20793e-15 3.35983e-16 0)
(6.04786e-15 1.67995e-15 0)
(6.72002e-16 1.34393e-15 0)
(8.39968e-16 -4.70396e-15 0)
(-3.02399e-15 -1.34401e-15 0)
(-6.71991e-15 -6.72009e-16 0)
(-1.512e-15 -8.91513e-20 0)
(-3.86399e-15 -1.34402e-15 0)
(-5.03976e-16 -1.68006e-15 0)
(8.39967e-16 -3.024e-15 0)
(-1.17599e-15 -4.704e-15 0)
(-4.0319e-15 -6.04797e-15 0)
(3.3599e-15 -5.04001e-15 0)
(-2.01593e-15 -6.04799e-15 0)
(8.40009e-16 -3.02404e-15 0)
(1.51195e-15 -6.04791e-15 0)
(6.72006e-16 -1.34404e-15 0)
(2.18395e-15 -1.34404e-15 0)
(2.13052e-20 -3.35995e-15 0)
(1.84796e-15 -3.35994e-15 0)
(-6.71942e-16 -1.34402e-15 0)
(4.36793e-15 -6.72021e-16 0)
(6.88791e-15 -6.72001e-16 0)
(4.87196e-15 1.77201e-20 0)
(2.85593e-15 4.32477e-20 0)
(-4.03191e-15 7.57949e-20 0)
(3.69594e-15 6.72028e-16 0)
(-1.17592e-15 1.008e-15 0)
(6.21587e-15 9.64336e-21 0)
(4.03199e-15 -1.00798e-15 0)
(-2.51996e-15 -1.34396e-15 0)
(-5.03983e-16 -1.34396e-15 0)
(-3.35984e-16 6.71988e-16 0)
(8.39968e-16 -4.70396e-15 0)
(-7.0559e-15 -1.17599e-14 0)
(-3.52798e-15 -4.70397e-15 0)
(-3.02398e-15 -6.04793e-15 0)
(-4.53595e-15 -5.03994e-15 0)
(-5.03999e-16 -6.71992e-15 0)
(1.84795e-15 -7.72792e-15 0)
(-8.39989e-16 -2.01592e-15 0)
(-1.67985e-16 -4.70395e-15 0)
(-5.03997e-16 -6.38393e-15 0)
(2.01598e-15 -6.38389e-15 0)
(4.1999e-15 -3.69596e-15 0)
(-1.67948e-16 -1.34402e-15 0)
(2.35195e-15 1.34395e-15 0)
(3.7916e-20 -2.01598e-15 0)
(2.51996e-15 6.71994e-16 0)
(-1.67997e-15 3.69593e-15 0)
(5.04019e-16 3.35987e-16 0)
(1.84799e-15 -1.67997e-15 0)
(7.55991e-15 -3.02394e-15 0)
(1.84805e-15 1.00797e-15 0)
(2.51997e-15 3.35992e-15 0)
(-1.67997e-15 -3.35986e-16 0)
(-3.36e-16 5.37589e-15 0)
(8.56784e-15 8.19111e-20 0)
(-3.19188e-15 3.35992e-15 0)
(4.87191e-15 -4.3679e-15 0)
(-1.34399e-15 2.35193e-15 0)
(-3.35992e-15 -2.688e-15 0)
(3.35988e-16 -4.03196e-15 0)
(6.71965e-16 3.3594e-16 0)
(-3.86395e-15 -4.03193e-15 0)
(-2.18401e-15 -3.36018e-16 0)
(-2.01601e-15 -3.35994e-16 0)
(-2.51994e-15 -2.35199e-15 0)
(-8.40016e-16 3.35994e-15 0)
(-1.17598e-15 -1.85019e-21 0)
(-2.18399e-15 -2.68804e-15 0)
(-6.71994e-16 -3.02396e-15 0)
(-8.39958e-16 -2.68799e-15 0)
(6.71995e-16 1.67992e-15 0)
(-2.68792e-15 -1.00801e-15 0)
(6.55187e-15 -6.72009e-16 0)
(4.53596e-15 -1.67996e-15 0)
(1.008e-15 -1.67993e-15 0)
(1.34399e-15 1.00794e-15 0)
(-5.03982e-16 6.72007e-16 0)
(4.5359e-15 3.36008e-16 0)
(-6.71912e-16 3.35993e-15 0)
(3.35999e-15 -1.34397e-15 0)
(1.00798e-14 -1.00801e-15 0)
(1.67998e-15 -5.03989e-15 0)
(1.81115e-20 -3.35993e-16 0)
(-8.3996e-16 -1.67994e-15 0)
(-1.51195e-15 4.36787e-15 0)
(3.19195e-15 3.35998e-15 0)
(-1.67995e-15 4.70391e-15 0)
(-1.67998e-16 -2.35196e-15 0)
(2.6879e-15 -2.35193e-15 0)
(1.34398e-15 -1.00803e-15 0)
(-1.00797e-15 -3.35956e-16 0)
(1.34391e-15 -2.01602e-15 0)
(-7.55987e-15 -3.02397e-15 0)
(-1.68001e-15 2.01591e-15 0)
(-4.16096e-20 -4.03195e-15 0)
(-3.86391e-15 1.00795e-15 0)
(2.51992e-15 -3.02391e-15 0)
(-3.35992e-15 -1.67997e-15 0)
(8.39973e-16 -3.69602e-15 0)
(4.53593e-15 -2.68796e-15 0)
(1.67997e-15 -4.70396e-15 0)
(-1.00797e-15 -3.69594e-15 0)
(1.17602e-15 -6.72016e-16 0)
(1.51198e-15 -5.03994e-15 0)
(2.68797e-15 3.35989e-15 0)
(1.51198e-15 -2.35195e-15 0)
(-1.34396e-15 -5.7119e-15 0)
(5.04057e-16 3.35987e-16 0)
(5.37588e-15 6.71983e-16 0)
(6.0479e-15 -2.01598e-15 0)
(2.18407e-15 -6.71994e-16 0)
(6.7201e-16 -3.36005e-16 0)
(-1.00795e-15 -3.35995e-15 0)
(5.54388e-15 3.35992e-16 0)
(-3.19192e-15 -7.39183e-15 0)
(8.23181e-15 5.03991e-15 0)
(-3.69591e-15 -3.02396e-15 0)
(2.51997e-15 -1.17092e-20 0)
(-6.71988e-15 -4.0222e-20 0)
(1.34394e-15 -3.35993e-15 0)
(-6.72003e-16 6.04783e-15 0)
(-6.88788e-15 -1.34399e-15 0)
(-2.85599e-15 -3.024e-15 0)
(-1.68003e-15 -2.35193e-15 0)
(-6.04785e-15 1.00796e-15 0)
(4.19989e-15 -3.35992e-15 0)
(-6.21588e-15 -1.00805e-15 0)
(2.35192e-15 -3.35999e-15 0)
(-5.03983e-16 -5.03988e-15 0)
(1.344e-15 -5.71195e-15 0)
(3.52795e-15 -3.69594e-15 0)
(-3.3598e-16 -2.01602e-15 0)
(6.71997e-16 -8.06386e-15 0)
(3.35995e-15 -6.68073e-20 0)
(6.72017e-16 -7.05589e-15 0)
(-1.00795e-15 -2.68798e-15 0)
(4.70387e-15 -2.01602e-15 0)
(3.52797e-15 -1.00801e-15 0)
(-1.51193e-15 -3.36022e-16 0)
(2.52001e-15 3.02391e-15 0)
(5.20791e-15 -4.36794e-15 0)
(1.84801e-15 3.35989e-15 0)
(6.04788e-15 -4.36796e-15 0)
(-1.00793e-15 2.01592e-15 0)
(1.84796e-15 7.05588e-15 0)
(-4.03185e-15 1.00798e-15 0)
(4.70387e-15 -3.02389e-15 0)
(-1.67997e-15 -2.01597e-15 0)
(-1.67998e-15 -1.67998e-15 0)
(-2.35196e-15 1.68e-15 0)
(1.67993e-15 -8.7358e-15 0)
(-5.20794e-15 -2.01599e-15 0)
(-4.70394e-15 -7.39188e-15 0)
(-1.68018e-16 3.35949e-16 0)
(-1.17598e-15 -1.34399e-15 0)
(1.84794e-15 -3.36019e-16 0)
(-6.55194e-15 -1.67997e-15 0)
(-2.01598e-15 -3.69593e-15 0)
(3.69597e-15 2.01585e-15 0)
(-1.17598e-15 -2.35198e-15 0)
(4.19996e-15 -6.37436e-20 0)
(1.51199e-15 -3.02396e-15 0)
(6.72005e-16 -4.70394e-15 0)
(8.39997e-16 -8.0639e-15 0)
(2.85597e-15 -4.3679e-15 0)
(-1.84799e-15 -3.36014e-16 0)
(-1.6799e-15 -2.01602e-15 0)
(5.37586e-15 -6.04789e-15 0)
(2.184e-15 -4.70391e-15 0)
(6.04793e-15 -6.72003e-16 0)
(2.35203e-15 -4.03197e-15 0)
(2.35194e-15 -4.70392e-15 0)
(-2.51992e-15 -2.68799e-15 0)
(4.87192e-15 -5.37593e-15 0)
(-1.67954e-16 6.71986e-16 0)
(3.52792e-15 -2.01592e-15 0)
(-1.67947e-16 6.71982e-15 0)
(-2.18396e-15 6.71977e-16 0)
(8.73582e-15 -2.68791e-15 0)
(1.34398e-15 -3.02394e-15 0)
(1.00797e-15 2.35189e-15 0)
(-4.53598e-15 3.3599e-15 0)
(-2.01596e-15 -4.70393e-15 0)
(-4.87198e-15 -1.67997e-15 0)
(5.04024e-16 -5.37591e-15 0)
(1.51195e-15 -3.02397e-15 0)
(-9.23985e-15 2.01593e-15 0)
(-2.184e-15 -3.36001e-15 0)
(1.34396e-15 -4.3679e-15 0)
(-1.84794e-15 -6.71987e-15 0)
(3.69595e-15 -7.05594e-15 0)
(-5.03985e-16 -2.68801e-15 0)
(1.67998e-15 -3.02401e-15 0)
(3.36017e-16 -1.34399e-15 0)
(5.37591e-15 2.35185e-15 0)
(-6.7196e-16 -5.71192e-15 0)
(6.21588e-15 -3.69595e-15 0)
(-1.6799e-15 -1.34404e-15 0)
(-8.39947e-16 -2.01597e-15 0)
(6.88787e-15 -1.67998e-15 0)
(5.87994e-15 -3.69592e-15 0)
(-4.19993e-15 -3.35997e-15 0)
(5.04012e-16 -3.36058e-16 0)
(1.68e-15 -1.10878e-14 0)
(6.88786e-15 -7.42128e-20 0)
(1.17602e-15 1.34394e-15 0)
(2.51997e-15 -6.38385e-15 0)
(-1.84799e-15 -1.34398e-15 0)
(-5.03985e-15 6.38382e-15 0)
(-1.69086e-20 3.02396e-15 0)
(1.84795e-15 -1.17599e-14 0)
(-9.07184e-15 -8.73584e-15 0)
(1.51195e-15 4.36782e-15 0)
(-2.85596e-15 -3.02393e-15 0)
(2.35197e-15 -2.01603e-15 0)
(-3.36054e-16 1.00795e-15 0)
(-4.70396e-15 -4.70393e-15 0)
(-3.86394e-15 -6.71994e-15 0)
(1.67982e-16 -6.7205e-16 0)
(-3.36023e-16 1.67981e-15 0)
(5.20795e-15 -5.71189e-15 0)
(2.01601e-15 -4.36799e-15 0)
(-1.67969e-16 -3.3603e-16 0)
(-1.51195e-15 -7.72793e-15 0)
(-1.68021e-16 -6.04787e-15 0)
(3.86395e-15 -1.00804e-15 0)
(-1.34392e-15 -8.06386e-15 0)
(8.3998e-15 -2.352e-15 0)
(1.17603e-15 -2.01602e-15 0)
(3.36096e-16 -3.35995e-15 0)
(7.55984e-15 4.70387e-15 0)
(-6.71973e-16 -3.35996e-15 0)
(-1.84794e-15 -3.0239e-15 0)
(6.04789e-15 3.02383e-15 0)
(1.68066e-16 -8.73582e-15 0)
(4.36795e-15 2.01598e-15 0)
(1.00802e-15 -6.72021e-16 0)
(-6.72007e-16 -2.68795e-15 0)
(8.39949e-16 -3.35967e-16 0)
(-1.17597e-15 -1.34396e-15 0)
(1.84794e-15 -3.02397e-15 0)
(-3.52796e-15 -4.70397e-15 0)
(8.8804e-21 -7.05581e-15 0)
(2.01592e-15 2.01587e-15 0)
(5.03976e-16 -3.02394e-15 0)
(-9.40778e-15 -6.04792e-15 0)
(-1.68064e-16 -7.392e-15 0)
(-2.35199e-15 -8.06381e-15 0)
(-3.52794e-15 -2.01601e-15 0)
(-1.84796e-15 -1.14238e-14 0)
(-1.68024e-16 -1.00652e-19 0)
(5.5439e-15 -1.07518e-14 0)
(3.02399e-15 -3.02404e-15 0)
(6.21588e-15 -9.07185e-15 0)
(-2.51988e-15 -1.00811e-15 0)
(1.68009e-16 -2.35198e-15 0)
(4.8719e-15 3.35929e-16 0)
(1.00812e-15 -3.69595e-15 0)
(7.05588e-15 -6.71971e-16 0)
(5.20789e-15 -6.7199e-15 0)
(1.68088e-16 -1.34397e-15 0)
(6.71986e-16 -6.04789e-15 0)
(1.00799e-15 -2.68799e-15 0)
(5.20795e-15 -5.71187e-15 0)
(3.02393e-15 -5.37597e-15 0)
(3.52796e-15 -3.69598e-15 0)
(1.51198e-15 6.71958e-16 0)
(-1.67978e-16 -2.11162e-20 0)
(-5.03951e-16 -3.02393e-15 0)
(-6.7199e-16 1.67996e-15 0)
(2.01599e-15 -4.36797e-15 0)
(6.71944e-16 1.34398e-15 0)
(-8.56785e-15 5.37587e-15 0)
(1.34397e-15 -9.07185e-15 0)
(-3.86394e-15 -1.68002e-15 0)
(1.34389e-15 -6.38394e-15 0)
(-2.35198e-15 -7.05589e-15 0)
(-2.68795e-15 -6.72122e-16 0)
(-1.84801e-15 -5.71194e-15 0)
(-2.35196e-15 -4.70402e-15 0)
(1.68001e-16 -8.06385e-15 0)
(1.34405e-15 -3.02396e-15 0)
(4.19989e-15 -2.35194e-15 0)
(3.36068e-16 2.35193e-15 0)
(6.71987e-15 -8.39981e-15 0)
(-1.67993e-15 -2.01601e-15 0)
(2.68796e-15 -3.35981e-16 0)
(7.89584e-15 6.71964e-16 0)
(5.04111e-16 -2.7184e-20 0)
(5.20796e-15 7.72785e-15 0)
(3.02397e-15 1.00797e-15 0)
(1.67996e-15 2.35194e-15 0)
(1.344e-15 7.39185e-15 0)
(-6.71962e-16 3.69589e-15 0)
(1.00804e-15 -1.67996e-15 0)
(8.40002e-16 -3.02395e-15 0)
(4.70396e-15 -4.36792e-15 0)
(-3.36004e-16 -3.02393e-15 0)
(4.8719e-15 4.03194e-15 0)
(3.35997e-16 1.34395e-15 0)
(1.512e-15 -2.68796e-15 0)
(1.00794e-15 1.67997e-15 0)
(-7.39188e-15 -1.00796e-15 0)
(1.67904e-16 -3.36012e-16 0)
(-6.04786e-15 1.00795e-15 0)
(-3.36015e-16 -6.72011e-16 0)
(-5.03996e-15 -2.352e-15 0)
(-1.68003e-16 -2.35197e-15 0)
(-3.19198e-15 -7.3919e-15 0)
(5.04012e-16 -3.35996e-15 0)
(2.35198e-15 -1.34402e-15 0)
(4.03192e-15 2.6879e-15 0)
(-6.71921e-16 3.35989e-15 0)
(5.7119e-15 6.72045e-16 0)
(2.85598e-15 2.35194e-15 0)
(3.19198e-15 -1.34394e-15 0)
(-5.0397e-16 3.36035e-16 0)
(1.68093e-16 -1.00794e-15 0)
(1.02478e-14 1.34401e-15 0)
(6.7199e-15 1.61973e-20 0)
(1.68004e-15 3.36001e-16 0)
(-3.35989e-16 -6.7194e-16 0)
(8.40001e-16 -6.71946e-16 0)
(3.69597e-15 4.3457e-20 0)
(1.34396e-15 3.02392e-15 0)
(3.696e-15 1.00796e-15 0)
(8.06384e-15 1.00796e-15 0)
(-7.72782e-15 2.68792e-15 0)
(4.87191e-15 4.70387e-15 0)
(-5.03981e-16 1.00798e-15 0)
(1.68004e-16 2.352e-15 0)
(-1.67998e-15 4.03198e-15 0)
(-3.69601e-15 5.37591e-15 0)
(-3.69596e-15 3.02397e-15 0)
(-2.18399e-15 -5.37586e-15 0)
(-4.87197e-15 -2.68796e-15 0)
(-4.36792e-15 6.71963e-16 0)
(1.67997e-15 -1.34398e-15 0)
(-6.71977e-16 3.35985e-16 0)
(3.35991e-15 2.68792e-15 0)
(6.72011e-16 -1.00796e-15 0)
(2.52001e-15 1.00806e-15 0)
(1.17598e-15 -4.70384e-15 0)
(-2.18399e-15 7.72776e-15 0)
(4.70396e-15 5.03993e-15 0)
(3.02399e-15 2.35196e-15 0)
(6.04791e-15 6.71983e-15 0)
(3.35998e-15 2.01598e-15 0)
(4.03199e-15 3.35991e-15 0)
(1.68003e-15 -1.34395e-15 0)
(3.02394e-15 -6.71965e-16 0)
(-1.00796e-15 3.35985e-15 0)
(2.35195e-15 -4.03196e-15 0)
(1.17597e-15 2.01591e-15 0)
(-1.67991e-15 -5.71191e-15 0)
(9.40783e-15 -3.35997e-15 0)
(-3.19188e-15 -3.35994e-16 0)
(3.35961e-16 -2.68793e-15 0)
(1.51196e-15 -7.72783e-15 0)
(-1.67994e-15 -6.38392e-15 0)
(-8.39988e-16 6.38393e-15 0)
(-2.68802e-15 5.37588e-15 0)
(-4.7039e-15 -2.35192e-15 0)
(-5.54397e-15 3.35997e-15 0)
(-3.35996e-15 5.71188e-15 0)
(-3.02402e-15 5.03991e-15 0)
(-2.85599e-15 2.01601e-15 0)
(1.512e-15 -2.01592e-15 0)
(2.18394e-15 2.68794e-15 0)
(-2.85593e-15 -2.35188e-15 0)
(6.71993e-15 4.3679e-15 0)
(4.19993e-15 -2.688e-15 0)
(-2.51993e-15 1.67995e-15 0)
(-3.35997e-15 -3.69582e-15 0)
(1.84801e-15 -1.344e-15 0)
(3.02403e-15 1.00803e-15 0)
(8.73583e-15 -3.35896e-16 0)
(5.71196e-15 8.06388e-15 0)
(1.00804e-15 2.35203e-15 0)
(1.344e-15 -6.71953e-16 0)
(2.18395e-15 2.68795e-15 0)
(1.51194e-15 -3.02389e-15 0)
(-1.84793e-15 -1.68e-15 0)
(8.39992e-16 -3.02394e-15 0)
(-1.00796e-15 1.34392e-15 0)
(3.86396e-15 -7.39188e-15 0)
(5.87992e-15 1.34394e-15 0)
(-3.36007e-16 -4.36795e-15 0)
(-2.85592e-15 1.34389e-15 0)
(2.01595e-15 -1.10878e-14 0)
(3.35968e-16 2.35197e-15 0)
(-5.37587e-15 -6.71957e-16 0)
(-1.17604e-15 -1.34396e-15 0)
(-4.36797e-15 1.34396e-15 0)
(-6.72006e-16 -4.7039e-15 0)
(-6.2159e-15 3.69598e-15 0)
(-3.19199e-15 6.04788e-15 0)
(1.6802e-16 -1.67999e-15 0)
(-3.36025e-16 3.36005e-16 0)
(-4.70389e-15 6.04787e-15 0)
(4.19991e-15 1.344e-15 0)
(3.19196e-15 3.69592e-15 0)
(-5.03949e-16 -1.00801e-15 0)
(1.84795e-15 3.02388e-15 0)
(5.20793e-15 -3.02389e-15 0)
(5.20798e-15 2.68794e-15 0)
(4.2e-15 4.03192e-15 0)
(4.87196e-15 3.02402e-15 0)
(4.03196e-15 1.67998e-15 0)
(1.51197e-15 6.71988e-15 0)
(-1.84794e-15 2.68797e-15 0)
(-3.35988e-16 -1.95439e-20 0)
(-1.34401e-15 -6.04789e-15 0)
(1.67999e-15 -4.03197e-15 0)
(1.84795e-15 -6.38385e-15 0)
(5.71196e-15 3.35929e-16 0)
(-1.00796e-15 -6.71995e-16 0)
(-2.68796e-15 -3.13992e-20 0)
(-2.85601e-15 -8.06386e-15 0)
(-2.01596e-15 3.35923e-16 0)
(1.17598e-15 -1.00797e-15 0)
(-3.35991e-15 -4.03192e-15 0)
(-3.02403e-15 -2.01598e-15 0)
(-6.38386e-15 1.00798e-15 0)
(1.17602e-15 6.71988e-16 0)
(-3.86396e-15 -2.07349e-21 0)
(-4.53589e-15 -4.36785e-15 0)
(-3.02391e-15 -6.72026e-16 0)
(-1.67989e-16 -2.68795e-15 0)
(1.67994e-15 -1.00798e-15 0)
(2.01605e-15 -5.03987e-15 0)
(2.01598e-15 6.72044e-16 0)
(3.35929e-16 -4.36785e-15 0)
(-3.84121e-20 -4.03191e-15 0)
(6.88787e-15 2.35194e-15 0)
(5.37585e-15 1.00799e-15 0)
(3.69591e-15 4.03194e-15 0)
(6.38391e-15 2.68793e-15 0)
(2.68793e-15 2.36183e-21 0)
(-5.03945e-16 -6.71986e-16 0)
(-5.04009e-16 2.01597e-15 0)
(-1.00801e-15 1.67995e-15 0)
(-5.8798e-15 -1.67997e-15 0)
(1.00794e-15 -1.34398e-15 0)
(6.72041e-16 1.34388e-15 0)
(9.74376e-15 -3.35988e-15 0)
(8.39997e-16 -2.68795e-15 0)
(-1.67998e-15 -6.71986e-16 0)
(-5.87984e-15 1.34397e-15 0)
(-1.00799e-15 3.84538e-20 0)
)
;

boundaryField
{
    outerWall
    {
        type            noSlip;
    }
    axis
    {
        type            symmetryPlane;
    }
    nozzle
    {
        type            zeroGradient;
    }
    back
    {
        type            empty;
    }
    front
    {
        type            empty;
    }
}


// ************************************************************************* //
