/*--------------------------------*- C++ -*----------------------------------*\
| =========                 |                                                 |
| \\      /  F ield         | OpenFOAM: The Open Source CFD Toolbox           |
|  \\    /   O peration     | Version:  2412                                  |
|   \\  /    A nd           | Website:  www.openfoam.com                      |
|    \\/     M anipulation  |                                                 |
\*---------------------------------------------------------------------------*/
FoamFile
{
    version     2.0;
    format      ascii;
    arch        "LSB;label=32;scalar=64";
    class       volVectorField;
    location    "6.5e-05";
    object      U;
}
// * * * * * * * * * * * * * * * * * * * * * * * * * * * * * * * * * * * * * //

dimensions      [0 1 -1 0 0 0 0];

internalField   nonuniform List<vector> 
3725
(
(2.83339e-08 1.00283e-08 0)
(1.15907e-07 2.19315e-08 0)
(3.25918e-07 5.84344e-08 0)
(8.63309e-07 1.56782e-07 0)
(2.21844e-06 4.11733e-07 0)
(5.54467e-06 1.05371e-06 0)
(1.34688e-05 2.62399e-06 0)
(3.17598e-05 6.35054e-06 0)
(7.25977e-05 1.49184e-05 0)
(0.000160626 3.39714e-05 0)
(0.000343445 7.48813e-05 0)
(0.000708423 0.00015953 0)
(0.00140705 0.000327967 0)
(0.0026856 0.000649544 0)
(0.00491537 0.00123716 0)
(0.00860741 0.00226213 0)
(0.0143868 0.00396395 0)
(0.0228968 0.00664578 0)
(0.0346136 0.0106451 0)
(0.0495841 0.016273 0)
(0.0671538 0.0237281 0)
(0.0858081 0.0330069 0)
(0.103273 0.043852 0)
(0.116815 0.0557585 0)
(0.123657 0.0680183 0)
(0.121523 0.0798175 0)
(0.109175 0.0903462 0)
(0.0867525 0.0988924 0)
(0.0558419 0.104901 0)
(0.0192753 0.107999 0)
(3.72614e-08 3.22389e-08 0)
(1.52212e-07 7.0432e-08 0)
(4.27056e-07 1.87458e-07 0)
(1.12828e-06 5.0241e-07 0)
(2.89114e-06 1.31788e-06 0)
(7.20387e-06 3.36853e-06 0)
(1.74415e-05 8.37717e-06 0)
(4.09806e-05 2.02448e-05 0)
(9.33134e-05 4.74829e-05 0)
(0.000205598 0.000107942 0)
(0.000437614 0.000237488 0)
(0.000898237 0.000504938 0)
(0.00177457 0.0010358 0)
(0.0033675 0.00204655 0)
(0.00612481 0.00388792 0)
(0.0106525 0.00708913 0)
(0.0176745 0.0123847 0)
(0.0279077 0.020696 0)
(0.0418341 0.0330349 0)
(0.0593964 0.0503141 0)
(0.0797043 0.0730835 0)
(0.100901 0.101267 0)
(0.120337 0.134027 0)
(0.13494 0.169797 0)
(0.141701 0.206438 0)
(0.138269 0.241534 0)
(0.123481 0.272723 0)
(0.0976688 0.297958 0)
(0.0626719 0.315658 0)
(0.0215988 0.324772 0)
(5.69788e-08 6.10702e-08 0)
(2.32322e-07 1.33168e-07 0)
(6.49902e-07 3.53742e-07 0)
(1.71113e-06 9.46192e-07 0)
(4.36804e-06 2.47673e-06 0)
(1.08391e-05 6.31617e-06 0)
(2.6126e-05 1.56689e-05 0)
(6.10892e-05 3.77654e-05 0)
(0.00013837 8.83202e-05 0)
(0.00030313 0.000200144 0)
(0.000641192 0.000438844 0)
(0.00130716 0.000929582 0)
(0.00256326 0.00189916 0)
(0.0048247 0.00373584 0)
(0.00869731 0.00706302 0)
(0.01498 0.0128111 0)
(0.024592 0.0222539 0)
(0.0383845 0.0369598 0)
(0.0568272 0.0586065 0)
(0.0796206 0.0886374 0)
(0.105369 0.127811 0)
(0.131516 0.175785 0)
(0.154671 0.230954 0)
(0.171123 0.290554 0)
(0.177459 0.350983 0)
(0.171238 0.408331 0)
(0.151493 0.45889 0)
(0.118954 0.499542 0)
(0.0759531 0.527932 0)
(0.0261108 0.542512 0)
(9.13347e-08 1.01419e-07 0)
(3.71716e-07 2.20605e-07 0)
(1.03682e-06 5.84505e-07 0)
(2.72053e-06 1.55937e-06 0)
(6.91863e-06 4.07044e-06 0)
(1.7098e-05 1.03493e-05 0)
(4.10283e-05 2.55904e-05 0)
(9.5469e-05 6.14602e-05 0)
(0.000215098 0.000143181 0)
(0.000468491 0.000323107 0)
(0.000984692 0.000705221 0)
(0.00199348 0.00148638 0)
(0.00387926 0.00302016 0)
(0.00724039 0.00590551 0)
(0.0129313 0.0110922 0)
(0.0220457 0.0199757 0)
(0.0357861 0.0344294 0)
(0.0551722 0.0566979 0)
(0.0805923 0.0890855 0)
(0.1113 0.133426 0)
(0.145065 0.190436 0)
(0.178259 0.259197 0)
(0.206414 0.337061 0)
(0.224962 0.419893 0)
(0.230034 0.502651 0)
(0.2192 0.580147 0)
(0.19189 0.647706 0)
(0.14945 0.701557 0)
(0.0949004 0.738945 0)
(0.0325346 0.758084 0)
(1.46369e-07 1.58737e-07 0)
(5.94637e-07 3.4431e-07 0)
(1.65398e-06 9.09593e-07 0)
(4.32558e-06 2.41941e-06 0)
(1.09605e-05 6.29523e-06 0)
(2.69791e-05 1.59505e-05 0)
(6.44592e-05 3.92921e-05 0)
(0.000149282 9.39805e-05 0)
(0.000334605 0.000217964 0)
(0.00072466 0.000489463 0)
(0.00151365 0.00106261 0)
(0.00304336 0.00222653 0)
(0.00587761 0.00449499 0)
(0.0108787 0.00872729 0)
(0.01925 0.0162651 0)
(0.0324829 0.0290419 0)
(0.0521336 0.0495876 0)
(0.0793766 0.080827 0)
(0.114373 0.125593 0)
(0.155633 0.185876 0)
(0.199697 0.261989 0)
(0.241485 0.35205 0)
(0.275193 0.452055 0)
(0.295316 0.556387 0)
(0.297651 0.658711 0)
(0.280029 0.75296 0)
(0.242551 0.834024 0)
(0.187384 0.898006 0)
(0.118349 0.94215 0)
(0.0404664 0.964681 0)
(2.30515e-07 2.38921e-07 0)
(9.34857e-07 5.16669e-07 0)
(2.59315e-06 1.36064e-06 0)
(6.75976e-06 3.60752e-06 0)
(1.70669e-05 9.35437e-06 0)
(4.18456e-05 2.36131e-05 0)
(9.95508e-05 5.79312e-05 0)
(0.000229473 0.000137947 0)
(0.000511709 0.000318379 0)
(0.00110197 0.000711152 0)
(0.00228749 0.00153487 0)
(0.00456777 0.00319541 0)
(0.00875483 0.00640533 0)
(0.0160679 0.0123392 0)
(0.0281672 0.0227982 0)
(0.0470376 0.0403196 0)
(0.074625 0.0681216 0)
(0.112177 0.109759 0)
(0.159379 0.16841 0)
(0.213597 0.245878 0)
(0.269696 0.341628 0)
(0.320809 0.452398 0)
(0.359667 0.572594 0)
(0.379954 0.695159 0)
(0.377464 0.812839 0)
(0.350686 0.91928 0)
(0.300676 1.00957 0)
(0.230545 1.0802 0)
(0.144907 1.1287 0)
(0.0494334 1.15342 0)
(3.5468e-07 3.47857e-07 0)
(1.43592e-06 7.49897e-07 0)
(3.97211e-06 1.96839e-06 0)
(1.03209e-05 5.20151e-06 0)
(2.59646e-05 1.34394e-05 0)
(6.34118e-05 3.37928e-05 0)
(0.00015021 8.25535e-05 0)
(0.000344618 0.000195664 0)
(0.000764509 0.000449288 0)
(0.00163702 0.000997939 0)
(0.00337684 0.00214055 0)
(0.00669621 0.00442605 0)
(0.0127354 0.00880546 0)
(0.0231734 0.0168215 0)
(0.0402353 0.0307928 0)
(0.0664755 0.0539005 0)
(0.104213 0.0900345 0)
(0.154593 0.143252 0)
(0.216463 0.216793 0)
(0.285547 0.311842 0)
(0.354587 0.426531 0)
(0.41471 0.555896 0)
(0.457264 0.692695 0)
(0.475501 0.828756 0)
(0.465742 0.956522 0)
(0.42758 1.07009 0)
(0.36324 1.16535 0)
(0.276726 1.2395 0)
(0.173265 1.29041 0)
(0.0590086 1.31644 0)
(5.32044e-07 4.90585e-07 0)
(2.15026e-06 1.05423e-06 0)
(5.93186e-06 2.75806e-06 0)
(1.5363e-05 7.26348e-06 0)
(3.85104e-05 1.86985e-05 0)
(9.36812e-05 4.68298e-05 0)
(0.000220954 0.000113905 0)
(0.000504524 0.000268684 0)
(0.00111342 0.000613725 0)
(0.00237042 0.00135531 0)
(0.00485857 0.00288858 0)
(0.00956645 0.00593065 0)
(0.0180514 0.0117065 0)
(0.0325584 0.0221691 0)
(0.0559765 0.0401894 0)
(0.091469 0.0695913 0)
(0.141638 0.114853 0)
(0.207246 0.18032 0)
(0.285822 0.268922 0)
(0.370901 0.380741 0)
(0.452736 0.512181 0)
(0.520432 0.656443 0)
(0.564313 0.804878 0)
(0.577825 0.948818 0)
(0.558463 1.08123 0)
(0.507304 1.19741 0)
(0.427733 1.29449 0)
(0.324343 1.37038 0)
(0.202619 1.42296 0)
(0.0689602 1.45015 0)
(7.77415e-07 6.7007e-07 0)
(3.13653e-06 1.43536e-06 0)
(8.62905e-06 3.74265e-06 0)
(2.22762e-05 9.82285e-06 0)
(5.56394e-05 2.51943e-05 0)
(0.000134816 6.28455e-05 0)
(0.0003166 0.000152189 0)
(0.000719484 0.000357259 0)
(0.00157948 0.000811713 0)
(0.00334317 0.00178202 0)
(0.00680834 0.00377339 0)
(0.0133097 0.00769151 0)
(0.0249143 0.0150607 0)
(0.0445356 0.0282665 0)
(0.075802 0.0507324 0)
(0.122473 0.0868699 0)
(0.187259 0.141591 0)
(0.270144 0.219236 0)
(0.366779 0.322007 0)
(0.467992 0.44845 0)
(0.561364 0.59303 0)
(0.634233 0.747266 0)
(0.676546 0.901672 0)
(0.682768 1.04797 0)
(0.65219 1.18059 0)
(0.587524 1.29663 0)
(0.492966 1.39456 0)
(0.373081 1.47261 0)
(0.233094 1.52792 0)
(0.0794017 1.55718 0)
(1.10601e-06 8.85717e-07 0)
(4.4547e-06 1.89133e-06 0)
(1.22225e-05 4.91525e-06 0)
(3.14517e-05 1.28567e-05 0)
(7.82773e-05 3.28552e-05 0)
(0.000188927 8.16277e-05 0)
(0.000441764 0.000196806 0)
(0.000999167 0.000459769 0)
(0.00218199 0.00103906 0)
(0.00459168 0.00226773 0)
(0.00929069 0.00477053 0)
(0.0180319 0.00965345 0)
(0.0334826 0.0187494 0)
(0.0593123 0.0348713 0)
(0.0999291 0.0619535 0)
(0.159613 0.104882 0)
(0.240913 0.168786 0)
(0.342558 0.257667 0)
(0.457732 0.372599 0)
(0.574168 0.510301 0)
(0.676849 0.663365 0)
(0.751914 0.822089 0)
(0.789842 0.977023 0)
(0.787015 1.12134 0)
(0.74496 1.25179 0)
(0.667781 1.36761 0)
(0.559719 1.4683 0)
(0.424364 1.55164 0)
(0.266048 1.6129 0)
(0.0909087 1.64649 0)
(1.53162e-06 1.13184e-06 0)
(6.15868e-06 2.40942e-06 0)
(1.68531e-05 6.24136e-06 0)
(4.32312e-05 1.62709e-05 0)
(0.000107218 4.14306e-05 0)
(0.000257779 0.000102528 0)
(0.000600206 0.000246127 0)
(0.00135118 0.000572251 0)
(0.00293545 0.00128646 0)
(0.00614176 0.00279128 0)
(0.0123476 0.00583385 0)
(0.0237938 0.0117199 0)
(0.0438277 0.0225794 0)
(0.0769387 0.0416155 0)
(0.12831 0.0731872 0)
(0.202598 0.122494 0)
(0.301848 0.194626 0)
(0.423004 0.292919 0)
(0.556256 0.417003 0)
(0.686066 0.561718 0)
(0.795204 0.718127 0)
(0.869477 0.876082 0)
(0.900988 1.02724 0)
(0.888844 1.16727 0)
(0.836891 1.29585 0)
(0.749904 1.41434 0)
(0.63099 1.52265 0)
(0.481531 1.61713 0)
(0.304232 1.68979 0)
(0.104597 1.73152 0)
(2.0642e-06 1.39648e-06 0)
(8.28683e-06 2.96387e-06 0)
(2.26186e-05 7.65336e-06 0)
(5.78437e-05 1.98873e-05 0)
(0.00014297 5.04619e-05 0)
(0.00034245 0.000124399 0)
(0.000794057 0.000297374 0)
(0.00177942 0.000688186 0)
(0.00384627 0.00153914 0)
(0.00800223 0.00332049 0)
(0.0159872 0.00689589 0)
(0.0305911 0.0137555 0)
(0.0559043 0.0262913 0)
(0.0972682 0.0480268 0)
(0.160588 0.0836208 0)
(0.250693 0.138391 0)
(0.368731 0.217127 0)
(0.509341 0.322222 0)
(0.659332 0.451714 0)
(0.800011 0.598773 0)
(0.912622 0.753555 0)
(0.983748 0.906429 0)
(1.00823 1.05124 0)
(0.988473 1.187 0)
(0.930269 1.31661 0)
(0.837885 1.44322 0)
(0.711812 1.5664 0)
(0.549719 1.6802 0)
(0.351844 1.77191 0)
(0.122208 1.82754 0)
(2.70716e-06 1.66102e-06 0)
(1.08513e-05 3.51524e-06 0)
(2.95456e-05 9.04972e-06 0)
(7.53376e-05 2.34428e-05 0)
(0.000185602 5.92845e-05 0)
(0.000442963 0.000145612 0)
(0.00102305 0.000346675 0)
(0.0022825 0.0007987 0)
(0.00490968 0.00177747 0)
(0.0101593 0.00381361 0)
(0.0201739 0.00787153 0)
(0.0383404 0.0155943 0)
(0.0695313 0.0295777 0)
(0.119936 0.0535656 0)
(0.196084 0.0923627 0)
(0.302728 0.151196 0)
(0.439721 0.234326 0)
(0.598945 0.343027 0)
(0.763669 0.473806 0)
(0.912448 0.618618 0)
(1.02595 0.767508 0)
(1.09274 0.912351 0)
(1.11142 1.05009 0)
(1.08787 1.18355 0)
(1.02905 1.31882 0)
(0.937252 1.46044 0)
(0.80873 1.60721 0)
(0.635664 1.75049 0)
(0.414747 1.87136 0)
(0.146327 1.94969 0)
(3.45487e-06 1.90087e-06 0)
(1.38284e-05 4.01203e-06 0)
(3.75642e-05 1.02993e-05 0)
(9.55198e-05 2.66017e-05 0)
(0.000234597 6.70603e-05 0)
(0.000557993 0.000164139 0)
(0.00128387 0.000389291 0)
(0.00285252 0.000893092 0)
(0.00610745 0.00197823 0)
(0.0125728 0.00422221 0)
(0.0248227 0.00866425 0)
(0.0468708 0.0170531 0)
(0.0843829 0.0321087 0)
(0.144357 0.0576723 0)
(0.233812 0.0985257 0)
(0.357165 0.15961 0)
(0.512605 0.244485 0)
(0.688951 0.353273 0)
(0.866026 0.481215 0)
(1.02029 0.619674 0)
(1.13292 0.759408 0)
(1.19569 0.894634 0)
(1.21163 1.02594 0)
(1.19002 1.16007 0)
(1.13793 1.30603 0)
(1.05418 1.46963 0)
(0.929359 1.6493 0)
(0.747839 1.83429 0)
(0.501254 1.99794 0)
(0.180954 2.11317 0)
(4.29053e-06 2.0872e-06 0)
(1.71501e-05 4.39432e-06 0)
(4.64878e-05 1.12509e-05 0)
(0.000117908 2.89808e-05 0)
(0.000288755 7.28434e-05 0)
(0.000684637 0.00017772 0)
(0.00156976 0.000420002 0)
(0.0034742 0.000959757 0)
(0.00740652 0.00211661 0)
(0.0151739 0.00449561 0)
(0.0297971 0.00917524 0)
(0.0559238 0.0179491 0)
(0.0999957 0.0335652 0)
(0.169749 0.0598256 0)
(0.272537 0.101321 0)
(0.412198 0.162542 0)
(0.584969 0.246266 0)
(0.776493 0.351567 0)
(0.96347 0.472855 0)
(1.12109 0.601566 0)
(1.23217 0.729887 0)
(1.29264 0.854888 0)
(1.31049 0.980912 0)
(1.29793 1.11836 0)
(1.26123 1.27893 0)
(1.19472 1.47032 0)
(1.08224 1.69217 0)
(0.897151 1.93369 0)
(0.623939 2.15938 0)
(0.232744 2.3357 0)
(5.18521e-06 2.1901e-06 0)
(2.07011e-05 4.60052e-06 0)
(5.60041e-05 1.17506e-05 0)
(0.000141714 3.01934e-05 0)
(0.000346151 7.56888e-05 0)
(0.000818362 0.000184121 0)
(0.0018704 0.00043372 0)
(0.00412497 0.00098755 0)
(0.00875934 0.00216923 0)
(0.0178668 0.00458694 0)
(0.0349128 0.00931523 0)
(0.0651633 0.0181218 0)
(0.11579 0.0336766 0)
(0.195174 0.0596026 0)
(0.31085 0.100145 0)
(0.465874 0.159229 0)
(0.654374 0.23885 0)
(0.858893 0.337272 0)
(1.05353 0.448581 0)
(1.21306 0.564896 0)
(1.32291 0.6803 0)
(1.38395 0.79482 0)
(1.40924 0.916224 0)
(1.41354 1.05804 0)
(1.40191 1.23472 0)
(1.36411 1.4573 0)
(1.27691 1.72983 0)
(1.09827 2.04615 0)
(0.802832 2.36273 0)
(0.313155 2.64441 0)
(6.09835e-06 2.18284e-06 0)
(2.43205e-05 4.57612e-06 0)
(6.56825e-05 1.16635e-05 0)
(0.000165862 2.99041e-05 0)
(0.0004042 7.47863e-05 0)
(0.00095316 0.000181452 0)
(0.00217233 0.000426207 0)
(0.00477584 0.000967354 0)
(0.0101061 0.00211735 0)
(0.0205334 0.00445959 0)
(0.0399482 0.00901667 0)
(0.0741949 0.0174543 0)
(0.131106 0.032256 0)
(0.219601 0.0567318 0)
(0.347257 0.0946515 0)
(0.516227 0.149306 0)
(0.718501 0.221997 0)
(0.933792 0.31049 0)
(1.13419 0.409057 0)
(1.29488 0.510949 0)
(1.40461 0.612302 0)
(1.46958 0.715779 0)
(1.5079 0.831843 0)
(1.5368 0.976458 0)
(1.56067 1.16716 0)
(1.56606 1.42048 0)
(1.52392 1.74988 0)
(1.37185 2.16194 0)
(1.07285 2.61281 0)
(0.443869 3.06775 0)
(6.98016e-06 2.04656e-06 0)
(2.78116e-05 4.28307e-06 0)
(7.50001e-05 1.08968e-05 0)
(0.000189056 2.78861e-05 0)
(0.000459813 6.95984e-05 0)
(0.00108193 0.000168489 0)
(0.00245983 0.000394783 0)
(0.00539333 0.000893585 0)
(0.0113785 0.00194995 0)
(0.0230412 0.00409309 0)
(0.0446589 0.00824433 0)
(0.0825929 0.0158914 0)
(0.145249 0.0292277 0)
(0.241971 0.0511298 0)
(0.380281 0.0847905 0)
(0.561384 0.132848 0)
(0.775262 0.196043 0)
(0.999189 0.271997 0)
(1.20387 0.355588 0)
(1.3655 0.441455 0)
(1.47653 0.527619 0)
(1.54861 0.618674 0)
(1.60474 0.726698 0)
(1.66502 0.869247 0)
(1.73492 1.06718 0)
(1.80116 1.34497 0)
(1.83307 1.73239 0)
(1.74553 2.26275 0)
(1.48297 2.93284 0)
(0.653677 3.77427 0)
(7.77573e-06 1.77432e-06 0)
(3.09582e-05 3.70815e-06 0)
(8.33848e-05 9.42015e-06 0)
(0.000209888 2.40705e-05 0)
(0.000509652 5.9976e-05 0)
(0.00119705 0.00014493 0)
(0.00271616 0.000338899 0)
(0.00594221 0.000765382 0)
(0.0125057 0.00166604 0)
(0.0252542 0.00348747 0)
(0.048797 0.00700272 0)
(0.0899325 0.0134513 0)
(0.157535 0.0246432 0)
(0.261273 0.0429206 0)
(0.408546 0.0708263 0)
(0.599667 0.110358 0)
(0.822864 0.161864 0)
(1.05345 0.223142 0)
(1.26128 0.289993 0)
(1.4239 0.358491 0)
(1.53752 0.428108 0)
(1.61889 0.50436 0)
(1.69583 0.599558 0)
(1.79216 0.731601 0)
(1.91746 0.924115 0)
(2.06494 1.21029 0)
(2.21229 1.6398 0)
(2.27194 2.27546 0)
(2.20747 3.13063 0)
(1.07947 4.20299 0)
(8.43053e-06 1.37362e-06 0)
(3.3546e-05 2.86767e-06 0)
(9.02719e-05 7.27681e-06 0)
(0.000226973 1.85723e-05 0)
(0.000550457 4.62181e-05 0)
(0.00129112 0.00011153 0)
(0.00292517 0.000260399 0)
(0.00638869 0.000587097 0)
(0.0134201 0.00127555 0)
(0.0270438 0.00266443 0)
(0.0521317 0.00533746 0)
(0.0958233 0.0102254 0)
(0.167351 0.0186777 0)
(0.276608 0.032422 0)
(0.430859 0.0533013 0)
(0.629663 0.0827041 0)
(0.85985 0.120745 0)
(1.09529 0.165662 0)
(1.30538 0.21437 0)
(1.46908 0.264268 0)
(1.58593 0.31565 0)
(1.67719 0.373733 0)
(1.77517 0.449346 0)
(1.90844 0.55876 0)
(2.09393 0.726435 0)
(2.33792 0.994588 0)
(2.63225 1.45214 0)
(2.86692 2.26635 0)
(2.94435 4.04068 0)
(1.46697 7.03687 0)
(8.8497e-06 9.26382e-07 0)
(3.52016e-05 1.93261e-06 0)
(9.46741e-05 4.90042e-06 0)
(0.000237882 1.24975e-05 0)
(0.000576479 3.10748e-05 0)
(0.00135103 7.49184e-05 0)
(0.00305806 0.000174741 0)
(0.00667209 0.000393525 0)
(0.0139993 0.000853907 0)
(0.0281749 0.00178117 0)
(0.0542341 0.00356248 0)
(0.0995262 0.00681285 0)
(0.1735 0.0124196 0)
(0.286177 0.0215105 0)
(0.444718 0.0352743 0)
(0.648192 0.0545793 0)
(0.88256 0.0794379 0)
(1.12083 0.108642 0)
(1.33225 0.140189 0)
(1.49679 0.172517 0)
(1.61625 0.206137 0)
(1.71497 0.244987 0)
(1.82867 0.29699 0)
(1.99084 0.374373 0)
(2.22931 0.49694 0)
(2.58201 0.70189 0)
(3.11135 1.07271 0)
(4.06803 1.77293 0)
(5.39649 3.3614 0)
(10.0543 6.18408 0)
(9.08085e-06 4.75068e-07 0)
(3.61144e-05 9.90753e-07 0)
(9.71e-05 2.51132e-06 0)
(0.00024389 6.40228e-06 0)
(0.000590801 1.59128e-05 0)
(0.00138398 3.83474e-05 0)
(0.0031311 8.93979e-05 0)
(0.00682768 0.000201218 0)
(0.014317 0.000436355 0)
(0.0287946 0.000909571 0)
(0.0553843 0.0018178 0)
(0.101549 0.00347333 0)
(0.176853 0.00632554 0)
(0.291384 0.0109437 0)
(0.45224 0.0179238 0)
(0.65822 0.0276947 0)
(0.894812 0.0402468 0)
(1.13458 0.0549566 0)
(1.34669 0.070817 0)
(1.51173 0.0870771 0)
(1.63279 0.104075 0)
(1.73591 0.123936 0)
(1.85875 0.150858 0)
(2.03758 0.191333 0)
(2.30554 0.255795 0)
(2.71078 0.362921 0)
(3.32977 0.546867 0)
(4.36945 0.864414 0)
(5.79006 1.30932 0)
(9.80023 2.1634 0)
(9.15911e-06 -5.23188e-10 0)
(3.64234e-05 -1.05505e-09 0)
(9.79211e-05 -2.56884e-09 0)
(0.000245923 -6.3026e-09 0)
(0.000595646 -1.50978e-08 0)
(0.00139512 -3.51182e-08 0)
(0.00315579 -7.91525e-08 0)
(0.00688026 -1.72562e-07 0)
(0.0144244 -3.63212e-07 0)
(0.0290038 -7.36603e-07 0)
(0.0557724 -1.4362e-06 0)
(0.102231 -2.68596e-06 0)
(0.177982 -4.80655e-06 0)
(0.293136 -8.2101e-06 0)
(0.454768 -1.33538e-05 0)
(0.661585 -2.06376e-05 0)
(0.898917 -3.02525e-05 0)
(1.13917 -4.2054e-05 0)
(1.35152 -5.56278e-05 0)
(1.51674 -7.06415e-05 0)
(1.63837 -8.7506e-05 0)
(1.74304 -0.000108139 0)
(1.8691 -0.000136306 0)
(2.05381 -0.00017723 0)
(2.33227 -0.000236117 0)
(2.75669 -0.000312579 0)
(3.41203 -0.000382893 0)
(4.52521 -0.000456827 0)
(6.09976 -0.00042761 0)
(9.64668 0.00036517 0)
(9.08053e-06 -4.76063e-07 0)
(3.61132e-05 -9.92761e-07 0)
(9.70968e-05 -2.51621e-06 0)
(0.000243882 -6.41432e-06 0)
(0.000590784 -1.59417e-05 0)
(0.00138394 -3.84147e-05 0)
(0.00313101 -8.955e-05 0)
(0.00682751 -0.00020155 0)
(0.0143167 -0.000437055 0)
(0.0287939 -0.000910996 0)
(0.0553832 -0.00182059 0)
(0.101547 -0.00347855 0)
(0.176849 -0.0063349 0)
(0.291379 -0.0109597 0)
(0.452233 -0.0179499 0)
(0.65821 -0.0277351 0)
(0.894799 -0.0403062 0)
(1.13456 -0.0550394 0)
(1.34668 -0.0709267 0)
(1.51171 -0.0872163 0)
(1.63277 -0.104248 0)
(1.73588 -0.124148 0)
(1.85871 -0.151124 0)
(2.03752 -0.191675 0)
(2.30546 -0.256249 0)
(2.71069 -0.363517 0)
(3.32969 -0.547561 0)
(4.36943 -0.86486 0)
(5.79051 -1.30826 0)
(9.80054 -2.15876 0)
(8.84909e-06 -9.27217e-07 0)
(3.51993e-05 -1.93431e-06 0)
(9.46681e-05 -4.90458e-06 0)
(0.000237868 -1.25078e-05 0)
(0.000576446 -3.10997e-05 0)
(0.00135095 -7.4977e-05 0)
(0.00305791 -0.000174874 0)
(0.00667176 -0.000393819 0)
(0.0139987 -0.000854534 0)
(0.0281737 -0.00178246 0)
(0.0542319 -0.00356502 0)
(0.0995223 -0.00681766 0)
(0.173493 -0.0124283 0)
(0.286167 -0.0215256 0)
(0.444703 -0.0352991 0)
(0.648172 -0.0546181 0)
(0.882534 -0.0794955 0)
(1.1208 -0.108723 0)
(1.33222 -0.140297 0)
(1.49675 -0.172655 0)
(1.61621 -0.206309 0)
(1.71491 -0.2452 0)
(1.82859 -0.297259 0)
(1.99073 -0.374729 0)
(2.22915 -0.497451 0)
(2.58187 -0.702705 0)
(3.11145 -1.07415 0)
(4.06903 -1.77542 0)
(5.39891 -3.3636 0)
(10.0536 -6.18339 0)
(13.063 0.612731 0)
(11.9025 0.0460914 0)
(11.8651 0.00954565 0)
(11.8033 0.00546404 0)
(11.7109 0.00330419 0)
(11.6126 0.00180633 0)
(11.5052 0.000880131 0)
(11.3863 0.000396839 0)
(11.2532 0.000173172 0)
(11.103 7.64412e-05 0)
(10.9323 3.62997e-05 0)
(10.7377 2.0107e-05 0)
(10.5163 1.39033e-05 0)
(10.2666 1.17858e-05 0)
(9.98883 1.12267e-05 0)
(9.68634 1.11273e-05 0)
(9.36557 1.10268e-05 0)
(9.03578 1.06808e-05 0)
(8.70935 1.01822e-05 0)
(8.39645 9.58346e-06 0)
(8.12325 8.45505e-06 0)
(7.8482 7.16082e-06 0)
(7.79529 5.28719e-06 0)
(7.4238 3.82516e-06 0)
(7.4946 2.2562e-06 0)
(12.5132 0.148357 0)
(11.9891 0.113211 0)
(11.8779 0.0530926 0)
(11.7988 0.0211462 0)
(11.7075 0.00821592 0)
(11.6103 0.00326466 0)
(11.504 0.00133691 0)
(11.3858 0.000557998 0)
(11.253 0.000235759 0)
(11.103 0.00010269 0)
(10.9324 4.83028e-05 0)
(10.7378 2.63299e-05 0)
(10.5165 1.78431e-05 0)
(10.2667 1.48831e-05 0)
(9.98901 1.40921e-05 0)
(9.68652 1.38712e-05 0)
(9.36576 1.35607e-05 0)
(9.03597 1.29006e-05 0)
(8.70954 1.19332e-05 0)
(8.39665 1.07385e-05 0)
(8.12345 8.94952e-06 0)
(7.8484 7.0198e-06 0)
(7.7955 4.6757e-06 0)
(7.42401 3.00339e-06 0)
(7.49481 1.60457e-06 0)
(12.0089 0.000142883 0)
(11.748 0.000138228 0)
(11.779 9.66854e-05 0)
(11.76 6.37241e-05 0)
(11.6935 4.23481e-05 0)
(11.6059 2.97231e-05 0)
(11.5027 2.04067e-05 0)
(11.3854 1.29729e-05 0)
(11.2529 8.16634e-06 0)
(11.1029 5.61153e-06 0)
(10.9324 4.53445e-06 0)
(10.7378 4.33378e-06 0)
(10.5165 4.56063e-06 0)
(10.2667 4.85839e-06 0)
(9.98901 5.01239e-06 0)
(9.68652 4.90934e-06 0)
(9.36576 4.4634e-06 0)
(9.03597 3.66566e-06 0)
(8.70954 2.69482e-06 0)
(8.39665 1.64641e-06 0)
(8.12345 6.10655e-07 0)
(7.8484 -2.96182e-07 0)
(7.7955 -9.40629e-07 0)
(7.42401 -1.12286e-06 0)
(7.49481 -7.73976e-07 0)
(12.5131 -0.147241 0)
(11.9891 -0.112391 0)
(11.8778 -0.0526309 0)
(11.7987 -0.0208938 0)
(11.7075 -0.00807814 0)
(11.6103 -0.00318978 0)
(11.504 -0.00129561 0)
(11.3858 -0.000534191 0)
(11.253 -0.000220896 0)
(11.103 -9.21315e-05 0)
(10.9324 -3.94289e-05 0)
(10.7378 -1.77089e-05 0)
(10.5165 -8.78369e-06 0)
(10.2667 -5.2761e-06 0)
(9.98901 -4.105e-06 0)
(9.68652 -3.96913e-06 0)
(9.36576 -4.32906e-06 0)
(9.03597 -4.86528e-06 0)
(8.70954 -5.51292e-06 0)
(8.39665 -6.18172e-06 0)
(8.12345 -6.32536e-06 0)
(7.8484 -6.16671e-06 0)
(7.7955 -5.25e-06 0)
(7.42401 -4.31692e-06 0)
(7.49481 -2.8324e-06 0)
(13.0603 -0.611816 0)
(11.9017 -0.045406 0)
(11.8645 -0.00917966 0)
(11.803 -0.00527444 0)
(11.7107 -0.00320868 0)
(11.6125 -0.00176117 0)
(11.5052 -0.000859234 0)
(11.3863 -0.000386004 0)
(11.2532 -0.000166475 0)
(11.1029 -7.14946e-05 0)
(10.9323 -3.19603e-05 0)
(10.7377 -1.58198e-05 0)
(10.5163 -9.40455e-06 0)
(10.2666 -7.03721e-06 0)
(9.98883 -6.25198e-06 0)
(9.68634 -6.13458e-06 0)
(9.36557 -6.25862e-06 0)
(9.03578 -6.31114e-06 0)
(8.70934 -6.45676e-06 0)
(8.39645 -6.67312e-06 0)
(8.12325 -6.44155e-06 0)
(7.8482 -6.01154e-06 0)
(7.79529 -4.92085e-06 0)
(7.4238 -4.01583e-06 0)
(7.4946 -2.71005e-06 0)
(8.42722e-06 -1.37642e-06 0)
(3.3533e-05 -2.87352e-06 0)
(9.02375e-05 -7.29166e-06 0)
(0.000226889 -1.86102e-05 0)
(0.000550257 -4.63127e-05 0)
(0.00129066 -0.000111759 0)
(0.00292416 -0.000260936 0)
(0.00638655 -0.000588312 0)
(0.0134157 -0.0012782 0)
(0.0270353 -0.00267001 0)
(0.052116 -0.00534874 0)
(0.0957957 -0.0102472 0)
(0.167305 -0.018718 0)
(0.276537 -0.0324928 0)
(0.430755 -0.0534197 0)
(0.629523 -0.0828911 0)
(0.859678 -0.121024 0)
(1.09509 -0.166053 0)
(1.30517 -0.214888 0)
(1.46886 -0.264918 0)
(1.58569 -0.316437 0)
(1.67688 -0.374664 0)
(1.77472 -0.450447 0)
(1.90774 -0.560076 0)
(2.09275 -0.728033 0)
(2.33578 -0.996533 0)
(2.6282 -1.4544 0)
(2.85913 -2.26857 0)
(2.9312 -4.03999 0)
(1.45894 -7.03003 0)
(7.7635e-06 -1.77987e-06 0)
(3.09099e-05 -3.71982e-06 0)
(8.32565e-05 -9.45001e-06 0)
(0.00020957 -2.41474e-05 0)
(0.000508894 -6.01692e-05 0)
(0.0011953 -0.000145401 0)
(0.00271228 -0.000340013 0)
(0.00593394 -0.000767927 0)
(0.0124888 -0.00167165 0)
(0.025221 -0.00349937 0)
(0.0487351 -0.00702699 0)
(0.0898231 -0.0134987 0)
(0.157353 -0.0247318 0)
(0.260987 -0.0430782 0)
(0.408128 -0.0710924 0)
(0.599103 -0.110783 0)
(0.822163 -0.162506 0)
(1.05265 -0.224053 0)
(1.26043 -0.291209 0)
(1.42303 -0.360026 0)
(1.53658 -0.429954 0)
(1.61777 -0.506503 0)
(1.69432 -0.60199 0)
(1.78998 -0.734319 0)
(1.9142 -0.927061 0)
(2.06007 -1.21319 0)
(2.20511 -1.6418 0)
(2.26222 -2.27452 0)
(2.19523 -3.12236 0)
(1.0727 -4.18268 0)
(6.95694e-06 -2.05189e-06 0)
(2.77198e-05 -4.29443e-06 0)
(7.47556e-05 -1.09262e-05 0)
(0.000188449 -2.79629e-05 0)
(0.000458359 -6.97937e-05 0)
(0.00107857 -0.000168972 0)
(0.00245235 -0.00039594 0)
(0.00537731 -0.000896271 0)
(0.0113456 -0.00195597 0)
(0.0229765 -0.00410611 0)
(0.0445376 -0.00827138 0)
(0.0823773 -0.0159454 0)
(0.144887 -0.0293308 0)
(0.2414 -0.0513174 0)
(0.379442 -0.0851155 0)
(0.560241 -0.133381 0)
(0.773831 -0.19687 0)
(0.997545 -0.273203 0)
(1.20212 -0.35724 0)
(1.36371 -0.443576 0)
(1.47467 -0.530188 0)
(1.5465 -0.621622 0)
(1.60207 -0.729925 0)
(1.66137 -0.872615 0)
(1.72982 -1.07045 0)
(1.79409 -1.34762 0)
(1.82352 -1.73337 0)
(1.73367 -2.2602 0)
(1.46934 -2.92409 0)
(0.646495 -3.75549 0)
(6.0639e-06 -2.18511e-06 0)
(2.41841e-05 -4.58122e-06 0)
(6.53184e-05 -1.16774e-05 0)
(0.000164955 -2.99423e-05 0)
(0.000402024 -7.48884e-05 0)
(0.000948118 -0.000181718 0)
(0.00216106 -0.000426876 0)
(0.0047516 -0.000968987 0)
(0.010056 -0.0021212 0)
(0.0204346 -0.00446835 0)
(0.0397622 -0.00903586 0)
(0.0738623 -0.0174946 0)
(0.130544 -0.0323372 0)
(0.218708 -0.0568877 0)
(0.345932 -0.0949363 0)
(0.514404 -0.149799 0)
(0.716192 -0.222802 0)
(0.931108 -0.311726 0)
(1.13131 -0.410826 0)
(1.29195 -0.513306 0)
(1.40164 -0.615221 0)
(1.46639 -0.719143 0)
(1.5041 -0.83544 0)
(1.53191 -0.979991 0)
(1.55421 -1.1702 0)
(1.55767 -1.42233 0)
(1.51344 -1.74938 0)
(1.36003 -2.15733 0)
(1.061 -2.60223 0)
(0.438096 -3.04893 0)
(5.14095e-06 -2.18714e-06 0)
(2.05256e-05 -4.59481e-06 0)
(5.55345e-05 -1.17374e-05 0)
(0.000140542 -3.01629e-05 0)
(0.00034333 -7.5622e-05 0)
(0.000811801 -0.000183984 0)
(0.00185568 -0.000433465 0)
(0.00409318 -0.000987136 0)
(0.00869343 -0.00216873 0)
(0.0177359 -0.00458685 0)
(0.034665 -0.00931722 0)
(0.0647172 -0.0181304 0)
(0.115031 -0.0337026 0)
(0.193957 -0.0596685 0)
(0.309024 -0.100293 0)
(0.463332 -0.159531 0)
(0.651108 -0.239417 0)
(0.855042 -0.338245 0)
(1.04934 -0.450109 0)
(1.2088 -0.567082 0)
(1.31867 -0.683146 0)
(1.3796 -0.798186 0)
(1.40437 -0.91981 0)
(1.40766 -1.0614 0)
(1.39458 -1.23727 0)
(1.35513 -1.45824 0)
(1.2664 -1.72809 0)
(1.08724 -2.04033 0)
(0.792844 -2.35185 0)
(0.308613 -2.62761 0)
(4.23914e-06 -2.0779e-06 0)
(1.6946e-05 -4.37537e-06 0)
(4.59404e-05 -1.12041e-05 0)
(0.000116537 -2.88649e-05 0)
(0.000285444 -7.25643e-05 0)
(0.000676911 -0.000177072 0)
(0.00155236 -0.000418558 0)
(0.00343645 -0.000956673 0)
(0.00732783 -0.00211034 0)
(0.0150167 -0.00448356 0)
(0.0294976 -0.0091535 0)
(0.0553807 -0.0179129 0)
(0.0990629 -0.0335107 0)
(0.168239 -0.0597549 0)
(0.270246 -0.101252 0)
(0.408963 -0.162523 0)
(0.580746 -0.246392 0)
(0.771425 -0.351992 0)
(0.957873 -0.473768 0)
(1.11533 -0.603138 0)
(1.22649 -0.732185 0)
(1.28702 -0.857802 0)
(1.30461 -0.984109 0)
(1.29131 -1.1213 0)
(1.25345 -1.28091 0)
(1.18567 -1.4705 0)
(1.07224 -1.68959 0)
(0.887254 -1.92736 0)
(0.615693 -2.14886 0)
(0.22923 -2.32097 0)
(3.3997e-06 -1.88526e-06 0)
(1.36089e-05 -3.97981e-06 0)
(3.69741e-05 -1.02186e-05 0)
(9.40369e-05 -2.63985e-05 0)
(0.000231004 -6.65626e-05 0)
(0.000549574 -0.00016296 0)
(0.00126483 -0.000386595 0)
(0.00281099 -0.000887163 0)
(0.00602042 -0.00196572 0)
(0.0123979 -0.00419701 0)
(0.024487 -0.00861596 0)
(0.046257 -0.0169656 0)
(0.0833188 -0.0319599 0)
(0.142616 -0.0574372 0)
(0.231136 -0.0981862 0)
(0.35333 -0.159173 0)
(0.50751 -0.244011 0)
(0.682714 -0.352902 0)
(0.858998 -0.481164 0)
(1.01294 -0.620182 0)
(1.12566 -0.760641 0)
(1.18867 -0.896573 0)
(1.20467 -1.0283 0)
(1.18272 -1.16229 0)
(1.12992 -1.30736 0)
(1.04538 -1.46922 0)
(0.920123 -1.64632 0)
(0.73914 -1.82803 0)
(0.494464 -1.98829 0)
(0.178212 -2.10055 0)
(2.65169e-06 -1.64012e-06 0)
(1.06303e-05 -3.47181e-06 0)
(2.89494e-05 -8.94006e-06 0)
(7.38344e-05 -2.31644e-05 0)
(0.000181945 -5.8596e-05 0)
(0.00043436 -0.000143963 0)
(0.00100349 -0.000342858 0)
(0.00223964 -0.000790182 0)
(0.00481931 -0.0017592 0)
(0.00997656 -0.00377604 0)
(0.0198203 -0.00779774 0)
(0.0376884 -0.0154564 0)
(0.0683896 -0.029334 0)
(0.118046 -0.0531602 0)
(0.193141 -0.091734 0)
(0.298442 -0.150297 0)
(0.43392 -0.233158 0)
(0.591688 -0.341687 0)
(0.755303 -0.472507 0)
(0.903519 -0.617655 0)
(1.01702 -0.767156 0)
(1.08417 -0.912734 0)
(1.10322 -1.05106 0)
(1.07981 -1.18463 0)
(1.02082 -1.31929 0)
(0.928762 -1.45948 0)
(0.800284 -1.60408 0)
(0.628068 -1.74466 0)
(0.409124 -1.86287 0)
(0.144154 -1.9391 0)
(2.01147e-06 -1.372e-06 0)
(8.07634e-06 -2.91271e-06 0)
(2.20491e-05 -7.52339e-06 0)
(5.6403e-05 -1.95552e-05 0)
(0.000139452 -4.9635e-05 0)
(0.000334134 -0.000122403 0)
(0.000775059 -0.000292711 0)
(0.00173755 -0.000677677 0)
(0.00375745 -0.00151633 0)
(0.00782134 -0.00327295 0)
(0.0156345 -0.006801 0)
(0.0299348 -0.0135748 0)
(0.0547432 -0.0259643 0)
(0.0953229 -0.0474673 0)
(0.157517 -0.0827208 0)
(0.246146 -0.13704 0)
(0.362456 -0.215251 0)
(0.501312 -0.319843 0)
(0.649843 -0.449002 0)
(0.78963 -0.596038 0)
(0.902026 -0.751167 0)
(0.973499 -0.904673 0)
(0.998603 -1.05017 0)
(0.979427 -1.18632 0)
(0.921615 -1.31575 0)
(0.829534 -1.44145 0)
(0.703975 -1.56305 0)
(0.543 -1.67482 0)
(0.347095 -1.76455 0)
(0.120439 -1.81873 0)
(1.48399e-06 -1.10578e-06 0)
(5.96817e-06 -2.35468e-06 0)
(1.63361e-05 -6.10154e-06 0)
(4.19182e-05 -1.59117e-05 0)
(0.000103998 -4.05307e-05 0)
(0.000250134 -0.00010034 0)
(0.00058265 -0.000240981 0)
(0.00131226 -0.000560552 0)
(0.00285237 -0.00126082 0)
(0.00597133 -0.00273726 0)
(0.0120126 -0.00572464 0)
(0.0231646 -0.0115088 0)
(0.0427026 -0.0221907 0)
(0.0750305 -0.0409363 0)
(0.125254 -0.0720664 0)
(0.197998 -0.120757 0)
(0.295374 -0.192114 0)
(0.414529 -0.289554 0)
(0.545975 -0.41287 0)
(0.674509 -0.55709 0)
(0.783103 -0.713419 0)
(0.857556 -0.871721 0)
(0.889762 -1.0235 0)
(0.878525 -1.16413 0)
(0.827465 -1.29296 0)
(0.741331 -1.41116 0)
(0.623405 -1.51859 0)
(0.475346 -1.61179 0)
(0.300049 -1.68315 0)
(0.103088 -1.72394 0)
(1.06494e-06 -8.60002e-07 0)
(4.29008e-06 -1.83706e-06 0)
(1.17743e-05 -4.77599e-06 0)
(3.03093e-05 -1.24971e-05 0)
(7.54635e-05 -3.19493e-05 0)
(0.000182214 -7.94123e-05 0)
(0.000426267 -0.000191558 0)
(0.000964615 -0.000447748 0)
(0.00210774 -0.0010125 0)
(0.00443823 -0.00221119 0)
(0.00898652 -0.00465496 0)
(0.0174552 -0.00942722 0)
(0.0324402 -0.0183266 0)
(0.0575224 -0.0341196 0)
(0.0970211 -0.060687 0)
(0.155162 -0.10287 0)
(0.234525 -0.165785 0)
(0.334002 -0.253493 0)
(0.447078 -0.367216 0)
(0.561845 -0.503892 0)
(0.663568 -0.656325 0)
(0.738491 -0.81493 0)
(0.776991 -0.970216 0)
(0.7752 -1.11515 0)
(0.734388 -1.24616 0)
(0.658531 -1.36224 0)
(0.551913 -1.46276 0)
(0.418283 -1.54558 0)
(0.262097 -1.60619 0)
(0.0895202 -1.63928 0)
(7.43486e-07 -6.46296e-07 0)
(3.00026e-06 -1.38497e-06 0)
(8.25687e-06 -3.61275e-06 0)
(2.13237e-05 -9.48589e-06 0)
(5.3283e-05 -2.4341e-05 0)
(0.000129167 -6.07468e-05 0)
(0.00030349 -0.000147186 0)
(0.000690079 -0.000345719 0)
(0.00151587 -0.000786006 0)
(0.00321073 -0.00172683 0)
(0.0065436 -0.00365945 0)
(0.0128029 -0.0074659 0)
(0.0239884 -0.0146335 0)
(0.0429258 -0.0274952 0)
(0.0731487 -0.0494099 0)
(0.118344 -0.084724 0)
(0.181217 -0.138311 0)
(0.261866 -0.214535 0)
(0.356199 -0.315721 0)
(0.455395 -0.440633 0)
(0.547368 -0.583997 0)
(0.619659 -0.737539 0)
(0.66223 -0.89185 0)
(0.669388 -1.03856 0)
(0.640193 -1.17185 0)
(0.577169 -1.28855 0)
(0.484451 -1.38692 0)
(0.366646 -1.46513 0)
(0.229033 -1.52038 0)
(0.0780033 -1.54952 0)
(5.051e-07 -4.69861e-07 0)
(2.04182e-06 -1.01013e-06 0)
(5.63469e-06 -2.64389e-06 0)
(1.45994e-05 -6.96602e-06 0)
(3.66131e-05 -1.79417e-05 0)
(8.91104e-05 -4.49586e-05 0)
(0.000210289 -0.000109418 0)
(0.000480457 -0.000258269 0)
(0.001061 -0.000590357 0)
(0.00226046 -0.00130474 0)
(0.00463691 -0.00278323 0)
(0.00913809 -0.00571992 0)
(0.0172601 -0.0113028 0)
(0.0311655 -0.0214306 0)
(0.0536476 -0.0389037 0)
(0.0877842 -0.0674681 0)
(0.136142 -0.111541 0)
(0.199544 -0.175457 0)
(0.27572 -0.262232 0)
(0.35852 -0.372146 0)
(0.438545 -0.501879 0)
(0.505171 -0.644905 0)
(0.54885 -0.792759 0)
(0.562987 -0.936795 0)
(0.544917 -1.06984 0)
(0.49553 -1.18692 0)
(0.418089 -1.2849 0)
(0.317137 -1.36151 0)
(0.198135 -1.41455 0)
(0.0674326 -1.44194 0)
(3.34016e-07 -3.308e-07 0)
(1.35258e-06 -7.13469e-07 0)
(3.74293e-06 -1.87372e-06 0)
(9.72958e-06 -4.95387e-06 0)
(2.44887e-05 -1.28066e-05 0)
(5.9838e-05 -3.2221e-05 0)
(0.000141824 -7.87657e-05 0)
(0.000325579 -0.000186821 0)
(0.000722756 -0.000429324 0)
(0.00154876 -0.000954432 0)
(0.00319735 -0.00204922 0)
(0.00634597 -0.00424178 0)
(0.0120813 -0.00844904 0)
(0.0220072 -0.0161623 0)
(0.0382571 -0.0296308 0)
(0.0632929 -0.0519547 0)
(0.0993731 -0.0869499 0)
(0.147658 -0.13864 0)
(0.207129 -0.210316 0)
(0.273767 -0.303327 0)
(0.340645 -0.416075 0)
(0.399203 -0.543902 0)
(0.441008 -0.679824 0)
(0.459392 -0.815791 0)
(0.450625 -0.944191 0)
(0.414172 -1.0589 0)
(0.352126 -1.15551 0)
(0.268385 -1.23091 0)
(0.168079 -1.28276 0)
(0.0572464 -1.30928 0)
(2.15078e-07 -2.25755e-07 0)
(8.72452e-07 -4.8847e-07 0)
(2.42091e-06 -1.28712e-06 0)
(6.31343e-06 -3.41462e-06 0)
(1.59474e-05 -8.85983e-06 0)
(3.91203e-05 -2.23802e-05 0)
(9.31177e-05 -5.49484e-05 0)
(0.000214771 -0.000130953 0)
(0.000479231 -0.000302516 0)
(0.00103275 -0.000676403 0)
(0.00214544 -0.00146151 0)
(0.0042877 -0.00304649 0)
(0.0082256 -0.00611533 0)
(0.0151119 -0.0117989 0)
(0.0265208 -0.0218382 0)
(0.0443423 -0.0386977 0)
(0.0704433 -0.0655263 0)
(0.106045 -0.10584 0)
(0.150905 -0.162852 0)
(0.202576 -0.238503 0)
(0.256214 -0.33251 0)
(0.305277 -0.441924 0)
(0.342787 -0.561444 0)
(0.362625 -0.684197 0)
(0.360667 -0.802928 0)
(0.335376 -0.91109 0)
(0.287722 -1.00343 0)
(0.220691 -1.07602 0)
(0.138736 -1.12605 0)
(0.0473308 -1.1516 0)
(1.34906e-07 -1.49479e-07 0)
(5.48178e-07 -3.24454e-07 0)
(1.52522e-06 -8.57757e-07 0)
(3.99026e-06 -2.28322e-06 0)
(1.01147e-05 -5.94559e-06 0)
(2.49077e-05 -1.50777e-05 0)
(5.95367e-05 -3.71772e-05 0)
(0.000137949 -8.90148e-05 0)
(0.000309362 -0.000206685 0)
(0.000670363 -0.000464724 0)
(0.00140108 -0.00101032 0)
(0.00281886 -0.00212028 0)
(0.00544786 -0.00428799 0)
(0.010091 -0.0083417 0)
(0.0178707 -0.0155806 0)
(0.0301819 -0.0278887 0)
(0.0484859 -0.0477516 0)
(0.0738956 -0.0780793 0)
(0.106584 -0.121753 0)
(0.145184 -0.180902 0)
(0.186473 -0.256086 0)
(0.225695 -0.345728 0)
(0.257391 -0.446116 0)
(0.276372 -0.551814 0)
(0.278664 -0.656485 0)
(0.262216 -0.753831 0)
(0.227126 -0.838312 0)
(0.175451 -0.905502 0)
(0.110799 -0.952123 0)
(0.0378813 -0.975999 0)
(8.24653e-08 -9.61115e-08 0)
(3.35652e-07 -2.09263e-07 0)
(9.36376e-07 -5.55015e-07 0)
(2.45739e-06 -1.48223e-06 0)
(6.25059e-06 -3.87338e-06 0)
(1.545e-05 -9.86021e-06 0)
(3.70811e-05 -2.44136e-05 0)
(8.63017e-05 -5.87195e-05 0)
(0.000194483 -0.000137017 0)
(0.000423682 -0.000309747 0)
(0.000890698 -0.000677395 0)
(0.00180357 -0.00143087 0)
(0.00351043 -0.00291448 0)
(0.00655328 -0.00571448 0)
(0.0117062 -0.0107663 0)
(0.0199601 -0.019456 0)
(0.0324041 -0.033664 0)
(0.0499603 -0.05568 0)
(0.0729759 -0.0879156 0)
(0.100765 -0.132394 0)
(0.131293 -0.1901 0)
(0.161255 -0.260424 0)
(0.186596 -0.34097 0)
(0.203187 -0.42772 0)
(0.20756 -0.515527 0)
(0.197571 -0.598831 0)
(0.172772 -0.672354 0)
(0.134435 -0.731588 0)
(0.085306 -0.773051 0)
(0.0292344 -0.794386 0)
(4.91492e-08 -6.00602e-08 0)
(2.00377e-07 -1.31165e-07 0)
(5.60444e-07 -3.48976e-07 0)
(1.47529e-06 -9.34964e-07 0)
(3.7651e-06 -2.45163e-06 0)
(9.3404e-06 -6.26408e-06 0)
(2.25065e-05 -1.55722e-05 0)
(5.26071e-05 -3.76181e-05 0)
(0.000119109 -8.81976e-05 0)
(0.000260813 -0.000200422 0)
(0.000551388 -0.000440804 0)
(0.00112339 -0.000936915 0)
(0.00220134 -0.0019214 0)
(0.00414007 -0.00379553 0)
(0.00745606 -0.00720975 0)
(0.0128279 -0.0131463 0)
(0.0210319 -0.0229712 0)
(0.0327786 -0.0384037 0)
(0.0484435 -0.0613451 0)
(0.0677384 -0.093537 0)
(0.0894396 -0.136082 0)
(0.111352 -0.188958 0)
(0.130599 -0.250755 0)
(0.144077 -0.318677 0)
(0.14898 -0.388794 0)
(0.143358 -0.456541 0)
(0.126511 -0.517287 0)
(0.0991336 -0.566851 0)
(0.0632047 -0.601861 0)
(0.0217117 -0.619969 0)
(2.8575e-08 -3.65068e-08 0)
(1.16685e-07 -7.9962e-08 0)
(3.27182e-07 -2.13395e-07 0)
(8.63802e-07 -5.73494e-07 0)
(2.21168e-06 -1.50878e-06 0)
(5.50604e-06 -3.86884e-06 0)
(1.3318e-05 -9.65505e-06 0)
(3.12592e-05 -2.34223e-05 0)
(7.1095e-05 -5.51662e-05 0)
(0.000156443 -0.000125986 0)
(0.000332514 -0.000278595 0)
(0.000681436 -0.000595656 0)
(0.00134389 -0.00122946 0)
(0.00254527 -0.00244587 0)
(0.00461927 -0.00468196 0)
(0.00801455 -0.00860928 0)
(0.0132617 -0.0151821 0)
(0.0208769 -0.0256356 0)
(0.0311906 -0.0413918 0)
(0.0441228 -0.0638404 0)
(0.0589739 -0.0940039 0)
(0.0743444 -0.132159 0)
(0.0882822 -0.177563 0)
(0.098568 -0.228376 0)
(0.103074 -0.28176 0)
(0.100187 -0.334188 0)
(0.0891689 -0.381877 0)
(0.0703373 -0.421244 0)
(0.0450481 -0.44929 0)
(0.0155099 -0.46387 0)
(1.62147e-08 -2.16014e-08 0)
(6.63146e-08 -4.74494e-08 0)
(1.86399e-07 -1.27002e-07 0)
(4.93522e-07 -3.42339e-07 0)
(1.26757e-06 -9.0352e-07 0)
(3.16638e-06 -2.32481e-06 0)
(7.68704e-06 -5.8234e-06 0)
(1.81144e-05 -1.41841e-05 0)
(4.13772e-05 -3.35539e-05 0)
(9.14776e-05 -7.6993e-05 0)
(0.000195427 -0.000171136 0)
(0.00040273 -0.000367957 0)
(0.000799071 -0.000764128 0)
(0.00152344 -0.00153027 0)
(0.00278484 -0.00295055 0)
(0.00486996 -0.00546837 0)
(0.00812771 -0.00972587 0)
(0.0129143 -0.0165747 0)
(0.0194883 -0.0270283 0)
(0.027864 -0.0421279 0)
(0.0376614 -0.0627206 0)
(0.048023 -0.0891825 0)
(0.0576765 -0.121182 0)
(0.0651062 -0.157573 0)
(0.0687858 -0.196404 0)
(0.0674797 -0.235096 0)
(0.0605313 -0.270744 0)
(0.0480419 -0.300482 0)
(0.0308986 -0.321833 0)
(0.010661 -0.332985 0)
(8.98496e-09 -1.24524e-08 0)
(3.68018e-08 -2.74283e-08 0)
(1.03687e-07 -7.36229e-08 0)
(2.75283e-07 -1.99025e-07 0)
(7.09175e-07 -5.26891e-07 0)
(1.77729e-06 -1.3602e-06 0)
(4.32996e-06 -3.41933e-06 0)
(1.02424e-05 -8.36062e-06 0)
(2.34924e-05 -1.98605e-05 0)
(5.21701e-05 -4.5778e-05 0)
(0.000111994 -0.000102252 0)
(0.000232011 -0.000221018 0)
(0.000462981 -0.000461629 0)
(0.000888184 -0.000930263 0)
(0.00163461 -0.00180584 0)
(0.00287957 -0.00337145 0)
(0.00484425 -0.00604404 0)
(0.00776356 -0.0103884 0)
(0.011824 -0.0170953 0)
(0.0170717 -0.026904 0)
(0.0233115 -0.0404604 0)
(0.0300369 -0.0581272 0)
(0.0364497 -0.0797996 0)
(0.0415577 -0.104799 0)
(0.0443192 -0.131845 0)
(0.0438453 -0.159141 0)
(0.0396134 -0.184576 0)
(0.0316176 -0.205994 0)
(0.0204141 -0.221479 0)
(0.00705742 -0.229602 0)
(4.86459e-09 -6.9987e-09 0)
(1.99538e-08 -1.54566e-08 0)
(5.63461e-08 -4.16021e-08 0)
(1.49992e-07 -1.12775e-07 0)
(3.87522e-07 -2.99433e-07 0)
(9.7422e-07 -7.75451e-07 0)
(2.38146e-06 -1.956e-06 0)
(5.6538e-06 -4.80023e-06 0)
(1.30187e-05 -1.14481e-05 0)
(2.90338e-05 -2.65009e-05 0)
(6.2614e-05 -5.94679e-05 0)
(0.000130359 -0.000129185 0)
(0.000261538 -0.000271286 0)
(0.000504669 -0.000549895 0)
(0.000934678 -0.00107423 0)
(0.00165785 -0.00201929 0)
(0.00280962 -0.00364667 0)
(0.00453864 -0.00631731 0)
(0.00697118 -0.0104833 0)
(0.0101556 -0.0166446 0)
(0.0139975 -0.0252623 0)
(0.0182081 -0.0366351 0)
(0.0223043 -0.0507658 0)
(0.0256616 -0.0672728 0)
(0.0276003 -0.08535 0)
(0.0275146 -0.103803 0)
(0.0250214 -0.121171 0)
(0.0200737 -0.135917 0)
(0.0130066 -0.146645 0)
(0.00450468 -0.152294 0)
(2.57475e-09 -3.83793e-09 0)
(1.0576e-08 -8.49767e-09 0)
(2.99297e-08 -2.29318e-08 0)
(7.98744e-08 -6.23283e-08 0)
(2.06936e-07 -1.65956e-07 0)
(5.21786e-07 -4.3108e-07 0)
(1.2796e-06 -1.09089e-06 0)
(3.0484e-06 -2.68653e-06 0)
(7.04564e-06 -6.43128e-06 0)
(1.57762e-05 -1.4948e-05 0)
(3.41706e-05 -3.36902e-05 0)
(7.14755e-05 -7.35324e-05 0)
(0.000144127 -0.000155203 0)
(0.000279635 -0.000316323 0)
(0.000520964 -0.0006216 0)
(0.000929931 -0.00117588 0)
(0.0015868 -0.00213803 0)
(0.00258213 -0.00373078 0)
(0.00399702 -0.00623884 0)
(0.00587076 -0.00998586 0)
(0.00816076 -0.0152835 0)
(0.0107079 -0.0223536 0)
(0.0132295 -0.0312393 0)
(0.0153465 -0.0417364 0)
(0.0166335 -0.0533568 0)
(0.016697 -0.0653382 0)
(0.015274 -0.0767158 0)
(0.0123109 -0.0864474 0)
(0.00800247 -0.0935657 0)
(0.0027761 -0.0973268 0)
(1.33299e-09 -2.05495e-09 0)
(5.48268e-09 -4.56105e-09 0)
(1.55481e-08 -1.23394e-08 0)
(4.15945e-08 -3.36233e-08 0)
(1.08047e-07 -8.97663e-08 0)
(2.73215e-07 -2.33844e-07 0)
(6.72068e-07 -5.93597e-07 0)
(1.60635e-06 -1.4667e-06 0)
(3.72583e-06 -3.52367e-06 0)
(8.37444e-06 -8.2214e-06 0)
(1.82131e-05 -1.86061e-05 0)
(3.82653e-05 -4.07902e-05 0)
(7.75275e-05 -8.65063e-05 0)
(0.00015119 -0.000177216 0)
(0.000283222 -0.000350162 0)
(0.000508551 -0.000666314 0)
(0.00087328 -0.00121916 0)
(0.00143067 -0.00214165 0)
(0.00223049 -0.00360678 0)
(0.00330075 -0.0058158 0)
(0.004624 -0.00896933 0)
(0.00611525 -0.0132206 0)
(0.00761427 -0.0186184 0)
(0.00889888 -0.0250592 0)
(0.00971257 -0.0322581 0)
(0.00981096 -0.0397469 0)
(0.00902288 -0.0469144 0)
(0.00730319 -0.0530851 0)
(0.00476116 -0.0576208 0)
(0.00165413 -0.0600245 0)
(6.75393e-10 -1.07507e-09 0)
(2.78149e-09 -2.39174e-09 0)
(7.90365e-09 -6.48611e-09 0)
(2.11929e-08 -1.77166e-08 0)
(5.51902e-08 -4.74202e-08 0)
(1.39936e-07 -1.23869e-07 0)
(3.45224e-07 -3.15357e-07 0)
(8.27718e-07 -7.81661e-07 0)
(1.92628e-06 -1.88425e-06 0)
(4.34524e-06 -4.41226e-06 0)
(9.4868e-06 -1.00244e-05 0)
(2.00143e-05 -2.20682e-05 0)
(4.0731e-05 -4.70109e-05 0)
(7.98118e-05 -9.67679e-05 0)
(0.000150279 -0.000192186 0)
(0.000271324 -0.00036771 0)
(0.000468651 -0.000676726 0)
(0.000772565 -0.00119613 0)
(0.0012124 -0.00202752 0)
(0.0018065 -0.00329148 0)
(0.0025487 -0.00511169 0)
(0.00339493 -0.00758781 0)
(0.00425709 -0.0107606 0)
(0.00500911 -0.0145805 0)
(0.00550175 -0.0188867 0)
(0.00558908 -0.0234019 0)
(0.00516502 -0.0277536 0)
(0.00419658 -0.0315219 0)
(0.0027431 -0.0343037 0)
(0.000954298 -0.0357819 0)
(3.35061e-10 -5.49904e-10 0)
(1.38169e-09 -1.22615e-09 0)
(3.93355e-09 -3.33274e-09 0)
(1.05708e-08 -9.12427e-09 0)
(2.75944e-08 -2.44815e-08 0)
(7.01466e-08 -6.41163e-08 0)
(1.73531e-07 -1.63688e-07 0)
(4.17294e-07 -4.06935e-07 0)
(9.74214e-07 -9.84079e-07 0)
(2.20507e-06 -2.31226e-06 0)
(4.83179e-06 -5.27255e-06 0)
(1.02334e-05 -1.16528e-05 0)
(2.09131e-05 -2.49274e-05 0)
(4.11623e-05 -5.15408e-05 0)
(7.78759e-05 -0.000102852 0)
(0.000141321 -0.000197788 0)
(0.000245425 -0.00036597 0)
(0.000406908 -0.000650547 0)
(0.000642432 -0.00110931 0)
(0.00096327 -0.00181204 0)
(0.00136784 -0.00283205 0)
(0.00183394 -0.00423096 0)
(0.00231451 -0.00603829 0)
(0.00274016 -0.00823172 0)
(0.00302692 -0.0107233 0)
(0.00309079 -0.0133544 0)
(0.0028688 -0.015906 0)
(0.00233895 -0.0181268 0)
(0.00153251 -0.0197726 0)
(0.000533796 -0.0206493 0)
(1.62877e-10 -2.75197e-10 0)
(6.72386e-10 -6.14926e-10 0)
(1.91771e-09 -1.67508e-09 0)
(5.16436e-09 -4.59601e-09 0)
(1.3512e-08 -1.23602e-08 0)
(3.44326e-08 -3.24509e-08 0)
(8.54036e-08 -8.30653e-08 0)
(2.05948e-07 -2.07087e-07 0)
(4.82247e-07 -5.02304e-07 0)
(1.09503e-06 -1.18405e-06 0)
(2.40768e-06 -2.70925e-06 0)
(5.11799e-06 -6.00969e-06 0)
(1.05001e-05 -1.29063e-05 0)
(2.07533e-05 -2.67971e-05 0)
(3.94387e-05 -5.37127e-05 0)
(7.19083e-05 -0.00010378 0)
(0.000125508 -0.000192983 0)
(0.000209192 -0.00034485 0)
(0.000332112 -0.000591267 0)
(0.000500849 -0.000971323 0)
(0.000715417 -0.00152693 0)
(0.000964933 -0.00229454 0)
(0.00122493 -0.00329364 0)
(0.00145833 -0.00451493 0)
(0.00161933 -0.00591178 0)
(0.00166121 -0.00739609 0)
(0.00154801 -0.00884361 0)
(0.00126605 -0.0101093 0)
(0.000831322 -0.0110505 0)
(0.000289882 -0.0115529 0)
(7.76034e-11 -1.34826e-10 0)
(3.20727e-10 -3.01888e-10 0)
(9.16314e-10 -8.24043e-10 0)
(2.47256e-09 -2.26571e-09 0)
(6.48325e-09 -6.10665e-09 0)
(1.65596e-08 -1.60701e-08 0)
(4.11749e-08 -4.12379e-08 0)
(9.95548e-08 -1.03083e-07 0)
(2.33777e-07 -2.50747e-07 0)
(5.32439e-07 -5.92867e-07 0)
(1.17446e-06 -1.36094e-06 0)
(2.50513e-06 -3.02927e-06 0)
(5.15839e-06 -6.5295e-06 0)
(1.02353e-05 -1.361e-05 0)
(1.95314e-05 -2.73933e-05 0)
(3.57681e-05 -5.31592e-05 0)
(6.27196e-05 -9.93093e-05 0)
(0.000105051 -0.00017832 0)
(0.000167631 -0.000307287 0)
(0.000254139 -0.000507441 0)
(0.000364981 -0.00080195 0)
(0.000494961 -0.00121155 0)
(0.000631687 -0.00174825 0)
(0.000755883 -0.00240857 0)
(0.000843301 -0.00316847 0)
(0.000868766 -0.00398053 0)
(0.000812477 -0.0047764 0)
(0.000666369 -0.00547516 0)
(0.000438412 -0.00599637 0)
(0.000153027 -0.00627511 0)
(3.62661e-11 -6.47031e-11 0)
(1.50022e-10 -1.45161e-10 0)
(4.29335e-10 -3.97023e-10 0)
(1.1607e-09 -1.09379e-09 0)
(3.04972e-09 -2.95417e-09 0)
(7.80678e-09 -7.79142e-09 0)
(1.94569e-08 -2.0041e-08 0)
(4.71617e-08 -5.0223e-08 0)
(1.11042e-07 -1.22494e-07 0)
(2.53623e-07 -2.90454e-07 0)
(5.61139e-07 -6.68773e-07 0)
(1.20077e-06 -1.49341e-06 0)
(2.48102e-06 -3.23007e-06 0)
(4.94078e-06 -6.75727e-06 0)
(9.46462e-06 -1.3653e-05 0)
(1.74036e-05 -2.66028e-05 0)
(3.06487e-05 -4.99107e-05 0)
(5.15662e-05 -9.00215e-05 0)
(8.26725e-05 -0.00015585 0)
(0.000125946 -0.000258598 0)
(0.000181775 -0.000410676 0)
(0.000247739 -0.000623465 0)
(0.000317716 -0.000903968 0)
(0.000381948 -0.00125111 0)
(0.000427952 -0.00165283 0)
(0.000442568 -0.00208429 0)
(0.000415242 -0.00250905 0)
(0.000341443 -0.00288335 0)
(0.000225038 -0.00316332 0)
(7.86203e-05 -0.0033133 0)
(1.66248e-11 -3.043e-11 0)
(6.88565e-11 -6.84061e-11 0)
(1.97354e-10 -1.87453e-10 0)
(5.34508e-10 -5.17393e-10 0)
(1.40716e-09 -1.40018e-09 0)
(3.6096e-09 -3.70062e-09 0)
(9.01618e-09 -9.54e-09 0)
(2.19061e-08 -2.39643e-08 0)
(5.17074e-08 -5.85969e-08 0)
(1.18417e-07 -1.39317e-07 0)
(2.62743e-07 -3.21695e-07 0)
(5.63939e-07 -7.20545e-07 0)
(1.16894e-06 -1.56346e-06 0)
(2.33578e-06 -3.28187e-06 0)
(4.49055e-06 -6.6548e-06 0)
(8.28857e-06 -1.30159e-05 0)
(1.46549e-05 -2.45166e-05 0)
(2.47597e-05 -4.44024e-05 0)
(3.98676e-05 -7.72015e-05 0)
(6.10071e-05 -0.000128663 0)
(8.84507e-05 -0.000205242 0)
(0.000121098 -0.000312979 0)
(0.000155996 -0.000455781 0)
(0.000188328 -0.00063345 0)
(0.000211837 -0.000840076 0)
(0.000219837 -0.00106303 0)
(0.000206875 -0.00128339 0)
(0.000170504 -0.00147822 0)
(0.000112557 -0.00162431 0)
(3.93556e-05 -0.00170269 0)
(7.48469e-12 -1.4035e-11 0)
(3.10245e-11 -3.16113e-11 0)
(8.90424e-11 -8.67775e-11 0)
(2.41576e-10 -2.39953e-10 0)
(6.37168e-10 -6.50581e-10 0)
(1.63765e-09 -1.72286e-09 0)
(4.09919e-09 -4.45081e-09 0)
(9.98173e-09 -1.12054e-08 0)
(2.36169e-08 -2.74646e-08 0)
(5.4222e-08 -6.54634e-08 0)
(1.20629e-07 -1.51567e-07 0)
(2.59645e-07 -3.4045e-07 0)
(5.39813e-07 -7.40939e-07 0)
(1.08208e-06 -1.56025e-06 0)
(2.08726e-06 -3.17438e-06 0)
(3.86621e-06 -6.23047e-06 0)
(6.86108e-06 -1.17788e-05 0)
(1.16366e-05 -2.14144e-05 0)
(1.8812e-05 -3.73802e-05 0)
(2.89052e-05 -6.25497e-05 0)
(4.20828e-05 -0.000100188 0)
(5.7856e-05 -0.000153406 0)
(7.48331e-05 -0.000224295 0)
(9.06928e-05 -0.000312919 0)
(0.000102378 -0.000416454 0)
(0.000106582 -0.000528631 0)
(0.000100568 -0.00063991 0)
(8.30631e-05 -0.000738588 0)
(5.49134e-05 -0.000812744 0)
(1.92149e-05 -0.000852586 0)
(3.30907e-12 -6.3564e-12 0)
(1.37218e-11 -1.43303e-11 0)
(3.9454e-11 -3.94048e-11 0)
(1.07209e-10 -1.09156e-10 0)
(2.83273e-10 -2.96487e-10 0)
(7.2941e-10 -7.86651e-10 0)
(1.8294e-09 -2.03626e-09 0)
(4.46405e-09 -5.13738e-09 0)
(1.05855e-08 -1.262e-08 0)
(2.43609e-08 -3.0152e-08 0)
(5.43319e-08 -6.99864e-08 0)
(1.17256e-07 -1.57623e-07 0)
(2.44464e-07 -3.44008e-07 0)
(4.91489e-07 -7.26549e-07 0)
(9.51011e-07 -1.4828e-06 0)
(1.76732e-06 -2.91985e-06 0)
(3.14707e-06 -5.53884e-06 0)
(5.35656e-06 -1.01055e-05 0)
(8.69148e-06 -1.77042e-05 0)
(1.34052e-05 -2.97357e-05 0)
(1.95913e-05 -4.78085e-05 0)
(2.70375e-05 -7.34782e-05 0)
(3.51019e-05 -0.000107827 0)
(4.26918e-05 -0.000150957 0)
(4.83497e-05 -0.000201551 0)
(5.04812e-05 -0.000256574 0)
(4.77496e-05 -0.000311335 0)
(3.95142e-05 -0.000360027 0)
(2.61578e-05 -0.000396691 0)
(9.15916e-06 -0.000416415 0)
(1.43773e-12 -2.82272e-12 0)
(5.96665e-12 -6.37623e-12 0)
(1.71752e-11 -1.75723e-11 0)
(4.67403e-11 -4.87462e-11 0)
(1.23702e-10 -1.32608e-10 0)
(3.19095e-10 -3.52452e-10 0)
(8.01789e-10 -9.14049e-10 0)
(1.96038e-09 -2.31069e-09 0)
(4.65838e-09 -5.68819e-09 0)
(1.07443e-08 -1.36208e-08 0)
(2.40193e-08 -3.16901e-08 0)
(5.1966e-08 -7.15502e-08 0)
(1.08627e-07 -1.56567e-07 0)
(2.18994e-07 -3.31587e-07 0)
(4.24976e-07 -6.78693e-07 0)
(7.92158e-07 -1.34051e-06 0)
(1.41508e-06 -2.55094e-06 0)
(2.41653e-06 -4.6694e-06 0)
(3.93437e-06 -8.20807e-06 0)
(6.08927e-06 -1.38336e-05 0)
(8.93065e-06 -2.23185e-05 0)
(1.23682e-05 -3.44202e-05 0)
(1.61122e-05 -5.06805e-05 0)
(1.96597e-05 -7.11792e-05 0)
(2.23315e-05 -9.53155e-05 0)
(2.33777e-05 -0.000121654 0)
(2.21623e-05 -0.000147945 0)
(1.83722e-05 -0.000171378 0)
(1.21768e-05 -0.000189056 0)
(4.26636e-06 -0.000198577 0)
(6.13364e-13 -1.22774e-12 0)
(2.55291e-12 -2.78643e-12 0)
(7.34726e-12 -7.68561e-12 0)
(2.00226e-11 -2.13678e-11 0)
(5.30885e-11 -5.82274e-11 0)
(1.37164e-10 -1.55034e-10 0)
(3.45265e-10 -4.0278e-10 0)
(8.45747e-10 -1.02013e-09 0)
(2.01368e-09 -2.51622e-09 0)
(4.65416e-09 -6.03791e-09 0)
(1.04275e-08 -1.4079e-08 0)
(2.26124e-08 -3.18619e-08 0)
(4.73834e-08 -6.98921e-08 0)
(9.57725e-08 -1.48404e-07 0)
(1.86356e-07 -3.04575e-07 0)
(3.48352e-07 -6.03273e-07 0)
(6.24115e-07 -1.15138e-06 0)
(1.06905e-06 -2.11395e-06 0)
(1.74601e-06 -3.72758e-06 0)
(2.71098e-06 -6.30226e-06 0)
(3.98887e-06 -1.02003e-05 0)
(5.54209e-06 -1.5781e-05 0)
(7.24242e-06 -2.33078e-05 0)
(8.86323e-06 -3.2831e-05 0)
(1.00953e-05 -4.40823e-05 0)
(1.05938e-05 -5.63982e-05 0)
(1.00636e-05 -6.8725e-05 0)
(8.35594e-06 -7.97366e-05 0)
(5.54432e-06 -8.80571e-05 0)
(1.94364e-06 -9.25427e-05 0)
(2.55022e-13 -5.27516e-13 0)
(1.072e-12 -1.19178e-12 0)
(3.09521e-12 -3.30891e-12 0)
(8.43018e-12 -9.20768e-12 0)
(2.24021e-11 -2.51219e-11 0)
(5.79598e-11 -6.69872e-11 0)
(1.46142e-10 -1.7432e-10 0)
(3.58611e-10 -4.42281e-10 0)
(8.5542e-10 -1.09296e-09 0)
(1.98098e-09 -2.62784e-09 0)
(4.44748e-09 -6.14022e-09 0)
(9.66551e-09 -1.39262e-08 0)
(2.03001e-08 -3.06187e-08 0)
(4.11296e-08 -6.51703e-08 0)
(8.02323e-08 -1.34088e-07 0)
(1.50371e-07 -2.66287e-07 0)
(2.70143e-07 -5.09608e-07 0)
(4.64038e-07 -9.38282e-07 0)
(7.60079e-07 -1.65926e-06 0)
(1.18365e-06 -2.81354e-06 0)
(1.74678e-06 -4.56715e-06 0)
(2.43415e-06 -7.08648e-06 0)
(3.19014e-06 -1.04961e-05 0)
(3.91472e-06 -1.48244e-05 0)
(4.47004e-06 -1.9954e-05 0)
(4.7012e-06 -2.55848e-05 0)
(4.47424e-06 -3.12345e-05 0)
(3.72047e-06 -3.62915e-05 0)
(2.4711e-06 -4.01183e-05 0)
(8.66725e-07 -4.21833e-05 0)
(1.05839e-13 -2.18399e-13 0)
(4.36797e-13 -5.14748e-13 0)
(1.2778e-12 -1.39506e-12 0)
(3.49303e-12 -3.8922e-12 0)
(9.29706e-12 -1.06484e-11 0)
(2.40835e-11 -2.84399e-11 0)
(6.08275e-11 -7.41339e-11 0)
(1.49517e-10 -1.88406e-10 0)
(3.57264e-10 -4.66396e-10 0)
(8.28872e-10 -1.12344e-09 0)
(1.86449e-09 -2.63015e-09 0)
(4.06026e-09 -5.9775e-09 0)
(8.54584e-09 -1.31706e-08 0)
(1.73533e-08 -2.80959e-08 0)
(3.39308e-08 -5.79433e-08 0)
(6.37479e-08 -1.15351e-07 0)
(1.14814e-07 -2.21312e-07 0)
(1.97737e-07 -4.08537e-07 0)
(3.24756e-07 -7.24384e-07 0)
(5.07113e-07 -1.23163e-06 0)
(7.50433e-07 -2.00469e-06 0)
(1.04859e-06 -3.11886e-06 0)
(1.37789e-06 -4.63151e-06 0)
(1.69509e-06 -6.5576e-06 0)
(1.93999e-06 -8.84675e-06 0)
(2.04445e-06 -1.1366e-05 0)
(1.94909e-06 -1.38994e-05 0)
(1.6229e-06 -1.61711e-05 0)
(1.0789e-06 -1.78926e-05 0)
(3.78599e-07 -1.88223e-05 0)
(4.33437e-14 -8.23195e-14 0)
(1.73375e-13 -2.02271e-13 0)
(5.1962e-13 -5.76572e-13 0)
(1.42144e-12 -1.62119e-12 0)
(3.79778e-12 -4.43618e-12 0)
(9.84188e-12 -1.18711e-11 0)
(2.49092e-11 -3.09928e-11 0)
(6.13209e-11 -7.88876e-11 0)
(1.46761e-10 -1.95613e-10 0)
(3.41074e-10 -4.7201e-10 0)
(7.68616e-10 -1.10707e-09 0)
(1.67698e-09 -2.52083e-09 0)
(3.53667e-09 -5.56544e-09 0)
(7.19662e-09 -1.18973e-08 0)
(1.41021e-08 -2.45899e-08 0)
(2.65545e-08 -4.90636e-08 0)
(4.79387e-08 -9.43541e-08 0)
(8.27618e-08 -1.74596e-07 0)
(1.36262e-07 -3.10343e-07 0)
(2.13311e-07 -5.28977e-07 0)
(3.16459e-07 -8.63155e-07 0)
(4.433e-07 -1.3462e-06 0)
(5.83937e-07 -2.0039e-06 0)
(7.20015e-07 -2.84369e-06 0)
(8.25774e-07 -3.84438e-06 0)
(8.71862e-07 -4.94824e-06 0)
(8.32496e-07 -6.06054e-06 0)
(6.94025e-07 -7.05965e-06 0)
(4.61778e-07 -7.81769e-06 0)
(1.62112e-07 -8.22739e-06 0)
(1.79758e-14 -3.32638e-14 0)
(6.85435e-14 -8.26554e-14 0)
(2.03783e-13 -2.37214e-13 0)
(5.66324e-13 -6.62587e-13 0)
(1.53064e-12 -1.81506e-12 0)
(3.95587e-12 -4.86962e-12 0)
(1.00381e-11 -1.27444e-11 0)
(2.47425e-11 -3.24836e-11 0)
(5.93199e-11 -8.06774e-11 0)
(1.38088e-10 -1.94991e-10 0)
(3.11703e-10 -4.58101e-10 0)
(6.81286e-10 -1.04499e-09 0)
(1.43948e-09 -2.31143e-09 0)
(2.93484e-09 -4.95081e-09 0)
(5.76259e-09 -1.02534e-08 0)
(1.08739e-08 -2.05016e-08 0)
(1.96733e-08 -3.95125e-08 0)
(3.40402e-08 -7.32789e-08 0)
(5.61732e-08 -1.3055e-07 0)
(8.81405e-08 -2.23034e-07 0)
(1.31066e-07 -3.64773e-07 0)
(1.84023e-07 -5.70204e-07 0)
(2.42949e-07 -8.50656e-07 0)
(3.00198e-07 -1.20967e-06 0)
(3.44958e-07 -1.63848e-06 0)
(3.64833e-07 -2.11253e-06 0)
(3.48861e-07 -2.59109e-06 0)
(2.91161e-07 -3.0216e-06 0)
(1.93877e-07 -3.34861e-06 0)
(6.80896e-08 -3.52547e-06 0)
(6.38395e-15 -1.24318e-14 0)
(2.67119e-14 -3.12478e-14 0)
(8.03034e-14 -9.54234e-14 0)
(2.22766e-13 -2.65774e-13 0)
(5.99084e-13 -7.35163e-13 0)
(1.5676e-12 -1.9713e-12 0)
(3.97771e-12 -5.15185e-12 0)
(9.83852e-12 -1.31543e-11 0)
(2.35971e-11 -3.27336e-11 0)
(5.50257e-11 -7.92296e-11 0)
(1.24406e-10 -1.86443e-10 0)
(2.72357e-10 -4.26007e-10 0)
(5.76466e-10 -9.43946e-10 0)
(1.17743e-09 -2.0255e-09 0)
(2.31626e-09 -4.20287e-09 0)
(4.37926e-09 -8.4201e-09 0)
(7.93902e-09 -1.62608e-08 0)
(1.37651e-08 -3.02194e-08 0)
(2.27633e-08 -5.39508e-08 0)
(3.57941e-08 -9.2367e-08 0)
(5.33406e-08 -1.51388e-07 0)
(7.50519e-08 -2.37142e-07 0)
(9.92885e-08 -3.54498e-07 0)
(1.22924e-07 -5.05081e-07 0)
(1.41503e-07 -6.85332e-07 0)
(1.49891e-07 -8.84987e-07 0)
(1.43518e-07 -1.08689e-06 0)
(1.19904e-07 -1.26877e-06 0)
(7.98976e-08 -1.40707e-06 0)
(2.80701e-08 -1.48191e-06 0)
(1.34399e-15 -1.68006e-15 0)
(1.05839e-14 -1.44479e-14 0)
(3.14158e-14 -3.19197e-14 0)
(8.56794e-14 -9.84474e-14 0)
(2.34358e-13 -2.85598e-13 0)
(6.23108e-13 -7.79179e-13 0)
(1.54962e-12 -2.05362e-12 0)
(3.84045e-12 -5.23854e-12 0)
(9.24027e-12 -1.30643e-11 0)
(2.1583e-11 -3.16846e-11 0)
(4.88855e-11 -7.4656e-11 0)
(1.07187e-10 -1.70866e-10 0)
(2.27224e-10 -3.79219e-10 0)
(4.64903e-10 -8.151e-10 0)
(9.16161e-10 -1.69431e-09 0)
(1.73529e-09 -3.40057e-09 0)
(3.15173e-09 -6.57946e-09 0)
(5.47511e-09 -1.22509e-08 0)
(9.07182e-09 -2.19143e-08 0)
(1.42931e-08 -3.75924e-08 0)
(2.13419e-08 -6.17343e-08 0)
(3.00874e-08 -9.68905e-08 0)
(3.98792e-08 -1.4511e-07 0)
(4.94606e-08 -2.07115e-07 0)
(5.70293e-08 -2.81485e-07 0)
(6.04967e-08 -3.64009e-07 0)
(5.79946e-08 -4.47592e-07 0)
(4.84981e-08 -5.22983e-07 0)
(3.23376e-08 -5.80363e-07 0)
(1.13648e-08 -6.11434e-07 0)
(-1.54295e-20 -5.03994e-15 0)
(-1.51192e-15 -6.72051e-16 0)
(1.34399e-14 -1.4112e-14 0)
(3.37677e-14 -3.76317e-14 0)
(9.20634e-14 -1.15583e-13 0)
(2.33182e-13 -3.00718e-13 0)
(5.92532e-13 -7.88251e-13 0)
(1.47117e-12 -2.05631e-12 0)
(3.57502e-12 -5.13808e-12 0)
(8.33812e-12 -1.24709e-11 0)
(1.89165e-11 -2.94294e-11 0)
(4.15397e-11 -6.74415e-11 0)
(8.81969e-11 -1.49927e-10 0)
(1.80736e-10 -3.22781e-10 0)
(3.56736e-10 -6.72026e-10 0)
(6.76828e-10 -1.3511e-09 0)
(1.23142e-09 -2.61866e-09 0)
(2.14297e-09 -4.88459e-09 0)
(3.55714e-09 -8.75327e-09 0)
(5.61466e-09 -1.50429e-08 0)
(8.39883e-09 -2.47482e-08 0)
(1.18619e-08 -3.89109e-08 0)
(1.57497e-08 -5.8376e-08 0)
(1.95659e-08 -8.34555e-08 0)
(2.25938e-08 -1.13591e-07 0)
(2.39992e-08 -1.47087e-07 0)
(2.30322e-08 -1.8106e-07 0)
(1.92774e-08 -2.1174e-07 0)
(1.28614e-08 -2.3511e-07 0)
(4.5214e-09 -2.47772e-07 0)
(1.67972e-16 2.01597e-15 0)
(-5.37585e-15 -6.38382e-15 0)
(6.04787e-15 -3.02398e-15 0)
(7.89608e-15 -1.41119e-14 0)
(3.84716e-14 -4.19998e-14 0)
(8.45035e-14 -1.15583e-13 0)
(2.22431e-13 -3.1315e-13 0)
(5.60948e-13 -8.0169e-13 0)
(1.36129e-12 -1.98743e-12 0)
(3.16342e-12 -4.82661e-12 0)
(7.21488e-12 -1.14253e-11 0)
(1.58525e-11 -2.62209e-11 0)
(3.373e-11 -5.83605e-11 0)
(6.92009e-11 -1.2582e-10 0)
(1.368e-10 -2.62382e-10 0)
(2.59952e-10 -5.28331e-10 0)
(4.73715e-10 -1.02565e-09 0)
(8.25719e-10 -1.91629e-09 0)
(1.37289e-09 -3.43975e-09 0)
(2.17064e-09 -5.92128e-09 0)
(3.25246e-09 -9.7578e-09 0)
(4.60112e-09 -1.53671e-08 0)
(6.11899e-09 -2.30909e-08 0)
(7.61315e-09 -3.30607e-08 0)
(8.80345e-09 -4.50607e-08 0)
(9.36243e-09 -5.84187e-08 0)
(8.99431e-09 -7.19849e-08 0)
(7.53399e-09 -8.42491e-08 0)
(5.02924e-09 -9.35986e-08 0)
(1.76851e-09 -9.86665e-08 0)
(1.68001e-16 -3.36085e-16 0)
(-1.68052e-16 3.35887e-16 0)
(-8.39974e-16 -4.36793e-15 0)
(2.01596e-15 -8.06395e-15 0)
(9.24004e-15 -1.51199e-14 0)
(3.30957e-14 -3.99838e-14 0)
(8.34954e-14 -1.16927e-13 0)
(2.06303e-13 -3.0139e-13 0)
(5.02317e-13 -7.48939e-13 0)
(1.19094e-12 -1.83992e-12 0)
(2.71318e-12 -4.36595e-12 0)
(5.96799e-12 -1.00339e-11 0)
(1.26958e-11 -2.23711e-11 0)
(2.61121e-11 -4.83057e-11 0)
(5.16855e-11 -1.0087e-10 0)
(9.83494e-11 -2.03412e-10 0)
(1.79484e-10 -3.95477e-10 0)
(3.13342e-10 -7.40027e-10 0)
(5.21769e-10 -1.3304e-09 0)
(8.26236e-10 -2.29374e-09 0)
(1.23993e-09 -3.78572e-09 0)
(1.75675e-09 -5.97093e-09 0)
(2.33974e-09 -8.98516e-09 0)
(2.9151e-09 -1.28823e-08 0)
(3.37515e-09 -1.75803e-08 0)
(3.59346e-09 -2.28173e-08 0)
(3.45539e-09 -2.81423e-08 0)
(2.89648e-09 -3.29609e-08 0)
(1.93449e-09 -3.66369e-08 0)
(6.8042e-10 -3.86305e-08 0)
(3.35978e-16 -7.05576e-15 0)
(3.35997e-15 -3.35976e-16 0)
(-4.53591e-15 -3.02394e-15 0)
(1.84795e-15 -2.35193e-15 0)
(-1.84793e-15 -5.03999e-15 0)
(9.23996e-15 -1.67999e-14 0)
(2.93998e-14 -3.96479e-14 0)
(7.81194e-14 -1.14239e-13 0)
(1.86311e-13 -2.80558e-13 0)
(4.36629e-13 -6.90139e-13 0)
(1.00463e-12 -1.65042e-12 0)
(2.20734e-12 -3.78434e-12 0)
(4.7164e-12 -8.449e-12 0)
(9.70966e-12 -1.82722e-11 0)
(1.92438e-11 -3.82013e-11 0)
(3.66721e-11 -7.71468e-11 0)
(6.7009e-11 -1.50197e-10 0)
(1.17145e-10 -2.81434e-10 0)
(1.95342e-10 -5.06671e-10 0)
(3.09782e-10 -8.74789e-10 0)
(4.6553e-10 -1.44585e-09 0)
(6.60491e-10 -2.28359e-09 0)
(8.80887e-10 -3.441e-09 0)
(1.0989e-09 -4.93973e-09 0)
(1.2738e-09 -6.74899e-09 0)
(1.35758e-09 -8.76837e-09 0)
(1.30654e-09 -1.0824e-08 0)
(1.09593e-09 -1.26857e-08 0)
(7.32286e-10 -1.4107e-08 0)
(2.57625e-10 -1.48781e-08 0)
(-1.34395e-15 -1.34409e-15 0)
(3.35955e-16 3.3595e-16 0)
(-2.35195e-15 -2.68792e-15 0)
(1.344e-15 6.71907e-16 0)
(3.35991e-15 -1.00799e-15 0)
(5.37589e-15 -7.05595e-15 0)
(6.21608e-15 -2.15037e-14 0)
(2.88957e-14 -4.13277e-14 0)
(6.48476e-14 -9.84474e-14 0)
(1.57919e-13 -2.48974e-13 0)
(3.64894e-13 -6.095e-13 0)
(8.01019e-13 -1.40682e-12 0)
(1.7282e-12 -3.14191e-12 0)
(3.56258e-12 -6.80664e-12 0)
(7.05948e-12 -1.42567e-11 0)
(1.34789e-11 -2.88249e-11 0)
(2.46658e-11 -5.61929e-11 0)
(4.31623e-11 -1.05436e-10 0)
(7.20631e-11 -1.90068e-10 0)
(1.14441e-10 -3.28597e-10 0)
(1.72204e-10 -5.43808e-10 0)
(2.44629e-10 -8.60006e-10 0)
(3.26673e-10 -1.29748e-09 0)
(4.07998e-10 -1.86476e-09 0)
(4.73431e-10 -2.55049e-09 0)
(5.05057e-10 -3.31674e-09 0)
(4.86445e-10 -4.09752e-09 0)
(4.0828e-10 -4.80525e-09 0)
(2.7292e-10 -5.34587e-09 0)
(9.60359e-11 -5.63926e-09 0)
(-5.03997e-16 -4.36784e-15 0)
(-2.51995e-15 4.03193e-15 0)
(2.85592e-15 3.02385e-15 0)
(2.01596e-15 -3.02389e-15 0)
(-1.67956e-16 -2.35197e-15 0)
(6.72035e-16 -4.36793e-15 0)
(7.05583e-15 -1.68005e-15 0)
(6.21606e-15 -8.06405e-15 0)
(2.18399e-14 -3.52797e-14 0)
(5.93035e-14 -8.97113e-14 0)
(1.29863e-13 -2.19407e-13 0)
(2.8375e-13 -5.11052e-13 0)
(6.15716e-13 -1.15012e-12 0)
(1.28939e-12 -2.49008e-12 0)
(2.55644e-12 -5.24392e-12 0)
(4.88406e-12 -1.06239e-11 0)
(8.94712e-12 -2.07223e-11 0)
(1.56803e-11 -3.8925e-11 0)
(2.6212e-11 -7.02642e-11 0)
(4.16738e-11 -1.21618e-10 0)
(6.27802e-11 -2.01517e-10 0)
(8.92879e-11 -3.19057e-10 0)
(1.19377e-10 -4.81906e-10 0)
(1.49254e-10 -6.93345e-10 0)
(1.73355e-10 -9.49224e-10 0)
(1.85105e-10 -1.23547e-09 0)
(1.78405e-10 -1.5274e-09 0)
(1.49819e-10 -1.79223e-09 0)
(1.00194e-10 -1.99463e-09 0)
(3.52579e-11 -2.10451e-09 0)
(-3.36004e-16 6.3838e-15 0)
(-6.38381e-15 -6.71963e-16 0)
(2.35192e-15 -2.01587e-15 0)
(3.36017e-16 3.35944e-16 0)
(1.34399e-15 -1.00801e-15 0)
(-5.03959e-16 -3.69591e-15 0)
(1.17601e-15 -5.71187e-15 0)
(5.37588e-15 1.34395e-15 0)
(6.21601e-15 -1.0416e-14 0)
(2.18397e-14 -3.12479e-14 0)
(4.04879e-14 -7.92953e-14 0)
(1.02143e-13 -1.79423e-13 0)
(2.13863e-13 -4.11261e-13 0)
(4.60653e-13 -9.14249e-13 0)
(9.11058e-13 -1.89738e-12 0)
(1.74332e-12 -3.85255e-12 0)
(3.19786e-12 -7.53475e-12 0)
(5.62023e-12 -1.41734e-11 0)
(9.3992e-12 -2.56044e-11 0)
(1.49689e-11 -4.43668e-11 0)
(2.25649e-11 -7.35899e-11 0)
(3.21276e-11 -1.1665e-10 0)
(4.30028e-11 -1.76372e-10 0)
(5.381e-11 -2.53997e-10 0)
(6.25636e-11 -3.48056e-10 0)
(6.6863e-11 -4.5337e-10 0)
(6.44763e-11 -5.6087e-10 0)
(5.41739e-11 -6.58453e-10 0)
(3.62463e-11 -7.3307e-10 0)
(1.27573e-11 -7.73596e-10 0)
(2.35193e-15 -1.67991e-15 0)
(1.51187e-15 -1.00791e-15 0)
(2.24735e-20 4.03185e-15 0)
(1.68016e-16 7.7459e-20 0)
(3.19193e-15 1.34397e-15 0)
(-3.35974e-16 -6.71982e-16 0)
(3.69594e-15 6.71983e-16 0)
(8.39957e-16 -3.3601e-16 0)
(1.00804e-15 -8.06385e-15 0)
(2.68801e-15 -1.24319e-14 0)
(1.32719e-14 -2.21759e-14 0)
(3.46077e-14 -6.04797e-14 0)
(7.45915e-14 -1.44143e-13 0)
(1.59263e-13 -3.10462e-13 0)
(3.16846e-13 -6.76699e-13 0)
(6.17228e-13 -1.38263e-12 0)
(1.12727e-12 -2.69302e-12 0)
(1.98692e-12 -5.08533e-12 0)
(3.32285e-12 -9.20063e-12 0)
(5.3002e-12 -1.59545e-11 0)
(8.00179e-12 -2.65022e-11 0)
(1.14006e-11 -4.20407e-11 0)
(1.52728e-11 -6.36245e-11 0)
(1.91381e-11 -9.17186e-11 0)
(2.22582e-11 -1.25785e-10 0)
(2.38048e-11 -1.63967e-10 0)
(2.29676e-11 -2.02961e-10 0)
(1.93081e-11 -2.38392e-10 0)
(1.29262e-11 -2.6549e-10 0)
(4.5484e-12 -2.8021e-10 0)
(1.00797e-15 -6.71958e-16 0)
(-5.87982e-15 6.04778e-15 0)
(-6.72013e-16 3.36056e-16 0)
(6.71984e-16 4.70382e-15 0)
(1.34397e-15 -6.71928e-16 0)
(-1.84794e-15 6.71977e-15 0)
(4.87191e-15 -6.71983e-16 0)
(-3.02386e-15 -6.7201e-16 0)
(3.02389e-15 6.71901e-16 0)
(-5.03967e-16 -8.06384e-15 0)
(4.03192e-15 -1.31039e-14 0)
(1.02479e-14 -2.45277e-14 0)
(2.06639e-14 -5.27517e-14 0)
(5.37597e-14 -1.13231e-13 0)
(1.06511e-13 -2.39566e-13 0)
(2.18734e-13 -4.86525e-13 0)
(3.89589e-13 -9.58265e-13 0)
(6.90643e-13 -1.80162e-12 0)
(1.1565e-12 -3.26623e-12 0)
(1.8584e-12 -5.66324e-12 0)
(2.7955e-12 -9.41197e-12 0)
(3.99064e-12 -1.49411e-11 0)
(5.35362e-12 -2.26399e-11 0)
(6.71206e-12 -3.26583e-11 0)
(7.80859e-12 -4.48177e-11 0)
(8.36198e-12 -5.84599e-11 0)
(8.07167e-12 -7.24099e-11 0)
(6.78598e-12 -8.50897e-11 0)
(4.55025e-12 -9.47829e-11 0)
(1.59784e-12 -1.00059e-10 0)
(1.51194e-15 3.69592e-15 0)
(-2.18397e-15 -4.03184e-15 0)
(-6.71987e-16 4.81747e-20 0)
(5.03948e-16 8.31313e-20 0)
(-2.3519e-15 2.01594e-15 0)
(3.36011e-16 1.20922e-19 0)
(3.1919e-15 6.72019e-16 0)
(8.39939e-16 -3.69589e-15 0)
(-2.18394e-15 -3.35969e-16 0)
(5.20789e-15 6.71976e-15 0)
(-2.85585e-15 -5.71186e-15 0)
(3.69591e-15 -6.048e-15 0)
(4.536e-15 -1.51198e-14 0)
(1.52879e-14 -3.86397e-14 0)
(3.30958e-14 -8.09754e-14 0)
(7.17356e-14 -1.64975e-13 0)
(1.34063e-13 -3.2155e-13 0)
(2.40238e-13 -6.25292e-13 0)
(3.90933e-13 -1.13466e-12 0)
(6.41252e-13 -1.97869e-12 0)
(9.65489e-13 -3.29513e-12 0)
(1.37776e-12 -5.2419e-12 0)
(1.85101e-12 -7.94231e-12 0)
(2.31906e-12 -1.14673e-11 0)
(2.69857e-12 -1.57543e-11 0)
(2.89748e-12 -2.0558e-11 0)
(2.80104e-12 -2.54743e-11 0)
(2.35081e-12 -2.99428e-11 0)
(1.58104e-12 -3.33699e-11 0)
(5.5406e-13 -3.5221e-11 0)
(-5.03964e-16 2.35196e-15 0)
(2.35187e-15 2.01594e-15 0)
(-2.18393e-15 4.03194e-15 0)
(-2.68792e-15 6.71992e-16 0)
(1.34397e-15 -2.35192e-15 0)
(1.51196e-15 6.71889e-16 0)
(-3.52789e-15 2.35189e-15 0)
(-3.19198e-15 2.01585e-15 0)
(-2.51995e-15 -3.36066e-16 0)
(-2.68792e-15 -1.07517e-14 0)
(8.90376e-15 3.35865e-16 0)
(-1.67926e-16 -5.71191e-15 0)
(4.36793e-15 -4.03201e-15 0)
(6.71992e-15 -1.20959e-14 0)
(6.55203e-15 -2.51999e-14 0)
(2.30158e-14 -5.51037e-14 0)
(4.14957e-14 -1.17935e-13 0)
(8.08075e-14 -2.11679e-13 0)
(1.33727e-13 -3.93117e-13 0)
(2.17223e-13 -6.93163e-13 0)
(3.29614e-13 -1.14172e-12 0)
(4.65021e-13 -1.81103e-12 0)
(6.28484e-13 -2.74846e-12 0)
(7.94803e-13 -3.96881e-12 0)
(9.15258e-13 -5.46231e-12 0)
(9.93545e-13 -7.13189e-12 0)
(9.57257e-13 -8.8448e-12 0)
(8.00683e-13 -1.04025e-11 0)
(5.39612e-13 -1.15879e-11 0)
(1.91015e-13 -1.22411e-11 0)
(-8.40004e-16 -5.84157e-21 0)
(-8.56778e-15 -5.03987e-15 0)
(9.23975e-15 4.03181e-15 0)
(-3.6959e-15 1.67992e-15 0)
(5.03986e-15 -2.69879e-20 0)
(1.00798e-15 3.36024e-16 0)
(-5.04027e-16 -3.02395e-15 0)
(1.84801e-15 -1.27677e-14 0)
(2.68788e-15 -7.05588e-15 0)
(-5.20783e-15 -3.36082e-16 0)
(1.17603e-15 -2.35195e-15 0)
(4.53589e-15 -4.03199e-15 0)
(-4.03191e-15 -5.03997e-15 0)
(3.36023e-16 -8.39993e-15 0)
(1.34393e-15 -8.39995e-15 0)
(7.89591e-15 -2.18398e-14 0)
(8.40006e-15 -3.59518e-14 0)
(2.60397e-14 -7.42554e-14 0)
(4.16638e-14 -1.33727e-13 0)
(7.64394e-14 -2.35534e-13 0)
(1.04495e-13 -3.86397e-13 0)
(1.56575e-13 -6.1958e-13 0)
(2.10335e-13 -9.4617e-13 0)
(2.6779e-13 -1.36012e-12 0)
(3.0811e-13 -1.86714e-12 0)
(3.36334e-13 -2.44438e-12 0)
(3.24406e-13 -3.0223e-12 0)
(2.69302e-13 -3.55318e-12 0)
(1.85975e-13 -3.97149e-12 0)
(6.18236e-14 -4.19157e-12 0)
(-6.71978e-16 2.01594e-15 0)
(-5.54386e-15 1.67994e-15 0)
(1.67992e-16 -3.35981e-16 0)
(-3.36012e-16 9.03442e-20 0)
(-3.02394e-15 1.68001e-15 0)
(-3.0239e-15 3.36011e-16 0)
(1.344e-15 -1.00791e-15 0)
(1.17595e-15 3.35946e-16 0)
(-1.51197e-15 -1.99798e-20 0)
(-8.40014e-16 2.35192e-15 0)
(-5.04002e-16 -3.35964e-16 0)
(-5.03946e-16 -3.3599e-16 0)
(5.87987e-15 -2.0159e-15 0)
(-2.01605e-15 -6.7199e-16 0)
(-2.6879e-15 8.6326e-21 0)
(-1.00796e-15 -2.68796e-15 0)
(3.02392e-15 -1.31038e-14 0)
(9.74394e-15 -2.21759e-14 0)
(1.19279e-14 -4.09917e-14 0)
(2.28479e-14 -7.72794e-14 0)
(3.72957e-14 -1.27679e-13 0)
(4.95597e-14 -2.05295e-13 0)
(6.98875e-14 -3.12142e-13 0)
(8.56794e-14 -4.55613e-13 0)
(1.03991e-13 -6.27308e-13 0)
(1.11887e-13 -8.24202e-13 0)
(1.04327e-13 -1.02009e-12 0)
(8.88714e-14 -1.19985e-12 0)
(6.04796e-14 -1.33929e-12 0)
(2.04958e-14 -1.41388e-12 0)
(1.67999e-15 -6.04786e-15 0)
(1.37756e-14 -5.71195e-15 0)
(-1.09197e-14 -9.07173e-15 0)
(3.35949e-16 2.01589e-15 0)
(-1.84794e-15 -4.98075e-20 0)
(-3.36e-15 1.00795e-15 0)
(8.39962e-16 7.72775e-15 0)
(6.71986e-16 3.02392e-15 0)
(-1.67973e-16 -2.68798e-15 0)
(1.67997e-15 -6.71916e-16 0)
(-2.51993e-15 2.01587e-15 0)
(-6.71983e-16 4.36797e-15 0)
(1.67991e-15 1.10877e-14 0)
(-7.22377e-15 -1.34402e-15 0)
(1.17594e-15 1.34393e-15 0)
(-1.68041e-16 2.68786e-15 0)
(-2.18394e-15 -2.68793e-15 0)
(2.18395e-15 -7.05594e-15 0)
(3.02401e-15 -1.37759e-14 0)
(5.208e-15 -2.15039e-14 0)
(1.39438e-14 -3.72958e-14 0)
(1.428e-14 -6.51836e-14 0)
(2.09999e-14 -1.05167e-13 0)
(2.60398e-14 -1.51871e-13 0)
(3.07438e-14 -2.08655e-13 0)
(3.79677e-14 -2.73166e-13 0)
(3.32638e-14 -3.43054e-13 0)
(2.93998e-14 -4.00509e-13 0)
(2.38558e-14 -4.50573e-13 0)
(8.06388e-15 -4.74093e-13 0)
(6.71976e-16 6.71983e-16 0)
(-6.71977e-15 -1.34394e-15 0)
(7.05576e-15 9.07174e-15 0)
(-1.84794e-15 -5.03984e-15 0)
(3.35968e-16 1.34397e-15 0)
(-3.69593e-15 -2.68786e-15 0)
(1.67988e-16 -5.37587e-15 0)
(-2.01598e-15 -1.00794e-15 0)
(5.03965e-16 -1.67992e-15 0)
(3.19194e-15 2.01587e-15 0)
(3.19197e-15 -3.35986e-15 0)
(-2.1839e-15 1.67997e-15 0)
(8.39995e-16 -4.0319e-15 0)
(-1.68e-15 -1.14237e-14 0)
(-5.37597e-15 -1.00798e-15 0)
(3.86392e-15 3.36045e-16 0)
(-2.51995e-15 2.68784e-15 0)
(3.35953e-16 -1.67991e-15 0)
(-1.6799e-15 6.7193e-16 0)
(1.10877e-14 -2.35204e-15 0)
(-7.39175e-15 -1.10879e-14 0)
(1.05838e-14 -1.61279e-14 0)
(6.71995e-15 -2.58719e-14 0)
(3.36092e-16 -4.46877e-14 0)
(7.3919e-15 -6.88795e-14 0)
(1.09199e-14 -8.39995e-14 0)
(9.40799e-15 -1.04831e-13 0)
(9.74391e-15 -1.28015e-13 0)
(8.56794e-15 -1.38431e-13 0)
(2.85601e-15 -1.50527e-13 0)
(1.7936e-20 2.6879e-15 0)
(-1.17609e-15 -2.688e-15 0)
(-2.35187e-15 -2.68787e-15 0)
(1.67992e-15 4.36783e-15 0)
(-2.51993e-15 3.36029e-16 0)
(-5.03992e-15 6.71932e-16 0)
(3.86387e-15 -1.344e-15 0)
(-6.88781e-15 3.02395e-15 0)
(1.00798e-15 2.68787e-15 0)
(-3.3594e-16 -4.3678e-15 0)
(9.40779e-15 -2.68791e-15 0)
(2.01596e-15 3.02389e-15 0)
(2.01595e-15 -3.35984e-16 0)
(1.34399e-15 3.02393e-15 0)
(-4.87194e-15 -7.69929e-20 0)
(-3.02396e-15 -1.00796e-15 0)
(-5.54389e-15 -2.01591e-15 0)
(-1.68006e-16 4.70381e-15 0)
(1.67949e-16 -2.01589e-15 0)
(5.04041e-16 -1.34397e-15 0)
(6.71973e-16 2.53141e-21 0)
(-3.86391e-15 -7.05587e-15 0)
(3.52786e-15 3.35861e-16 0)
(-6.7194e-16 -1.54559e-14 0)
(1.68002e-16 -2.08319e-14 0)
(1.68004e-15 -2.92318e-14 0)
(6.21586e-15 -4.09916e-14 0)
(8.40081e-16 -4.19997e-14 0)
(6.71992e-15 -5.51034e-14 0)
(2.35195e-15 -5.07356e-14 0)
(-3.35974e-16 -3.02385e-15 0)
(-2.51998e-15 2.35188e-15 0)
(-3.19202e-15 1.34398e-15 0)
(3.36011e-16 -4.36789e-15 0)
(1.67994e-15 2.35193e-15 0)
(-1.68e-15 2.01593e-15 0)
(-2.51993e-15 -2.01597e-15 0)
(6.71964e-16 -5.03992e-15 0)
(-5.04001e-16 -2.35194e-15 0)
(1.51203e-15 2.68786e-15 0)
(1.00797e-15 5.03981e-15 0)
(1.0081e-15 -3.69596e-15 0)
(-2.18399e-15 -4.70394e-15 0)
(3.69586e-15 6.38379e-15 0)
(-5.03987e-15 -2.35182e-15 0)
(3.69586e-15 3.35951e-16 0)
(-4.36792e-15 7.7278e-15 0)
(5.20793e-15 -1.3439e-15 0)
(-5.71191e-15 2.01591e-15 0)
(-3.5279e-15 1.00804e-15 0)
(5.20784e-15 -4.70391e-15 0)
(-8.39981e-16 -1.00803e-15 0)
(-4.19985e-15 -9.0718e-15 0)
(-6.72038e-16 -3.02392e-15 0)
(-4.53602e-15 -7.0559e-15 0)
(-3.35971e-16 -4.03202e-15 0)
(-5.03928e-16 -6.04795e-15 0)
(1.67987e-15 -1.1424e-14 0)
(3.864e-15 -9.40807e-15 0)
(1.00799e-15 -1.4784e-14 0)
(2.35188e-15 4.70383e-15 0)
(-6.55186e-15 -2.35183e-15 0)
(-5.71192e-15 7.05575e-15 0)
(6.71994e-16 -8.73574e-15 0)
(2.01594e-15 -2.01598e-15 0)
(-1.00791e-15 2.35204e-15 0)
(-1.84799e-15 -3.35982e-16 0)
(-1.51203e-15 2.01598e-15 0)
(1.00798e-15 -3.69591e-15 0)
(3.19191e-15 -2.35196e-15 0)
(1.17601e-15 -5.03991e-15 0)
(-1.84795e-15 -3.69588e-15 0)
(3.52792e-15 -5.37581e-15 0)
(-4.19993e-15 5.71191e-15 0)
(3.6959e-15 -2.01604e-15 0)
(-6.04788e-15 -3.02394e-15 0)
(5.03962e-16 -1.27676e-14 0)
(5.87988e-15 -3.36028e-16 0)
(-6.21591e-15 3.36037e-16 0)
(-1.34395e-15 4.70386e-15 0)
(1.68075e-16 -1.67994e-15 0)
(2.18391e-15 -1.34395e-15 0)
(-3.86397e-15 6.38383e-15 0)
(-3.35997e-15 1.34395e-15 0)
(-3.52794e-15 -3.35982e-16 0)
(-1.34399e-15 1.00799e-15 0)
(6.88778e-15 1.00787e-15 0)
(-7.22374e-15 -3.69592e-15 0)
(3.02393e-15 -8.39982e-15 0)
(1.00798e-15 -5.03991e-15 0)
(6.72002e-16 -1.67992e-15 0)
(-4.36801e-15 8.7357e-15 0)
(-3.86393e-15 -6.38366e-15 0)
(2.01596e-15 5.03977e-15 0)
(-1.67992e-15 -3.3599e-15 0)
(4.70388e-15 -1.00805e-15 0)
(-8.39996e-16 2.68793e-15 0)
(-6.21588e-15 3.35922e-16 0)
(-1.51198e-15 -5.29329e-20 0)
(1.84799e-15 -1.34395e-15 0)
(3.02396e-15 -1.008e-15 0)
(-1.00797e-15 3.3594e-16 0)
(2.51992e-15 3.35835e-16 0)
(-7.72784e-15 -7.72781e-15 0)
(1.008e-15 -1.34394e-15 0)
(-1.34404e-15 3.6959e-15 0)
(-6.21589e-15 1.67978e-15 0)
(1.68008e-16 6.72013e-16 0)
(1.68033e-16 1.34403e-15 0)
(4.53585e-15 6.38387e-15 0)
(3.52792e-15 3.02391e-15 0)
(1.008e-15 5.03987e-15 0)
(-4.03195e-15 -1.00795e-15 0)
(-3.35997e-15 1.34403e-15 0)
(-2.688e-15 4.3679e-15 0)
(-2.51992e-15 1.34393e-15 0)
(5.03981e-16 -4.70386e-15 0)
(3.35981e-16 -3.69591e-15 0)
(8.39964e-16 4.36776e-15 0)
(8.39985e-16 2.68795e-15 0)
(1.00792e-15 -3.02397e-15 0)
(-7.72779e-15 -1.17597e-14 0)
(-5.04077e-16 8.06367e-15 0)
(1.84796e-15 -2.6879e-15 0)
(6.21587e-15 -4.0319e-15 0)
(-1.00792e-15 1.008e-15 0)
(5.03934e-16 -3.3599e-16 0)
(-5.54398e-15 -5.7119e-15 0)
(-2.01599e-15 -6.7195e-16 0)
(-6.71964e-16 -3.36091e-16 0)
(4.87192e-15 -2.01585e-15 0)
(-1.51192e-15 -1.34392e-15 0)
(2.18401e-15 2.688e-15 0)
(3.35957e-16 -3.36038e-16 0)
(-5.03978e-16 -6.72034e-16 0)
(4.87191e-15 -4.36794e-15 0)
(-6.55191e-15 -5.37575e-15 0)
(5.03968e-16 -3.75895e-20 0)
(1.17592e-15 1.34394e-15 0)
(-3.69586e-15 3.74196e-20 0)
(3.35998e-15 -6.71926e-16 0)
(1.67969e-16 4.98568e-20 0)
(-4.19993e-15 6.72041e-16 0)
(-3.86398e-15 1.00796e-15 0)
(-3.024e-15 3.35997e-15 0)
(-1.00801e-15 -3.35909e-16 0)
(-6.88784e-15 2.01596e-15 0)
(2.6879e-15 7.05582e-15 0)
(3.35994e-15 -2.35179e-15 0)
(-1.17591e-15 2.35194e-15 0)
(8.39984e-16 2.01598e-15 0)
(1.00791e-15 3.02383e-15 0)
(-5.87991e-15 -7.05579e-15 0)
(-1.17596e-15 3.35993e-15 0)
(-1.67988e-15 3.69586e-15 0)
(5.03982e-15 1.00798e-15 0)
(-1.51202e-15 -1.67998e-15 0)
(-1.34397e-14 6.77125e-20 0)
(3.35914e-16 1.00795e-15 0)
(-2.18393e-15 -3.35927e-16 0)
(-8.40003e-16 6.71915e-16 0)
(1.05838e-14 2.01586e-15 0)
(5.03992e-16 1.34396e-15 0)
(1.17942e-19 -3.69592e-15 0)
(8.90377e-15 -1.34398e-15 0)
(1.34401e-15 3.53276e-20 0)
(-3.02398e-15 5.03978e-15 0)
(-4.03191e-15 -6.71966e-16 0)
(1.68579e-20 2.91025e-20 0)
(1.67966e-16 -1.67994e-15 0)
(1.17599e-15 2.68794e-15 0)
(1.67997e-15 1.67997e-15 0)
(-2.68798e-15 5.03985e-15 0)
(-4.70394e-15 3.69598e-15 0)
(-5.54389e-15 4.03193e-15 0)
(5.03923e-16 5.37594e-15 0)
(-4.36794e-15 3.69592e-15 0)
(-3.35994e-16 -2.68786e-15 0)
(1.67996e-15 7.72779e-15 0)
(4.03186e-15 -2.35185e-15 0)
(-3.35977e-16 3.35962e-16 0)
(1.67995e-15 -1.00792e-15 0)
(-7.72789e-15 -6.72035e-16 0)
(1.68031e-16 2.56349e-20 0)
(5.03979e-15 4.2168e-20 0)
(-1.67991e-15 2.35194e-15 0)
(-6.88782e-15 1.68002e-15 0)
(-5.04081e-16 2.35197e-15 0)
(2.18393e-15 6.72064e-16 0)
(-1.6798e-16 4.36791e-15 0)
(1.67967e-16 2.688e-15 0)
(-3.35903e-16 6.72035e-16 0)
(-1.67978e-16 1.00803e-15 0)
(2.0159e-15 -3.35957e-16 0)
(-3.35949e-16 1.00798e-15 0)
(-1.17594e-15 1.41029e-20 0)
(-8.39966e-16 -4.03181e-15 0)
(1.67992e-15 -1.34392e-15 0)
(-1.69851e-21 -3.36e-16 0)
(-8.39995e-16 -3.36042e-16 0)
(3.02394e-15 1.67996e-15 0)
(3.35995e-15 -2.35193e-15 0)
(-3.19198e-15 7.93966e-20 0)
(-1.17604e-15 1.00796e-15 0)
(-7.89589e-15 -3.3596e-16 0)
(-3.86391e-15 1.67998e-15 0)
(-1.00804e-15 -1.0079e-15 0)
(-1.34395e-15 2.35194e-15 0)
(-2.01593e-15 2.01606e-15 0)
(-3.3595e-16 2.35192e-15 0)
(-2.24505e-21 -1.67987e-15 0)
(-1.67997e-15 3.35932e-16 0)
(-4.87193e-15 -3.35992e-15 0)
(4.03184e-15 2.68792e-15 0)
(-3.52789e-15 6.71956e-16 0)
(-1.17589e-15 -4.36788e-15 0)
(2.51983e-15 4.36793e-15 0)
(1.67969e-16 1.10878e-14 0)
(-1.67974e-16 5.71192e-15 0)
(3.52788e-15 5.71194e-15 0)
(-6.55178e-15 6.38387e-15 0)
(8.06378e-15 -6.71884e-16 0)
(-5.87985e-15 7.3918e-15 0)
(3.35947e-16 4.03191e-15 0)
(-2.01593e-15 2.68792e-15 0)
(1.67996e-15 2.68793e-15 0)
(5.03986e-15 8.06385e-15 0)
(-5.03946e-16 9.74372e-15 0)
(-1.00794e-15 3.56529e-20 0)
(-3.19196e-15 -4.70377e-15 0)
(3.19193e-15 1.00799e-15 0)
(1.17602e-15 3.36051e-16 0)
(-6.21587e-15 1.34399e-15 0)
(-5.0402e-16 -3.35921e-16 0)
(-6.55194e-15 -1.00789e-15 0)
(-8.40031e-16 6.04789e-15 0)
(-5.03965e-16 3.02393e-15 0)
(-1.68048e-16 4.47264e-20 0)
(6.71974e-16 1.17596e-14 0)
(1.34396e-15 6.72061e-16 0)
(5.03982e-16 5.03984e-15 0)
(1.67996e-15 1.91517e-14 0)
(-5.37589e-15 -4.36787e-15 0)
(1.68007e-16 1.00798e-15 0)
(-1.84799e-15 -1.34393e-15 0)
(1.22637e-14 1.00796e-15 0)
(-1.20957e-14 2.01596e-15 0)
(-2.18398e-15 5.03998e-15 0)
(1.68029e-16 4.36793e-15 0)
(-5.03944e-16 -6.71903e-16 0)
(-1.51207e-15 3.02401e-15 0)
(-2.8559e-15 2.3519e-15 0)
(1.34389e-15 -5.3758e-15 0)
(-1.51189e-15 6.71957e-16 0)
(-2.18399e-15 -3.35983e-15 0)
(5.0399e-16 -3.6959e-15 0)
(2.184e-15 3.02395e-15 0)
(8.39984e-16 -2.01583e-15 0)
(1.00794e-15 8.73581e-15 0)
(-1.67995e-15 1.00797e-14 0)
(5.04043e-16 1.34399e-15 0)
(3.35985e-15 7.05579e-15 0)
(5.04005e-16 6.04795e-15 0)
(3.86392e-15 3.69589e-15 0)
(-8.23189e-15 7.39179e-15 0)
(2.35196e-15 1.68004e-15 0)
(2.85592e-15 1.34399e-15 0)
(-4.03191e-15 1.00795e-15 0)
(-1.68009e-16 -5.71168e-15 0)
(1.34398e-15 3.69585e-15 0)
(-2.01598e-15 -3.35988e-15 0)
(1.67999e-16 -1.27676e-14 0)
(3.3599e-15 1.34392e-15 0)
(-2.18395e-15 1.67998e-15 0)
(-2.01596e-15 -1.34398e-15 0)
(3.36052e-16 -2.68791e-15 0)
(3.35923e-16 -6.71959e-16 0)
(-1.34401e-15 -3.02391e-15 0)
(1.67993e-15 3.35994e-16 0)
(3.19189e-15 2.01591e-15 0)
(-4.19981e-15 8.73586e-15 0)
(-6.10173e-20 1.68001e-15 0)
(1.68041e-16 -1.00797e-15 0)
(-1.68072e-16 -3.35961e-16 0)
(6.72027e-16 4.36786e-15 0)
(-3.35992e-16 2.35201e-15 0)
(1.67997e-15 1.67998e-15 0)
(5.03994e-16 6.71952e-16 0)
(-4.03189e-15 -6.04782e-15 0)
(1.84794e-15 -6.71859e-16 0)
(4.19992e-15 -3.36002e-16 0)
(-5.03987e-15 -6.71978e-15 0)
(3.35973e-16 -2.68794e-15 0)
(2.35189e-15 4.63118e-20 0)
(-5.71185e-15 -4.36782e-15 0)
(-1.84798e-15 -2.35198e-15 0)
(-1.84801e-15 5.71196e-15 0)
(-1.00801e-15 3.69599e-15 0)
(1.17602e-15 1.00791e-15 0)
(-3.35997e-16 -3.3596e-16 0)
(1.00798e-15 8.39986e-15 0)
(-4.36793e-15 4.36789e-15 0)
(-6.72007e-16 4.70388e-15 0)
(-1.67994e-15 2.68797e-15 0)
(-3.36041e-16 2.01598e-15 0)
(4.19997e-15 3.69588e-15 0)
(-3.36001e-15 1.67996e-15 0)
(-5.20788e-15 -2.68789e-15 0)
(-4.36789e-15 -6.71998e-16 0)
(1.51198e-15 -6.71978e-15 0)
(4.87178e-15 6.04792e-15 0)
(-2.68785e-15 1.34398e-15 0)
(6.71975e-16 1.34397e-15 0)
(-2.85591e-15 1.008e-15 0)
(2.18389e-15 2.016e-15 0)
(3.02393e-15 3.69588e-15 0)
(-1.67919e-16 1.00796e-15 0)
(6.72005e-16 -1.67989e-15 0)
(2.01591e-15 4.70388e-15 0)
(1.84799e-15 7.7277e-15 0)
(2.68798e-15 -3.3593e-16 0)
(-5.87994e-15 4.70388e-15 0)
(-2.18393e-15 7.05583e-15 0)
(-4.36789e-15 3.35995e-15 0)
(-1.00804e-15 3.69598e-15 0)
(-1.6801e-15 7.05588e-15 0)
(-3.35943e-16 3.69589e-15 0)
(-2.35196e-15 1.67999e-15 0)
(4.1999e-15 -3.35946e-16 0)
(-1.67978e-16 -3.35991e-15 0)
(5.03984e-16 4.03187e-15 0)
(1.68022e-16 6.71984e-15 0)
(3.5279e-15 6.72043e-16 0)
(-5.03994e-16 -1.00802e-15 0)
(1.67998e-15 -1.00796e-15 0)
(-1.17596e-15 3.35994e-15 0)
(6.72025e-16 7.54806e-20 0)
(-3.528e-15 4.36781e-15 0)
(2.01592e-15 -6.71907e-16 0)
(-3.86394e-15 2.01591e-15 0)
(-3.86381e-15 6.77228e-20 0)
(8.23178e-15 -6.7201e-16 0)
(-6.55192e-15 1.00796e-15 0)
(1.00797e-15 -2.01591e-15 0)
(-5.03927e-16 3.69591e-15 0)
(1.67996e-15 6.72051e-16 0)
(2.18396e-15 -2.0159e-15 0)
(2.35195e-15 1.67987e-15 0)
(-1.67993e-15 3.36016e-16 0)
(-1.34395e-15 -7.05572e-15 0)
(3.52792e-15 2.01592e-15 0)
(-1.51195e-15 6.72026e-16 0)
(8.39917e-16 -4.36785e-15 0)
(-2.68793e-15 1.00799e-15 0)
(-5.04069e-16 5.37589e-15 0)
(-7.55984e-15 -3.6959e-15 0)
(5.0398e-16 -2.35187e-15 0)
(-3.35997e-15 3.36051e-16 0)
(-5.54388e-15 5.71186e-15 0)
(2.6879e-15 5.37591e-15 0)
(2.0159e-15 -1.00798e-14 0)
(-5.87985e-15 -1.67994e-15 0)
(1.17598e-15 -3.35988e-15 0)
(-1.51192e-15 -3.35932e-16 0)
(3.3599e-15 -2.01589e-15 0)
(5.04016e-16 5.32575e-20 0)
(1.84793e-15 3.35993e-15 0)
(-7.55988e-15 6.72046e-16 0)
(1.17598e-15 5.03984e-15 0)
(-3.35992e-15 1.34403e-15 0)
(4.03181e-15 5.0399e-15 0)
(4.53599e-15 -3.3595e-16 0)
(-5.03988e-15 6.72013e-16 0)
(-1.176e-15 5.71181e-15 0)
(3.86393e-15 -3.35919e-16 0)
(-5.71187e-15 2.35193e-15 0)
(5.71191e-15 -1.34398e-15 0)
(1.848e-15 -3.02388e-15 0)
(-2.52004e-15 6.71972e-16 0)
(2.25956e-20 1.67987e-15 0)
(-8.39958e-16 -1.34393e-15 0)
(3.35983e-15 3.02391e-15 0)
(-3.1919e-15 1.00798e-15 0)
(6.71985e-15 -1.67992e-15 0)
(-9.91179e-15 9.07177e-15 0)
(-3.19191e-15 5.71194e-15 0)
(6.88779e-15 1.34396e-15 0)
(-8.06387e-15 6.0479e-15 0)
(-5.54391e-15 2.352e-15 0)
(6.71978e-16 6.04786e-15 0)
(1.34395e-15 2.35195e-15 0)
(-8.73577e-15 -4.70391e-15 0)
(7.05582e-15 6.3838e-15 0)
(-3.35998e-16 5.03991e-15 0)
(5.0401e-16 1.00797e-14 0)
(-6.71947e-16 2.01596e-15 0)
(1.51196e-15 -6.71935e-16 0)
(-6.71992e-15 2.35197e-15 0)
(-2.59045e-20 -1.00791e-15 0)
(2.0159e-15 5.37589e-15 0)
(-2.68791e-15 2.68791e-15 0)
(1.512e-15 1.67998e-15 0)
(-1.84795e-15 -2.01592e-15 0)
(3.35961e-16 -3.35981e-15 0)
(4.0319e-15 3.35982e-16 0)
(-4.19994e-15 1.34399e-15 0)
(2.35196e-15 3.35969e-16 0)
(6.04791e-15 3.3599e-15 0)
(-7.8958e-15 -2.01594e-15 0)
(5.54386e-15 -4.70384e-15 0)
(-2.51994e-15 3.69586e-15 0)
(-1.29357e-14 -3.69588e-15 0)
(6.7196e-16 5.71181e-15 0)
(6.21586e-15 1.68001e-15 0)
(1.67994e-15 -6.71876e-16 0)
(-6.71978e-16 -4.36797e-15 0)
(-2.01596e-15 2.35203e-15 0)
(-1.84802e-15 5.7119e-15 0)
(1.17597e-15 -2.68784e-15 0)
(5.03992e-16 1.34401e-15 0)
(2.35193e-15 -7.72785e-15 0)
(2.51995e-15 1.00795e-15 0)
(1.67995e-15 -2.35187e-15 0)
(6.72018e-16 2.68799e-15 0)
(1.51203e-15 9.05993e-20 0)
(-8.40042e-16 -3.6958e-15 0)
(-5.03985e-16 2.35193e-15 0)
(-3.86397e-15 5.03987e-15 0)
(3.35992e-15 1.008e-15 0)
(-6.88786e-15 1.00793e-15 0)
(-5.04029e-16 -9.4077e-15 0)
(4.19994e-15 2.01593e-15 0)
(-4.70396e-15 7.39179e-15 0)
(1.34394e-15 1.00801e-15 0)
(-3.86386e-15 2.35191e-15 0)
(6.71973e-16 2.01593e-15 0)
(-2.51993e-15 1.34394e-15 0)
(1.67998e-15 -2.01598e-15 0)
(1.51194e-15 2.01588e-15 0)
(-3.35947e-16 -3.69594e-15 0)
(9.23983e-15 3.35993e-15 0)
(-7.72789e-15 -3.35992e-15 0)
(1.67943e-16 -8.0638e-15 0)
(-8.39843e-16 -1.68001e-15 0)
(7.0558e-15 -1.34402e-15 0)
(-2.51994e-15 -3.02388e-15 0)
(-6.04789e-15 4.36787e-15 0)
(-4.87194e-15 2.35201e-15 0)
(6.71988e-16 7.05583e-15 0)
(8.39966e-16 6.38389e-15 0)
(1.51197e-15 5.37588e-15 0)
(2.68798e-15 3.02397e-15 0)
(-2.01593e-15 2.01596e-15 0)
(-3.36009e-16 1.34397e-15 0)
(3.69586e-15 5.71191e-15 0)
(-6.21586e-15 5.37577e-15 0)
(1.63277e-20 6.71981e-16 0)
(-1.68034e-16 -5.7118e-15 0)
(3.35948e-16 1.34395e-15 0)
(-5.03994e-16 -3.35951e-16 0)
(-3.19193e-15 3.02386e-15 0)
(-8.39978e-16 3.36038e-16 0)
(-4.3679e-15 -3.35984e-15 0)
(-1.84802e-15 -1.13481e-19 0)
(2.01591e-15 -2.68792e-15 0)
(1.84796e-15 -7.72783e-15 0)
(-6.71995e-16 -4.36791e-15 0)
(3.86398e-15 -5.71187e-15 0)
(-3.5279e-15 -3.35989e-15 0)
(2.01597e-15 -2.35203e-15 0)
(7.22389e-15 -2.35187e-15 0)
(-2.35196e-15 8.73572e-15 0)
(-6.2158e-15 -2.68799e-15 0)
(9.23969e-15 -1.76076e-21 0)
(-6.71869e-16 1.67994e-15 0)
(-1.34403e-15 3.02389e-15 0)
(3.35934e-16 3.36017e-16 0)
(-5.54388e-15 -1.34393e-15 0)
(1.67996e-15 3.69593e-15 0)
(-3.3597e-16 4.3679e-15 0)
(2.48996e-20 2.016e-15 0)
(1.34397e-15 8.39986e-15 0)
(3.3599e-15 1.15648e-20 0)
(-8.39954e-16 -6.71966e-16 0)
(-4.53585e-15 2.01596e-15 0)
(-6.7199e-16 -1.34387e-15 0)
(1.84792e-15 1.34401e-15 0)
(-4.03197e-15 6.71982e-16 0)
(-4.53584e-15 1.91487e-20 0)
(6.71916e-16 -3.02387e-15 0)
(-1.176e-15 -3.35973e-16 0)
(1.67999e-15 -3.36003e-16 0)
(-8.96279e-20 3.36e-16 0)
(-5.71189e-15 1.34403e-15 0)
(-3.19198e-15 -1.34396e-15 0)
(-3.35982e-16 -1.34403e-15 0)
(-1.5119e-15 -3.35978e-16 0)
(7.72781e-15 1.00794e-15 0)
(1.00799e-15 -3.40547e-20 0)
(4.53597e-15 6.71979e-16 0)
(2.51995e-15 -2.68798e-15 0)
(-6.71991e-16 -6.71939e-16 0)
(-1.008e-15 -1.67996e-15 0)
(-1.34392e-15 -6.72009e-16 0)
(4.36789e-15 -3.02389e-15 0)
(-5.37583e-15 -2.68788e-15 0)
(1.84792e-15 -7.31257e-21 0)
(-2.01589e-15 -6.71924e-16 0)
(6.5518e-15 6.72076e-16 0)
(-1.34395e-15 1.34405e-15 0)
(2.01595e-15 1.00804e-15 0)
(-2.01594e-15 -2.35188e-15 0)
(5.03961e-16 -6.71909e-16 0)
(1.17597e-15 -1.00798e-15 0)
(3.35994e-15 2.93083e-20 0)
(6.71979e-16 2.01596e-15 0)
(-3.36011e-16 5.71189e-15 0)
(-5.37588e-15 5.71194e-15 0)
(5.20777e-15 3.02394e-15 0)
(-9.07179e-15 4.03185e-15 0)
(-3.02395e-15 2.68794e-15 0)
(4.87186e-15 -1.00793e-15 0)
(-8.06379e-15 5.71182e-15 0)
(-2.35201e-15 2.68795e-15 0)
(-5.20789e-15 3.02389e-15 0)
(8.39951e-16 -1.67988e-15 0)
(3.19188e-15 4.03187e-15 0)
(9.04106e-20 2.01599e-15 0)
(5.04058e-16 -2.68793e-15 0)
(1.05838e-14 -2.35193e-15 0)
(-5.54386e-15 1.94672e-20 0)
(2.51997e-15 -6.7199e-16 0)
(-1.51198e-15 -1.34393e-15 0)
(-1.17595e-15 -6.7202e-16 0)
(6.88786e-15 1.67999e-15 0)
(-8.40074e-16 5.03983e-15 0)
(-5.03918e-16 1.34398e-15 0)
(2.68791e-15 8.73576e-15 0)
(-4.70385e-15 2.78882e-20 0)
(-1.3823e-20 9.07166e-15 0)
(1.62438e-20 5.03991e-15 0)
(1.00795e-15 9.74378e-15 0)
(-5.37587e-15 6.7198e-15 0)
(-6.71944e-16 4.42097e-21 0)
(4.53583e-15 -6.71964e-16 0)
(-6.71932e-16 4.03194e-15 0)
(-4.36797e-15 1.68004e-15 0)
(-1.00799e-15 6.38384e-15 0)
(-3.35988e-15 2.35202e-15 0)
(-6.70033e-20 6.72068e-16 0)
(-1.34403e-15 -2.68798e-15 0)
(-1.67994e-15 3.35947e-16 0)
(1.00788e-15 -4.36787e-15 0)
(-1.67982e-16 1.00796e-15 0)
(-1.00805e-15 -5.37585e-15 0)
(-4.03189e-15 4.70386e-15 0)
(-5.04002e-16 5.71191e-15 0)
(6.04788e-15 1.00795e-15 0)
(-2.68796e-15 4.03193e-15 0)
(5.04061e-16 5.71188e-15 0)
(1.00802e-15 2.01591e-15 0)
(5.37584e-15 -3.35976e-16 0)
(-4.3679e-15 6.38372e-15 0)
(1.67991e-15 -5.37583e-15 0)
(-8.39924e-16 3.69587e-15 0)
(-2.01586e-15 -3.69591e-15 0)
(3.19194e-15 -7.05573e-15 0)
(3.1919e-15 -1.34391e-15 0)
(-1.17598e-15 6.71981e-15 0)
(3.47707e-21 -4.70374e-15 0)
(1.00795e-15 -6.7193e-16 0)
(-1.84795e-15 -4.03193e-15 0)
(-1.6906e-20 3.36041e-16 0)
(3.3599e-15 1.68002e-15 0)
(-2.01589e-15 -6.72e-16 0)
(1.67995e-15 1.34398e-15 0)
(1.67996e-15 -3.36034e-16 0)
(-1.51197e-15 -2.68786e-15 0)
(-6.72029e-16 -1.67996e-15 0)
(-6.55193e-15 2.68785e-15 0)
(6.7203e-16 -2.01589e-15 0)
(-4.00393e-20 4.03195e-15 0)
(-9.23982e-15 -1.34396e-15 0)
(5.37586e-15 6.71952e-16 0)
(-7.55983e-15 4.36792e-15 0)
(-6.72067e-16 1.00798e-15 0)
(-2.68792e-15 -6.71986e-15 0)
(3.36016e-16 -3.35987e-15 0)
(-6.72006e-16 -3.35992e-15 0)
(3.19195e-15 -2.35198e-15 0)
(6.71991e-15 -6.38384e-15 0)
(-6.71996e-16 -3.69596e-15 0)
(-6.04789e-15 -9.40773e-15 0)
(-1.34389e-15 -6.79766e-20 0)
(2.68793e-15 -2.01595e-15 0)
(7.05582e-15 6.72052e-16 0)
(8.39983e-16 8.39974e-15 0)
(2.68799e-15 6.3839e-15 0)
(2.35198e-15 -6.71901e-16 0)
(2.90035e-20 -6.72053e-16 0)
(6.71976e-16 2.35188e-15 0)
(-5.03986e-15 -3.02389e-15 0)
(-8.39985e-16 2.35193e-15 0)
(1.84796e-15 -2.688e-15 0)
(-8.40037e-16 3.02388e-15 0)
(-1.67993e-15 -3.36023e-16 0)
(7.72786e-15 -4.70389e-15 0)
(-4.70394e-15 -2.01606e-15 0)
(4.03194e-15 1.34394e-15 0)
(-9.4079e-15 -6.04782e-15 0)
(-3.36063e-16 -2.68808e-15 0)
(-1.67992e-15 4.03188e-15 0)
(-5.11512e-20 -1.67997e-15 0)
(-2.51993e-15 -8.73588e-15 0)
(2.1839e-15 -6.38387e-15 0)
(-5.87986e-15 -2.35196e-15 0)
(1.51189e-15 4.0319e-15 0)
(2.01596e-15 2.35188e-15 0)
(-3.86392e-15 -1.00802e-15 0)
(3.35997e-15 4.70391e-15 0)
(6.38392e-15 3.02389e-15 0)
(-5.03991e-15 -1.00799e-15 0)
(-4.0319e-15 3.35988e-15 0)
(1.19277e-14 -6.72024e-16 0)
(-1.51187e-15 -3.35963e-16 0)
(-1.17588e-15 3.69585e-15 0)
(-5.54385e-15 3.36122e-16 0)
(4.03193e-15 -2.68794e-15 0)
(8.56783e-15 5.03987e-15 0)
(2.01592e-15 -3.35986e-15 0)
(1.17597e-15 -1.34392e-15 0)
(6.0478e-15 -2.01603e-15 0)
(-2.01596e-15 -6.38386e-15 0)
(-5.03974e-16 3.02393e-15 0)
(-3.02392e-15 -1.00798e-14 0)
(1.51196e-15 -9.74384e-15 0)
(-2.01594e-15 -1.68008e-15 0)
(-2.35197e-15 -6.72029e-16 0)
(3.19192e-15 -3.69592e-15 0)
(-8.06387e-15 -1.00803e-15 0)
(-3.52795e-15 -7.39182e-15 0)
(-3.36044e-16 -9.40785e-15 0)
(-1.84801e-15 -1.68012e-15 0)
(-3.36009e-16 -2.68795e-15 0)
(-1.51196e-15 -1.00811e-15 0)
(1.5119e-15 -3.36022e-16 0)
(-5.71181e-15 -7.39188e-15 0)
(8.39959e-16 -4.70391e-15 0)
(-4.03189e-15 -2.35194e-15 0)
(3.69589e-15 -4.03196e-15 0)
(2.85603e-15 -4.36789e-15 0)
(-2.01602e-15 -1.00801e-15 0)
(6.71971e-16 -9.07187e-15 0)
(-6.71838e-16 -3.35987e-15 0)
(9.7437e-15 2.68784e-15 0)
(4.03197e-15 -4.03182e-15 0)
(6.21588e-15 1.17596e-14 0)
(1.67999e-15 -2.01596e-15 0)
(-3.86386e-15 -3.69593e-15 0)
(-2.0159e-15 1.34396e-15 0)
(-5.03963e-16 2.01585e-15 0)
(-3.35946e-16 -4.36794e-15 0)
(-3.35988e-15 3.35956e-16 0)
(5.03947e-16 -6.72029e-16 0)
(3.35932e-16 -1.00807e-15 0)
(1.00801e-15 -2.68801e-15 0)
(-5.04045e-16 -8.39992e-15 0)
(-6.04789e-15 -1.67997e-14 0)
(-5.20793e-15 6.71862e-16 0)
(2.1839e-15 1.67985e-15 0)
(8.39924e-16 -1.00813e-15 0)
(-3.52788e-15 1.67985e-15 0)
(-2.85596e-15 -1.20957e-14 0)
(-2.68797e-15 -2.35206e-15 0)
(-2.3519e-15 -8.06383e-15 0)
(1.67955e-16 -3.35999e-15 0)
(1.67993e-15 -3.69594e-15 0)
(-2.01593e-15 6.71954e-16 0)
(3.36e-16 1.67987e-15 0)
(3.02393e-15 -5.37584e-15 0)
(3.52793e-15 -7.48987e-20 0)
(-5.37586e-15 1.00795e-15 0)
(4.47401e-20 1.34404e-15 0)
(4.03184e-15 1.34387e-15 0)
(-3.69579e-15 -6.04782e-15 0)
(5.37588e-15 -4.03198e-15 0)
(7.39194e-15 -1.10876e-14 0)
(1.17597e-15 -4.36796e-15 0)
(1.68004e-16 1.67995e-15 0)
(2.18393e-15 -2.35195e-15 0)
(1.17595e-15 -4.36792e-15 0)
(5.03933e-16 -1.37758e-14 0)
(-1.17602e-15 2.35186e-15 0)
(-2.01593e-15 -3.696e-15 0)
(1.51193e-15 -3.69597e-15 0)
(2.68796e-15 -3.6961e-15 0)
(1.51196e-15 -1.04158e-14 0)
(-1.10878e-14 5.03979e-15 0)
(1.00794e-15 -6.7199e-15 0)
(-1.34404e-15 -8.06383e-15 0)
(-8.56775e-15 -8.0639e-15 0)
(4.36787e-15 -1.31038e-14 0)
(1.00794e-15 -6.72183e-16 0)
(-3.36045e-16 -6.71945e-16 0)
(1.17598e-15 -6.7212e-16 0)
(-1.34395e-15 -3.35999e-15 0)
(2.18396e-15 -5.37592e-15 0)
(2.01596e-15 -3.36002e-15 0)
(2.18394e-15 -3.02393e-15 0)
(1.17605e-15 -3.36062e-16 0)
(-3.3595e-16 -3.0239e-15 0)
(2.01592e-15 -4.36786e-15 0)
(-5.03995e-16 2.35201e-15 0)
(5.87989e-15 3.35998e-15 0)
(-6.7196e-16 -6.71984e-15 0)
(3.3605e-16 1.34391e-15 0)
(7.89582e-15 1.00793e-15 0)
(-2.18387e-15 6.71986e-16 0)
(-3.35982e-15 -7.72782e-15 0)
(2.01592e-15 -3.35971e-16 0)
(-3.34903e-21 -6.38391e-15 0)
(-2.35189e-15 -3.36104e-16 0)
(-1.68056e-16 -1.04158e-14 0)
(-8.40037e-16 -1.57916e-14 0)
(-1.00798e-14 -4.36802e-15 0)
(8.39958e-16 -1.31037e-14 0)
(-1.84799e-15 -7.392e-15 0)
(3.69587e-15 -1.31038e-14 0)
(-3.36021e-16 -1.47838e-14 0)
(-5.03984e-15 -1.31039e-14 0)
(6.55174e-15 -1.00799e-14 0)
(-2.68793e-15 -1.20958e-14 0)
(-1.14238e-14 -6.38394e-15 0)
(-1.67998e-15 -5.03989e-15 0)
(5.04014e-16 -7.05583e-15 0)
(-3.36002e-16 -4.03197e-15 0)
(3.02399e-15 -6.72074e-16 0)
(1.34398e-15 -5.71185e-15 0)
(1.84801e-15 -7.39187e-15 0)
(1.00802e-15 -6.72013e-16 0)
(2.68797e-15 2.01592e-15 0)
(8.39997e-16 6.04786e-15 0)
(-4.03192e-15 1.34396e-14 0)
(-1.00792e-15 2.016e-15 0)
(4.03187e-15 6.71978e-15 0)
(-3.35902e-16 -3.35987e-15 0)
(3.02399e-15 3.35931e-16 0)
(5.54387e-15 3.02395e-15 0)
(1.04157e-14 5.37586e-15 0)
(6.72017e-16 1.34391e-15 0)
(8.39957e-16 -5.37595e-15 0)
(-2.35202e-15 -1.34404e-15 0)
(-6.88786e-15 3.35937e-16 0)
(-1.34402e-15 -1.69522e-19 0)
(-5.54398e-15 -1.34404e-15 0)
(1.84799e-15 -1.68011e-15 0)
(-3.52799e-15 -3.02403e-15 0)
(5.03996e-16 -4.70401e-15 0)
(-7.39181e-15 -6.04799e-15 0)
(3.35983e-15 -5.04003e-15 0)
(-6.04783e-15 -6.38399e-15 0)
(1.17599e-15 -1.6801e-15 0)
(1.51191e-15 -6.04787e-15 0)
(-3.35982e-16 -1.34406e-15 0)
(3.19192e-15 -1.34406e-15 0)
(3.73227e-20 -3.35993e-15 0)
(3.19192e-15 -3.3599e-15 0)
(1.34406e-15 -1.34403e-15 0)
(2.01594e-15 -6.72044e-16 0)
(5.87989e-15 -6.72009e-16 0)
(6.88792e-15 2.74954e-20 0)
(2.85592e-15 7.30681e-20 0)
(-3.69588e-15 1.1641e-19 0)
(5.71187e-15 6.72046e-16 0)
(-1.17585e-15 1.00801e-15 0)
(4.53582e-15 8.19863e-21 0)
(6.38395e-15 7.07325e-21 0)
(-5.20788e-15 -1.34393e-15 0)
(5.04021e-16 -1.34394e-15 0)
(-3.35977e-16 6.71983e-16 0)
(8.3995e-16 -5.03994e-15 0)
(-8.56785e-15 -9.07181e-15 0)
(-3.192e-15 -6.04795e-15 0)
(-3.02397e-15 -1.04158e-14 0)
(-5.20793e-15 -5.71192e-15 0)
(-5.04001e-16 -7.39186e-15 0)
(8.39931e-16 -7.39188e-15 0)
(-3.86395e-15 -1.00796e-15 0)
(3.52794e-15 -6.04793e-15 0)
(-2.51996e-15 -5.71193e-15 0)
(3.02395e-15 -5.71186e-15 0)
(3.02388e-15 -2.68795e-15 0)
(8.58296e-20 2.01593e-15 0)
(-3.369e-20 2.68791e-15 0)
(5.47014e-20 1.008e-15 0)
(2.18394e-15 2.35197e-15 0)
(-2.35193e-15 6.04785e-15 0)
(1.84801e-15 -7.06712e-21 0)
(1.68011e-16 -2.01595e-15 0)
(6.88787e-15 -4.3679e-15 0)
(1.8481e-15 1.67995e-15 0)
(2.85596e-15 3.69586e-15 0)
(2.26222e-20 -1.00796e-15 0)
(-3.35963e-16 4.03185e-15 0)
(1.12557e-14 3.36111e-16 0)
(-4.19978e-15 3.35989e-15 0)
(5.20786e-15 -5.37581e-15 0)
(-3.02396e-15 4.36786e-15 0)
(-1.67989e-15 -2.01599e-15 0)
(3.35983e-16 -6.71964e-16 0)
(6.71949e-16 2.68788e-15 0)
(-5.54391e-15 -8.06389e-15 0)
(-8.40043e-16 -5.06854e-20 0)
(-2.01601e-15 3.35972e-16 0)
(-3.19193e-15 -2.35199e-15 0)
(-8.40032e-16 4.03188e-15 0)
(-1.84795e-15 -6.72023e-16 0)
(-4.19996e-15 -2.35203e-15 0)
(-6.71991e-16 -1.00799e-15 0)
(-2.51992e-15 -2.35198e-15 0)
(1.84798e-15 2.68785e-15 0)
(-2.85587e-15 3.35969e-16 0)
(6.21581e-15 -3.36006e-16 0)
(3.19194e-15 -1.00797e-15 0)
(1.00801e-15 -3.35988e-15 0)
(1.00799e-15 1.34392e-15 0)
(-1.84796e-15 1.008e-15 0)
(4.53585e-15 1.64975e-20 0)
(-6.71872e-16 3.3599e-15 0)
(2.01604e-15 -1.00797e-15 0)
(1.17597e-14 -1.50577e-20 0)
(1.67999e-15 -5.37583e-15 0)
(1.35766e-20 1.00797e-15 0)
(5.04045e-16 -1.00791e-15 0)
(-1.51191e-15 4.36781e-15 0)
(4.36792e-15 3.35999e-15 0)
(-2.51991e-15 7.0558e-15 0)
(1.68009e-16 -2.01592e-15 0)
(7.39179e-15 -1.00793e-15 0)
(1.17599e-15 1.00792e-15 0)
(-1.00796e-15 -1.00794e-15 0)
(1.34385e-15 -4.70398e-15 0)
(-3.86385e-15 -4.03195e-15 0)
(-1.68002e-15 2.01587e-15 0)
(-6.72072e-16 -4.7039e-15 0)
(-6.38383e-15 1.00793e-15 0)
(2.18387e-15 -2.0159e-15 0)
(8.40063e-16 -2.68797e-15 0)
(-1.68025e-16 -3.696e-15 0)
(4.19989e-15 -4.48683e-21 0)
(6.71979e-16 -3.35994e-15 0)
(-2.35195e-15 -2.35194e-15 0)
(1.84801e-15 1.34392e-15 0)
(-2.18395e-15 -5.71187e-15 0)
(1.34396e-15 5.71179e-15 0)
(3.86394e-15 -1.34394e-15 0)
(-2.01592e-15 -4.36786e-15 0)
(5.04088e-16 2.35195e-15 0)
(4.36783e-15 1.34398e-15 0)
(6.38387e-15 3.36012e-16 0)
(4.53608e-15 -3.36007e-16 0)
(-1.34396e-15 -3.36013e-16 0)
(-3.69588e-15 -5.03991e-15 0)
(8.23178e-15 -2.016e-15 0)
(-2.51987e-15 -9.07169e-15 0)
(9.23971e-15 6.38384e-15 0)
(-4.36784e-15 -5.03989e-15 0)
(4.1999e-15 -3.56352e-20 0)
(-4.87181e-15 -1.00805e-15 0)
(4.36786e-15 -2.68789e-15 0)
(-6.72004e-16 6.71812e-16 0)
(-6.21583e-15 2.01596e-15 0)
(1.17594e-15 -7.39195e-15 0)
(-1.68002e-15 -2.01592e-15 0)
(-5.0398e-15 2.01591e-15 0)
(4.19982e-15 -1.3439e-15 0)
(-5.20784e-15 1.00793e-15 0)
(3.35987e-15 -3.36018e-16 0)
(-2.85592e-15 -3.02387e-15 0)
(6.72002e-16 -4.70393e-15 0)
(1.84795e-15 -1.34396e-15 0)
(3.36017e-16 -6.72049e-16 0)
(3.36003e-16 -5.71182e-15 0)
(1.34395e-15 3.02382e-15 0)
(-5.03959e-16 -8.06381e-15 0)
(-1.67935e-16 -1.34399e-15 0)
(3.69583e-15 -2.01604e-15 0)
(5.87993e-15 -2.48908e-20 0)
(-4.53584e-15 1.34395e-15 0)
(3.36003e-15 2.68787e-15 0)
(5.20788e-15 -2.68792e-15 0)
(-3.35958e-16 5.0398e-15 0)
(6.0478e-15 -6.0479e-15 0)
(-1.00787e-15 4.36786e-15 0)
(4.87188e-15 8.73577e-15 0)
(-4.70375e-15 3.36e-16 0)
(5.0398e-15 -2.01587e-15 0)
(-2.68793e-15 -2.35195e-15 0)
(2.52e-15 -3.3599e-16 0)
(-2.01592e-15 -2.01598e-15 0)
(1.67991e-15 -7.72772e-15 0)
(-3.35995e-15 -3.35996e-15 0)
(-3.86392e-15 -6.04785e-15 0)
(1.17594e-15 6.71918e-16 0)
(-1.67992e-16 -1.34399e-15 0)
(1.51193e-15 1.00795e-15 0)
(-7.05592e-15 3.01036e-20 0)
(-2.18396e-15 -3.6959e-15 0)
(6.38389e-15 3.35979e-15 0)
(-4.19992e-15 1.00797e-15 0)
(3.69594e-15 -1.00011e-19 0)
(1.00798e-15 -3.02394e-15 0)
(6.72006e-16 -5.37594e-15 0)
(-6.71985e-16 -1.10878e-14 0)
(2.85596e-15 -1.67991e-15 0)
(-2.35198e-15 -5.85717e-20 0)
(-3.02382e-15 -3.02402e-15 0)
(4.36783e-15 -5.37586e-15 0)
(2.18399e-15 -4.70388e-15 0)
(7.72789e-15 -1.00801e-15 0)
(5.04077e-16 -3.02398e-15 0)
(8.39909e-16 -6.38386e-15 0)
(-5.20783e-15 -1.68002e-15 0)
(6.55184e-15 -5.37591e-15 0)
(-1.67901e-16 -3.35995e-16 0)
(4.19987e-15 -1.00789e-15 0)
(1.84806e-15 5.37574e-15 0)
(-2.18393e-15 1.00795e-15 0)
(1.31037e-14 -4.03186e-15 0)
(1.00798e-15 -3.35991e-15 0)
(1.00796e-15 2.35183e-15 0)
(-2.184e-15 8.06377e-15 0)
(2.19773e-20 -1.67992e-15 0)
(-4.87193e-15 -1.34398e-15 0)
(2.184e-15 -5.37587e-15 0)
(1.00793e-15 -1.67995e-15 0)
(-9.2398e-15 2.35188e-15 0)
(-2.01601e-15 -4.704e-15 0)
(2.01595e-15 -4.36787e-15 0)
(-2.18392e-15 -7.72781e-15 0)
(3.35995e-15 -6.38391e-15 0)
(-1.00796e-15 -5.69246e-20 0)
(1.17597e-15 3.35969e-16 0)
(-4.03193e-15 5.71188e-15 0)
(7.72783e-15 7.72772e-15 0)
(-4.03188e-15 -6.38385e-15 0)
(8.90376e-15 -4.36794e-15 0)
(-3.69581e-15 -2.01606e-15 0)
(-1.17592e-15 -6.72004e-16 0)
(9.7438e-15 -3.02397e-15 0)
(5.87991e-15 -8.06383e-15 0)
(-1.10878e-14 -3.69598e-15 0)
(1.84796e-15 -1.68008e-15 0)
(1.68004e-15 -1.27676e-14 0)
(7.2238e-15 3.35875e-16 0)
(1.68067e-16 1.34392e-15 0)
(4.53592e-15 -7.05577e-15 0)
(-1.84798e-15 -3.02396e-15 0)
(-3.02379e-15 5.37576e-15 0)
(-2.35441e-20 2.01593e-15 0)
(1.84793e-15 -8.06383e-15 0)
(-7.89579e-15 -6.04781e-15 0)
(6.71986e-15 3.02375e-15 0)
(-2.51993e-15 -3.0239e-15 0)
(4.70392e-15 -2.68803e-15 0)
(-3.36076e-16 3.35898e-16 0)
(-6.38394e-15 -5.03991e-15 0)
(-2.51994e-15 -6.38393e-15 0)
(-1.68034e-16 -3.36079e-16 0)
(-3.36022e-16 6.71738e-16 0)
(6.21591e-15 -3.69589e-15 0)
(5.04028e-16 -4.36799e-15 0)
(-1.34394e-15 -2.01605e-15 0)
(-3.8639e-15 -1.51198e-14 0)
(-1.84799e-15 -9.07177e-15 0)
(3.8639e-15 -1.04392e-19 0)
(-2.68783e-15 -1.07518e-14 0)
(8.3997e-15 -3.02401e-15 0)
(1.68066e-16 -4.36798e-15 0)
(-2.01582e-15 -5.71193e-15 0)
(7.55978e-15 3.02381e-15 0)
(-6.71979e-16 -4.03195e-15 0)
(-2.1839e-15 -6.71915e-16 0)
(6.71985e-15 3.35972e-15 0)
(1.68117e-16 -1.00797e-14 0)
(5.7119e-15 1.67994e-15 0)
(2.01602e-15 -6.72035e-16 0)
(-6.71998e-16 -2.35194e-15 0)
(2.18391e-15 -6.71957e-16 0)
(-1.17595e-15 -2.01592e-15 0)
(3.3599e-15 -2.352e-15 0)
(-4.36793e-15 -2.68798e-15 0)
(8.39978e-16 -5.37574e-15 0)
(2.0159e-15 5.03976e-15 0)
(-2.52e-15 -3.02394e-15 0)
(-8.7357e-15 -7.72787e-15 0)
(-1.681e-16 -7.056e-15 0)
(-2.32875e-20 -9.07176e-15 0)
(-4.53591e-15 -2.35205e-15 0)
(-1.17596e-15 -1.20957e-14 0)
(-1.51198e-15 -6.72171e-16 0)
(4.87187e-15 -1.00798e-14 0)
(3.02399e-15 -1.34408e-15 0)
(4.87182e-15 -4.70383e-15 0)
(-4.19981e-15 3.69577e-15 0)
(-1.17597e-15 -3.35994e-15 0)
(5.20785e-15 2.35186e-15 0)
(3.36188e-16 -4.36792e-15 0)
(5.37584e-15 -1.67998e-15 0)
(4.87187e-15 -6.71983e-15 0)
(-8.3986e-16 -1.34396e-15 0)
(6.71984e-16 -7.72782e-15 0)
(6.71994e-16 -4.03195e-15 0)
(7.89589e-15 -7.0558e-15 0)
(3.02393e-15 -6.38396e-15 0)
(3.86394e-15 -4.36795e-15 0)
(1.512e-15 6.71927e-16 0)
(1.176e-15 -4.39619e-20 0)
(-1.6793e-16 -3.02388e-15 0)
(-6.71985e-16 1.67993e-15 0)
(2.01599e-15 -2.68797e-15 0)
(3.19186e-15 -3.35998e-15 0)
(-1.07517e-14 3.35982e-15 0)
(1.00794e-15 -1.00797e-14 0)
(-3.86392e-15 -3.69602e-15 0)
(1.00785e-15 -1.00799e-14 0)
(-1.344e-15 -1.04158e-14 0)
(-3.52791e-15 -2.68816e-15 0)
(-3.36e-15 -8.3999e-15 0)
(6.72026e-16 -5.04005e-15 0)
(1.67993e-16 -7.3918e-15 0)
(1.68007e-15 -5.37595e-15 0)
(2.85588e-15 -5.37589e-15 0)
(-6.71863e-16 2.35186e-15 0)
(7.39178e-15 -1.14237e-14 0)
(-6.38384e-15 -2.01602e-15 0)
(1.00797e-15 -1.00797e-15 0)
(7.55977e-15 -2.01603e-15 0)
(5.04179e-16 -6.72003e-16 0)
(1.84799e-15 7.39176e-15 0)
(5.03993e-15 1.00798e-15 0)
(1.67995e-15 2.01591e-15 0)
(2.68798e-15 7.05578e-15 0)
(-6.71919e-16 4.36784e-15 0)
(1.34404e-15 -2.01594e-15 0)
(1.68035e-16 -2.68794e-15 0)
(6.04793e-15 -5.37587e-15 0)
(-3.36006e-16 -4.03188e-15 0)
(5.54386e-15 6.04787e-15 0)
(3.35999e-16 3.35968e-16 0)
(1.51198e-15 -2.68795e-15 0)
(-3.69602e-15 2.35193e-15 0)
(-5.71187e-15 -1.00793e-15 0)
(6.71862e-16 -3.36036e-16 0)
(-8.23179e-15 1.00791e-15 0)
(-3.3605e-16 -6.72048e-16 0)
(-5.54391e-15 -2.352e-15 0)
(1.67995e-15 -2.68797e-15 0)
(-2.35195e-15 -8.06385e-15 0)
(1.00801e-15 -3.35995e-15 0)
(-3.3601e-16 -1.34404e-15 0)
(3.1919e-15 2.68787e-15 0)
(-3.35884e-16 2.68785e-15 0)
(8.56781e-15 6.7208e-16 0)
(-1.51194e-15 2.35191e-15 0)
(3.19193e-15 -1.34393e-15 0)
(-4.87189e-15 3.36044e-16 0)
(8.40132e-16 -1.00793e-15 0)
(1.02477e-14 1.344e-15 0)
(5.03989e-15 3.66074e-20 0)
(2.01605e-15 3.35998e-16 0)
(-3.35978e-16 -6.71917e-16 0)
(1.51201e-15 -6.71932e-16 0)
(4.87193e-15 6.54937e-20 0)
(1.67996e-15 2.68787e-15 0)
(4.2e-15 1.00794e-15 0)
(1.10877e-14 1.00794e-15 0)
(-1.00797e-14 2.68788e-15 0)
(5.20786e-15 4.70382e-15 0)
(-5.0397e-16 1.00796e-15 0)
(1.67992e-16 -6.71991e-16 0)
(-6.04793e-15 -2.01593e-15 0)
(-2.01604e-15 3.35916e-16 0)
(-3.69595e-15 -6.72021e-16 0)
(-1.84802e-15 -8.73575e-15 0)
(-5.20793e-15 -5.03989e-15 0)
(-5.0399e-15 3.3599e-15 0)
(3.02393e-15 -1.67997e-15 0)
(3.02399e-15 1.67995e-15 0)
(2.0159e-15 3.02387e-15 0)
(-2.35192e-15 -1.00793e-15 0)
(2.85601e-15 4.36801e-15 0)
(2.35193e-15 -5.03976e-15 0)
(-5.3759e-15 6.71969e-15 0)
(4.70391e-15 5.71188e-15 0)
(2.01602e-15 1.67996e-15 0)
(3.02392e-15 5.71179e-15 0)
(3.35998e-15 3.69598e-15 0)
(4.03199e-15 3.35989e-15 0)
(6.30861e-20 -1.34393e-15 0)
(3.02393e-15 -6.71946e-16 0)
(-1.00793e-15 3.3598e-15 0)
(3.02392e-15 -5.0399e-15 0)
(1.51197e-15 1.67987e-15 0)
(-1.00788e-15 -6.04784e-15 0)
(8.39976e-15 -4.70396e-15 0)
(-2.85578e-15 -2.68796e-15 0)
(3.35928e-16 -3.02393e-15 0)
(2.18395e-15 -8.73573e-15 0)
(-1.67991e-15 -6.71988e-15 0)
(-3.02395e-15 -3.36028e-16 0)
(-4.704e-15 2.35185e-15 0)
(-2.85591e-15 -5.37585e-15 0)
(-5.20795e-15 1.00798e-15 0)
(-1.84796e-15 5.71179e-15 0)
(-2.35204e-15 4.70388e-15 0)
(-2.352e-15 -1.67993e-15 0)
(1.68016e-16 -2.3519e-15 0)
(2.18393e-15 -3.36043e-16 0)
(2.18404e-15 6.72146e-16 0)
(6.04788e-15 4.36785e-15 0)
(3.52792e-15 -2.68794e-15 0)
(-2.5199e-15 4.70388e-15 0)
(-6.04792e-15 -3.69576e-15 0)
(-1.17594e-15 -3.35996e-15 0)
(3.02404e-15 1.68002e-15 0)
(5.37583e-15 2.35212e-15 0)
(5.03995e-15 7.72782e-15 0)
(1.00806e-15 2.35204e-15 0)
(3.36007e-16 -6.71922e-16 0)
(2.18394e-15 3.02392e-15 0)
(1.51193e-15 -3.35985e-15 0)
(-1.67919e-16 -3.36045e-16 0)
(8.39988e-16 5.87362e-20 0)
(-1.00794e-15 2.68784e-15 0)
(1.848e-15 -7.72781e-15 0)
(8.23182e-15 3.35988e-15 0)
(-3.35999e-16 -5.37589e-15 0)
(-5.03916e-16 2.68777e-15 0)
(4.03188e-15 -9.40767e-15 0)
(1.67958e-16 -1.34401e-15 0)
(-2.51987e-15 -4.7039e-15 0)
(1.67915e-16 -3.35993e-15 0)
(-2.016e-15 1.00794e-15 0)
(-2.5171e-20 -7.05579e-15 0)
(-6.55187e-15 6.38392e-15 0)
(-2.51999e-15 8.39978e-15 0)
(8.40003e-16 -1.67997e-15 0)
(3.3597e-16 4.70395e-15 0)
(3.36112e-16 6.04781e-15 0)
(1.51192e-15 1.344e-15 0)
(1.51197e-15 2.68789e-15 0)
(-5.03947e-16 -3.02398e-15 0)
(1.17593e-15 2.68783e-15 0)
(1.51196e-15 -3.02386e-15 0)
(5.20796e-15 2.01593e-15 0)
(1.84804e-15 1.67994e-15 0)
(4.19997e-15 3.02403e-15 0)
(3.69595e-15 1.34399e-15 0)
(5.03964e-16 6.71982e-15 0)
(-1.84792e-15 2.68797e-15 0)
(-6.71987e-16 6.71963e-16 0)
(2.01595e-15 -8.39982e-15 0)
(1.00799e-15 -4.36796e-15 0)
(2.51994e-15 -7.05577e-15 0)
(5.03995e-15 -1.16592e-19 0)
(-1.6799e-15 -6.7199e-16 0)
(-2.35195e-15 -6.73929e-20 0)
(5.03945e-16 -1.14237e-14 0)
(-2.35193e-15 1.00786e-15 0)
(1.34396e-15 -6.71966e-16 0)
(-3.02389e-15 -6.71985e-15 0)
(-1.17604e-15 3.3598e-16 0)
(-6.38378e-15 3.35981e-16 0)
(2.51995e-15 -3.40665e-20 0)
(-3.86393e-15 -6.71987e-16 0)
(-2.85588e-15 -5.71175e-15 0)
(-1.00791e-15 1.00793e-15 0)
(-8.3997e-16 -4.70389e-15 0)
(4.70387e-15 -1.67995e-15 0)
(2.01604e-15 -5.0398e-15 0)
(2.01596e-15 2.688e-15 0)
(-2.01604e-15 -3.02382e-15 0)
(-2.35199e-15 -2.68787e-15 0)
(6.8878e-15 2.0159e-15 0)
(2.01586e-15 1.008e-15 0)
(1.00793e-15 8.73584e-15 0)
(6.38385e-15 2.35192e-15 0)
(1.34393e-15 -6.71989e-16 0)
(-1.17592e-15 -6.71952e-16 0)
(1.67983e-16 1.67995e-15 0)
(-1.00801e-15 1.67993e-15 0)
(1.68214e-16 3.36015e-16 0)
(3.35936e-16 2.016e-15 0)
(-1.67992e-15 2.35183e-15 0)
(8.06367e-15 -3.35984e-15 0)
(1.84798e-15 -2.68792e-15 0)
(-1.67997e-15 1.44805e-20 0)
(-4.87179e-15 4.36788e-15 0)
(-1.00799e-15 -2.01592e-15 0)
)
;

boundaryField
{
    outerWall
    {
        type            noSlip;
    }
    axis
    {
        type            symmetryPlane;
    }
    nozzle
    {
        type            zeroGradient;
    }
    back
    {
        type            empty;
    }
    front
    {
        type            empty;
    }
}


// ************************************************************************* //
