/*--------------------------------*- C++ -*----------------------------------*\
| =========                 |                                                 |
| \\      /  F ield         | OpenFOAM: The Open Source CFD Toolbox           |
|  \\    /   O peration     | Version:  2412                                  |
|   \\  /    A nd           | Website:  www.openfoam.com                      |
|    \\/     M anipulation  |                                                 |
\*---------------------------------------------------------------------------*/
FoamFile
{
    version     2.0;
    format      ascii;
    arch        "LSB;label=32;scalar=64";
    class       volVectorField;
    location    "5e-05";
    object      U;
}
// * * * * * * * * * * * * * * * * * * * * * * * * * * * * * * * * * * * * * //

dimensions      [0 1 -1 0 0 0 0];

internalField   nonuniform List<vector> 
3725
(
(7.82627e-14 3.29348e-14 0)
(3.71111e-13 9.60883e-14 0)
(1.33946e-12 3.52437e-13 0)
(4.62123e-12 1.24202e-12 0)
(1.5567e-11 4.27508e-12 0)
(5.11381e-11 1.45552e-11 0)
(1.63917e-10 4.80628e-11 0)
(5.1213e-10 1.54932e-10 0)
(1.5578e-09 4.8695e-10 0)
(4.60717e-09 1.49068e-09 0)
(1.32287e-08 4.43908e-09 0)
(3.68183e-08 1.28416e-08 0)
(9.91509e-08 3.60342e-08 0)
(2.57839e-07 9.79207e-08 0)
(6.46026e-07 2.57226e-07 0)
(1.55561e-06 6.51892e-07 0)
(3.58969e-06 1.59037e-06 0)
(7.91191e-06 3.72581e-06 0)
(1.65928e-05 8.35902e-06 0)
(3.29635e-05 1.7905e-05 0)
(6.17072e-05 3.64919e-05 0)
(0.000108167 7.04954e-05 0)
(0.000176198 0.000128538 0)
(0.000264252 0.000220193 0)
(0.000361014 0.000352654 0)
(0.000444025 0.000525778 0)
(0.000482346 0.000727784 0)
(0.000445421 0.000932664 0)
(0.000318451 0.00110318 0)
(0.000116063 0.001201 0)
(1.50074e-13 1.15781e-13 0)
(6.11672e-13 3.54134e-13 0)
(2.19967e-12 1.24745e-12 0)
(7.59097e-12 4.39222e-12 0)
(2.55501e-11 1.51789e-11 0)
(8.39496e-11 5.12544e-11 0)
(2.69198e-10 1.69266e-10 0)
(8.41296e-10 5.45661e-10 0)
(2.55962e-09 1.7152e-09 0)
(7.57126e-09 5.251e-09 0)
(2.17419e-08 1.56374e-08 0)
(6.05147e-08 4.52362e-08 0)
(1.6296e-07 1.2693e-07 0)
(4.23733e-07 3.44897e-07 0)
(1.0615e-06 9.05894e-07 0)
(2.55547e-06 2.29544e-06 0)
(5.89513e-06 5.59885e-06 0)
(1.29884e-05 1.31133e-05 0)
(2.72272e-05 2.94114e-05 0)
(5.40632e-05 6.29777e-05 0)
(0.00010115 0.000128304 0)
(0.000177201 0.000247755 0)
(0.000288471 0.00045154 0)
(0.00043234 0.000773145 0)
(0.000590204 0.00123764 0)
(0.000725372 0.0018443 0)
(0.000787511 0.00255172 0)
(0.000726969 0.00326885 0)
(0.0005197 0.00386554 0)
(0.000189424 0.00420782 0)
(2.51935e-13 2.53632e-13 0)
(1.21468e-12 7.84664e-13 0)
(4.37134e-12 2.74785e-12 0)
(1.50587e-11 9.71103e-12 0)
(5.07188e-11 3.35728e-11 0)
(1.66714e-10 1.13554e-10 0)
(5.34722e-10 3.75115e-10 0)
(1.67158e-09 1.2095e-09 0)
(5.0868e-09 3.80242e-09 0)
(1.50488e-08 1.1642e-08 0)
(4.32177e-08 3.46709e-08 0)
(1.20288e-07 1.00295e-07 0)
(3.23896e-07 2.81396e-07 0)
(8.42062e-07 7.64494e-07 0)
(2.10894e-06 2.00754e-06 0)
(5.07534e-06 5.08535e-06 0)
(1.17031e-05 1.2399e-05 0)
(2.57714e-05 2.90268e-05 0)
(5.39911e-05 6.50679e-05 0)
(0.000107133 0.00013924 0)
(0.00020029 0.000283474 0)
(0.000350594 0.000546963 0)
(0.00057024 0.000996026 0)
(0.000853827 0.00170394 0)
(0.00116438 0.00272516 0)
(0.00142959 0.00405725 0)
(0.00155076 0.00560873 0)
(0.00143079 0.00718008 0)
(0.00102268 0.00848679 0)
(0.000372775 0.00923638 0)
(4.99455e-13 5.21525e-13 0)
(2.48726e-12 1.56186e-12 0)
(8.90582e-12 5.53679e-12 0)
(3.07134e-11 1.95385e-11 0)
(1.03426e-10 6.75738e-11 0)
(3.401e-10 2.28552e-10 0)
(1.09115e-09 7.55207e-10 0)
(3.41178e-09 2.43557e-09 0)
(1.0384e-08 7.65815e-09 0)
(3.07226e-08 2.34493e-08 0)
(8.82314e-08 6.98353e-08 0)
(2.45559e-07 2.02005e-07 0)
(6.6111e-07 5.66683e-07 0)
(1.71834e-06 1.53921e-06 0)
(4.30214e-06 4.04061e-06 0)
(1.03491e-05 1.02311e-05 0)
(2.38512e-05 2.49323e-05 0)
(5.24901e-05 5.83312e-05 0)
(0.000109887 0.000130661 0)
(0.000217868 0.000279368 0)
(0.000406942 0.000568209 0)
(0.000711615 0.0010952 0)
(0.0011562 0.00199208 0)
(0.00172919 0.0034038 0)
(0.00235519 0.00543696 0)
(0.00288805 0.00808433 0)
(0.00312963 0.0111626 0)
(0.00288551 0.0142762 0)
(0.00206192 0.0168634 0)
(0.000751615 0.0183476 0)
(1.01334e-12 1.01317e-12 0)
(4.9786e-12 2.99368e-12 0)
(1.78492e-11 1.06403e-11 0)
(6.15899e-11 3.75878e-11 0)
(2.07474e-10 1.30039e-10 0)
(6.82435e-10 4.39975e-10 0)
(2.18999e-09 1.45423e-09 0)
(6.84879e-09 4.69098e-09 0)
(2.08471e-08 1.47519e-08 0)
(6.16816e-08 4.51733e-08 0)
(1.77134e-07 1.3453e-07 0)
(4.92924e-07 3.89101e-07 0)
(1.3268e-06 1.09133e-06 0)
(3.44751e-06 2.96335e-06 0)
(8.62785e-06 7.776e-06 0)
(2.07441e-05 1.96791e-05 0)
(4.77781e-05 4.79253e-05 0)
(0.000105068 0.000112038 0)
(0.000219769 0.000250737 0)
(0.000435294 0.000535542 0)
(0.000812163 0.00108795 0)
(0.0014185 0.00209422 0)
(0.00230169 0.00380378 0)
(0.00343748 0.00648946 0)
(0.00467478 0.0103493 0)
(0.00572381 0.015364 0)
(0.00619468 0.0211825 0)
(0.0057064 0.027058 0)
(0.00407619 0.031935 0)
(0.00148589 0.0347329 0)
(2.00563e-12 1.87593e-12 0)
(9.71103e-12 5.55377e-12 0)
(3.48408e-11 1.97494e-11 0)
(1.20261e-10 6.97811e-11 0)
(4.05223e-10 2.41538e-10 0)
(1.33325e-09 8.1749e-10 0)
(4.2794e-09 2.70276e-09 0)
(1.3385e-08 8.72007e-09 0)
(4.07458e-08 2.74256e-08 0)
(1.20556e-07 8.39859e-08 0)
(3.46177e-07 2.50104e-07 0)
(9.63157e-07 7.23266e-07 0)
(2.5918e-06 2.02806e-06 0)
(6.73184e-06 5.5049e-06 0)
(1.68389e-05 1.44381e-05 0)
(4.04611e-05 3.65165e-05 0)
(9.31207e-05 8.88625e-05 0)
(0.000204599 0.00020755 0)
(0.000427515 0.00046399 0)
(0.000845779 0.000989792 0)
(0.00157595 0.00200793 0)
(0.00274848 0.00385902 0)
(0.00445263 0.00699712 0)
(0.00663833 0.0119154 0)
(0.00901106 0.0189658 0)
(0.0110129 0.0281007 0)
(0.0119002 0.0386724 0)
(0.0109499 0.0493254 0)
(0.00781808 0.0581566 0)
(0.00285003 0.0632239 0)
(3.79311e-12 3.35019e-12 0)
(1.8386e-11 9.96873e-12 0)
(6.60184e-11 3.54002e-11 0)
(2.27936e-10 1.25134e-10 0)
(7.68259e-10 4.33287e-10 0)
(2.52835e-09 1.46693e-09 0)
(8.11692e-09 4.85107e-09 0)
(2.53909e-08 1.5654e-08 0)
(7.72965e-08 4.92381e-08 0)
(2.28691e-07 1.50784e-07 0)
(6.56594e-07 4.48981e-07 0)
(1.82639e-06 1.29814e-06 0)
(4.91303e-06 3.63889e-06 0)
(1.27551e-05 9.87296e-06 0)
(3.18866e-05 2.58798e-05 0)
(7.65624e-05 6.54073e-05 0)
(0.000176053 0.000159028 0)
(0.000386414 0.000371038 0)
(0.00080645 0.000828445 0)
(0.00159325 0.00176471 0)
(0.00296408 0.00357407 0)
(0.0051604 0.0068563 0)
(0.00834399 0.0124064 0)
(0.012414 0.0210805 0)
(0.0168137 0.0334765 0)
(0.0205037 0.049485 0)
(0.0221132 0.0679535 0)
(0.0203195 0.0865179 0)
(0.0145 0.101883 0)
(0.00528634 0.110704 0)
(6.96233e-12 5.79993e-12 0)
(3.37421e-11 1.72141e-11 0)
(1.21222e-10 6.12008e-11 0)
(4.18677e-10 2.16411e-10 0)
(1.41156e-09 7.49643e-10 0)
(4.64659e-09 2.53874e-09 0)
(1.49197e-08 8.39749e-09 0)
(4.66753e-08 2.71021e-08 0)
(1.42093e-07 8.52525e-08 0)
(4.20364e-07 2.61064e-07 0)
(1.20669e-06 7.77258e-07 0)
(3.35558e-06 2.24673e-06 0)
(9.02292e-06 6.29564e-06 0)
(2.34125e-05 1.70726e-05 0)
(5.84897e-05 4.47228e-05 0)
(0.000140322 0.000112938 0)
(0.000322344 0.000274315 0)
(0.000706662 0.000639256 0)
(0.00147277 0.0014253 0)
(0.002905 0.00303109 0)
(0.00539465 0.00612728 0)
(0.00937275 0.0117291 0)
(0.0151208 0.0211734 0)
(0.0224409 0.0358843 0)
(0.0303144 0.0568306 0)
(0.0368706 0.0837771 0)
(0.0396748 0.11475 0)
(0.0363973 0.145793 0)
(0.0259579 0.171442 0)
(0.00946567 0.186182 0)
(1.23648e-11 9.6404e-12 0)
(5.99436e-11 2.86577e-11 0)
(2.15411e-10 1.01862e-10 0)
(7.44268e-10 3.60342e-10 0)
(2.51001e-09 1.2486e-09 0)
(8.26423e-09 4.2297e-09 0)
(2.65394e-08 1.39936e-08 0)
(8.30321e-08 4.51689e-08 0)
(2.52768e-07 1.42089e-07 0)
(7.47694e-07 4.35085e-07 0)
(2.14585e-06 1.29515e-06 0)
(5.96518e-06 3.74266e-06 0)
(1.60324e-05 1.0483e-05 0)
(4.15754e-05 2.84117e-05 0)
(0.000103785 7.43716e-05 0)
(0.000248757 0.000187637 0)
(0.000570792 0.000455243 0)
(0.00124965 0.00105946 0)
(0.00260033 0.00235842 0)
(0.00511974 0.0050062 0)
(0.0094876 0.0100982 0)
(0.016445 0.0192833 0)
(0.0264604 0.0347152 0)
(0.0391569 0.0586596 0)
(0.0527333 0.0926077 0)
(0.0639432 0.136086 0)
(0.068625 0.185849 0)
(0.0628386 0.235562 0)
(0.0447919 0.276564 0)
(0.0163414 0.30018 0)
(2.12197e-11 1.54003e-11 0)
(1.02904e-10 4.57883e-11 0)
(3.69982e-10 1.62857e-10 0)
(1.27873e-09 5.76357e-10 0)
(4.31359e-09 1.9978e-09 0)
(1.42054e-08 6.76944e-09 0)
(4.56241e-08 2.24003e-08 0)
(1.42747e-07 7.23117e-08 0)
(4.3453e-07 2.27475e-07 0)
(1.28516e-06 6.96481e-07 0)
(3.68737e-06 2.07283e-06 0)
(1.02465e-05 5.98798e-06 0)
(2.75247e-05 1.67641e-05 0)
(7.13289e-05 4.54063e-05 0)
(0.000177909 0.000118761 0)
(0.000425975 0.000299326 0)
(0.000976208 0.000725323 0)
(0.00213405 0.00168549 0)
(0.00443282 0.00374539 0)
(0.00870983 0.00793382 0)
(0.0161025 0.0159652 0)
(0.0278355 0.030403 0)
(0.0446531 0.0545647 0)
(0.0658602 0.0918878 0)
(0.0883841 0.144546 0)
(0.106801 0.211647 0)
(0.114282 0.288086 0)
(0.104433 0.364189 0)
(0.0744211 0.426863 0)
(0.0271774 0.463121 0)
(3.51507e-11 2.35776e-11 0)
(1.70537e-10 7.01336e-11 0)
(6.13345e-10 2.49569e-10 0)
(2.12046e-09 8.83535e-10 0)
(7.15482e-09 3.06351e-09 0)
(2.35661e-08 1.03831e-08 0)
(7.56962e-08 3.43636e-08 0)
(2.36838e-07 1.1094e-07 0)
(7.20895e-07 3.48984e-07 0)
(2.13171e-06 1.06838e-06 0)
(6.11447e-06 3.1789e-06 0)
(1.69836e-05 9.17974e-06 0)
(4.55962e-05 2.56863e-05 0)
(0.000118073 6.95243e-05 0)
(0.000294225 0.000181681 0)
(0.000703679 0.000457406 0)
(0.00161041 0.00110689 0)
(0.0035147 0.00256799 0)
(0.00728658 0.00569541 0)
(0.0142846 0.0120371 0)
(0.0263395 0.024158 0)
(0.0453947 0.0458646 0)
(0.0725741 0.0820311 0)
(0.106643 0.13762 0)
(0.142552 0.21562 0)
(0.171598 0.314471 0)
(0.183031 0.426523 0)
(0.166921 0.537738 0)
(0.118991 0.629282 0)
(0.0435347 0.682694 0)
(5.61325e-11 3.45004e-11 0)
(2.724e-10 1.02697e-10 0)
(9.80044e-10 3.65585e-10 0)
(3.38918e-09 1.29475e-09 0)
(1.14382e-08 4.49055e-09 0)
(3.76804e-08 1.5223e-08 0)
(1.21042e-07 5.03884e-08 0)
(3.78712e-07 1.62683e-07 0)
(1.15261e-06 5.11728e-07 0)
(3.40759e-06 1.56637e-06 0)
(9.77088e-06 4.65933e-06 0)
(2.7127e-05 1.34492e-05 0)
(7.27831e-05 3.76113e-05 0)
(0.000188325 0.000101725 0)
(0.00046882 0.000265576 0)
(0.00111988 0.000667834 0)
(0.00255915 0.00161378 0)
(0.00557544 0.00373745 0)
(0.0115346 0.00827187 0)
(0.0225567 0.0174394 0)
(0.0414731 0.0348996 0)
(0.0712404 0.0660385 0)
(0.113469 0.117671 0)
(0.166052 0.1966 0)
(0.221023 0.306703 0)
(0.264978 0.445454 0)
(0.281731 0.602007 0)
(0.256501 0.757105 0)
(0.183136 0.884994 0)
(0.0672358 0.96082 0)
(8.62913e-11 4.81457e-11 0)
(4.1885e-10 1.43335e-10 0)
(1.50738e-09 5.10493e-10 0)
(5.21419e-09 1.80845e-09 0)
(1.7601e-08 6.27381e-09 0)
(5.79895e-08 2.1272e-08 0)
(1.86291e-07 7.04184e-08 0)
(5.82843e-07 2.27355e-07 0)
(1.77366e-06 7.15102e-07 0)
(5.24241e-06 2.18847e-06 0)
(1.50266e-05 6.5078e-06 0)
(4.16976e-05 1.87763e-05 0)
(0.000111803 5.24767e-05 0)
(0.000289046 0.000141818 0)
(0.000718806 0.000369873 0)
(0.00171483 0.000928948 0)
(0.00391263 0.00224132 0)
(0.00850827 0.00518128 0)
(0.017563 0.0114422 0)
(0.0342554 0.0240604 0)
(0.0627888 0.0480028 0)
(0.107473 0.0905136 0)
(0.170495 0.160643 0)
(0.248417 0.267237 0)
(0.329193 0.415051 0)
(0.393076 0.600359 0)
(0.416769 0.808754 0)
(0.37916 1.01545 0)
(0.271775 1.18698 0)
(0.100403 1.29173 0)
(1.27532e-10 6.38067e-11 0)
(6.19163e-10 1.9009e-10 0)
(2.22888e-09 6.77189e-10 0)
(7.71167e-09 2.39968e-09 0)
(2.60359e-08 8.32663e-09 0)
(8.57889e-08 2.82364e-08 0)
(2.75604e-07 9.34794e-08 0)
(8.62224e-07 3.01805e-07 0)
(2.62345e-06 9.49163e-07 0)
(7.75212e-06 2.90413e-06 0)
(2.22118e-05 8.63296e-06 0)
(6.16037e-05 2.48957e-05 0)
(0.000165064 6.95342e-05 0)
(0.000426372 0.000187759 0)
(0.00105917 0.000489177 0)
(0.00252347 0.00122699 0)
(0.0057484 0.00295574 0)
(0.0124761 0.00681977 0)
(0.025694 0.0150262 0)
(0.0499772 0.0315116 0)
(0.0913131 0.0626705 0)
(0.155721 0.117743 0)
(0.246012 0.208126 0)
(0.356858 0.34473 0)
(0.470865 0.533133 0)
(0.560257 0.768448 0)
(0.593048 1.03304 0)
(0.540172 1.29735 0)
(0.390342 1.52009 0)
(0.145788 1.66337 0)
(1.80995e-10 8.00619e-11 0)
(8.78889e-10 2.38576e-10 0)
(3.16459e-09 8.50215e-10 0)
(1.09513e-08 3.01349e-09 0)
(3.69785e-08 1.04582e-08 0)
(1.21854e-07 3.54686e-08 0)
(3.91467e-07 1.17426e-07 0)
(1.22461e-06 3.79099e-07 0)
(3.7254e-06 1.19208e-06 0)
(1.10053e-05 3.64645e-06 0)
(3.15203e-05 1.08356e-05 0)
(8.73735e-05 3.12316e-05 0)
(0.000233951 8.7172e-05 0)
(0.000603778 0.000235183 0)
(0.00149823 0.000612079 0)
(0.00356476 0.00153324 0)
(0.00810722 0.00368758 0)
(0.0175611 0.00849193 0)
(0.0360819 0.0186675 0)
(0.0699887 0.0390418 0)
(0.127463 0.0774022 0)
(0.216565 0.144901 0)
(0.340735 0.255127 0)
(0.492173 0.420881 0)
(0.646983 0.648565 0)
(0.768009 0.93274 0)
(0.81345 1.25413 0)
(0.744446 1.58093 0)
(0.546288 1.8648 0)
(0.207853 2.06368 0)
(2.46418e-10 9.46313e-11 0)
(1.19678e-09 2.82075e-10 0)
(4.31006e-09 1.00551e-09 0)
(1.49177e-08 3.5646e-09 0)
(5.03772e-08 1.23726e-08 0)
(1.66015e-07 4.19645e-08 0)
(5.33327e-07 1.38934e-07 0)
(1.66821e-06 4.48506e-07 0)
(5.07396e-06 1.41011e-06 0)
(1.49848e-05 4.31229e-06 0)
(4.29007e-05 1.28094e-05 0)
(0.000118856 3.69021e-05 0)
(0.000318028 0.000102931 0)
(0.000820052 0.000277469 0)
(0.00203271 0.00072138 0)
(0.00483009 0.00180473 0)
(0.0109674 0.00433378 0)
(0.0237111 0.00996141 0)
(0.0486064 0.0218492 0)
(0.0940284 0.0455771 0)
(0.170708 0.0900881 0)
(0.289015 0.168086 0)
(0.452998 0.294902 0)
(0.651937 0.484868 0)
(0.854761 0.745405 0)
(1.01443 1.07201 0)
(1.0792 1.44716 0)
(0.998177 1.84216 0)
(0.752415 2.20422 0)
(0.294922 2.49319 0)
(3.21585e-10 1.04649e-10 0)
(1.56205e-09 3.1205e-10 0)
(5.62647e-09 1.11258e-09 0)
(1.94766e-08 3.9449e-09 0)
(6.57785e-08 1.36944e-08 0)
(2.16775e-07 4.64508e-08 0)
(6.96373e-07 1.53788e-07 0)
(2.17799e-06 4.96428e-07 0)
(6.62324e-06 1.56055e-06 0)
(1.95547e-05 4.77126e-06 0)
(5.59627e-05 1.41679e-05 0)
(0.000154965 4.07971e-05 0)
(0.000414376 0.000113727 0)
(0.00106761 0.000306337 0)
(0.00264367 0.000795673 0)
(0.00627406 0.00198826 0)
(0.0142247 0.00476772 0)
(0.0306977 0.0109401 0)
(0.0627938 0.0239474 0)
(0.121168 0.0498363 0)
(0.219345 0.0982445 0)
(0.370176 0.182776 0)
(0.578323 0.319767 0)
(0.830052 0.524582 0)
(1.08734 0.806135 0)
(1.29433 1.16329 0)
(1.39108 1.58591 0)
(1.31225 2.05765 0)
(1.03463 2.52887 0)
(0.424509 2.97257 0)
(4.01968e-10 1.07148e-10 0)
(1.95273e-09 3.19577e-10 0)
(7.0347e-09 1.13968e-09 0)
(2.4354e-08 4.04156e-09 0)
(8.22567e-08 1.40315e-08 0)
(2.71085e-07 4.75976e-08 0)
(8.70809e-07 1.57587e-07 0)
(2.72329e-06 5.08664e-07 0)
(8.28008e-06 1.59883e-06 0)
(2.44403e-05 4.88731e-06 0)
(6.992e-05 1.45083e-05 0)
(0.000193526 4.17608e-05 0)
(0.000517183 0.000116353 0)
(0.00133151 0.000313204 0)
(0.00329416 0.000812839 0)
(0.00780913 0.0020291 0)
(0.0176813 0.00485968 0)
(0.0380959 0.0111348 0)
(0.0777787 0.0243317 0)
(0.149752 0.0505364 0)
(0.270413 0.0994103 0)
(0.455158 0.184542 0)
(0.709354 0.322276 0)
(1.01672 0.528386 0)
(1.3338 0.813921 0)
(1.59927 1.18421 0)
(1.74999 1.64419 0)
(1.70542 2.20474 0)
(1.43887 2.84413 0)
(0.627426 3.60079 0)
(4.80907e-10 9.976e-11 0)
(2.33644e-09 2.97601e-10 0)
(8.41796e-09 1.0615e-09 0)
(2.91455e-08 3.76486e-09 0)
(9.84454e-08 1.30721e-08 0)
(3.24441e-07 4.43458e-08 0)
(1.04217e-06 1.46823e-07 0)
(3.25892e-06 4.73905e-07 0)
(9.90722e-06 1.48944e-06 0)
(2.92369e-05 4.55222e-06 0)
(8.36178e-05 1.35105e-05 0)
(0.000231349 3.88761e-05 0)
(0.000617958 0.000108271 0)
(0.00158998 0.000291291 0)
(0.0039306 0.000755467 0)
(0.0093092 0.00188434 0)
(0.021054 0.00450854 0)
(0.0453018 0.0103182 0)
(0.0923451 0.0225171 0)
(0.177477 0.0466982 0)
(0.31985 0.0917206 0)
(0.537327 0.170045 0)
(0.836209 0.296801 0)
(1.19879 0.487303 0)
(1.57921 0.754979 0)
(1.91704 1.11392 0)
(2.15649 1.59055 0)
(2.21217 2.23644 0)
(2.08234 3.09081 0)
(0.992944 4.15897 0)
(5.50353e-10 8.14737e-11 0)
(2.67404e-09 2.43113e-10 0)
(9.63513e-09 8.67238e-10 0)
(3.3362e-08 3.07617e-09 0)
(1.12692e-07 1.06817e-08 0)
(3.71398e-07 3.62379e-08 0)
(1.19298e-06 1.19979e-07 0)
(3.73025e-06 3.87247e-07 0)
(1.13388e-05 1.21698e-06 0)
(3.34561e-05 3.71901e-06 0)
(9.5663e-05 1.10354e-05 0)
(0.000264596 3.1746e-05 0)
(0.000706495 8.83831e-05 0)
(0.00181691 0.000237683 0)
(0.00448894 0.000616104 0)
(0.0106239 0.00153573 0)
(0.0240068 0.00367158 0)
(0.0516023 0.00839513 0)
(0.105064 0.0183016 0)
(0.201655 0.0379145 0)
(0.362925 0.074393 0)
(0.608971 0.137833 0)
(0.947302 0.240689 0)
(1.36036 0.396391 0)
(1.80377 0.619798 0)
(2.22596 0.934423 0)
(2.59194 1.39999 0)
(2.83119 2.16354 0)
(2.88784 3.71549 0)
(1.43357 6.49605 0)
(5.9693e-10 5.6914e-11 0)
(2.90059e-09 1.69825e-10 0)
(1.0452e-08 6.05867e-10 0)
(3.61919e-08 2.1492e-09 0)
(1.22254e-07 7.46314e-09 0)
(4.02913e-07 2.53194e-08 0)
(1.29418e-06 8.38286e-08 0)
(4.04653e-06 2.70556e-07 0)
(1.22993e-05 8.50202e-07 0)
(3.62862e-05 2.59786e-06 0)
(0.00010374 7.70747e-06 0)
(0.000286883 2.21678e-05 0)
(0.000765819 6.17005e-05 0)
(0.00196888 0.000165872 0)
(0.00486261 0.000429788 0)
(0.0115031 0.00107078 0)
(0.0259794 0.00255851 0)
(0.0558072 0.0058461 0)
(0.113543 0.012735 0)
(0.217757 0.026361 0)
(0.391604 0.0516853 0)
(0.656744 0.0957185 0)
(1.02185 0.167215 0)
(1.47086 0.276057 0)
(1.96486 0.434682 0)
(2.47456 0.665737 0)
(3.02935 1.02894 0)
(3.83264 1.67173 0)
(5.04562 3.0463 0)
(9.19512 5.66727 0)
(6.23282e-10 2.96885e-11 0)
(3.02858e-09 8.85939e-11 0)
(1.09135e-08 3.16081e-10 0)
(3.77908e-08 1.1213e-09 0)
(1.27657e-07 3.89394e-09 0)
(4.20719e-07 1.3211e-08 0)
(1.35137e-06 4.37405e-08 0)
(4.22522e-06 1.41173e-07 0)
(1.28419e-05 4.43618e-07 0)
(3.78849e-05 1.35546e-06 0)
(0.000108302 4.02121e-06 0)
(0.000299468 1.15646e-05 0)
(0.000799309 3.21843e-05 0)
(0.00205465 8.65093e-05 0)
(0.00507341 0.000224109 0)
(0.0119989 0.000558216 0)
(0.0270911 0.00133341 0)
(0.0581754 0.00304575 0)
(0.118315 0.0066322 0)
(0.226814 0.0137227 0)
(0.407727 0.0268948 0)
(0.683599 0.0497922 0)
(1.06379 0.0869801 0)
(1.53312 0.143666 0)
(2.0555 0.226452 0)
(2.61024 0.346958 0)
(3.24481 0.531127 0)
(4.15255 0.830912 0)
(5.49388 1.26246 0)
(8.80003 1.98511 0)
(6.323e-10 -4.88082e-14 0)
(3.07243e-09 -1.52366e-13 0)
(1.10716e-08 -4.90627e-13 0)
(3.83386e-08 -1.65947e-12 0)
(1.29508e-07 -5.52635e-12 0)
(4.26821e-07 -1.79202e-11 0)
(1.37096e-06 -5.67091e-11 0)
(4.28646e-06 -1.75181e-10 0)
(1.30279e-05 -5.27576e-10 0)
(3.84328e-05 -1.54721e-09 0)
(0.000109866 -4.41358e-09 0)
(0.000303781 -1.223e-08 0)
(0.000810786 -3.28704e-08 0)
(0.00208404 -8.55465e-08 0)
(0.00514564 -2.15179e-07 0)
(0.0121687 -5.22008e-07 0)
(0.0274719 -1.21844e-06 0)
(0.0589865 -2.72924e-06 0)
(0.119949 -5.85022e-06 0)
(0.229915 -1.19656e-05 0)
(0.413246 -2.32885e-05 0)
(0.692796 -4.30318e-05 0)
(1.07818 -7.53665e-05 0)
(1.55454 -0.000124929 0)
(2.08684 -0.000194993 0)
(2.65738 -0.000281239 0)
(3.31964 -0.000352788 0)
(4.27105 -0.000312466 0)
(5.70761 -0.000179937 0)
(8.60714 0.000505365 0)
(6.23224e-10 -2.97835e-11 0)
(3.02832e-09 -8.88613e-11 0)
(1.09126e-08 -3.16999e-10 0)
(3.77877e-08 -1.12441e-09 0)
(1.27647e-07 -3.90425e-09 0)
(4.20688e-07 -1.32444e-08 0)
(1.35127e-06 -4.38465e-08 0)
(4.22494e-06 -1.415e-07 0)
(1.28411e-05 -4.44607e-07 0)
(3.78825e-05 -1.35837e-06 0)
(0.000108296 -4.02951e-06 0)
(0.000299451 -1.15876e-05 0)
(0.000799265 -3.22463e-05 0)
(0.00205454 -8.66709e-05 0)
(0.00507315 -0.000224515 0)
(0.0119983 -0.000559205 0)
(0.0270898 -0.00133572 0)
(0.0581726 -0.00305093 0)
(0.118309 -0.00664331 0)
(0.226804 -0.0137455 0)
(0.407708 -0.0269391 0)
(0.683568 -0.0498742 0)
(1.06374 -0.0871236 0)
(1.53305 -0.143904 0)
(2.05541 -0.226825 0)
(2.61014 -0.347501 0)
(3.24479 -0.531812 0)
(4.15266 -0.831508 0)
(5.49436 -1.26188 0)
(8.80027 -1.98155 0)
(5.96847e-10 -5.69837e-11 0)
(2.9001e-09 -1.70034e-10 0)
(1.04503e-08 -6.06578e-10 0)
(3.61862e-08 -2.15162e-09 0)
(1.22236e-07 -7.47124e-09 0)
(4.02856e-07 -2.53458e-08 0)
(1.29401e-06 -8.39131e-08 0)
(4.046e-06 -2.70819e-07 0)
(1.22978e-05 -8.51004e-07 0)
(3.62819e-05 -2.60024e-06 0)
(0.000103728 -7.71432e-06 0)
(0.000286851 -2.21869e-05 0)
(0.000765736 -6.17526e-05 0)
(0.00196868 -0.00016601 0)
(0.00486212 -0.000430136 0)
(0.011502 -0.00107164 0)
(0.0259769 -0.00256053 0)
(0.0558019 -0.00585068 0)
(0.113532 -0.0127449 0)
(0.217737 -0.0263816 0)
(0.391568 -0.0517259 0)
(0.656685 -0.0957949 0)
(1.02176 -0.167352 0)
(1.47072 -0.276295 0)
(1.96468 -0.435085 0)
(2.47437 -0.666426 0)
(3.02932 -1.03015 0)
(3.83339 -1.67385 0)
(5.04786 -3.04837 0)
(9.19491 -5.66719 0)
(11.7662 0.469886 0)
(10.6414 0.107668 0)
(10.3172 0.0425312 0)
(10.0088 0.01726 0)
(9.67787 0.00692082 0)
(9.3294 0.00275528 0)
(8.96901 0.00109211 0)
(8.60801 0.00043304 0)
(8.25989 0.000173583 0)
(7.93763 7.18779e-05 0)
(7.6515 3.19701e-05 0)
(7.40802 1.59425e-05 0)
(7.20958 9.23669e-06 0)
(7.05466 6.25858e-06 0)
(6.93875 4.80235e-06 0)
(6.85555 4.00847e-06 0)
(6.79824 3.53667e-06 0)
(6.76014 3.18721e-06 0)
(6.73615 3.07061e-06 0)
(6.71963 3.2025e-06 0)
(6.71779 3.0778e-06 0)
(6.68077 2.97196e-06 0)
(6.82069 2.46627e-06 0)
(6.5435 2.37818e-06 0)
(6.72412 1.85084e-06 0)
(10.9314 0.318773 0)
(10.4726 0.145895 0)
(10.2389 0.0602309 0)
(9.97345 0.0241131 0)
(9.66351 0.00962831 0)
(9.32366 0.00384486 0)
(8.96678 0.00153487 0)
(8.60719 0.000614042 0)
(8.25962 0.00024797 0)
(7.93759 0.000102761 0)
(7.65155 4.50466e-05 0)
(7.4081 2.15411e-05 0)
(7.20968 1.15516e-05 0)
(7.05477 6.97979e-06 0)
(6.93886 4.71099e-06 0)
(6.85567 3.48194e-06 0)
(6.79837 2.75297e-06 0)
(6.76027 2.26122e-06 0)
(6.73629 2.07279e-06 0)
(6.71977 2.18183e-06 0)
(6.71793 2.06163e-06 0)
(6.68092 1.99856e-06 0)
(6.82085 1.60733e-06 0)
(6.54365 1.68426e-06 0)
(6.72428 1.4273e-06 0)
(10.5228 0.000282504 0)
(10.3545 0.000227991 0)
(10.2005 0.000148763 0)
(9.95841 8.92815e-05 0)
(9.65775 5.11863e-05 0)
(9.32141 2.84953e-05 0)
(8.96587 1.55359e-05 0)
(8.60682 8.3215e-06 0)
(8.25947 4.28884e-06 0)
(7.93753 1.99083e-06 0)
(7.65153 6.26509e-07 0)
(7.40809 -1.82586e-07 0)
(7.20967 -6.52208e-07 0)
(7.05477 -9.18399e-07 0)
(6.93886 -9.62469e-07 0)
(6.85567 -8.97872e-07 0)
(6.79837 -7.77639e-07 0)
(6.76027 -6.40038e-07 0)
(6.73629 -4.88408e-07 0)
(6.71977 -3.57819e-07 0)
(6.71793 -2.55552e-07 0)
(6.68092 -1.63659e-07 0)
(6.82085 -9.24316e-08 0)
(6.54365 -2.8366e-08 0)
(6.72428 -2.78902e-08 0)
(10.9312 -0.317847 0)
(10.4725 -0.145328 0)
(10.2388 -0.0599253 0)
(9.97335 -0.0239478 0)
(9.66345 -0.00953824 0)
(9.32363 -0.00379552 0)
(8.96676 -0.0015076 0)
(8.60718 -0.000598783 0)
(8.25962 -0.00023939 0)
(7.93758 -9.80757e-05 0)
(7.65155 -4.27608e-05 0)
(7.4081 -2.07985e-05 0)
(7.20968 -1.17736e-05 0)
(7.05477 -7.79338e-06 0)
(6.93886 -5.75356e-06 0)
(6.85567 -4.56143e-06 0)
(6.79837 -3.76009e-06 0)
(6.76027 -3.11361e-06 0)
(6.73629 -2.76154e-06 0)
(6.71977 -2.71566e-06 0)
(6.71793 -2.46022e-06 0)
(6.68092 -2.23333e-06 0)
(6.82085 -1.72064e-06 0)
(6.54365 -1.69165e-06 0)
(6.72428 -1.50847e-06 0)
(11.7641 -0.469259 0)
(10.6407 -0.107328 0)
(10.3168 -0.0423737 0)
(10.0086 -0.0171838 0)
(9.67776 -0.00688194 0)
(9.32933 -0.00273443 0)
(8.96897 -0.00108037 0)
(8.608 -0.000426102 0)
(8.25988 -0.000169292 0)
(7.93762 -6.91834e-05 0)
(7.6515 -3.03108e-05 0)
(7.40802 -1.50173e-05 0)
(7.20957 -8.80649e-06 0)
(7.05466 -6.15377e-06 0)
(6.93874 -4.88246e-06 0)
(6.85555 -4.19009e-06 0)
(6.79824 -3.76615e-06 0)
(6.76014 -3.39956e-06 0)
(6.73615 -3.27096e-06 0)
(6.71963 -3.37851e-06 0)
(6.71779 -3.22084e-06 0)
(6.68077 -3.04307e-06 0)
(6.82069 -2.48714e-06 0)
(6.5435 -2.35721e-06 0)
(6.72412 -1.90413e-06 0)
(5.49939e-10 -8.16293e-11 0)
(2.67204e-09 -2.4354e-10 0)
(9.62804e-09 -8.68758e-10 0)
(3.33377e-08 -3.0815e-09 0)
(1.12612e-07 -1.07001e-08 0)
(3.71135e-07 -3.62999e-08 0)
(1.19214e-06 -1.20184e-07 0)
(3.72767e-06 -3.87905e-07 0)
(1.1331e-05 -1.21905e-06 0)
(3.34333e-05 -3.72529e-06 0)
(9.55987e-05 -1.10541e-05 0)
(0.00026442 -3.17996e-05 0)
(0.000706029 -8.85325e-05 0)
(0.00181572 -0.000238085 0)
(0.00448604 -0.00061715 0)
(0.0106171 -0.00153835 0)
(0.0239915 -0.00367789 0)
(0.0515699 -0.00840965 0)
(0.104999 -0.0183336 0)
(0.201531 -0.0379814 0)
(0.362703 -0.0745261 0)
(0.608598 -0.138083 0)
(0.946713 -0.241131 0)
(1.35947 -0.397126 0)
(1.80243 -0.620937 0)
(2.22387 -0.936059 0)
(2.58839 -1.40211 0)
(2.82474 -2.16576 0)
(2.87656 -3.71541 0)
(1.42645 -6.48967 0)
(4.7959e-10 -9.99553e-11 0)
(2.33005e-09 -2.98191e-10 0)
(8.39503e-09 -1.06358e-09 0)
(2.90664e-08 -3.77227e-09 0)
(9.81792e-08 -1.30979e-08 0)
(3.23567e-07 -4.44333e-08 0)
(1.03937e-06 -1.47113e-07 0)
(3.2502e-06 -4.74843e-07 0)
(9.8808e-06 -1.4924e-06 0)
(2.91592e-05 -4.56129e-06 0)
(8.33964e-05 -1.35375e-05 0)
(0.000230739 -3.89542e-05 0)
(0.000616336 -0.00010849 0)
(0.00158582 -0.000291884 0)
(0.00392038 -0.000757017 0)
(0.00928515 -0.00188825 0)
(0.021 -0.00451799 0)
(0.0451864 -0.0103401 0)
(0.092112 -0.0225655 0)
(0.177033 -0.0468003 0)
(0.319057 -0.0919244 0)
(0.536004 -0.170428 0)
(0.834149 -0.297474 0)
(1.19579 -0.488395 0)
(1.57506 -0.756574 0)
(1.91146 -1.11591 0)
(2.14899 -1.59229 0)
(2.20237 -2.23614 0)
(2.07023 -3.08445 0)
(0.98633 -4.14103 0)
(3.99701e-10 -1.0718e-10 0)
(1.94171e-09 -3.19664e-10 0)
(6.99506e-09 -1.13997e-09 0)
(2.4217e-08 -4.04262e-09 0)
(8.17947e-08 -1.40352e-08 0)
(2.69565e-07 -4.76103e-08 0)
(8.65937e-07 -1.5763e-07 0)
(2.70808e-06 -5.08806e-07 0)
(8.23395e-06 -1.59929e-06 0)
(2.43044e-05 -4.88876e-06 0)
(6.95324e-05 -1.45128e-05 0)
(0.000192456 -4.17743e-05 0)
(0.000514334 -0.000116393 0)
(0.00132421 -0.000313317 0)
(0.00327616 -0.000813153 0)
(0.00776671 -0.00202994 0)
(0.0175859 -0.00486188 0)
(0.0378917 -0.0111403 0)
(0.0773653 -0.0243448 0)
(0.148963 -0.0505664 0)
(0.269005 -0.0994746 0)
(0.452811 -0.184671 0)
(0.705724 -0.322512 0)
(1.01151 -0.528766 0)
(1.32684 -0.814406 0)
(1.59048 -1.18453 0)
(1.73931 -1.64355 0)
(1.69324 -2.20141 0)
(1.42581 -2.83544 0)
(0.62073 -3.58296 0)
(3.18536e-10 -1.04359e-10 0)
(1.54731e-09 -3.11169e-10 0)
(5.57342e-09 -1.10947e-09 0)
(1.92931e-08 -3.93383e-09 0)
(6.51595e-08 -1.3656e-08 0)
(2.14737e-07 -4.63208e-08 0)
(6.89836e-07 -1.53359e-07 0)
(2.15757e-06 -4.95045e-07 0)
(6.56125e-06 -1.55622e-06 0)
(1.93721e-05 -4.75808e-06 0)
(5.5441e-05 -1.4129e-05 0)
(0.000153524 -4.06859e-05 0)
(0.000410535 -0.00011342 0)
(0.00105775 -0.000305519 0)
(0.00261936 -0.000793577 0)
(0.00621664 -0.00198311 0)
(0.0140953 -0.00475562 0)
(0.0304204 -0.010913 0)
(0.062231 -0.0238898 0)
(0.120092 -0.0497205 0)
(0.217418 -0.0980251 0)
(0.366963 -0.182385 0)
(0.573359 -0.31911 0)
(0.822982 -0.52353 0)
(1.07806 -0.804484 0)
(1.28305 -1.16065 0)
(1.37829 -1.5815 0)
(1.29908 -2.05004 0)
(1.02249 -2.5164 0)
(0.418855 -2.95296 0)
(2.42955e-10 -9.39655e-11 0)
(1.17995e-09 -2.80111e-10 0)
(4.24946e-09 -9.98502e-10 0)
(1.47081e-08 -3.53977e-09 0)
(4.96699e-08 -1.22864e-08 0)
(1.63685e-07 -4.16724e-08 0)
(5.25851e-07 -1.37968e-07 0)
(1.64486e-06 -4.45391e-07 0)
(5.00302e-06 -1.40033e-06 0)
(1.47756e-05 -4.28247e-06 0)
(4.23029e-05 -1.27211e-05 0)
(0.000117204 -3.66488e-05 0)
(0.000313619 -0.000102228 0)
(0.000808719 -0.000275585 0)
(0.00200473 -0.000716516 0)
(0.0047639 -0.00179267 0)
(0.0108179 -0.00430513 0)
(0.02339 -0.00989639 0)
(0.0479532 -0.0217088 0)
(0.0927761 -0.0452895 0)
(0.168458 -0.0895316 0)
(0.285251 -0.167072 0)
(0.447171 -0.293167 0)
(0.643646 -0.482078 0)
(0.843963 -0.741165 0)
(1.00158 -1.06583 0)
(1.06522 -1.4384 0)
(0.984671 -1.82988 0)
(0.741234 -2.1877 0)
(0.290129 -2.47162 0)
(1.77454e-10 -7.90999e-11 0)
(8.61773e-10 -2.35698e-10 0)
(3.10295e-09 -8.39947e-10 0)
(1.0738e-08 -2.9771e-09 0)
(3.62589e-08 -1.0332e-08 0)
(1.19484e-07 -3.50406e-08 0)
(3.83859e-07 -1.1601e-07 0)
(1.20083e-06 -3.74532e-07 0)
(3.65315e-06 -1.17773e-06 0)
(1.07921e-05 -3.60266e-06 0)
(3.09108e-05 -1.07057e-05 0)
(8.56875e-05 -3.08584e-05 0)
(0.000229447 -8.61338e-05 0)
(0.000592188 -0.000232394 0)
(0.00146957 -0.000604858 0)
(0.00349684 -0.00151527 0)
(0.00795353 -0.00364468 0)
(0.0172302 -0.00839407 0)
(0.0354067 -0.0184548 0)
(0.0686896 -0.0386027 0)
(0.12512 -0.0765451 0)
(0.212628 -0.143325 0)
(0.334617 -0.252405 0)
(0.483445 -0.416478 0)
(0.635633 -0.641891 0)
(0.754615 -0.923213 0)
(0.799206 -1.24122 0)
(0.731177 -1.56417 0)
(0.536061 -1.84412 0)
(0.203747 -2.03927 0)
(1.24268e-10 -6.26609e-11 0)
(6.03299e-10 -1.86661e-10 0)
(2.17176e-09 -6.64986e-10 0)
(7.5141e-09 -2.35642e-09 0)
(2.53691e-08 -8.17649e-09 0)
(8.35926e-08 -2.77273e-08 0)
(2.68552e-07 -9.17948e-08 0)
(8.40181e-07 -2.96369e-07 0)
(2.55644e-06 -9.32084e-07 0)
(7.55435e-06 -2.85194e-06 0)
(2.16459e-05 -8.47808e-06 0)
(6.00371e-05 -2.445e-05 0)
(0.000160876 -6.82927e-05 0)
(0.000415581 -0.000184417 0)
(0.00103244 -0.000480506 0)
(0.00246003 -0.00120535 0)
(0.00560452 -0.00290392 0)
(0.0121654 -0.00670107 0)
(0.0250582 -0.0147669 0)
(0.0487497 -0.0309734 0)
(0.0890896 -0.0616129 0)
(0.151967 -0.115784 0)
(0.240148 -0.204716 0)
(0.348456 -0.339177 0)
(0.45991 -0.524685 0)
(0.547348 -0.756428 0)
(0.579442 -1.01698 0)
(0.52773 -1.2771 0)
(0.381143 -1.49604 0)
(0.14225 -1.63636 0)
(8.3499e-11 -4.69527e-11 0)
(4.05268e-10 -1.39787e-10 0)
(1.4585e-09 -4.97849e-10 0)
(5.04512e-09 -1.76367e-09 0)
(1.70304e-08 -6.11843e-09 0)
(5.61104e-08 -2.07452e-08 0)
(1.80257e-07 -6.86749e-08 0)
(5.63978e-07 -2.21728e-07 0)
(1.71629e-06 -6.97416e-07 0)
(5.07304e-06 -2.13439e-06 0)
(1.45417e-05 -6.34721e-06 0)
(4.03543e-05 -1.83138e-05 0)
(0.000108208 -5.11867e-05 0)
(0.000279773 -0.000138341 0)
(0.00069581 -0.000360834 0)
(0.00166015 -0.000906335 0)
(0.00378835 -0.00218702 0)
(0.00823927 -0.00505648 0)
(0.0170108 -0.0111684 0)
(0.0331852 -0.0234895 0)
(0.0608421 -0.0468748 0)
(0.104171 -0.0884105 0)
(0.165308 -0.156958 0)
(0.240942 -0.261192 0)
(0.3194 -0.405799 0)
(0.381504 -0.587154 0)
(0.404591 -0.791148 0)
(0.368108 -0.993445 0)
(0.263781 -1.16124 0)
(0.0974057 -1.26345 0)
(5.38863e-11 -3.33931e-11 0)
(2.61567e-10 -9.93945e-11 0)
(9.41031e-10 -3.53847e-10 0)
(3.25428e-09 -1.25312e-09 0)
(1.09831e-08 -4.34615e-09 0)
(3.61814e-08 -1.47334e-08 0)
(1.16228e-07 -4.87682e-08 0)
(3.63661e-07 -1.57453e-07 0)
(1.10684e-06 -4.95287e-07 0)
(3.2724e-06 -1.51608e-06 0)
(9.38369e-06 -4.5099e-06 0)
(2.60535e-05 -1.30184e-05 0)
(6.9908e-05 -3.64088e-05 0)
(0.0001809 -9.848e-05 0)
(0.000450383 -0.000257126 0)
(0.00107597 -0.000646654 0)
(0.00245915 -0.0015628 0)
(0.00535846 -0.00361994 0)
(0.0110879 -0.00801325 0)
(0.021688 -0.0168978 0)
(0.0398863 -0.0338242 0)
(0.0685353 -0.064022 0)
(0.109198 -0.114115 0)
(0.159861 -0.190727 0)
(0.212864 -0.297653 0)
(0.255293 -0.432466 0)
(0.271516 -0.584636 0)
(0.247244 -0.735416 0)
(0.176511 -0.859723 0)
(0.0647868 -0.933323 0)
(3.3483e-11 -2.26268e-11 0)
(1.62408e-10 -6.73175e-11 0)
(5.84104e-10 -2.39559e-10 0)
(2.01937e-09 -8.48104e-10 0)
(6.81378e-09 -2.94062e-09 0)
(2.24432e-08 -9.96655e-09 0)
(7.20906e-08 -3.29852e-08 0)
(2.25564e-07 -1.06491e-07 0)
(6.866e-07 -3.34995e-07 0)
(2.03039e-06 -1.02559e-06 0)
(5.82416e-06 -3.05167e-06 0)
(1.61783e-05 -8.81277e-06 0)
(4.34375e-05 -2.4661e-05 0)
(0.000112493 -6.67542e-05 0)
(0.000280352 -0.000174458 0)
(0.000670586 -0.000439272 0)
(0.00153491 -0.00106315 0)
(0.0033505 -0.00246692 0)
(0.00694759 -0.00547229 0)
(0.0136233 -0.0115681 0)
(0.0251269 -0.0232227 0)
(0.0433182 -0.0441022 0)
(0.0692786 -0.0789055 0)
(0.101839 -0.132425 0)
(0.136187 -0.207562 0)
(0.164001 -0.302837 0)
(0.174987 -0.410887 0)
(0.159622 -0.518166 0)
(0.11379 -0.606475 0)
(0.0416266 -0.65796 0)
(2.00181e-11 -1.46532e-11 0)
(9.71568e-11 -4.35655e-11 0)
(3.49274e-10 -1.5496e-10 0)
(1.20716e-09 -5.48395e-10 0)
(4.07222e-09 -1.90084e-09 0)
(1.34107e-08 -6.44089e-09 0)
(4.3073e-08 -2.13132e-08 0)
(1.34769e-07 -6.88033e-08 0)
(4.10263e-07 -2.16443e-07 0)
(1.21344e-06 -6.62721e-07 0)
(3.48182e-06 -1.97244e-06 0)
(9.67597e-06 -5.69826e-06 0)
(2.59944e-05 -1.5954e-05 0)
(6.737e-05 -4.32157e-05 0)
(0.000168054 -0.000113042 0)
(0.000402434 -0.000284947 0)
(0.000922405 -0.000690578 0)
(0.0020168 -0.00160501 0)
(0.00419016 -0.00356726 0)
(0.00823504 -0.00755822 0)
(0.0152289 -0.0152133 0)
(0.0263336 -0.0289799 0)
(0.0422584 -0.0520281 0)
(0.0623521 -0.0876484 0)
(0.08371 -0.137931 0)
(0.101194 -0.20204 0)
(0.10832 -0.275109 0)
(0.0990109 -0.347886 0)
(0.0705628 -0.407833 0)
(0.025767 -0.442499 0)
(1.1565e-11 -9.08773e-12 0)
(5.60679e-11 -2.70092e-11 0)
(2.01494e-10 -9.60265e-11 0)
(6.96184e-10 -3.39683e-10 0)
(2.34788e-09 -1.17701e-09 0)
(7.7306e-09 -3.9872e-09 0)
(2.48265e-08 -1.31914e-08 0)
(7.76757e-08 -4.258e-08 0)
(2.36473e-07 -1.33948e-07 0)
(6.99531e-07 -4.10171e-07 0)
(2.00775e-06 -1.22104e-06 0)
(5.58173e-06 -3.5287e-06 0)
(1.50032e-05 -9.88439e-06 0)
(3.89106e-05 -2.67917e-05 0)
(9.71452e-05 -7.01381e-05 0)
(0.000232875 -0.000176978 0)
(0.000534437 -0.000429444 0)
(0.00117028 -0.000999587 0)
(0.00243569 -0.00222559 0)
(0.00479675 -0.0047253 0)
(0.0088915 -0.00953408 0)
(0.0154165 -0.0182114 0)
(0.024814 -0.0327963 0)
(0.0367341 -0.055437 0)
(0.0494899 -0.0875531 0)
(0.0600337 -0.128707 0)
(0.0644516 -0.175835 0)
(0.0590326 -0.222934 0)
(0.0420839 -0.261791 0)
(0.0153534 -0.284167 0)
(6.43637e-12 -5.40822e-12 0)
(3.12648e-11 -1.60714e-11 0)
(1.12297e-10 -5.7127e-11 0)
(3.87885e-10 -2.02039e-10 0)
(1.30779e-09 -6.99839e-10 0)
(4.3051e-09 -2.37008e-09 0)
(1.38237e-08 -7.83966e-09 0)
(4.32484e-08 -2.53023e-08 0)
(1.31667e-07 -7.9593e-08 0)
(3.89545e-07 -2.43743e-07 0)
(1.1183e-06 -7.25722e-07 0)
(3.11006e-06 -2.09789e-06 0)
(8.36354e-06 -5.87901e-06 0)
(2.1704e-05 -1.59442e-05 0)
(5.42286e-05 -4.17714e-05 0)
(0.000130118 -0.000105498 0)
(0.000298955 -0.000256283 0)
(0.000655513 -0.000597337 0)
(0.00136646 -0.0013321 0)
(0.00269597 -0.00283353 0)
(0.00500782 -0.00572938 0)
(0.00870327 -0.0109706 0)
(0.0140453 -0.0198103 0)
(0.0208522 -0.0335856 0)
(0.0281789 -0.0532093 0)
(0.034286 -0.078467 0)
(0.0369057 -0.107513 0)
(0.0338655 -0.136637 0)
(0.0241554 -0.160706 0)
(0.00880858 -0.174538 0)
(3.46918e-12 -3.09723e-12 0)
(1.68674e-11 -9.21071e-12 0)
(6.05545e-11 -3.27218e-11 0)
(2.09081e-10 -1.15655e-10 0)
(7.04721e-10 -4.00458e-10 0)
(2.31936e-09 -1.3558e-09 0)
(7.4463e-09 -4.48365e-09 0)
(2.32943e-08 -1.44687e-08 0)
(7.09179e-08 -4.55114e-08 0)
(2.09833e-07 -1.39377e-07 0)
(6.02501e-07 -4.15039e-07 0)
(1.67608e-06 -1.20008e-06 0)
(4.50915e-06 -3.36429e-06 0)
(1.17079e-05 -9.12879e-06 0)
(2.92728e-05 -2.39318e-05 0)
(7.02973e-05 -6.0492e-05 0)
(0.000161675 -0.000147099 0)
(0.000354923 -0.000343266 0)
(0.000740888 -0.000766587 0)
(0.00146407 -0.00163331 0)
(0.00272448 -0.00330876 0)
(0.00474463 -0.00634909 0)
(0.00767413 -0.0114921 0)
(0.0114212 -0.0195332 0)
(0.0154745 -0.0310298 0)
(0.0188772 -0.0458837 0)
(0.0203653 -0.0630281 0)
(0.0187179 -0.0802679 0)
(0.0133588 -0.0945408 0)
(0.00487046 -0.102735 0)
(1.81993e-12 -1.71056e-12 0)
(8.81624e-12 -5.08701e-12 0)
(3.163e-11 -1.80619e-11 0)
(1.09177e-10 -6.38349e-11 0)
(3.67889e-10 -2.2097e-10 0)
(1.21047e-09 -7.47898e-10 0)
(3.88551e-09 -2.47272e-09 0)
(1.21537e-08 -7.9781e-09 0)
(3.69999e-08 -2.5093e-08 0)
(1.09482e-07 -7.68465e-08 0)
(3.14403e-07 -2.28857e-07 0)
(8.7484e-07 -6.61871e-07 0)
(2.3544e-06 -1.85607e-06 0)
(6.11602e-06 -5.03855e-06 0)
(1.53007e-05 -1.32165e-05 0)
(3.67707e-05 -3.34314e-05 0)
(8.4642e-05 -8.13674e-05 0)
(0.000186006 -0.000190077 0)
(0.000388748 -0.000425012 0)
(0.000769264 -0.000906841 0)
(0.00143375 -0.0018401 0)
(0.00250117 -0.00353741 0)
(0.00405318 -0.00641581 0)
(0.00604471 -0.0109288 0)
(0.00820797 -0.0174009 0)
(0.0100347 -0.0257902 0)
(0.0108462 -0.035503 0)
(0.00998226 -0.045294 0)
(0.00712812 -0.0534124 0)
(0.00259862 -0.0580709 0)
(9.24162e-13 -9.10554e-13 0)
(4.46877e-12 -2.71285e-12 0)
(1.60221e-11 -9.6391e-12 0)
(5.53015e-11 -3.40433e-11 0)
(1.86286e-10 -1.178e-10 0)
(6.12779e-10 -3.98572e-10 0)
(1.96656e-09 -1.31744e-09 0)
(6.15047e-09 -4.24987e-09 0)
(1.87229e-08 -1.33653e-08 0)
(5.54013e-08 -4.09297e-08 0)
(1.59114e-07 -1.219e-07 0)
(4.42825e-07 -3.52599e-07 0)
(1.19209e-06 -9.8904e-07 0)
(3.09789e-06 -2.68589e-06 0)
(7.754e-06 -7.04878e-06 0)
(1.86461e-05 -1.78412e-05 0)
(4.29534e-05 -4.34562e-05 0)
(9.44766e-05 -0.000101608 0)
(0.000197656 -0.00022744 0)
(0.000391585 -0.000485887 0)
(0.000730792 -0.000987315 0)
(0.00127672 -0.00190099 0)
(0.00207221 -0.00345376 0)
(0.00309568 -0.00589401 0)
(0.00421122 -0.00940248 0)
(0.00515775 -0.0139625 0)
(0.00558351 -0.0192555 0)
(0.00514444 -0.0246021 0)
(0.00367521 -0.029041 0)
(0.00133979 -0.0315877 0)
(4.53429e-13 -4.72077e-13 0)
(2.20398e-12 -1.39641e-12 0)
(7.89225e-12 -4.96806e-12 0)
(2.72015e-11 -1.75737e-11 0)
(9.16116e-11 -6.07733e-11 0)
(3.01264e-10 -2.05567e-10 0)
(9.66617e-10 -6.7928e-10 0)
(3.02265e-09 -2.19079e-09 0)
(9.20048e-09 -6.88883e-09 0)
(2.72236e-08 -2.10949e-08 0)
(7.8191e-08 -6.28277e-08 0)
(2.1764e-07 -1.8175e-07 0)
(5.86019e-07 -5.09912e-07 0)
(1.52337e-06 -1.38516e-06 0)
(3.81458e-06 -3.6367e-06 0)
(9.17769e-06 -9.20971e-06 0)
(2.11552e-05 -2.2447e-05 0)
(4.65657e-05 -5.25262e-05 0)
(9.75047e-05 -0.000117682 0)
(0.000193359 -0.000251674 0)
(0.000361248 -0.000512005 0)
(0.000631865 -0.000987125 0)
(0.00102689 -0.001796 0)
(0.00153621 -0.00306963 0)
(0.00209292 -0.00490463 0)
(0.00256711 -0.0072949 0)
(0.00278249 -0.0100752 0)
(0.00256591 -0.0128884 0)
(0.00183375 -0.0152264 0)
(0.000668473 -0.0165676 0)
(2.14367e-13 -2.20415e-13 0)
(1.05218e-12 -7.02571e-13 0)
(3.77544e-12 -2.49344e-12 0)
(1.30088e-11 -8.78264e-12 0)
(4.38059e-11 -3.03933e-11 0)
(1.44016e-10 -1.02758e-10 0)
(4.61961e-10 -3.39481e-10 0)
(1.4443e-09 -1.09462e-09 0)
(4.39563e-09 -3.44139e-09 0)
(1.30055e-08 -1.05372e-08 0)
(3.73544e-08 -3.13826e-08 0)
(1.03982e-07 -9.079e-08 0)
(2.80027e-07 -2.54755e-07 0)
(7.28113e-07 -6.92199e-07 0)
(1.82382e-06 -1.81795e-06 0)
(4.38987e-06 -4.60586e-06 0)
(1.01241e-05 -1.1232e-05 0)
(2.22982e-05 -2.63003e-05 0)
(4.67234e-05 -5.89697e-05 0)
(9.27297e-05 -0.000126223 0)
(0.000173397 -0.000257043 0)
(0.000303584 -0.000496109 0)
(0.000493886 -0.000903698 0)
(0.000739665 -0.00154648 0)
(0.00100892 -0.00247414 0)
(0.00123897 -0.0036847 0)
(0.00134424 -0.0050952 0)
(0.00124043 -0.00652423 0)
(0.000886713 -0.00771284 0)
(0.000323232 -0.00839472 0)
(1.04831e-13 -1.11551e-13 0)
(4.97109e-13 -3.38014e-13 0)
(1.75189e-12 -1.19918e-12 0)
(6.06006e-12 -4.26852e-12 0)
(2.03867e-11 -1.47496e-11 0)
(6.70129e-11 -4.98644e-11 0)
(2.14898e-10 -1.64682e-10 0)
(6.71724e-10 -5.30868e-10 0)
(2.04403e-09 -1.66869e-09 0)
(6.04713e-09 -5.1087e-09 0)
(1.73678e-08 -1.52142e-08 0)
(4.83474e-08 -4.40153e-08 0)
(1.30214e-07 -1.23517e-07 0)
(3.38633e-07 -3.35668e-07 0)
(8.48436e-07 -8.81805e-07 0)
(2.04281e-06 -2.23487e-06 0)
(4.71313e-06 -5.45242e-06 0)
(1.03856e-05 -1.27739e-05 0)
(2.17739e-05 -2.86592e-05 0)
(4.32407e-05 -6.13885e-05 0)
(8.09126e-05 -0.000125114 0)
(0.000141768 -0.000241692 0)
(0.00023082 -0.000440678 0)
(0.000345983 -0.000754876 0)
(0.000472372 -0.00120893 0)
(0.000580618 -0.00180233 0)
(0.000630423 -0.00249466 0)
(0.00058202 -0.0031968 0)
(0.000416119 -0.00378116 0)
(0.00015168 -0.00411638 0)
(2.45282e-14 -4.77116e-14 0)
(2.2327e-13 -1.39439e-13 0)
(7.92955e-13 -5.70524e-13 0)
(2.74695e-12 -2.00658e-12 0)
(9.24431e-12 -6.96053e-12 0)
(3.03876e-11 -2.35145e-11 0)
(9.74061e-11 -7.76474e-11 0)
(3.04409e-10 -2.50244e-10 0)
(9.26112e-10 -7.86423e-10 0)
(2.73946e-09 -2.40725e-09 0)
(7.86727e-09 -7.1683e-09 0)
(2.18998e-08 -2.07375e-08 0)
(5.89847e-08 -5.81961e-08 0)
(1.53411e-07 -1.5817e-07 0)
(3.8443e-07 -4.1559e-07 0)
(9.25819e-07 -1.05356e-06 0)
(2.13666e-06 -2.57124e-06 0)
(4.70991e-06 -6.02641e-06 0)
(9.87871e-06 -1.35275e-05 0)
(1.96274e-05 -2.89926e-05 0)
(3.67461e-05 -5.91267e-05 0)
(6.44191e-05 -0.0001143 0)
(0.000104946 -0.000208559 0)
(0.000157408 -0.000357537 0)
(0.000215063 -0.000573055 0)
(0.00026453 -0.000855032 0)
(0.00028738 -0.00118437 0)
(0.000265402 -0.00151863 0)
(0.000189765 -0.00179693 0)
(6.91669e-05 -0.00195657 0)
(1.84798e-14 -1.7136e-14 0)
(9.87833e-14 -8.73589e-14 0)
(3.46918e-13 -2.53678e-13 0)
(1.21211e-12 -9.21642e-13 0)
(4.08405e-12 -3.19063e-12 0)
(1.34377e-11 -1.07919e-11 0)
(4.30606e-11 -3.56292e-11 0)
(1.34552e-10 -1.14794e-10 0)
(4.09246e-10 -3.60675e-10 0)
(1.21034e-09 -1.10382e-09 0)
(3.47544e-09 -3.28648e-09 0)
(9.67369e-09 -9.50681e-09 0)
(2.60544e-08 -2.66787e-08 0)
(6.77658e-08 -7.25128e-08 0)
(1.69828e-07 -1.90548e-07 0)
(4.09055e-07 -4.83141e-07 0)
(9.44226e-07 -1.17941e-06 0)
(2.0819e-06 -2.76514e-06 0)
(4.36792e-06 -6.20924e-06 0)
(8.68122e-06 -1.33137e-05 0)
(1.62588e-05 -2.71649e-05 0)
(2.8514e-05 -5.25413e-05 0)
(4.64714e-05 -9.59242e-05 0)
(6.97331e-05 -0.000164541 0)
(9.53234e-05 -0.000263883 0)
(0.000117308 -0.000393973 0)
(0.000127489 -0.000546032 0)
(0.000117762 -0.00070045 0)
(8.42013e-05 -0.000829052 0)
(3.06875e-05 -0.000902814 0)
(7.05599e-15 -4.36796e-15 0)
(4.25037e-14 -7.39241e-15 0)
(1.46327e-13 -1.15919e-13 0)
(5.21972e-13 -4.09917e-13 0)
(1.76147e-12 -1.42497e-12 0)
(5.80251e-12 -4.82392e-12 0)
(1.85827e-11 -1.5927e-11 0)
(5.80564e-11 -5.13072e-11 0)
(1.7654e-10 -1.61157e-10 0)
(5.22016e-10 -4.93098e-10 0)
(1.49868e-09 -1.46789e-09 0)
(4.17095e-09 -4.24565e-09 0)
(1.12328e-08 -1.19136e-08 0)
(2.92149e-08 -3.23807e-08 0)
(7.32167e-08 -8.50933e-08 0)
(1.76363e-07 -2.15778e-07 0)
(4.07142e-07 -5.26828e-07 0)
(8.97825e-07 -1.23541e-06 0)
(1.88401e-06 -2.7749e-06 0)
(3.7452e-06 -5.95172e-06 0)
(7.01579e-06 -1.2148e-05 0)
(1.23068e-05 -2.3505e-05 0)
(2.00622e-05 -4.29301e-05 0)
(3.01128e-05 -7.36693e-05 0)
(4.11773e-05 -0.000118198 0)
(5.06911e-05 -0.000176547 0)
(5.51031e-05 -0.000244788 0)
(5.09029e-05 -0.000314113 0)
(3.63937e-05 -0.000371857 0)
(1.32624e-05 -0.000404972 0)
(8.39964e-16 -5.71194e-15 0)
(2.04958e-14 -2.25116e-14 0)
(5.87997e-14 -4.77117e-14 0)
(2.16551e-13 -1.78079e-13 0)
(7.44067e-13 -6.22268e-13 0)
(2.44623e-12 -2.10133e-12 0)
(7.83328e-12 -6.94239e-12 0)
(2.44806e-11 -2.2364e-11 0)
(7.44089e-11 -7.02333e-11 0)
(2.19973e-10 -2.14838e-10 0)
(6.31402e-10 -6.39405e-10 0)
(1.75693e-09 -1.84905e-09 0)
(4.73097e-09 -5.18796e-09 0)
(1.23034e-08 -1.40997e-08 0)
(3.08322e-08 -3.70516e-08 0)
(7.42666e-08 -9.39574e-08 0)
(1.7145e-07 -2.29416e-07 0)
(3.78096e-07 -5.38045e-07 0)
(7.93453e-07 -1.20871e-06 0)
(1.57743e-06 -2.593e-06 0)
(2.95521e-06 -5.29371e-06 0)
(5.18437e-06 -1.02452e-05 0)
(8.45219e-06 -1.87168e-05 0)
(1.2688e-05 -3.21269e-05 0)
(1.73532e-05 -5.15598e-05 0)
(2.13666e-05 -7.70354e-05 0)
(2.32285e-05 -0.000106841 0)
(2.14575e-05 -0.000137127 0)
(1.53395e-05 -0.000162354 0)
(5.58924e-06 -0.00017682 0)
(-3.69586e-15 -1.68002e-15 0)
(8.23193e-15 1.34393e-15 0)
(2.25118e-14 -1.94879e-14 0)
(9.03833e-14 -7.22395e-14 0)
(2.99878e-13 -2.59726e-13 0)
(1.01135e-12 -8.89722e-13 0)
(3.22474e-12 -2.95275e-12 0)
(1.00915e-11 -9.51781e-12 0)
(3.06726e-11 -2.98803e-11 0)
(9.06388e-11 -9.138e-11 0)
(2.60112e-10 -2.71892e-10 0)
(7.23621e-10 -7.86119e-10 0)
(1.94818e-09 -2.20526e-09 0)
(5.06563e-09 -5.99262e-09 0)
(1.26929e-08 -1.57463e-08 0)
(3.05709e-08 -3.99285e-08 0)
(7.05705e-08 -9.7493e-08 0)
(1.5562e-07 -2.28655e-07 0)
(3.26565e-07 -5.13704e-07 0)
(6.49208e-07 -1.10212e-06 0)
(1.21621e-06 -2.25026e-06 0)
(2.13353e-06 -4.35557e-06 0)
(3.47821e-06 -7.95805e-06 0)
(5.22123e-06 -1.36615e-05 0)
(7.14133e-06 -2.1928e-05 0)
(8.79344e-06 -3.2768e-05 0)
(9.55961e-06 -4.54535e-05 0)
(8.82984e-06 -5.83443e-05 0)
(6.31118e-06 -6.9081e-05 0)
(2.29927e-06 -7.52363e-05 0)
(1.84785e-15 -9.74384e-15 0)
(7.39194e-15 4.03188e-15 0)
(7.22399e-15 -9.07189e-15 0)
(3.49437e-14 -3.05757e-14 0)
(1.23479e-13 -1.11551e-13 0)
(4.03701e-13 -3.67246e-13 0)
(1.29846e-12 -1.22438e-12 0)
(4.06507e-12 -3.9594e-12 0)
(1.23674e-11 -1.24185e-11 0)
(3.6554e-11 -3.79778e-11 0)
(1.04858e-10 -1.12975e-10 0)
(2.91644e-10 -3.26557e-10 0)
(7.84987e-10 -9.15881e-10 0)
(2.04069e-09 -2.48839e-09 0)
(5.11238e-09 -6.53758e-09 0)
(1.23112e-08 -1.65758e-08 0)
(2.84152e-08 -4.04697e-08 0)
(6.2652e-08 -9.49108e-08 0)
(1.31456e-07 -2.13223e-07 0)
(2.613e-07 -4.57453e-07 0)
(4.89443e-07 -9.34004e-07 0)
(8.58472e-07 -1.80784e-06 0)
(1.39931e-06 -3.30311e-06 0)
(2.10025e-06 -5.67039e-06 0)
(2.8724e-06 -9.1017e-06 0)
(3.53672e-06 -1.36018e-05 0)
(3.84444e-06 -1.88684e-05 0)
(3.55033e-06 -2.422e-05 0)
(2.53708e-06 -2.86768e-05 0)
(9.24153e-07 -3.12313e-05 0)
(-2.25115e-14 -2.68801e-15 0)
(1.04158e-14 -7.39184e-15 0)
(1.68002e-15 -1.34406e-15 0)
(1.14239e-14 -9.07204e-15 0)
(4.58637e-14 -4.06557e-14 0)
(1.58759e-13 -1.50863e-13 0)
(5.11725e-13 -4.95933e-13 0)
(1.60691e-12 -1.60708e-12 0)
(4.87953e-12 -5.05005e-12 0)
(1.44335e-11 -1.54394e-11 0)
(4.13983e-11 -4.59033e-11 0)
(1.15105e-10 -1.32665e-10 0)
(3.09732e-10 -3.71978e-10 0)
(8.04975e-10 -1.01041e-09 0)
(2.01613e-09 -2.65402e-09 0)
(4.85395e-09 -6.72801e-09 0)
(1.12009e-08 -1.6424e-08 0)
(2.46912e-08 -3.8513e-08 0)
(5.17957e-08 -8.65123e-08 0)
(1.02933e-07 -1.85586e-07 0)
(1.92757e-07 -3.78882e-07 0)
(3.38005e-07 -7.33282e-07 0)
(5.508e-07 -1.33963e-06 0)
(8.26508e-07 -2.29948e-06 0)
(1.13017e-06 -3.69063e-06 0)
(1.39133e-06 -5.51507e-06 0)
(1.51209e-06 -7.65018e-06 0)
(1.39607e-06 -9.8195e-06 0)
(9.9739e-07 -1.16257e-05 0)
(3.63245e-07 -1.26607e-05 0)
(1.67985e-15 -2.35197e-15 0)
(5.37598e-15 3.69585e-15 0)
(1.51198e-15 -5.37588e-15 0)
(6.72042e-16 -8.39988e-15 0)
(1.83119e-14 -1.5456e-14 0)
(6.13196e-14 -5.84636e-14 0)
(1.95215e-13 -1.97567e-13 0)
(6.19916e-13 -6.40412e-13 0)
(1.88831e-12 -2.00759e-12 0)
(5.57891e-12 -6.14204e-12 0)
(1.60179e-11 -1.82554e-11 0)
(4.45163e-11 -5.27493e-11 0)
(1.19756e-10 -1.47859e-10 0)
(3.11141e-10 -4.01512e-10 0)
(7.79038e-10 -1.05439e-09 0)
(1.87502e-09 -2.67227e-09 0)
(4.3255e-09 -6.52196e-09 0)
(9.53236e-09 -1.52905e-08 0)
(1.99905e-08 -3.43406e-08 0)
(3.97143e-08 -7.36536e-08 0)
(7.43464e-08 -1.50339e-07 0)
(1.30322e-07 -2.90906e-07 0)
(2.12291e-07 -5.31347e-07 0)
(3.18448e-07 -9.11868e-07 0)
(4.35326e-07 -1.46326e-06 0)
(5.35789e-07 -2.18631e-06 0)
(5.82135e-07 -3.03235e-06 0)
(5.37312e-07 -3.89176e-06 0)
(3.83761e-07 -4.60712e-06 0)
(1.39739e-07 -5.01692e-06 0)
(2.80921e-20 1.00801e-15 0)
(4.87191e-15 -6.04789e-15 0)
(-5.03973e-16 -2.01599e-15 0)
(1.68e-15 -3.02399e-15 0)
(9.57589e-15 -1.00798e-14 0)
(2.31838e-14 -1.98239e-14 0)
(7.27435e-14 -7.62715e-14 0)
(2.22767e-13 -2.43598e-13 0)
(7.15507e-13 -7.77499e-13 0)
(2.11729e-12 -2.39398e-12 0)
(6.07719e-12 -7.11274e-12 0)
(1.68817e-11 -2.05405e-11 0)
(4.54007e-11 -5.75631e-11 0)
(1.17921e-10 -1.5627e-10 0)
(2.95143e-10 -4.10239e-10 0)
(7.1011e-10 -1.03942e-09 0)
(1.63758e-09 -2.53612e-09 0)
(3.60753e-09 -5.94423e-09 0)
(7.56259e-09 -1.33465e-08 0)
(1.50184e-08 -2.8618e-08 0)
(2.81031e-08 -5.83978e-08 0)
(4.92404e-08 -1.12968e-07 0)
(8.01752e-08 -2.06278e-07 0)
(1.20216e-07 -3.53899e-07 0)
(1.64279e-07 -5.67742e-07 0)
(2.02126e-07 -8.48094e-07 0)
(2.19536e-07 -1.17606e-06 0)
(2.02562e-07 -1.50911e-06 0)
(1.4463e-07 -1.78624e-06 0)
(5.26539e-08 -1.94496e-06 0)
(1.00794e-15 -1.68e-15 0)
(-5.71185e-15 -4.36795e-15 0)
(3.86393e-15 -2.01601e-15 0)
(3.02396e-15 -2.68793e-15 0)
(2.856e-15 -1.00804e-15 0)
(6.88794e-15 -9.40789e-15 0)
(2.43598e-14 -2.72158e-14 0)
(7.99675e-14 -9.30714e-14 0)
(2.65942e-13 -2.9803e-13 0)
(7.83211e-13 -9.10554e-13 0)
(2.26311e-12 -2.71217e-12 0)
(6.27677e-12 -7.83816e-12 0)
(1.68886e-11 -2.19665e-11 0)
(4.38496e-11 -5.96097e-11 0)
(1.09701e-10 -1.56433e-10 0)
(2.63837e-10 -3.9622e-10 0)
(6.08171e-10 -9.66425e-10 0)
(1.33922e-09 -2.26439e-09 0)
(2.80619e-09 -5.08252e-09 0)
(5.57016e-09 -1.08944e-08 0)
(1.0418e-08 -2.22233e-08 0)
(1.82443e-08 -4.29744e-08 0)
(2.96903e-08 -7.84415e-08 0)
(4.44958e-08 -1.34527e-07 0)
(6.07787e-08 -2.1574e-07 0)
(7.47513e-08 -3.22178e-07 0)
(8.11579e-08 -4.46651e-07 0)
(7.48543e-08 -5.73011e-07 0)
(5.34285e-08 -6.7812e-07 0)
(1.94472e-08 -7.38298e-07 0)
(-1.51196e-15 3.69593e-15 0)
(-2.01599e-15 -3.35999e-16 0)
(1.84795e-15 -1.00796e-15 0)
(2.68796e-15 2.0159e-15 0)
(1.344e-15 1.67995e-15 0)
(6.38391e-15 1.00797e-15 0)
(5.20802e-15 -7.72794e-15 0)
(2.58719e-14 -3.35998e-14 0)
(9.60953e-14 -1.11551e-13 0)
(2.7955e-13 -3.40366e-13 0)
(8.26218e-13 -1.01639e-12 0)
(2.29352e-12 -2.9336e-12 0)
(6.16573e-12 -8.21884e-12 0)
(1.60088e-11 -2.22985e-11 0)
(4.00235e-11 -5.85022e-11 0)
(9.62229e-11 -1.48118e-10 0)
(2.21708e-10 -3.61139e-10 0)
(4.87965e-10 -8.45836e-10 0)
(1.02196e-09 -1.89776e-09 0)
(2.02745e-09 -4.06621e-09 0)
(3.78985e-09 -8.29113e-09 0)
(6.63296e-09 -1.6026e-08 0)
(1.07879e-08 -2.92394e-08 0)
(1.61581e-08 -5.01232e-08 0)
(2.206e-08 -8.03487e-08 0)
(2.71191e-08 -1.19947e-07 0)
(2.94303e-08 -1.66236e-07 0)
(2.71329e-08 -2.13208e-07 0)
(1.93597e-08 -2.52265e-07 0)
(7.04516e-09 -2.7462e-07 0)
(3.3597e-16 1.34396e-15 0)
(-2.35195e-15 3.35973e-16 0)
(-2.51993e-15 -1.00798e-15 0)
(-3.35961e-16 -4.03186e-15 0)
(3.86392e-15 -2.68794e-15 0)
(1.512e-15 -6.04789e-15 0)
(5.7119e-15 -2.45203e-20 0)
(5.87998e-15 -1.37759e-14 0)
(3.30958e-14 -3.79678e-14 0)
(9.74393e-14 -1.24655e-13 0)
(2.91646e-13 -3.76989e-13 0)
(8.19498e-13 -1.0762e-12 0)
(2.21171e-12 -3.01995e-12 0)
(5.73884e-12 -8.19062e-12 0)
(1.43416e-11 -2.14703e-11 0)
(3.44742e-11 -5.43412e-11 0)
(7.93768e-11 -1.32422e-10 0)
(1.74614e-10 -3.10013e-10 0)
(3.65487e-10 -6.95255e-10 0)
(7.24654e-10 -1.48898e-09 0)
(1.35371e-09 -3.0346e-09 0)
(2.3677e-09 -5.86267e-09 0)
(3.84829e-09 -1.06909e-08 0)
(5.76032e-09 -1.83174e-08 0)
(7.85991e-09 -2.93492e-08 0)
(9.6575e-09 -4.3795e-08 0)
(1.04754e-08 -6.06744e-08 0)
(9.65327e-09 -7.77948e-08 0)
(6.8852e-09 -9.20243e-08 0)
(2.50503e-09 -1.00166e-07 0)
(1.67991e-16 -5.37588e-15 0)
(-6.5519e-15 -4.70391e-15 0)
(5.03965e-16 8.06381e-15 0)
(-3.35956e-16 5.03989e-15 0)
(5.71188e-15 4.03189e-15 0)
(-8.39922e-16 3.69595e-15 0)
(2.1839e-15 -1.344e-15 0)
(-6.38389e-15 -5.37595e-15 0)
(1.07519e-14 -1.57918e-14 0)
(2.33519e-14 -3.83038e-14 0)
(1.07183e-13 -1.32047e-13 0)
(2.86774e-13 -3.85725e-13 0)
(7.79851e-13 -1.08662e-12 0)
(2.01867e-12 -2.95174e-12 0)
(5.05156e-12 -7.74105e-12 0)
(1.2133e-11 -1.95719e-11 0)
(2.79288e-11 -4.7674e-11 0)
(6.13957e-11 -1.11561e-10 0)
(1.2843e-10 -2.50058e-10 0)
(2.54479e-10 -5.35258e-10 0)
(4.75054e-10 -1.09029e-09 0)
(8.30294e-10 -2.1052e-09 0)
(1.34852e-09 -3.83673e-09 0)
(2.01714e-09 -6.56996e-09 0)
(2.75067e-09 -1.05212e-08 0)
(3.37788e-09 -1.56924e-08 0)
(3.662e-09 -2.17317e-08 0)
(3.37297e-09 -2.78542e-08 0)
(2.40485e-09 -3.29406e-08 0)
(8.74752e-10 -3.58498e-08 0)
(8.39976e-16 -2.688e-15 0)
(6.7195e-16 2.35196e-15 0)
(3.52796e-15 -5.0399e-15 0)
(2.01595e-15 -1.34397e-15 0)
(6.72053e-16 3.36049e-16 0)
(2.01594e-15 -3.36043e-16 0)
(-3.35992e-15 -3.69594e-15 0)
(-8.39987e-15 -4.36792e-15 0)
(6.04786e-15 3.35939e-16 0)
(2.52001e-15 -1.64638e-14 0)
(3.34319e-14 -4.63677e-14 0)
(1.00967e-13 -1.38095e-13 0)
(2.64766e-13 -3.86397e-13 0)
(6.98875e-13 -1.04865e-12 0)
(1.75307e-12 -2.73805e-12 0)
(4.19762e-12 -6.92962e-12 0)
(9.66161e-12 -1.68631e-11 0)
(2.12228e-11 -3.94347e-11 0)
(4.43692e-11 -8.83556e-11 0)
(8.78474e-11 -1.89003e-10 0)
(1.6387e-10 -3.84768e-10 0)
(2.86195e-10 -7.42462e-10 0)
(4.64453e-10 -1.35229e-09 0)
(6.9423e-10 -2.3142e-09 0)
(9.46048e-10 -3.7038e-09 0)
(1.16107e-09 -5.52143e-09 0)
(1.25801e-09 -7.64297e-09 0)
(1.15814e-09 -9.79258e-09 0)
(8.25389e-10 -1.15776e-08 0)
(3.00162e-10 -1.25981e-08 0)
(-1.17596e-15 -6.72016e-16 0)
(6.71986e-16 -3.36022e-16 0)
(3.19197e-15 -4.36794e-15 0)
(1.00802e-15 -1.68002e-15 0)
(2.68798e-15 -3.3605e-16 0)
(1.17599e-15 -3.69589e-15 0)
(-2.68797e-15 -1.008e-15 0)
(-2.18402e-15 -1.67996e-15 0)
(-4.53591e-15 -1.16061e-20 0)
(1.84796e-15 -4.36796e-15 0)
(9.23992e-15 -1.41119e-14 0)
(3.00718e-14 -4.46877e-14 0)
(8.65195e-14 -1.29023e-13 0)
(2.33182e-13 -3.59518e-13 0)
(5.97236e-13 -9.50874e-13 0)
(1.42698e-12 -2.40406e-12 0)
(3.29059e-12 -5.8551e-12 0)
(7.21925e-12 -1.36993e-11 0)
(1.50715e-11 -3.06756e-11 0)
(2.98262e-11 -6.55891e-11 0)
(5.55967e-11 -1.33441e-10 0)
(9.70086e-11 -2.57324e-10 0)
(1.57314e-10 -4.68364e-10 0)
(2.34945e-10 -8.00984e-10 0)
(3.1994e-10 -1.28115e-09 0)
(3.92408e-10 -1.9088e-09 0)
(4.24912e-10 -2.64097e-09 0)
(3.90966e-10 -3.38239e-09 0)
(2.78528e-10 -3.99775e-09 0)
(1.01262e-10 -4.34946e-09 0)
(-3.36002e-16 -4.36793e-15 0)
(-1.67997e-15 1.3439e-15 0)
(4.36795e-15 -6.7199e-15 0)
(2.016e-15 -6.04787e-15 0)
(5.87993e-15 -5.03992e-15 0)
(1.67998e-15 -2.79083e-20 0)
(-6.71984e-16 3.35994e-15 0)
(-5.54392e-15 5.37592e-15 0)
(-1.34399e-15 -1.34395e-15 0)
(1.51195e-15 1.67999e-15 0)
(-6.71995e-16 -1.68003e-15 0)
(4.53605e-15 -1.31039e-14 0)
(2.83917e-14 -4.23357e-14 0)
(7.44236e-14 -1.20959e-13 0)
(1.98071e-13 -3.24238e-13 0)
(4.77957e-13 -8.2185e-13 0)
(1.10123e-12 -2.00087e-12 0)
(2.4133e-12 -4.68213e-12 0)
(5.03728e-12 -1.04771e-11 0)
(9.96569e-12 -2.23805e-11 0)
(1.85612e-11 -4.55095e-11 0)
(3.23509e-11 -8.7689e-11 0)
(5.24267e-11 -1.59491e-10 0)
(7.82256e-11 -2.72564e-10 0)
(1.06438e-10 -4.35668e-10 0)
(1.30467e-10 -6.48729e-10 0)
(1.41182e-10 -8.97091e-10 0)
(1.29837e-10 -1.14846e-09 0)
(9.24578e-11 -1.35697e-09 0)
(3.36051e-11 -1.4761e-09 0)
(-1.68012e-16 -2.01601e-15 0)
(-7.55988e-15 -1.74716e-14 0)
(3.69593e-15 1.67994e-15 0)
(3.02397e-15 6.71877e-16 0)
(6.71992e-15 -2.68794e-15 0)
(1.51201e-15 -1.00804e-15 0)
(6.71973e-16 -2.01598e-15 0)
(-1.51196e-15 4.36792e-15 0)
(3.35956e-16 2.68795e-15 0)
(-3.52796e-15 3.36004e-16 0)
(-5.03991e-15 4.36789e-15 0)
(3.35928e-16 -4.70395e-15 0)
(2.01611e-15 -1.57918e-14 0)
(2.68797e-14 -4.26717e-14 0)
(6.56875e-14 -1.06847e-13 0)
(1.58591e-13 -2.72158e-13 0)
(3.61198e-13 -6.71324e-13 0)
(7.94131e-13 -1.56978e-12 0)
(1.65983e-12 -3.51454e-12 0)
(3.27883e-12 -7.51929e-12 0)
(6.09819e-12 -1.5263e-11 0)
(1.06179e-11 -2.93948e-11 0)
(1.71967e-11 -5.34253e-11 0)
(2.56365e-11 -9.12362e-11 0)
(3.48522e-11 -1.45724e-10 0)
(4.26949e-11 -2.16847e-10 0)
(4.61698e-11 -2.99719e-10 0)
(4.24305e-11 -3.83523e-10 0)
(3.02064e-11 -4.53007e-10 0)
(1.09754e-11 -4.9269e-10 0)
(-1.22585e-20 4.0319e-15 0)
(-5.54391e-15 6.71885e-16 0)
(3.69592e-15 -1.00802e-15 0)
(1.68e-15 -4.0319e-15 0)
(5.37595e-15 -3.3606e-16 0)
(6.72012e-16 -5.71189e-15 0)
(2.85598e-15 -5.71189e-15 0)
(1.51197e-15 2.01596e-15 0)
(-1.68021e-16 1.67998e-15 0)
(-4.53592e-15 -1.01295e-20 0)
(-2.18405e-15 -2.01592e-15 0)
(-2.68788e-15 3.35975e-16 0)
(1.51192e-15 3.35916e-16 0)
(6.55197e-15 -1.31038e-14 0)
(1.59599e-14 -2.92319e-14 0)
(5.19116e-14 -8.76954e-14 0)
(1.14407e-13 -2.18398e-13 0)
(2.56702e-13 -5.20796e-13 0)
(5.35916e-13 -1.1686e-12 0)
(1.06326e-12 -2.48101e-12 0)
(1.97583e-12 -5.03627e-12 0)
(3.43356e-12 -9.69454e-12 0)
(5.55404e-12 -1.7613e-11 0)
(8.27478e-12 -3.00516e-11 0)
(1.12304e-11 -4.79701e-11 0)
(1.37608e-11 -7.1339e-11 0)
(1.48645e-11 -9.8532e-11 0)
(1.36531e-11 -1.26027e-10 0)
(9.72041e-12 -1.48812e-10 0)
(3.5305e-12 -1.61816e-10 0)
(6.71969e-16 -1.67997e-15 0)
(-3.35998e-15 -1.00798e-15 0)
(-1.34392e-15 -4.36795e-15 0)
(-3.35952e-16 -3.02395e-15 0)
(8.23183e-15 -6.72008e-16 0)
(8.55299e-20 -3.36039e-16 0)
(7.55983e-15 -3.00401e-20 0)
(-2.8559e-15 -1.67998e-15 0)
(-1.84797e-15 -1.67998e-15 0)
(-2.688e-15 -2.35195e-15 0)
(-5.71188e-15 6.71975e-16 0)
(1.00791e-15 -6.71991e-16 0)
(-1.00797e-15 -2.68794e-15 0)
(1.176e-15 2.68793e-15 0)
(5.54394e-15 -9.4079e-15 0)
(1.2096e-14 -2.65438e-14 0)
(3.41038e-14 -7.32475e-14 0)
(8.21514e-14 -1.69343e-13 0)
(1.65647e-13 -3.78334e-13 0)
(3.42718e-13 -8.10091e-13 0)
(6.24452e-13 -1.64236e-12 0)
(1.09955e-12 -3.14998e-12 0)
(1.76735e-12 -5.71935e-12 0)
(2.63254e-12 -9.74729e-12 0)
(3.56258e-12 -1.55365e-11 0)
(4.36965e-12 -2.30965e-11 0)
(4.71186e-12 -3.18909e-11 0)
(4.33235e-12 -4.0773e-11 0)
(3.08177e-12 -4.81239e-11 0)
(1.11753e-12 -5.23256e-11 0)
(-6.22801e-21 -2.35192e-15 0)
(-2.18394e-15 6.71988e-16 0)
(2.18393e-15 3.35914e-16 0)
(2.18398e-15 -1.008e-15 0)
(4.64926e-20 -5.3759e-15 0)
(4.19995e-15 -5.03995e-15 0)
(3.36046e-16 -1.67997e-15 0)
(3.69591e-15 -5.37592e-15 0)
(-1.67997e-15 -2.68799e-15 0)
(-1.17601e-15 -1.68001e-15 0)
(1.17593e-15 -1.008e-15 0)
(-1.67995e-15 -6.7197e-16 0)
(-2.51995e-15 -2.35198e-15 0)
(3.35957e-16 2.68792e-15 0)
(3.192e-15 3.02391e-15 0)
(4.03188e-15 -5.71196e-15 0)
(6.72003e-15 -1.68e-14 0)
(2.93997e-14 -4.80478e-14 0)
(4.63677e-14 -1.19951e-13 0)
(1.03487e-13 -2.51662e-13 0)
(1.99919e-13 -5.20797e-13 0)
(3.43222e-13 -1.00867e-12 0)
(5.51708e-13 -1.82615e-12 0)
(8.27058e-13 -3.11604e-12 0)
(1.11198e-12 -4.96168e-12 0)
(1.37238e-12 -7.36944e-12 0)
(1.47654e-12 -1.01643e-11 0)
(1.3497e-12 -1.29903e-11 0)
(9.62466e-13 -1.53255e-11 0)
(3.48766e-13 -1.66598e-11 0)
(8.50271e-22 6.71948e-16 0)
(-3.36041e-16 -4.03197e-15 0)
(1.34403e-15 -1.34389e-15 0)
(2.51997e-15 1.00795e-15 0)
(1.00805e-15 6.71942e-16 0)
(1.41117e-14 -2.68795e-15 0)
(-1.51192e-15 -7.05595e-15 0)
(-3.86398e-15 6.71949e-16 0)
(-1.84796e-15 1.00801e-15 0)
(-6.88791e-15 -3.02399e-15 0)
(-2.01599e-15 2.016e-15 0)
(1.51195e-15 -2.01599e-15 0)
(-2.01598e-15 6.71986e-16 0)
(-3.35992e-15 -3.35957e-16 0)
(-8.40025e-16 -2.01594e-15 0)
(2.352e-15 6.71971e-16 0)
(3.69593e-15 -1.04158e-14 0)
(6.71997e-15 -1.47839e-14 0)
(1.49519e-14 -3.59518e-14 0)
(3.34317e-14 -8.66873e-14 0)
(5.77917e-14 -1.66319e-13 0)
(1.07519e-13 -3.17182e-13 0)
(1.71863e-13 -5.75564e-13 0)
(2.53006e-13 -9.78761e-13 0)
(3.4255e-13 -1.55937e-12 0)
(4.26381e-13 -2.30797e-12 0)
(4.52253e-13 -3.19164e-12 0)
(4.18485e-13 -4.07397e-12 0)
(3.0055e-13 -4.81182e-12 0)
(1.08023e-13 -5.23014e-12 0)
(-9.97968e-21 -3.69598e-15 0)
(-3.86393e-15 2.01598e-15 0)
(2.18396e-15 -2.01606e-15 0)
(4.53592e-15 -1.67999e-15 0)
(4.53595e-15 -2.35194e-15 0)
(1.68002e-15 -3.36056e-16 0)
(-1.17601e-15 9.74382e-15 0)
(-5.2079e-15 -1.34398e-15 0)
(7.72788e-15 -2.68807e-15 0)
(-6.38393e-15 -3.02391e-15 0)
(-3.02394e-15 3.35986e-16 0)
(1.17598e-15 8.06389e-15 0)
(-1.00797e-15 6.72001e-16 0)
(8.39932e-16 -2.01599e-15 0)
(-3.35991e-15 6.71996e-16 0)
(3.86391e-15 -4.0319e-15 0)
(-8.39959e-16 2.01588e-15 0)
(3.35995e-16 -4.70394e-15 0)
(1.51199e-15 -1.0416e-14 0)
(8.39999e-15 -1.9152e-14 0)
(2.20078e-14 -4.70398e-14 0)
(2.99038e-14 -9.97912e-14 0)
(5.22476e-14 -1.66655e-13 0)
(8.11434e-14 -2.9299e-13 0)
(9.97914e-14 -4.87869e-13 0)
(1.29527e-13 -7.17355e-13 0)
(1.40447e-13 -9.89177e-13 0)
(1.25831e-13 -1.26268e-12 0)
(9.03834e-14 -1.48511e-12 0)
(3.30958e-14 -1.61178e-12 0)
(1.67981e-16 1.00801e-15 0)
(-6.38388e-15 -6.38388e-15 0)
(4.36792e-15 -6.71967e-16 0)
(-1.6799e-15 -6.71977e-16 0)
(6.04787e-15 -2.35202e-15 0)
(5.04022e-16 -4.70388e-15 0)
(-6.71988e-16 -9.07186e-15 0)
(-6.71966e-16 -1.04159e-14 0)
(8.39983e-15 -7.05579e-15 0)
(-1.14238e-14 2.35189e-15 0)
(1.17594e-15 -2.68795e-15 0)
(-1.84794e-15 -3.36049e-16 0)
(3.69591e-15 3.3603e-16 0)
(-3.35991e-15 8.39987e-15 0)
(-1.43366e-20 4.04375e-21 0)
(1.84799e-15 3.02391e-15 0)
(2.18392e-15 -1.00797e-15 0)
(-3.36005e-16 -5.03994e-15 0)
(-3.86397e-15 -5.71191e-15 0)
(3.36021e-16 -8.39987e-15 0)
(6.04796e-15 -1.37759e-14 0)
(7.72799e-15 -2.78879e-14 0)
(1.2096e-14 -5.87994e-14 0)
(3.12477e-14 -9.34073e-14 0)
(2.78879e-14 -1.42799e-13 0)
(4.14957e-14 -2.18398e-13 0)
(3.79678e-14 -3.00046e-13 0)
(3.91437e-14 -3.84045e-13 0)
(2.85598e-14 -4.52925e-13 0)
(1.00799e-14 -4.91565e-13 0)
(1.68002e-16 -3.36075e-16 0)
(-3.36044e-16 3.35912e-16 0)
(-8.39982e-16 -4.36795e-15 0)
(3.3598e-16 -3.69599e-15 0)
(-3.0239e-15 -2.68796e-15 0)
(2.18397e-15 -6.72029e-16 0)
(4.03191e-15 -5.03991e-15 0)
(3.36023e-16 -1.68005e-15 0)
(-1.51194e-15 2.68785e-15 0)
(1.00794e-15 3.36013e-16 0)
(4.36792e-15 -4.40419e-20 0)
(4.19992e-15 -3.35989e-15 0)
(-8.73582e-15 -3.35976e-16 0)
(1.00796e-15 1.00799e-15 0)
(6.7198e-16 1.00801e-15 0)
(1.51197e-15 2.68795e-15 0)
(-9.40782e-15 1.67992e-15 0)
(1.00795e-15 3.35994e-16 0)
(-2.01599e-15 -1.67998e-15 0)
(3.36065e-16 3.35953e-16 0)
(2.01593e-15 -1.00803e-15 0)
(2.68798e-15 -7.39193e-15 0)
(1.12558e-14 -1.2096e-14 0)
(4.53603e-15 -2.45279e-14 0)
(8.39997e-15 -4.03197e-14 0)
(1.37759e-14 -6.21596e-14 0)
(1.51199e-14 -8.43354e-14 0)
(4.70406e-15 -1.08191e-13 0)
(1.12559e-14 -1.29695e-13 0)
(1.68045e-16 -1.44143e-13 0)
(3.3598e-16 -7.39179e-15 0)
(2.352e-15 3.36028e-16 0)
(-3.52794e-15 -2.68795e-15 0)
(1.51197e-15 -1.67993e-15 0)
(-4.03196e-15 -1.34401e-15 0)
(5.04011e-16 3.35988e-16 0)
(2.18399e-15 3.69585e-15 0)
(3.19195e-15 -4.03188e-15 0)
(3.69592e-15 -1.00796e-15 0)
(-2.18393e-15 3.35998e-16 0)
(1.00801e-15 -5.37588e-15 0)
(-5.03983e-16 3.35968e-16 0)
(-1.17601e-15 1.34393e-15 0)
(-1.176e-15 -1.00796e-15 0)
(-5.0398e-16 2.68793e-15 0)
(4.36788e-15 -3.3598e-16 0)
(-6.04787e-15 -7.05582e-15 0)
(-4.19992e-15 2.35195e-15 0)
(-2.184e-15 6.72019e-16 0)
(1.02477e-14 -2.35197e-15 0)
(-3.86384e-15 -6.72016e-16 0)
(-8.39987e-16 -4.36796e-15 0)
(4.53594e-15 -9.74385e-15 0)
(-1.17595e-15 -1.57918e-14 0)
(2.51992e-15 -1.57919e-14 0)
(3.02406e-15 -1.81439e-14 0)
(3.35999e-15 -2.51998e-14 0)
(2.18399e-15 -3.66237e-14 0)
(6.88788e-15 -4.36797e-14 0)
(1.17599e-15 -4.87196e-14 0)
(-1.34396e-15 -1.34407e-15 0)
(6.71959e-16 3.3595e-16 0)
(-1.67997e-15 -2.68794e-15 0)
(1.344e-15 -6.89688e-20 0)
(2.01594e-15 -6.71985e-16 0)
(3.52793e-15 -4.03197e-15 0)
(-2.18391e-15 -8.73585e-15 0)
(2.51994e-15 -3.35997e-15 0)
(1.00801e-15 -1.34401e-15 0)
(-1.00797e-15 -1.00801e-15 0)
(1.84797e-15 -1.68004e-15 0)
(-2.18397e-15 -3.35997e-15 0)
(1.17598e-15 6.72016e-16 0)
(2.85594e-15 -2.68791e-15 0)
(-4.87192e-15 -2.35197e-15 0)
(1.00802e-15 -2.352e-15 0)
(5.03936e-16 -3.69592e-15 0)
(-1.34404e-15 -3.36018e-16 0)
(-8.23181e-15 2.68791e-15 0)
(1.51197e-15 1.00804e-15 0)
(2.51995e-15 -1.00798e-15 0)
(-4.19996e-15 -3.36e-15 0)
(1.344e-15 -1.00805e-15 0)
(3.02395e-15 -2.35202e-15 0)
(-4.36789e-15 -8.73587e-15 0)
(6.71989e-15 -2.688e-15 0)
(2.51998e-15 -7.05593e-15 0)
(1.17594e-15 -6.72e-15 0)
(-1.8479e-15 -1.54558e-14 0)
(8.39975e-16 -8.73603e-15 0)
(-5.03994e-16 -4.36788e-15 0)
(-1.84796e-15 2.68797e-15 0)
(2.51995e-15 2.68789e-15 0)
(2.01597e-15 -3.02391e-15 0)
(-5.03968e-16 -2.35198e-15 0)
(3.36026e-16 -4.03195e-15 0)
(4.87188e-15 3.35981e-16 0)
(-2.01592e-15 3.6959e-15 0)
(5.04018e-16 3.1698e-20 0)
(5.20792e-15 5.58718e-20 0)
(1.84793e-15 -2.06394e-20 0)
(-1.84795e-15 -1.34394e-15 0)
(-3.52795e-15 3.3599e-16 0)
(1.68007e-16 9.40774e-15 0)
(-1.67996e-16 -1.00795e-15 0)
(1.67965e-16 -5.37587e-15 0)
(-3.69597e-15 3.35987e-15 0)
(-3.02394e-15 3.69595e-15 0)
(1.51191e-15 1.32237e-20 0)
(-3.35986e-16 3.35992e-15 0)
(-1.34397e-15 -1.008e-15 0)
(-6.88789e-15 -3.69593e-15 0)
(2.35191e-15 -5.37592e-15 0)
(1.34403e-15 -3.696e-15 0)
(-8.3998e-16 -1.34401e-15 0)
(9.07185e-15 -3.35996e-15 0)
(-5.03964e-16 -1.68004e-15 0)
(-2.35192e-15 -4.36795e-15 0)
(2.18394e-15 -4.70394e-15 0)
(1.00799e-15 -6.38387e-15 0)
(-3.36002e-16 6.38385e-15 0)
(-6.38385e-15 -6.7198e-16 0)
(2.35194e-15 -2.0159e-15 0)
(3.36009e-16 -4.01066e-20 0)
(1.34399e-15 -1.00801e-15 0)
(-5.03967e-16 -3.69592e-15 0)
(2.184e-15 -4.36792e-15 0)
(2.85592e-15 2.68796e-15 0)
(3.36037e-16 -5.3864e-21 0)
(4.87188e-15 3.35914e-16 0)
(-3.69588e-15 -4.70389e-15 0)
(1.51198e-15 1.67995e-15 0)
(-4.03197e-15 -6.72014e-16 0)
(1.84797e-15 -1.51197e-14 0)
(-1.68044e-16 2.0159e-15 0)
(-1.00796e-15 -1.00803e-15 0)
(-7.89589e-15 -1.00795e-15 0)
(-2.4704e-20 -3.69592e-15 0)
(-3.86394e-15 -3.35994e-15 0)
(3.86392e-15 -1.67997e-15 0)
(-3.69593e-15 -1.67996e-15 0)
(-1.00802e-15 1.00794e-15 0)
(-1.51199e-15 -5.71193e-15 0)
(1.7269e-20 -6.71989e-16 0)
(1.17604e-15 1.00789e-15 0)
(9.07183e-15 -4.03189e-15 0)
(-1.51194e-15 -1.34397e-15 0)
(-8.39992e-16 -1.67996e-15 0)
(8.3999e-16 4.03188e-15 0)
(1.34398e-15 3.3594e-16 0)
(2.35194e-15 -1.67993e-15 0)
(1.51191e-15 -1.00793e-15 0)
(1.62853e-20 4.03189e-15 0)
(1.6801e-16 5.81545e-20 0)
(3.19195e-15 1.34398e-15 0)
(-3.35981e-16 -3.35997e-16 0)
(3.69595e-15 2.80212e-21 0)
(1.84796e-15 -3.36012e-16 0)
(-1.67961e-16 -4.70391e-15 0)
(-6.71991e-16 -2.68795e-15 0)
(-5.03986e-16 2.68794e-15 0)
(1.67996e-15 2.35192e-15 0)
(-2.01596e-15 2.01601e-15 0)
(-1.68014e-16 8.06382e-15 0)
(-3.69592e-15 1.00802e-15 0)
(1.84793e-15 -3.69596e-15 0)
(-4.03195e-15 1.34393e-15 0)
(-6.72018e-16 3.35999e-16 0)
(-3.52797e-15 -1.008e-15 0)
(-5.03972e-16 1.34398e-15 0)
(1.67994e-15 -1.008e-15 0)
(-4.36794e-15 1.00796e-15 0)
(-2.85593e-15 -3.51156e-20 0)
(5.71187e-15 -4.36788e-15 0)
(3.36035e-16 -1.67994e-15 0)
(5.03997e-15 -2.35202e-15 0)
(-1.17596e-15 3.0239e-15 0)
(1.67997e-16 -1.00799e-15 0)
(-1.17597e-15 1.00802e-15 0)
(2.01594e-15 1.008e-15 0)
(1.00798e-15 -6.71975e-16 0)
(-5.87987e-15 6.04783e-15 0)
(-6.72009e-16 6.72033e-16 0)
(6.71986e-16 5.03986e-15 0)
(1.67998e-15 -3.35957e-16 0)
(-1.51196e-15 6.71982e-15 0)
(4.53594e-15 2.03544e-22 0)
(-2.6879e-15 -3.36008e-16 0)
(3.02392e-15 6.71928e-16 0)
(1.00438e-20 -5.03991e-15 0)
(1.17596e-15 -6.04794e-15 0)
(6.72011e-16 -7.05585e-15 0)
(-2.01601e-15 -2.68804e-15 0)
(-8.39974e-16 -2.01598e-15 0)
(-2.01598e-15 -4.03196e-15 0)
(2.35192e-15 1.99503e-20 0)
(-4.19992e-15 -2.68795e-15 0)
(-1.34398e-15 -1.68e-15 0)
(-5.54392e-15 -1.67994e-15 0)
(4.19985e-15 4.03186e-15 0)
(-4.3679e-15 -1.67996e-15 0)
(-5.04008e-16 -1.34395e-15 0)
(-1.51195e-15 -3.35991e-16 0)
(4.87192e-15 3.69587e-15 0)
(1.67998e-15 1.67998e-15 0)
(6.21593e-15 4.36793e-15 0)
(4.36798e-15 -3.3599e-15 0)
(1.84796e-15 -3.35976e-16 0)
(1.848e-15 5.37586e-15 0)
(1.45338e-20 1.34404e-15 0)
(1.51196e-15 3.69594e-15 0)
(-1.84798e-15 -2.0159e-15 0)
(-6.71984e-16 4.1361e-20 0)
(5.0396e-16 6.61673e-20 0)
(-2.35193e-15 2.01596e-15 0)
(3.36013e-16 9.65037e-20 0)
(3.86392e-15 6.72021e-16 0)
(5.03953e-16 -2.68792e-15 0)
(-8.39969e-16 -3.35978e-16 0)
(2.51996e-15 4.36786e-15 0)
(-1.84791e-15 -4.7039e-15 0)
(2.18394e-15 -2.35201e-15 0)
(-2.35197e-15 -3.69591e-15 0)
(-1.67997e-15 -5.71194e-15 0)
(-2.01601e-15 -3.02396e-15 0)
(3.15767e-20 -1.00799e-15 0)
(-1.68e-15 6.04788e-15 0)
(2.68793e-15 -6.71971e-16 0)
(-7.5599e-15 1.00795e-15 0)
(-1.67996e-15 -2.01597e-15 0)
(-1.51198e-15 -1.344e-15 0)
(1.00796e-15 -3.69591e-15 0)
(1.17594e-15 -1.34398e-15 0)
(2.68801e-15 -2.35188e-15 0)
(-1.00799e-15 -2.01598e-15 0)
(3.36e-15 -6.72011e-16 0)
(5.87992e-15 -3.02399e-15 0)
(1.34402e-15 -2.01604e-15 0)
(2.5199e-15 -4.36792e-15 0)
(-8.39968e-16 6.71914e-16 0)
(-5.03973e-16 3.69596e-15 0)
(1.67991e-15 2.01596e-15 0)
(-1.84796e-15 4.36796e-15 0)
(-2.68794e-15 1.34399e-15 0)
(2.01598e-15 -1.00795e-15 0)
(5.0397e-16 3.02389e-15 0)
(-2.18393e-15 3.3599e-15 0)
(-1.512e-15 2.01589e-15 0)
(-1.17597e-15 -4.1042e-20 0)
(-3.69594e-15 -7.72783e-15 0)
(7.55984e-15 6.71901e-16 0)
(-1.67956e-16 -3.35994e-15 0)
(1.34397e-15 -1.00802e-15 0)
(1.67998e-15 -6.71981e-16 0)
(-2.35193e-15 -3.3601e-16 0)
(1.67961e-16 1.34395e-15 0)
(-3.69598e-15 -3.35986e-15 0)
(-5.04003e-16 1.67994e-15 0)
(-1.34401e-15 6.7196e-16 0)
(-2.01597e-15 -1.27677e-14 0)
(6.71968e-16 -1.00799e-15 0)
(-3.52794e-15 6.04783e-15 0)
(-2.18394e-15 4.03197e-15 0)
(3.19192e-15 7.72782e-15 0)
(-1.51193e-15 3.36031e-16 0)
(7.72791e-15 -2.68796e-15 0)
(2.01595e-15 -4.70393e-15 0)
(-1.17597e-15 -7.39187e-15 0)
(-2.35189e-15 -4.70396e-15 0)
(1.34395e-15 -7.72778e-15 0)
(-8.39998e-16 6.71985e-16 0)
(-7.55984e-15 -3.69592e-15 0)
(6.88784e-15 5.03983e-15 0)
(-3.02394e-15 3.02391e-15 0)
(5.03991e-15 6.71967e-16 0)
(6.71991e-16 6.72021e-16 0)
(-5.04029e-16 -2.68796e-15 0)
(8.40021e-16 -1.00798e-14 0)
(2.68791e-15 -5.37592e-15 0)
(-5.54387e-15 -3.36056e-16 0)
(5.04021e-16 -1.00797e-15 0)
(4.53592e-15 -3.024e-15 0)
(-1.67996e-15 -2.35199e-15 0)
(-5.0398e-16 -3.35999e-15 0)
(-1.68052e-16 -2.01599e-15 0)
(8.39981e-16 -4.70393e-15 0)
(-3.3599e-15 -4.36804e-15 0)
(1.67993e-15 -1.67995e-15 0)
(-8.23186e-15 -6.71988e-16 0)
(1.84795e-15 -1.00805e-15 0)
(-4.03194e-15 1.00798e-15 0)
(2.85592e-15 -6.71934e-16 0)
(-1.00796e-15 -1.09049e-20 0)
(1.00802e-15 6.72031e-16 0)
(3.35947e-16 2.01597e-15 0)
(2.01598e-15 -1.68005e-15 0)
(1.6805e-16 -6.72009e-16 0)
(3.35977e-16 6.71918e-16 0)
(2.18393e-15 -7.39191e-15 0)
(-1.34396e-15 -1.0081e-15 0)
(-6.71979e-16 2.01597e-15 0)
(-4.87191e-15 1.67996e-15 0)
(-1.67995e-16 6.72017e-16 0)
(-3.36004e-16 7.65677e-20 0)
(-2.35197e-15 1.68001e-15 0)
(-3.02392e-15 3.36009e-16 0)
(1.00801e-15 -6.71928e-16 0)
(1.17596e-15 3.3597e-16 0)
(-1.67994e-16 -4.01732e-21 0)
(-8.40009e-16 2.35194e-15 0)
(-8.39995e-16 -3.3597e-16 0)
(-5.03967e-16 -3.35991e-16 0)
(5.37592e-15 -1.67993e-15 0)
(-1.68064e-16 -6.71981e-16 0)
(-3.19191e-15 1.00801e-15 0)
(-1.84797e-15 2.02712e-20 0)
(-3.3604e-16 -2.68793e-15 0)
(1.00801e-15 -1.68001e-15 0)
(3.35947e-16 3.35985e-16 0)
(-2.68793e-15 -6.71958e-16 0)
(1.84796e-15 2.35197e-15 0)
(-5.03968e-16 2.1236e-20 0)
(6.71943e-16 -6.71974e-16 0)
(2.01594e-15 -1.00799e-15 0)
(5.04011e-16 -3.21119e-20 0)
(-6.71963e-16 -5.71185e-15 0)
(-3.02399e-15 -1.34402e-15 0)
(-1.00799e-15 -3.02394e-15 0)
(1.68032e-16 -4.36797e-15 0)
(1.17598e-15 -2.01596e-15 0)
(1.67999e-15 -5.0399e-15 0)
(1.07517e-14 -3.69598e-15 0)
(-7.22386e-15 -6.71982e-15 0)
(3.3597e-16 2.68792e-15 0)
(-2.51994e-15 1.67993e-15 0)
(-1.34402e-15 1.34395e-15 0)
(8.39968e-16 7.39181e-15 0)
(1.00799e-15 4.03192e-15 0)
(-1.67975e-16 -9.15821e-21 0)
(6.71984e-16 -3.35935e-16 0)
(-2.51995e-15 3.69588e-15 0)
(-6.71983e-16 5.37597e-15 0)
(3.69591e-15 8.73582e-15 0)
(-6.55183e-15 -3.36026e-16 0)
(1.67984e-16 3.69593e-15 0)
(5.03955e-16 4.36788e-15 0)
(-2.68796e-15 4.30874e-20 0)
(1.51196e-15 -2.01598e-15 0)
(-1.67996e-15 -2.01596e-15 0)
(-1.67991e-16 2.01596e-15 0)
(2.01593e-15 6.04791e-15 0)
(-1.67994e-15 3.69595e-15 0)
(-2.01595e-15 -3.35972e-16 0)
(-1.00799e-15 -1.008e-15 0)
(-1.17598e-15 -3.02396e-15 0)
(-3.36019e-16 -6.72006e-16 0)
(-4.03197e-15 -3.69594e-15 0)
(-1.17598e-15 -2.01601e-15 0)
(4.70394e-15 -5.37591e-15 0)
(3.02393e-15 -5.03991e-15 0)
(6.71986e-16 6.71995e-16 0)
(-4.70387e-15 -1.34395e-15 0)
(6.71985e-15 6.38385e-15 0)
(-1.34397e-15 -1.67991e-15 0)
(-1.51201e-15 1.34399e-15 0)
(-3.69594e-15 -2.68788e-15 0)
(8.39986e-16 -3.69592e-15 0)
(-6.71993e-16 -1.00795e-15 0)
(5.03966e-16 -1.67993e-15 0)
(2.18396e-15 2.0159e-15 0)
(3.52797e-15 -3.0239e-15 0)
(-2.18393e-15 1.67997e-15 0)
(5.03997e-16 -2.68794e-15 0)
(-1.00799e-15 -8.39983e-15 0)
(-3.69601e-15 -3.35984e-16 0)
(2.51997e-15 6.72032e-16 0)
(-2.85596e-15 4.36786e-15 0)
(6.71958e-16 -3.35936e-16 0)
(-2.51993e-15 2.35194e-15 0)
(9.07184e-15 3.02394e-15 0)
(-8.23183e-15 3.36022e-16 0)
(4.87189e-15 3.35994e-15 0)
(-8.40008e-16 3.69593e-15 0)
(-6.5519e-15 -6.71968e-16 0)
(-1.00803e-15 -3.35996e-15 0)
(-1.84797e-15 -4.71585e-20 0)
(-3.69594e-15 1.34395e-15 0)
(-6.72008e-16 -6.72003e-16 0)
(1.34398e-15 2.35189e-15 0)
(6.72014e-16 -1.00801e-15 0)
(1.78124e-20 2.68793e-15 0)
(1.6792e-16 -6.72022e-16 0)
(-2.3519e-15 -2.35192e-15 0)
(1.67994e-15 2.35188e-15 0)
(-2.51994e-15 1.00801e-15 0)
(-3.69595e-15 1.67994e-15 0)
(2.85592e-15 -1.008e-15 0)
(-4.87187e-15 1.00799e-15 0)
(-3.35999e-16 2.6879e-15 0)
(-3.35968e-16 -4.36785e-15 0)
(8.39986e-15 -3.02393e-15 0)
(1.00797e-15 2.68792e-15 0)
(1.34397e-15 -1.00797e-15 0)
(2.35199e-15 1.00797e-15 0)
(-2.01596e-15 2.35193e-15 0)
(-3.19198e-15 2.95749e-20 0)
(-5.87992e-15 3.30859e-20 0)
(1.6799e-16 5.37584e-15 0)
(-5.0403e-16 -1.00793e-15 0)
(1.17602e-15 1.96395e-20 0)
(5.03992e-16 -3.35983e-16 0)
(-2.51995e-15 -6.71943e-16 0)
(8.39906e-16 9.07188e-15 0)
(-3.69592e-15 -3.36032e-16 0)
(-2.35198e-15 -1.34399e-15 0)
(-3.35993e-15 -3.02394e-15 0)
(5.03926e-16 -5.71189e-15 0)
(-2.51992e-15 -6.72021e-16 0)
(3.19196e-15 -7.0558e-15 0)
(1.67997e-15 -1.67997e-15 0)
(-3.35979e-16 -3.02388e-15 0)
(-1.84798e-15 2.68791e-15 0)
(-1.84803e-15 1.34398e-15 0)
(3.3601e-16 -4.36791e-15 0)
(1.34396e-15 2.01596e-15 0)
(-1.68e-15 2.35193e-15 0)
(-1.51196e-15 -3.35985e-16 0)
(3.35991e-16 -2.35198e-15 0)
(-5.04011e-16 -2.35196e-15 0)
(5.04034e-16 2.6879e-15 0)
(2.35195e-15 4.70386e-15 0)
(-2.35188e-15 -2.35199e-15 0)
(1.51196e-15 -2.35198e-15 0)
(4.8719e-15 8.39981e-15 0)
(-4.03192e-15 -4.03185e-15 0)
(2.68792e-15 1.67995e-15 0)
(-4.53594e-15 5.03989e-15 0)
(2.85598e-15 -3.35933e-16 0)
(-3.35995e-15 3.35992e-15 0)
(-2.18393e-15 1.34404e-15 0)
(4.19988e-15 -3.02394e-15 0)
(-8.39984e-16 -3.36015e-16 0)
(-5.54387e-15 -6.7199e-15 0)
(-8.40014e-16 -1.00793e-15 0)
(-3.19204e-15 -3.02395e-15 0)
(-2.35195e-15 1.67996e-15 0)
(-2.18395e-15 1.34402e-15 0)
(1.5119e-15 2.35196e-15 0)
(2.18402e-15 3.69589e-15 0)
(1.00799e-15 2.01594e-15 0)
(2.35191e-15 5.37586e-15 0)
(-5.8799e-15 9.56433e-20 0)
(-4.70394e-15 5.71183e-15 0)
(3.36e-16 -7.39182e-15 0)
(2.68795e-15 -2.01598e-15 0)
(-1.84792e-15 1.00805e-15 0)
(-1.67999e-15 6.72e-16 0)
(-1.51203e-15 1.3573e-20 0)
(3.35997e-16 -4.70392e-15 0)
(3.19192e-15 -2.35196e-15 0)
(1.17601e-15 -3.35996e-15 0)
(-2.01596e-15 -4.70389e-15 0)
(4.03195e-15 -4.70385e-15 0)
(-1.84797e-15 3.02398e-15 0)
(2.68795e-15 -2.01604e-15 0)
(-3.02394e-15 -3.02395e-15 0)
(-1.176e-15 -9.40775e-15 0)
(3.52793e-15 -1.60222e-20 0)
(-3.52796e-15 3.36023e-16 0)
(-1.00796e-15 5.37588e-15 0)
(-1.67942e-16 -1.67996e-15 0)
(2.18393e-15 -1.00797e-15 0)
(-4.19998e-15 5.0399e-15 0)
(-3.35998e-15 2.35194e-15 0)
(-3.19195e-15 1.008e-15 0)
(-6.71997e-16 2.35199e-15 0)
(5.54385e-15 3.02388e-15 0)
(-6.88782e-15 -1.67994e-15 0)
(1.84796e-15 -1.67991e-15 0)
(1.00798e-15 -1.67996e-15 0)
(6.72004e-16 -1.00795e-15 0)
(-4.032e-15 8.06381e-15 0)
(-4.19994e-15 -6.04776e-15 0)
(1.00798e-15 4.03185e-15 0)
(3.36031e-16 -3.35991e-15 0)
(3.86392e-15 6.71935e-16 0)
(-1.008e-15 1.67995e-15 0)
(-6.5519e-15 1.00794e-15 0)
(-1.51199e-15 3.35957e-16 0)
(1.84799e-15 -1.34396e-15 0)
(2.68797e-15 -1.67998e-15 0)
(-1.00797e-15 6.71951e-16 0)
(2.68794e-15 1.34386e-15 0)
(-4.53591e-15 -6.04788e-15 0)
(1.00801e-15 -2.68794e-15 0)
(6.71953e-16 1.67995e-15 0)
(-5.54392e-15 3.02382e-15 0)
(1.68006e-16 6.72013e-16 0)
(-5.0396e-16 1.00803e-15 0)
(3.5279e-15 5.37591e-15 0)
(3.19193e-15 3.35993e-15 0)
(1.008e-15 4.7039e-15 0)
(-3.02396e-15 -3.35982e-16 0)
(-3.02397e-15 1.68003e-15 0)
(-2.688e-15 5.03991e-15 0)
(-3.86392e-15 2.68794e-15 0)
(1.67981e-16 -3.69591e-15 0)
(3.35993e-16 -1.34395e-15 0)
(2.85595e-15 5.0398e-15 0)
(8.3999e-16 4.03196e-15 0)
(1.67994e-15 -3.02398e-15 0)
(-6.38384e-15 -9.74379e-15 0)
(-5.04052e-16 7.05578e-15 0)
(1.84797e-15 -1.34395e-15 0)
(3.86392e-15 -3.35993e-15 0)
(-3.35958e-16 3.36014e-16 0)
(1.00796e-15 1.43498e-20 0)
(-6.38397e-15 -3.69596e-15 0)
(-1.34399e-15 -6.71953e-16 0)
(-3.35973e-16 6.71914e-16 0)
(4.87194e-15 -3.69586e-15 0)
(-5.03963e-16 -1.34394e-15 0)
(1.68026e-16 1.00801e-15 0)
(1.00797e-15 -3.36019e-16 0)
(6.71984e-16 -3.36031e-16 0)
(4.36795e-15 -3.35998e-15 0)
(-4.53595e-15 -5.3758e-15 0)
(5.03985e-16 -3.20664e-20 0)
(1.17594e-15 1.34395e-15 0)
(-3.02391e-15 2.48556e-20 0)
(2.352e-15 -6.71946e-16 0)
(8.39962e-16 3.36626e-20 0)
(-3.19195e-15 6.72034e-16 0)
(-2.85599e-15 1.67995e-15 0)
(-3.024e-15 3.35998e-15 0)
(-2.68799e-15 -3.35934e-16 0)
(-4.87189e-15 2.01597e-15 0)
(2.68792e-15 4.7039e-15 0)
(3.35996e-15 -2.35184e-15 0)
(-1.17593e-15 1.00796e-15 0)
(8.39987e-16 1.68e-15 0)
(6.71939e-16 5.03988e-15 0)
(-4.87194e-15 -4.70387e-15 0)
(-1.17597e-15 2.01597e-15 0)
(-3.35928e-16 3.69589e-15 0)
(5.54386e-15 1.34398e-15 0)
(-2.352e-15 -6.71998e-16 0)
(-1.34397e-14 -6.71924e-16 0)
(6.71935e-16 1.67995e-15 0)
(-1.67995e-15 3.36052e-16 0)
(1.67995e-15 3.6959e-15 0)
(9.23984e-15 4.03187e-15 0)
(5.03982e-16 2.68796e-15 0)
(-1.0079e-15 -2.68795e-15 0)
(7.72783e-15 1.00801e-15 0)
(1.17601e-15 3.89656e-20 0)
(-2.01598e-15 4.36784e-15 0)
(-3.35994e-15 -6.71974e-16 0)
(1.79466e-20 2.87557e-20 0)
(1.67978e-16 -1.00796e-15 0)
(1.84797e-15 2.01596e-15 0)
(1.67998e-15 1.67998e-15 0)
(-2.35198e-15 3.35989e-15 0)
(-2.68797e-15 3.02399e-15 0)
(-5.5439e-15 4.03194e-15 0)
(-2.52003e-15 3.35997e-15 0)
(-3.69596e-15 1.67995e-15 0)
(-3.35994e-16 -2.68791e-15 0)
(2.01596e-15 5.37586e-15 0)
(3.6959e-15 -3.35989e-15 0)
(-3.35984e-16 3.35963e-16 0)
(6.71982e-16 -1.00794e-15 0)
(-6.04794e-15 -6.72018e-16 0)
(1.68028e-16 1.34883e-20 0)
(5.71184e-15 2.88796e-20 0)
(-1.67993e-15 1.34397e-15 0)
(-6.21587e-15 3.36025e-16 0)
(-1.17604e-15 2.35197e-15 0)
(2.51995e-15 6.72043e-16 0)
(-1.67989e-16 4.03193e-15 0)
(1.51198e-15 2.688e-15 0)
(-3.35945e-16 6.72028e-16 0)
(-8.39972e-16 1.00802e-15 0)
(4.03191e-15 -3.35964e-16 0)
(-6.71969e-16 1.00798e-15 0)
(-1.17595e-15 1.06461e-20 0)
(-1.51197e-15 -4.03187e-15 0)
(1.67995e-15 -1.34394e-15 0)
(2.35186e-22 -3.36002e-16 0)
(-8.39999e-16 -3.36032e-16 0)
(3.35995e-15 1.67997e-15 0)
(2.68797e-15 -2.35196e-15 0)
(-2.51999e-15 -6.71928e-16 0)
(-8.4003e-16 1.00796e-15 0)
(-6.21592e-15 -3.35972e-16 0)
(-6.21591e-15 1.67998e-15 0)
(-8.40033e-16 -1.00793e-15 0)
(-1.17596e-15 2.35195e-15 0)
(-1.51196e-15 2.35203e-15 0)
(-5.0396e-16 2.01594e-15 0)
(-3.80333e-22 -1.67989e-15 0)
(-1.34398e-15 3.02391e-15 0)
(-4.19994e-15 -2.01594e-15 0)
(4.03188e-15 3.02394e-15 0)
(-3.19193e-15 3.35968e-16 0)
(-1.17592e-15 -4.03192e-15 0)
(2.51989e-15 3.69595e-15 0)
(1.51197e-15 9.74383e-15 0)
(-1.67986e-16 7.05592e-15 0)
(2.85592e-15 6.04795e-15 0)
(-5.54384e-15 6.0479e-15 0)
(6.04786e-15 -6.71913e-16 0)
(-4.53592e-15 6.38386e-15 0)
(2.35195e-15 4.03193e-15 0)
(-2.35194e-15 2.68794e-15 0)
(1.67997e-15 3.02394e-15 0)
(3.6959e-15 7.39189e-15 0)
(-5.03959e-16 9.07179e-15 0)
(-2.01594e-15 1.00801e-15 0)
(-2.51997e-15 -4.70383e-15 0)
(3.86395e-15 3.31669e-22 0)
(1.17602e-15 -3.35956e-16 0)
(-5.54391e-15 2.01598e-15 0)
(-5.04011e-16 -6.71933e-16 0)
(-5.20796e-15 -1.67992e-15 0)
(-2.52001e-15 4.36793e-15 0)
(-1.17597e-15 4.03193e-15 0)
(1.67958e-16 3.36025e-16 0)
(1.67998e-15 9.40776e-15 0)
(1.00797e-15 1.00804e-15 0)
(5.03987e-16 5.03986e-15 0)
(6.71984e-16 1.10878e-14 0)
(-4.70394e-15 -2.68792e-15 0)
(1.68013e-16 1.67998e-15 0)
(-1.176e-15 -1.00794e-15 0)
(9.91178e-15 2.01597e-15 0)
(-9.07179e-15 2.35196e-15 0)
(-1.17598e-15 3.69599e-15 0)
(-1.67969e-16 4.03194e-15 0)
(-5.03963e-16 -3.35936e-16 0)
(-8.40051e-16 2.016e-15 0)
(-2.18394e-15 2.35192e-15 0)
(1.34392e-15 -4.70386e-15 0)
(-8.39905e-16 6.71964e-16 0)
(-1.344e-15 -3.35987e-15 0)
(8.39987e-16 -2.35194e-15 0)
(1.34401e-15 3.02396e-15 0)
(8.39987e-16 -1.00789e-15 0)
(6.71958e-16 7.39189e-15 0)
(-2.35196e-15 8.7358e-15 0)
(5.04028e-16 2.68797e-15 0)
(4.03188e-15 7.05585e-15 0)
(1.68014e-16 4.03199e-15 0)
(2.18396e-15 4.0319e-15 0)
(-6.55193e-15 6.04786e-15 0)
(-5.03994e-16 1.68003e-15 0)
(1.67995e-15 2.68797e-15 0)
(-4.36793e-15 1.34396e-15 0)
(2.18396e-15 -4.36778e-15 0)
(3.35996e-16 3.35989e-15 0)
(3.35992e-16 -4.7039e-15 0)
(1.176e-15 -9.40775e-15 0)
(2.68794e-15 1.34395e-15 0)
(-2.18396e-15 2.01598e-15 0)
(-2.35196e-15 -1.34399e-15 0)
(3.36023e-16 -2.68793e-15 0)
(1.00795e-15 -6.71966e-16 0)
(-6.72006e-16 -2.35193e-15 0)
(1.67994e-15 3.35991e-16 0)
(2.85592e-15 1.67993e-15 0)
(-3.86386e-15 7.05591e-15 0)
(-4.31861e-20 1.00801e-15 0)
(-1.67961e-16 -1.00797e-15 0)
(1.84793e-15 -3.35973e-16 0)
(6.72028e-16 4.03189e-15 0)
(6.71993e-16 1.68003e-15 0)
(3.35985e-16 1.34398e-15 0)
(5.03998e-16 6.71968e-16 0)
(-3.02393e-15 -4.3679e-15 0)
(8.39962e-16 -6.71895e-16 0)
(3.52795e-15 -3.35996e-16 0)
(-4.03191e-15 -5.71185e-15 0)
(-1.56492e-20 -1.34398e-15 0)
(1.67993e-15 -3.3596e-16 0)
(-6.04788e-15 -4.03188e-15 0)
(-1.84798e-15 -6.72018e-16 0)
(-1.84801e-15 4.03199e-15 0)
(-1.176e-15 3.35999e-15 0)
(1.00802e-15 1.00794e-15 0)
(-3.35999e-16 -3.35967e-16 0)
(3.35995e-16 8.0639e-15 0)
(-2.01597e-15 3.02393e-15 0)
(-3.36015e-16 3.6959e-15 0)
(-1.67995e-15 1.00799e-15 0)
(-4.58399e-20 1.34399e-15 0)
(2.52002e-15 3.35991e-15 0)
(-1.34404e-15 1.00798e-15 0)
(-4.53591e-15 -2.68791e-15 0)
(-3.02393e-15 -1.34399e-15 0)
(1.51199e-15 -5.71185e-15 0)
(4.53584e-15 3.02396e-15 0)
(-2.68789e-15 1.67998e-15 0)
(2.30882e-21 1.34397e-15 0)
(-8.39954e-16 2.016e-15 0)
(3.5279e-15 2.01599e-15 0)
(3.02395e-15 4.0319e-15 0)
(-1.51193e-15 1.00797e-15 0)
(3.36002e-16 -1.00792e-15 0)
(2.01594e-15 4.36792e-15 0)
(-1.67991e-16 7.39177e-15 0)
(2.01599e-15 4.58581e-20 0)
(-3.52798e-15 3.35993e-15 0)
(-2.51994e-15 5.03989e-15 0)
(-4.36792e-15 2.68796e-15 0)
(-1.00802e-15 2.68799e-15 0)
(-9.13437e-20 5.03995e-15 0)
(-1.34394e-15 4.0319e-15 0)
(-2.35197e-15 1.68e-15 0)
(1.84795e-15 -3.35965e-16 0)
(-1.67989e-16 -2.01595e-15 0)
(5.03984e-16 5.03988e-15 0)
(-2.51995e-15 6.04789e-15 0)
(2.51993e-15 4.26113e-20 0)
(-5.03995e-16 -6.72033e-16 0)
(1.00799e-15 -1.00797e-15 0)
(-1.17598e-15 1.67997e-15 0)
(-3.35962e-16 -1.67994e-15 0)
(-1.51201e-15 4.70384e-15 0)
(2.01594e-15 -6.7193e-16 0)
(-1.84797e-15 2.01594e-15 0)
(-3.52787e-15 4.41293e-20 0)
(6.55185e-15 -3.36018e-16 0)
(-2.85598e-15 2.68795e-15 0)
(6.71998e-16 -6.71959e-16 0)
(-5.0395e-16 3.69593e-15 0)
(1.67998e-15 3.36039e-16 0)
(1.51197e-15 -2.01591e-15 0)
(2.35196e-15 2.35189e-15 0)
(-1.67995e-15 3.36013e-16 0)
(-2.01596e-15 -6.0478e-15 0)
(2.51995e-15 1.67995e-15 0)
(-1.84797e-15 1.69965e-20 0)
(1.51194e-15 -4.0319e-15 0)
(-2.35195e-15 1.00799e-15 0)
(-5.04038e-16 5.71191e-15 0)
(-6.55189e-15 -2.35196e-15 0)
(1.67986e-16 -2.35189e-15 0)
(-3.35996e-15 3.3603e-16 0)
(-4.87192e-15 6.38389e-15 0)
(2.68793e-15 5.37593e-15 0)
(2.01592e-15 -9.07185e-15 0)
(-5.87988e-15 -3.69593e-15 0)
(5.03979e-16 -3.35991e-15 0)
(-1.51194e-15 -1.34393e-15 0)
(2.68793e-15 -2.35193e-15 0)
(-1.67979e-16 4.1714e-20 0)
(1.51194e-15 2.35196e-15 0)
(-3.86393e-15 6.72027e-16 0)
(1.17599e-15 4.70388e-15 0)
(-2.01595e-15 1.34401e-15 0)
(4.03185e-15 4.36793e-15 0)
(2.856e-15 -3.35964e-16 0)
(-4.19991e-15 6.72014e-16 0)
(6.71982e-16 5.03987e-15 0)
(2.85596e-15 -3.35945e-16 0)
(-3.69592e-15 2.35194e-15 0)
(3.52796e-15 -1.00798e-15 0)
(1.67999e-15 -2.68791e-15 0)
(-1.17604e-15 3.35984e-16 0)
(-6.71978e-16 1.6799e-15 0)
(-8.39969e-16 -6.71962e-16 0)
(2.0159e-15 3.02394e-15 0)
(-1.84794e-15 1.00798e-15 0)
(4.36791e-15 -1.34395e-15 0)
(-7.22388e-15 8.06383e-15 0)
(-3.86391e-15 4.03198e-15 0)
(4.87187e-15 1.34395e-15 0)
(-5.37593e-15 5.71193e-15 0)
(-3.19195e-15 2.35199e-15 0)
(6.71982e-16 7.05589e-15 0)
(1.34397e-15 1.6171e-20 0)
(-8.73583e-15 -4.03195e-15 0)
(5.71188e-15 5.37586e-15 0)
(-3.36005e-16 4.36793e-15 0)
(-1.67993e-16 9.40779e-15 0)
(-1.17595e-15 1.67996e-15 0)
(1.00797e-15 -1.00796e-15 0)
(-2.68796e-15 3.02397e-15 0)
(1.00796e-15 3.3605e-16 0)
(2.01594e-15 4.70392e-15 0)
(-2.01594e-15 2.68793e-15 0)
(3.36004e-16 1.67999e-15 0)
(-1.00795e-15 -2.01594e-15 0)
(2.35195e-15 -4.70385e-15 0)
(3.35994e-15 1.00798e-15 0)
(-2.85597e-15 1.67999e-15 0)
(1.67997e-15 1.00796e-15 0)
(4.36796e-15 2.68794e-15 0)
(-6.55187e-15 -1.67996e-15 0)
(3.35992e-15 -4.70387e-15 0)
(-1.67997e-15 3.69589e-15 0)
(-9.91182e-15 -3.02392e-15 0)
(3.35979e-16 4.70387e-15 0)
(5.20789e-15 3.24289e-20 0)
(1.67996e-15 -2.01589e-15 0)
(-2.35196e-15 -2.01602e-15 0)
(-2.01597e-15 1.68004e-15 0)
(-1.512e-15 3.35993e-15 0)
(3.52797e-15 -2.0159e-15 0)
(5.0399e-16 1.00799e-15 0)
(2.35194e-15 -5.03992e-15 0)
(1.67984e-16 1.00797e-15 0)
(2.35195e-15 -2.35191e-15 0)
(6.72024e-16 1.344e-15 0)
(-1.34396e-15 -3.35938e-16 0)
(-3.36036e-16 -4.70384e-15 0)
(1.00801e-15 3.35995e-15 0)
(-1.008e-15 4.03191e-15 0)
(3.02395e-15 1.008e-15 0)
(-5.20791e-15 2.01593e-15 0)
(-1.6802e-16 -8.0638e-15 0)
(2.85598e-15 2.68794e-15 0)
(-2.68799e-15 5.37586e-15 0)
(3.02395e-15 -1.34397e-15 0)
(-3.5279e-15 2.68793e-15 0)
(6.71988e-16 2.01596e-15 0)
(-2.85596e-15 6.71963e-16 0)
(1.67997e-15 -1.67999e-15 0)
(8.39977e-16 2.01592e-15 0)
(-3.35975e-16 -3.02397e-15 0)
(6.21591e-15 2.35196e-15 0)
(-6.38393e-15 -2.01596e-15 0)
(-5.0403e-16 -6.04787e-15 0)
(-8.39891e-16 -1.34402e-15 0)
(6.04786e-15 -6.72029e-16 0)
(-2.35195e-15 -2.3519e-15 0)
(-5.54392e-15 3.6959e-15 0)
(-3.19197e-15 3.024e-15 0)
(2.68797e-15 6.38387e-15 0)
(8.39972e-16 5.37593e-15 0)
(1.51197e-15 4.03192e-15 0)
(1.34401e-15 3.02397e-15 0)
(-1.34397e-15 1.34398e-15 0)
(-1.35567e-20 2.01596e-15 0)
(3.0239e-15 4.70394e-15 0)
(-3.86392e-15 6.71981e-15 0)
(1.44639e-20 1.34398e-15 0)
(8.39977e-16 -5.03986e-15 0)
(1.00795e-15 6.7197e-16 0)
(-5.03984e-16 -3.35958e-16 0)
(-2.51995e-15 3.0239e-15 0)
(-1.67998e-15 -3.3596e-16 0)
(-3.69593e-15 -3.35989e-15 0)
(6.7197e-16 1.67988e-15 0)
(2.01594e-15 -4.03192e-15 0)
(1.84797e-15 -7.39188e-15 0)
(-1.34399e-15 -4.03193e-15 0)
(2.856e-15 -5.7119e-15 0)
(-2.85594e-15 -4.36791e-15 0)
(2.01597e-15 -1.34404e-15 0)
(5.20793e-15 -3.3599e-15 0)
(-3.02396e-15 7.39181e-15 0)
(-6.21585e-15 -6.72013e-16 0)
(8.56777e-15 6.29649e-21 0)
(-6.71909e-16 1.67996e-15 0)
(-1.34402e-15 3.35992e-15 0)
(3.35954e-16 1.68001e-15 0)
(-4.53591e-15 -1.34396e-15 0)
(4.03195e-15 4.03194e-15 0)
(-3.35976e-16 3.02392e-15 0)
(1.65278e-20 2.01599e-15 0)
(6.71979e-16 5.71192e-15 0)
(3.02393e-15 2.37771e-21 0)
(-8.3996e-16 -6.71975e-16 0)
(-3.52791e-15 1.67997e-15 0)
(-1.00798e-15 -1.3439e-15 0)
(2.51994e-15 1.344e-15 0)
(-1.68e-15 6.71985e-16 0)
(-3.19189e-15 1.22471e-20 0)
(6.71946e-16 -3.0239e-15 0)
(-1.344e-15 -3.35984e-16 0)
(1.008e-15 -5.59954e-21 0)
(-3.36055e-16 3.35997e-16 0)
(-4.19993e-15 1.00803e-15 0)
(-1.176e-15 -1.34396e-15 0)
(-3.35985e-16 -1.34402e-15 0)
(-2.18393e-15 -3.35976e-16 0)
(6.04786e-15 1.00796e-15 0)
(1.00799e-15 -1.93144e-20 0)
(3.52797e-15 -1.44672e-21 0)
(2.85596e-15 -1.68e-15 0)
(-6.71999e-16 -6.71955e-16 0)
(-1.67998e-15 -1.67996e-15 0)
(-1.34395e-15 -6.72006e-16 0)
(4.03191e-15 -3.02392e-15 0)
(-4.03188e-15 -2.68792e-15 0)
(1.84794e-15 -8.45744e-21 0)
(-3.02392e-15 -6.71946e-16 0)
(7.22385e-15 3.36071e-16 0)
(-1.00797e-15 1.34403e-15 0)
(1.34398e-15 3.36032e-16 0)
(-2.01596e-15 -1.00794e-15 0)
(8.39968e-16 -1.34392e-15 0)
(1.17598e-15 -1.00798e-15 0)
(3.02397e-15 -6.7197e-16 0)
(6.71982e-16 2.35196e-15 0)
(6.71986e-16 5.03991e-15 0)
(-3.35992e-15 4.70396e-15 0)
(4.53584e-15 2.68795e-15 0)
(-5.03988e-15 5.03988e-15 0)
(-3.69596e-15 3.02396e-15 0)
(3.52792e-15 -6.71951e-16 0)
(-6.71986e-15 5.71187e-15 0)
(-2.35199e-15 2.68796e-15 0)
(-4.53593e-15 1.34393e-15 0)
(8.39969e-16 -3.0239e-15 0)
(2.51991e-15 3.02389e-15 0)
(5.99941e-20 6.71998e-16 0)
(-1.51194e-15 -3.35995e-15 0)
(1.00798e-14 -2.35196e-15 0)
(-3.35993e-15 -3.35981e-16 0)
(1.176e-15 -1.34399e-15 0)
(-1.17598e-15 -1.34395e-15 0)
(-1.17596e-15 -3.36014e-16 0)
(5.87991e-15 1.344e-15 0)
(8.39922e-16 5.03988e-15 0)
(-1.51194e-15 1.34399e-15 0)
(2.68794e-15 8.06383e-15 0)
(-2.68791e-15 1.00799e-15 0)
(-5.80569e-21 9.40774e-15 0)
(9.99952e-21 5.03993e-15 0)
(-6.72017e-16 7.72786e-15 0)
(-4.36791e-15 6.38384e-15 0)
(3.77451e-20 -3.36001e-16 0)
(5.20786e-15 -6.71973e-16 0)
(-3.35946e-16 3.35996e-15 0)
(3.3598e-16 1.68003e-15 0)
(-3.35997e-15 4.36788e-15 0)
(-3.02391e-15 1.34403e-15 0)
(3.35964e-16 -1.00794e-15 0)
(-6.72029e-16 -1.344e-15 0)
(-1.67996e-15 6.71952e-16 0)
(1.00793e-15 -3.35992e-15 0)
(-1.17599e-15 3.35975e-16 0)
(-6.72026e-16 -4.70392e-15 0)
(-3.02393e-15 4.0319e-15 0)
(-5.04008e-16 4.03196e-15 0)
(3.69594e-15 1.00796e-15 0)
(-1.00799e-15 2.35197e-15 0)
(2.18403e-15 4.70392e-15 0)
(6.7202e-16 2.68794e-15 0)
(3.02389e-15 1.68397e-20 0)
(-3.35993e-15 5.7118e-15 0)
(1.67994e-15 -4.36788e-15 0)
(-8.39951e-16 3.35991e-15 0)
(-1.67989e-15 -2.68795e-15 0)
(2.51996e-15 -6.7198e-15 0)
(3.86391e-15 3.36039e-16 0)
(-1.67997e-16 5.71188e-15 0)
(4.48556e-21 -5.71181e-15 0)
(1.00796e-15 -3.3595e-16 0)
(-3.19195e-15 -2.01598e-15 0)
(-1.008e-15 3.36027e-16 0)
(3.02392e-15 4.81545e-20 0)
(3.36069e-16 -1.61221e-20 0)
(1.67996e-15 1.34398e-15 0)
(2.01597e-15 3.35968e-16 0)
(-1.51197e-15 -2.68789e-15 0)
(1.67972e-16 -1.00798e-15 0)
(-3.69597e-15 2.68789e-15 0)
(-1.17595e-15 -2.0159e-15 0)
(-1.68018e-16 2.68797e-15 0)
(-6.88791e-15 -1.34396e-15 0)
(2.68793e-15 6.71968e-16 0)
(-4.7039e-15 3.02398e-15 0)
(-1.68043e-16 1.00799e-15 0)
(-2.68794e-15 -4.36793e-15 0)
(3.36008e-16 -3.35989e-15 0)
(-3.36006e-16 -2.68795e-15 0)
(3.52795e-15 -3.36014e-16 0)
(3.69595e-15 -5.7119e-15 0)
(3.35996e-16 -3.02397e-15 0)
(-5.03992e-15 -7.72782e-15 0)
(-1.34393e-15 -3.94988e-20 0)
(2.35195e-15 -1.34398e-15 0)
(6.71987e-15 4.75948e-20 0)
(1.17598e-15 7.39181e-15 0)
(2.68799e-15 5.03995e-15 0)
(1.67999e-15 -6.71936e-16 0)
(2.1412e-20 -1.00804e-15 0)
(6.71983e-16 2.35191e-15 0)
(-4.36791e-15 -3.6959e-15 0)
(-1.51198e-15 1.00798e-15 0)
(1.84797e-15 -4.3787e-20 0)
(1.67962e-16 2.68793e-15 0)
(-3.35961e-16 -1.344e-15 0)
(5.20793e-15 -4.03192e-15 0)
(-2.85598e-15 -1.00806e-15 0)
(2.35199e-15 -1.68001e-15 0)
(-5.37596e-15 -5.71187e-15 0)
(1.00795e-15 -1.68008e-15 0)
(-2.35193e-15 3.35993e-15 0)
(-2.31366e-20 -6.71975e-16 0)
(-2.18396e-15 -5.03995e-15 0)
(1.17594e-15 -3.69592e-15 0)
(-4.53591e-15 -1.67998e-15 0)
(8.39923e-16 2.01596e-15 0)
(6.71986e-16 1.67991e-15 0)
(-2.51995e-15 -3.3602e-16 0)
(3.69597e-15 2.68796e-15 0)
(3.69596e-15 2.68793e-15 0)
(-3.35995e-15 -1.00799e-15 0)
(-3.35993e-15 1.00796e-15 0)
(9.91178e-15 -3.36024e-16 0)
(-8.39925e-16 -3.35971e-16 0)
(-1.00791e-15 4.03188e-15 0)
(-3.69591e-15 3.36077e-16 0)
(3.69595e-15 -1.67998e-15 0)
(5.2079e-15 4.36792e-15 0)
(2.01593e-15 -2.6879e-15 0)
(1.17597e-15 -1.67993e-15 0)
(5.03986e-15 -1.34402e-15 0)
(-1.67997e-15 -5.03991e-15 0)
(-5.03977e-16 2.01599e-15 0)
(-3.02394e-15 -9.74383e-15 0)
(1.51197e-15 -7.7279e-15 0)
(-3.35975e-16 -1.00805e-15 0)
(-3.69597e-15 -2.35198e-15 0)
(2.18396e-15 -3.35995e-15 0)
(-4.36793e-15 -2.01601e-15 0)
(-1.51198e-15 -6.38385e-15 0)
(-3.36029e-16 -7.72792e-15 0)
(1.67977e-16 -1.00809e-15 0)
(-6.72e-16 -3.02394e-15 0)
(-1.51197e-15 -3.3609e-16 0)
(1.17593e-15 -3.36002e-16 0)
(-5.71186e-15 -5.37593e-15 0)
(1.6798e-16 -3.35994e-15 0)
(-3.02393e-15 -2.01595e-15 0)
(4.7039e-15 -2.68798e-15 0)
(1.17603e-15 -3.69592e-15 0)
(-1.68002e-15 -1.344e-15 0)
(-7.67933e-21 -6.04794e-15 0)
(-6.71893e-16 -3.69589e-15 0)
(9.07178e-15 3.02388e-15 0)
(4.70396e-15 -4.03186e-15 0)
(6.21592e-15 1.20957e-14 0)
(1.34399e-15 1.34401e-15 0)
(-4.8719e-15 -3.02397e-15 0)
(-2.01592e-15 3.35992e-16 0)
(-5.03972e-16 2.35188e-15 0)
(-1.00796e-15 -5.03993e-15 0)
(-3.0239e-15 3.35973e-16 0)
(5.0396e-16 -6.7203e-16 0)
(1.00794e-15 -1.00804e-15 0)
(1.176e-15 -2.68799e-15 0)
(3.35956e-16 -8.73593e-15 0)
(-7.0559e-15 -1.20958e-14 0)
(-1.84798e-15 6.7191e-16 0)
(2.18394e-15 1.67989e-15 0)
(3.3596e-16 6.71886e-16 0)
(-3.02391e-15 3.35926e-16 0)
(-2.35198e-15 -1.24318e-14 0)
(5.04006e-16 -2.35204e-15 0)
(-4.70391e-15 -5.03989e-15 0)
(1.17596e-15 -3.35999e-15 0)
(6.71961e-16 -3.69594e-15 0)
(-1.34396e-15 -1.81258e-20 0)
(3.36005e-16 1.6799e-15 0)
(3.69593e-15 -4.70388e-15 0)
(1.84796e-15 -5.37812e-20 0)
(-4.0319e-15 1.00796e-15 0)
(-1.00795e-15 6.37666e-20 0)
(5.37586e-15 2.01589e-15 0)
(-3.35985e-15 -6.04786e-15 0)
(5.71191e-15 -3.69599e-15 0)
(6.88795e-15 -1.00797e-14 0)
(1.84797e-15 -2.35199e-15 0)
(-3.69596e-15 1.00799e-15 0)
(1.84795e-15 -2.01597e-15 0)
(1.17596e-15 -5.03992e-15 0)
(1.17594e-15 -1.10879e-14 0)
(-1.51202e-15 1.34392e-15 0)
(-2.01595e-15 -4.36798e-15 0)
(1.51196e-15 -3.69598e-15 0)
(1.34398e-15 -3.69607e-15 0)
(1.17599e-15 -1.04158e-14 0)
(-7.72788e-15 -7.13097e-20 0)
(1.00797e-15 -8.0639e-15 0)
(6.71955e-16 -9.40784e-15 0)
(-6.55184e-15 -7.72792e-15 0)
(1.00794e-15 -1.14238e-14 0)
(-2.17185e-20 3.35867e-16 0)
(3.02394e-15 -3.35992e-15 0)
(-1.176e-15 -1.34408e-15 0)
(-6.71962e-16 -3.024e-15 0)
(1.51197e-15 -5.37594e-15 0)
(2.01598e-15 -2.35202e-15 0)
(2.18395e-15 -3.02394e-15 0)
(5.04052e-16 -3.36044e-16 0)
(-3.35971e-16 -3.35991e-15 0)
(1.67995e-15 -3.35991e-15 0)
(-1.68001e-16 2.35199e-15 0)
(5.20793e-15 2.016e-15 0)
(-6.71973e-16 -5.3759e-15 0)
(1.00802e-15 2.01595e-15 0)
(9.91184e-15 6.71953e-16 0)
(-3.1919e-15 -1.00799e-15 0)
(-6.71985e-15 -6.38389e-15 0)
(2.68794e-15 -1.00796e-15 0)
(-4.75442e-21 -5.71193e-15 0)
(-3.0239e-15 -1.00806e-15 0)
(-1.68031e-16 -8.3999e-15 0)
(-8.40022e-16 -1.44477e-14 0)
(-9.40784e-15 -4.032e-15 0)
(8.39971e-16 -1.31037e-14 0)
(-1.68016e-16 -7.39199e-15 0)
(2.01592e-15 -1.10879e-14 0)
(-3.36009e-16 -1.31039e-14 0)
(-2.6879e-15 -1.27679e-14 0)
(5.71183e-15 -1.20959e-14 0)
(-2.01596e-15 -1.10879e-14 0)
(-6.88787e-15 -6.71994e-15 0)
(-1.34398e-15 -6.0479e-15 0)
(-5.03983e-16 -8.39986e-15 0)
(-6.96935e-21 -4.03197e-15 0)
(2.016e-15 -1.34404e-15 0)
(1.34397e-15 -6.71987e-15 0)
(1.848e-15 -6.04791e-15 0)
(1.68001e-15 -6.72009e-16 0)
(2.35197e-15 2.68793e-15 0)
(8.39995e-16 5.7119e-15 0)
(-3.35994e-15 1.34397e-14 0)
(-1.00796e-15 3.02397e-15 0)
(3.69591e-15 6.04785e-15 0)
(6.72069e-16 -4.3679e-15 0)
(3.35997e-15 6.71937e-16 0)
(5.20791e-15 3.35982e-16 0)
(7.72783e-15 4.03193e-15 0)
(6.72005e-16 3.02392e-15 0)
(8.39965e-16 -4.70396e-15 0)
(-2.688e-15 -1.34402e-15 0)
(-5.5439e-15 -3.36021e-16 0)
(-1.512e-15 -1.08e-19 0)
(-5.71198e-15 -1.34403e-15 0)
(-1.67979e-16 -1.68007e-15 0)
(-5.04023e-16 -3.02401e-15 0)
(-1.17599e-15 -4.704e-15 0)
(-5.37588e-15 -6.04798e-15 0)
(3.35988e-15 -5.04001e-15 0)
(-2.01591e-15 -6.048e-15 0)
(8.40008e-16 -1.68006e-15 0)
(1.51194e-15 -6.0479e-15 0)
(6.72007e-16 -1.34405e-15 0)
(2.18395e-15 -1.34404e-15 0)
(2.51749e-20 -3.35995e-15 0)
(2.18395e-15 -3.35993e-15 0)
(-3.35939e-16 -1.34402e-15 0)
(4.03193e-15 -6.72026e-16 0)
(6.8879e-15 -6.72003e-16 0)
(5.20795e-15 1.99347e-20 0)
(2.85593e-15 5.01657e-20 0)
(-3.35991e-15 8.58439e-20 0)
(4.70392e-15 6.72033e-16 0)
(-1.17591e-15 1.008e-15 0)
(5.54386e-15 9.19786e-21 0)
(4.70398e-15 -1.00798e-15 0)
(-3.52794e-15 -1.34396e-15 0)
(-1.67983e-16 -1.34396e-15 0)
(-3.35983e-16 6.71985e-16 0)
(8.39964e-16 -4.03196e-15 0)
(-7.39189e-15 -9.74385e-15 0)
(-3.52798e-15 -4.36797e-15 0)
(-3.02398e-15 -8.73589e-15 0)
(-5.20794e-15 -5.03993e-15 0)
(-5.04e-16 -6.71991e-15 0)
(1.51195e-15 -7.05591e-15 0)
(-2.51997e-15 -1.00794e-15 0)
(5.04005e-16 -5.37594e-15 0)
(-5.03993e-16 -5.37594e-15 0)
(3.02397e-15 -5.03989e-15 0)
(4.03189e-15 -3.35995e-15 0)
(-6.71935e-16 -3.11122e-20 0)
(1.67995e-15 1.67994e-15 0)
(4.26782e-20 -1.34398e-15 0)
(2.51996e-15 1.34399e-15 0)
(-2.35196e-15 4.36791e-15 0)
(8.40018e-16 -1.01392e-20 0)
(1.84799e-15 -1.67996e-15 0)
(7.5599e-15 -3.35993e-15 0)
(1.84806e-15 1.34397e-15 0)
(2.51997e-15 3.6959e-15 0)
(-6.71972e-16 -3.35981e-16 0)
(-3.35992e-16 4.70388e-15 0)
(9.57581e-15 9.03427e-20 0)
(-4.19985e-15 3.69591e-15 0)
(4.8719e-15 -5.03988e-15 0)
(-1.67999e-15 3.02392e-15 0)
(-2.68791e-15 -2.016e-15 0)
(3.35987e-16 -2.35196e-15 0)
(6.71961e-16 3.35934e-16 0)
(-4.53594e-15 -4.70393e-15 0)
(-1.51202e-15 -1.34402e-15 0)
(-2.01601e-15 -2.2249e-21 0)
(-3.19194e-15 -2.35199e-15 0)
(-8.40019e-16 3.69592e-15 0)
(-1.84797e-15 -1.008e-15 0)
(-3.52798e-15 -2.68804e-15 0)
(-6.71994e-16 -1.67997e-15 0)
(-8.39953e-16 -3.02398e-15 0)
(1.84799e-15 2.0159e-15 0)
(-2.6879e-15 -1.00802e-15 0)
(6.38386e-15 -3.36011e-16 0)
(3.19196e-15 -1.00797e-15 0)
(1.00801e-15 -3.69591e-15 0)
(1.67998e-15 1.00794e-15 0)
(-1.17597e-15 6.72006e-16 0)
(4.53588e-15 3.36009e-16 0)
(-6.71901e-16 3.02393e-15 0)
(3.696e-15 -1.34397e-15 0)
(1.07518e-14 -1.53157e-20 0)
(1.67999e-15 -5.03988e-15 0)
(-3.35981e-16 3.35996e-16 0)
(5.04034e-16 -1.67993e-15 0)
(-1.51194e-15 4.36786e-15 0)
(2.85595e-15 4.03198e-15 0)
(-2.35194e-15 5.03989e-15 0)
(1.68001e-16 -2.35195e-15 0)
(4.70387e-15 -2.35193e-15 0)
(1.34398e-15 2.01594e-15 0)
(-1.00797e-15 -1.00795e-15 0)
(1.0079e-15 -4.70399e-15 0)
(-5.87987e-15 -2.68797e-15 0)
(-1.68001e-15 2.0159e-15 0)
(-6.72046e-16 -4.03194e-15 0)
(-5.37588e-15 1.00794e-15 0)
(1.84791e-15 -2.68791e-15 0)
(-1.51193e-15 -2.01597e-15 0)
(5.03973e-16 -3.69602e-15 0)
(4.19992e-15 -1.67997e-15 0)
(2.35197e-15 -4.70396e-15 0)
(-1.00797e-15 -3.35994e-15 0)
(1.84802e-15 6.71963e-16 0)
(-2.51998e-15 -5.37593e-15 0)
(2.01597e-15 3.02388e-15 0)
(3.86396e-15 -2.35195e-15 0)
(-1.34395e-15 -5.03989e-15 0)
(5.04064e-16 1.00798e-15 0)
(5.03987e-15 1.00798e-15 0)
(7.39188e-15 -6.71989e-16 0)
(2.85607e-15 -3.35999e-16 0)
(-6.71977e-16 -3.36007e-16 0)
(-2.01593e-15 -4.36793e-15 0)
(6.88785e-15 -3.36008e-16 0)
(-2.51991e-15 -7.3918e-15 0)
(7.89579e-15 5.37589e-15 0)
(-4.03189e-15 -3.02395e-15 0)
(3.19195e-15 -1.70693e-20 0)
(-4.53588e-15 -4.50813e-20 0)
(4.36791e-15 -3.35992e-15 0)
(-6.72003e-16 4.03183e-15 0)
(-5.87987e-15 -6.71997e-16 0)
(-1.17601e-15 -4.70399e-15 0)
(-1.68003e-15 -2.35193e-15 0)
(-6.38384e-15 1.34395e-15 0)
(4.19987e-15 -3.02392e-15 0)
(-5.54388e-15 3.35942e-16 0)
(2.01591e-15 -1.344e-15 0)
(-1.51197e-15 -4.03188e-15 0)
(1.344e-15 -5.03995e-15 0)
(3.86394e-15 -3.02394e-15 0)
(3.36018e-16 -1.34403e-15 0)
(1.67999e-15 -6.71986e-15 0)
(-2.76434e-20 1.34391e-15 0)
(2.45921e-20 -5.71189e-15 0)
(-3.35949e-16 -2.35199e-15 0)
(4.70386e-15 -1.00804e-15 0)
(4.19996e-15 -6.72012e-16 0)
(-2.18391e-15 3.35972e-16 0)
(4.704e-15 3.0239e-15 0)
(4.87191e-15 -2.35195e-15 0)
(2.33746e-20 4.03187e-15 0)
(5.71187e-15 -5.03994e-15 0)
(-1.00792e-15 2.68791e-15 0)
(3.19194e-15 7.39185e-15 0)
(-4.36783e-15 3.35986e-16 0)
(4.36786e-15 -2.68789e-15 0)
(-1.67996e-15 -2.68796e-15 0)
(1.30913e-20 -1.67998e-15 0)
(-2.01595e-15 -1.34398e-15 0)
(1.67993e-15 -9.40777e-15 0)
(-3.52795e-15 -3.35998e-15 0)
(-3.69594e-15 -7.39187e-15 0)
(1.67972e-16 -5.59107e-20 0)
(-8.39986e-16 -1.34399e-15 0)
(1.84794e-15 -2.72932e-20 0)
(-6.55194e-15 -1.00797e-15 0)
(-2.35197e-15 -3.35992e-15 0)
(4.03195e-15 2.35184e-15 0)
(-1.84797e-15 -1.34399e-15 0)
(4.53595e-15 3.35923e-16 0)
(1.51199e-15 -2.68796e-15 0)
(1.008e-15 -5.71193e-15 0)
(-1.17599e-15 -9.07188e-15 0)
(2.68797e-15 -3.3599e-15 0)
(-1.17599e-15 -2.63812e-20 0)
(-2.18388e-15 -2.01602e-15 0)
(5.03985e-15 -5.71188e-15 0)
(2.184e-15 -4.7039e-15 0)
(7.89591e-15 -1.008e-15 0)
(1.17604e-15 -4.03197e-15 0)
(1.34394e-15 -5.71191e-15 0)
(-3.1919e-15 -2.68799e-15 0)
(5.8799e-15 -5.37592e-15 0)
(-1.67942e-16 -3.36005e-16 0)
(3.19191e-15 -2.6879e-15 0)
(1.68057e-16 6.0478e-15 0)
(-2.18395e-15 6.71973e-16 0)
(1.10878e-14 -3.3599e-15 0)
(1.34397e-15 -3.02394e-15 0)
(1.00797e-15 2.35187e-15 0)
(-2.85599e-15 4.70387e-15 0)
(-6.71967e-16 -3.69592e-15 0)
(-4.87197e-15 -1.67997e-15 0)
(8.4002e-16 -5.7119e-15 0)
(1.51195e-15 -3.02396e-15 0)
(-9.23984e-15 2.01592e-15 0)
(-2.184e-15 -4.704e-15 0)
(1.34396e-15 -4.36789e-15 0)
(-1.84794e-15 -6.71986e-15 0)
(3.69595e-15 -7.05594e-15 0)
(-5.03979e-16 -2.35202e-15 0)
(1.67998e-15 -3.02401e-15 0)
(-1.00797e-15 -9.30053e-21 0)
(6.0479e-15 4.70381e-15 0)
(-2.01594e-15 -5.7119e-15 0)
(6.55185e-15 -5.71193e-15 0)
(-2.01588e-15 -2.35204e-15 0)
(-8.3994e-16 -2.35197e-15 0)
(8.90384e-15 -2.68797e-15 0)
(5.87994e-15 -7.39188e-15 0)
(-7.22389e-15 -3.35997e-15 0)
(8.40002e-16 -6.72065e-16 0)
(1.68001e-15 -1.17597e-14 0)
(6.88785e-15 -6.7208e-16 0)
(8.40029e-16 6.71943e-16 0)
(3.19196e-15 -6.71983e-15 0)
(-1.84798e-15 -1.67998e-15 0)
(-3.69584e-15 6.04781e-15 0)
(-1.86439e-20 1.34396e-15 0)
(1.84795e-15 -8.39988e-15 0)
(-6.88784e-15 -4.70386e-15 0)
(2.01594e-15 4.0318e-15 0)
(-2.51995e-15 -3.02393e-15 0)
(2.68796e-15 -2.35203e-15 0)
(-3.3606e-16 1.00793e-15 0)
(-4.70396e-15 -4.70393e-15 0)
(-3.86394e-15 -6.71994e-15 0)
(1.67977e-16 -6.72056e-16 0)
(-3.36023e-16 1.00779e-15 0)
(5.20794e-15 -5.71188e-15 0)
(1.68001e-15 -4.36799e-15 0)
(-1.67965e-16 -6.72036e-16 0)
(-2.18394e-15 -8.73592e-15 0)
(-8.40013e-16 -6.71985e-15 0)
(3.86394e-15 -6.72056e-16 0)
(-2.68789e-15 -1.00798e-14 0)
(8.06378e-15 -2.688e-15 0)
(1.17604e-15 -3.36001e-15 0)
(6.72106e-16 -2.35196e-15 0)
(7.55983e-15 4.36786e-15 0)
(-6.71973e-16 -3.69596e-15 0)
(-2.18393e-15 -2.3519e-15 0)
(6.38388e-15 3.02381e-15 0)
(1.68079e-16 -9.40779e-15 0)
(4.70394e-15 1.00798e-15 0)
(1.34402e-15 -1.00802e-15 0)
(-6.72005e-16 -2.68795e-15 0)
(1.51194e-15 -6.71963e-16 0)
(-1.17596e-15 -1.67995e-15 0)
(1.67994e-15 -2.01598e-15 0)
(-4.03195e-15 -4.70397e-15 0)
(-5.03994e-16 -5.3758e-15 0)
(2.01592e-15 2.35185e-15 0)
(-1.68025e-16 -3.02394e-15 0)
(-9.07176e-15 -6.7199e-15 0)
(-1.68075e-16 -8.39999e-15 0)
(-2.01599e-15 -1.00798e-14 0)
(-4.19993e-15 -2.68802e-15 0)
(-1.51196e-15 -1.20957e-14 0)
(8.39975e-16 -1.21525e-19 0)
(4.8719e-15 -1.07518e-14 0)
(3.02399e-15 -2.68804e-15 0)
(5.54387e-15 -8.73584e-15 0)
(-3.86386e-15 -3.36128e-16 0)
(-5.03983e-16 -3.35996e-15 0)
(4.87189e-15 1.6799e-15 0)
(1.00813e-15 -3.69594e-15 0)
(7.39187e-15 -6.71976e-16 0)
(4.87189e-15 -6.71988e-15 0)
(1.68099e-16 -1.34397e-15 0)
(6.71986e-16 -6.38387e-15 0)
(1.00799e-15 -2.68798e-15 0)
(5.20794e-15 -5.71186e-15 0)
(3.02393e-15 -5.71196e-15 0)
(3.86395e-15 -3.35998e-15 0)
(1.51198e-15 6.71951e-16 0)
(5.04016e-16 -2.6415e-20 0)
(-1.67948e-16 -3.02392e-15 0)
(-6.71989e-16 1.67995e-15 0)
(2.01599e-15 -5.37595e-15 0)
(2.51992e-15 6.71984e-16 0)
(-1.07518e-14 4.36786e-15 0)
(1.00796e-15 -7.39184e-15 0)
(-4.53593e-15 -1.68002e-15 0)
(1.00788e-15 -7.05593e-15 0)
(-2.35198e-15 -1.00799e-14 0)
(-4.36793e-15 -1.68013e-15 0)
(-1.84801e-15 -7.72792e-15 0)
(2.96235e-20 -4.70403e-15 0)
(1.84799e-15 -8.06384e-15 0)
(1.68005e-15 -3.69596e-15 0)
(3.86389e-15 -6.71953e-16 0)
(-1.34391e-15 3.02391e-15 0)
(6.71986e-15 -9.07178e-15 0)
(-3.02391e-15 -1.68001e-15 0)
(1.67997e-15 -3.3598e-16 0)
(8.23182e-15 6.71959e-16 0)
(5.0413e-16 6.71973e-16 0)
(4.87196e-15 6.71984e-15 0)
(3.35996e-15 1.00797e-15 0)
(1.67995e-15 2.35193e-15 0)
(1.344e-15 7.05583e-15 0)
(-6.71952e-16 4.03188e-15 0)
(6.7204e-16 -1.67996e-15 0)
(1.512e-15 -3.02394e-15 0)
(5.03996e-15 -4.03191e-15 0)
(-3.36005e-16 -3.02392e-15 0)
(5.20789e-15 4.70392e-15 0)
(3.35997e-16 1.00796e-15 0)
(1.512e-15 -2.68796e-15 0)
(-5.19428e-20 1.67996e-15 0)
(-6.38388e-15 -6.71951e-16 0)
(5.03892e-16 -3.36016e-16 0)
(-7.72784e-15 1.00795e-15 0)
(-1.00802e-15 -6.72018e-16 0)
(-7.05594e-15 -2.352e-15 0)
(1.17598e-15 -2.35197e-15 0)
(-1.84798e-15 -7.39189e-15 0)
(5.04013e-16 -3.35996e-15 0)
(2.35197e-15 -1.34403e-15 0)
(5.37591e-15 2.68789e-15 0)
(-1.67915e-16 3.35988e-15 0)
(4.1999e-15 6.72054e-16 0)
(1.51199e-15 2.35193e-15 0)
(3.19197e-15 -1.34394e-15 0)
(-1.51195e-15 3.36038e-16 0)
(1.68106e-16 -1.00794e-15 0)
(1.02478e-14 1.34401e-15 0)
(6.7199e-15 2.1064e-20 0)
(1.68004e-15 3.36e-16 0)
(-3.35986e-16 -6.71934e-16 0)
(1.176e-15 -6.71942e-16 0)
(3.35996e-15 4.89653e-20 0)
(1.34396e-15 3.02391e-15 0)
(4.368e-15 1.00796e-15 0)
(9.07181e-15 1.00796e-15 0)
(-8.39979e-15 2.68791e-15 0)
(4.8719e-15 4.70385e-15 0)
(-5.03978e-16 1.00797e-15 0)
(1.68003e-16 1.008e-15 0)
(-3.02397e-15 -3.02396e-15 0)
(-2.35202e-15 2.35192e-15 0)
(-3.69596e-15 1.00798e-15 0)
(-3.02399e-15 -6.71983e-15 0)
(-5.20796e-15 -3.69594e-15 0)
(-5.20791e-15 4.03193e-15 0)
(2.01596e-15 -3.3599e-16 0)
(1.34401e-15 1.00798e-15 0)
(3.02391e-15 3.35991e-15 0)
(2.54654e-20 -1.00795e-15 0)
(3.52801e-15 1.68006e-15 0)
(3.86395e-15 -4.03183e-15 0)
(-5.87995e-15 7.72774e-15 0)
(4.70395e-15 5.71191e-15 0)
(2.352e-15 2.68795e-15 0)
(4.70392e-15 6.38382e-15 0)
(3.35998e-15 2.01599e-15 0)
(4.03199e-15 3.35991e-15 0)
(1.68003e-15 -1.34394e-15 0)
(3.02394e-15 -6.7196e-16 0)
(-1.00795e-15 3.35984e-15 0)
(2.35195e-15 -4.36795e-15 0)
(1.17597e-15 1.6799e-15 0)
(-1.67991e-15 -5.7119e-15 0)
(9.7438e-15 -3.69597e-15 0)
(-3.19185e-15 -1.00799e-15 0)
(3.35953e-16 -3.02393e-15 0)
(1.51196e-15 -8.3998e-15 0)
(-1.67993e-15 -6.04791e-15 0)
(-2.18398e-15 2.01595e-15 0)
(-2.85602e-15 2.35189e-15 0)
(-4.0319e-15 -6.38388e-15 0)
(-5.20797e-15 1.00798e-15 0)
(-2.35196e-15 5.71186e-15 0)
(-3.02402e-15 4.36791e-15 0)
(-2.184e-15 1.00802e-15 0)
(-5.03985e-16 -1.34392e-15 0)
(2.18394e-15 1.67994e-15 0)
(1.6805e-16 -1.67987e-15 0)
(6.71992e-15 4.36789e-15 0)
(4.19992e-15 -2.68799e-15 0)
(-2.51992e-15 -6.7204e-16 0)
(-4.36796e-15 -3.69581e-15 0)
(5.04028e-16 -2.01599e-15 0)
(3.02403e-15 6.7203e-16 0)
(7.72783e-15 1.14701e-19 0)
(5.71195e-15 8.06386e-15 0)
(1.00805e-15 2.35203e-15 0)
(1.344e-15 -6.71945e-16 0)
(2.18395e-15 2.68794e-15 0)
(1.51194e-15 -3.02388e-15 0)
(-1.84793e-15 -1.68001e-15 0)
(8.39991e-16 -3.02393e-15 0)
(-1.00795e-15 1.34391e-15 0)
(3.86397e-15 -7.39186e-15 0)
(6.2159e-15 1.67993e-15 0)
(-3.36006e-16 -4.70393e-15 0)
(-1.51193e-15 2.01586e-15 0)
(3.02393e-15 -9.74374e-15 0)
(-5.04028e-16 1.34398e-15 0)
(-6.55185e-15 -3.35993e-15 0)
(2.18392e-15 -4.03194e-15 0)
(-2.01599e-15 1.00796e-15 0)
(-3.36012e-16 -6.04787e-15 0)
(-5.2079e-15 4.36797e-15 0)
(-3.19199e-15 7.39185e-15 0)
(-8.39975e-16 -3.35996e-16 0)
(3.35969e-16 1.68e-15 0)
(-2.68789e-15 6.04786e-15 0)
(3.8639e-15 1.344e-15 0)
(3.19196e-15 3.35991e-15 0)
(-5.03947e-16 -1.34401e-15 0)
(1.17595e-15 2.35187e-15 0)
(3.86393e-15 -3.02388e-15 0)
(5.20797e-15 2.68793e-15 0)
(3.19201e-15 4.03192e-15 0)
(4.87196e-15 3.02402e-15 0)
(4.03196e-15 1.67998e-15 0)
(1.51196e-15 6.71987e-15 0)
(-1.84794e-15 2.68797e-15 0)
(-3.35988e-16 -2.21725e-20 0)
(-1.34402e-15 -6.38388e-15 0)
(1.67999e-15 -4.03197e-15 0)
(1.84795e-15 -6.38383e-15 0)
(6.04796e-15 3.35917e-16 0)
(-1.00795e-15 -6.71994e-16 0)
(-2.68795e-15 -3.94954e-20 0)
(-5.0403e-16 -9.07183e-15 0)
(-2.01595e-15 3.35909e-16 0)
(1.17598e-15 -1.00797e-15 0)
(-3.35991e-15 -3.35991e-15 0)
(-1.34404e-15 1.34399e-15 0)
(-6.38384e-15 6.7198e-16 0)
(2.85599e-15 6.71982e-16 0)
(-3.86396e-15 6.71993e-16 0)
(-3.1919e-15 -4.70383e-15 0)
(-2.35191e-15 1.00796e-15 0)
(-8.39982e-16 -1.34395e-15 0)
(2.01593e-15 -1.00797e-15 0)
(2.01604e-15 -5.03986e-15 0)
(2.01598e-15 1.00804e-15 0)
(-6.96107e-20 -4.36784e-15 0)
(-6.72028e-16 -3.6959e-15 0)
(6.88786e-15 2.35193e-15 0)
(4.36785e-15 1.34399e-15 0)
(2.35192e-15 5.37592e-15 0)
(6.38389e-15 2.68792e-15 0)
(2.68792e-15 1.8572e-21 0)
(-5.0394e-16 -6.71977e-16 0)
(-5.04009e-16 2.01597e-15 0)
(-1.00801e-15 1.67994e-15 0)
(-5.87979e-15 -1.67997e-15 0)
(1.00794e-15 -1.34397e-15 0)
(6.72046e-16 1.34387e-15 0)
(1.00797e-14 -3.35987e-15 0)
(1.17599e-15 -2.68794e-15 0)
(-1.67998e-15 -3.35987e-16 0)
(-5.54383e-15 2.01595e-15 0)
(-1.00799e-15 -1.67995e-15 0)
)
;

boundaryField
{
    outerWall
    {
        type            noSlip;
    }
    axis
    {
        type            symmetryPlane;
    }
    nozzle
    {
        type            zeroGradient;
    }
    back
    {
        type            empty;
    }
    front
    {
        type            empty;
    }
}


// ************************************************************************* //
