/*--------------------------------*- C++ -*----------------------------------*\
| =========                 |                                                 |
| \\      /  F ield         | OpenFOAM: The Open Source CFD Toolbox           |
|  \\    /   O peration     | Version:  2412                                  |
|   \\  /    A nd           | Website:  www.openfoam.com                      |
|    \\/     M anipulation  |                                                 |
\*---------------------------------------------------------------------------*/
FoamFile
{
    version     2.0;
    format      ascii;
    arch        "LSB;label=32;scalar=64";
    class       volVectorField;
    location    "7e-05";
    object      U;
}
// * * * * * * * * * * * * * * * * * * * * * * * * * * * * * * * * * * * * * //

dimensions      [0 1 -1 0 0 0 0];

internalField   nonuniform List<vector> 
3725
(
(7.50382e-07 2.46028e-07 0)
(2.91944e-06 4.86738e-07 0)
(7.59939e-06 1.17384e-06 0)
(1.84553e-05 2.86554e-06 0)
(4.33274e-05 6.84654e-06 0)
(9.87299e-05 1.59154e-05 0)
(0.000218252 3.59264e-05 0)
(0.000467462 7.86424e-05 0)
(0.000968686 0.0001667 0)
(0.00193905 0.000341676 0)
(0.00374319 0.000676106 0)
(0.00695626 0.00128953 0)
(0.0124219 0.00236664 0)
(0.0212742 0.0041723 0)
(0.0348761 0.0070539 0)
(0.0546245 0.0114185 0)
(0.0815924 0.0176737 0)
(0.116044 0.0261309 0)
(0.156947 0.0368905 0)
(0.201674 0.0497473 0)
(0.246125 0.0641697 0)
(0.285296 0.0793836 0)
(0.314011 0.0944905 0)
(0.327706 0.10863 0)
(0.323169 0.121126 0)
(0.299016 0.131562 0)
(0.255808 0.139776 0)
(0.195881 0.145783 0)
(0.122995 0.14969 0)
(0.0419298 0.151609 0)
(9.30914e-07 7.74528e-07 0)
(3.6153e-06 1.5303e-06 0)
(9.3835e-06 3.68539e-06 0)
(2.27099e-05 8.98415e-06 0)
(5.31148e-05 2.1434e-05 0)
(0.00012054 4.97469e-05 0)
(0.000265297 0.000112106 0)
(0.000565543 0.000244952 0)
(0.00116596 0.00051821 0)
(0.00232111 0.00105989 0)
(0.00445408 0.00209248 0)
(0.00822416 0.00398105 0)
(0.014584 0.00728665 0)
(0.0247897 0.0128087 0)
(0.0403108 0.0215871 0)
(0.0625893 0.0348264 0)
(0.0926268 0.0537107 0)
(0.130457 0.0791105 0)
(0.17466 0.111243 0)
(0.222134 0.149408 0)
(0.268353 0.191961 0)
(0.308038 0.236577 0)
(0.335947 0.280616 0)
(0.347684 0.321611 0)
(0.34037 0.357674 0)
(0.313005 0.387691 0)
(0.266475 0.411264 0)
(0.203317 0.428489 0)
(0.127365 0.43969 0)
(0.0433694 0.445194 0)
(1.31721e-06 1.41261e-06 0)
(5.10259e-06 2.78423e-06 0)
(1.31898e-05 6.68792e-06 0)
(3.17668e-05 1.62615e-05 0)
(7.38995e-05 3.86903e-05 0)
(0.000166734 8.9535e-05 0)
(0.000364656 0.000201134 0)
(0.00077204 0.000437981 0)
(0.00157989 0.000923164 0)
(0.00311976 0.00188061 0)
(0.00593406 0.00369673 0)
(0.0108519 0.00700021 0)
(0.0190427 0.0127475 0)
(0.0319996 0.0222843 0)
(0.0513895 0.0373324 0)
(0.0787172 0.0598403 0)
(0.114806 0.0916517 0)
(0.159194 0.134008 0)
(0.209671 0.187001 0)
(0.262213 0.249205 0)
(0.311503 0.317737 0)
(0.351789 0.388736 0)
(0.37779 0.458012 0)
(0.385503 0.521829 0)
(0.372733 0.57749 0)
(0.339211 0.623539 0)
(0.286409 0.659585 0)
(0.217202 0.685906 0)
(0.135526 0.703038 0)
(0.0460591 0.711469 0)
(1.95963e-06 2.23357e-06 0)
(7.57178e-06 4.38802e-06 0)
(1.94914e-05 1.05039e-05 0)
(4.67116e-05 2.54513e-05 0)
(0.00010807 6.03331e-05 0)
(0.000242373 0.000139069 0)
(0.000526632 0.000311077 0)
(0.00110707 0.00067426 0)
(0.00224793 0.00141407 0)
(0.00440128 0.00286496 0)
(0.00829379 0.00559832 0)
(0.0150122 0.0105327 0)
(0.0260471 0.0190455 0)
(0.0432283 0.0330392 0)
(0.0684779 0.0548894 0)
(0.103329 0.0871903 0)
(0.148252 0.132248 0)
(0.20197 0.191372 0)
(0.261059 0.264168 0)
(0.320187 0.348171 0)
(0.373003 0.439131 0)
(0.413246 0.53175 0)
(0.43577 0.62065 0)
(0.437296 0.701375 0)
(0.416657 0.771007 0)
(0.37458 0.828228 0)
(0.313253 0.872927 0)
(0.235909 0.905628 0)
(0.14654 0.926999 0)
(0.0496945 0.93756 0)
(2.93305e-06 3.30887e-06 0)
(1.13053e-05 6.47598e-06 0)
(2.89872e-05 1.54394e-05 0)
(6.91387e-05 3.72586e-05 0)
(0.000159113 8.79433e-05 0)
(0.000354792 0.000201772 0)
(0.000766049 0.000449068 0)
(0.00159928 0.000968047 0)
(0.00322291 0.00201814 0)
(0.00625795 0.00406236 0)
(0.0116849 0.00788197 0)
(0.0209373 0.0147145 0)
(0.0359226 0.0263817 0)
(0.0588826 0.0453418 0)
(0.0920028 0.0745663 0)
(0.136736 0.117142 0)
(0.192942 0.175564 0)
(0.258135 0.250824 0)
(0.327272 0.341617 0)
(0.393437 0.44415 0)
(0.449189 0.552765 0)
(0.48793 0.660989 0)
(0.505011 0.762809 0)
(0.498274 0.853758 0)
(0.467877 0.931354 0)
(0.415655 0.994864 0)
(0.344461 1.04463 0)
(0.257759 1.08133 0)
(0.159478 1.10558 0)
(0.0539816 1.11766 0)
(4.33496e-06 4.7034e-06 0)
(1.66697e-05 9.16776e-06 0)
(4.25784e-05 2.17614e-05 0)
(0.00010109 5.22836e-05 0)
(0.000231455 0.000122831 0)
(0.000513216 0.000280391 0)
(0.00110134 0.000620615 0)
(0.00228387 0.00132984 0)
(0.00456866 0.00275426 0)
(0.00879915 0.00550443 0)
(0.0162829 0.0105962 0)
(0.0288871 0.019611 0)
(0.0490176 0.034828 0)
(0.0793668 0.0592355 0)
(0.122328 0.0963026 0)
(0.179078 0.149401 0)
(0.248514 0.220876 0)
(0.326509 0.310973 0)
(0.406054 0.417088 0)
(0.478549 0.533939 0)
(0.535633 0.65459 0)
(0.570781 0.771869 0)
(0.58035 0.87985 0)
(0.563707 0.974816 0)
(0.52249 1.05531 0)
(0.459537 1.12145 0)
(0.378108 1.17398 0)
(0.281623 1.2135 0)
(0.173789 1.24012 0)
(0.0587616 1.2536 0)
(6.28132e-06 6.46757e-06 0)
(2.40988e-05 1.25531e-05 0)
(6.13241e-05 2.96617e-05 0)
(0.000144941 7.09379e-05 0)
(0.000330193 0.000165842 0)
(0.00072813 0.000376573 0)
(0.00155313 0.000828703 0)
(0.00319952 0.00176455 0)
(0.00635386 0.0036294 0)
(0.0121394 0.00719851 0)
(0.0222649 0.0137419 0)
(0.0391111 0.0251998 0)
(0.0656409 0.0443004 0)
(0.104989 0.0745045 0)
(0.159627 0.119635 0)
(0.230166 0.183091 0)
(0.314121 0.2667 0)
(0.405294 0.369555 0)
(0.494497 0.487498 0)
(0.571565 0.613791 0)
(0.627637 0.740586 0)
(0.656877 0.860685 0)
(0.657224 0.969061 0)
(0.629871 1.06344 0)
(0.577858 1.14376 0)
(0.504663 1.211 0)
(0.413496 1.26598 0)
(0.30736 1.30875 0)
(0.189559 1.33844 0)
(0.0640969 1.35382 0)
(8.89913e-06 8.62645e-06 0)
(3.40653e-05 1.66717e-05 0)
(8.6367e-05 3.92118e-05 0)
(0.000203225 9.33404e-05 0)
(0.000460682 0.000217132 0)
(0.00101036 0.000490379 0)
(0.00214232 0.0010728 0)
(0.00438439 0.00226957 0)
(0.00864414 0.00463513 0)
(0.0163836 0.00912169 0)
(0.0297839 0.0172637 0)
(0.0518059 0.0313574 0)
(0.0859962 0.0545457 0)
(0.135868 0.0906677 0)
(0.203769 0.143716 0)
(0.289376 0.21683 0)
(0.388362 0.310964 0)
(0.492109 0.423757 0)
(0.589232 0.549438 0)
(0.668366 0.680081 0)
(0.720804 0.807516 0)
(0.742139 0.925329 0)
(0.732417 1.03017 0)
(0.694734 1.12168 0)
(0.633162 1.20129 0)
(0.551206 1.2705 0)
(0.45142 1.32974 0)
(0.335963 1.37787 0)
(0.207597 1.41251 0)
(0.0703023 1.43094 0)
(1.23153e-05 1.11672e-05 0)
(4.70378e-05 2.14902e-05 0)
(0.000118826 5.03123e-05 0)
(0.000278381 0.000119207 0)
(0.000627972 0.000275926 0)
(0.00136988 0.000619795 0)
(0.00288753 0.00134791 0)
(0.00587127 0.00283313 0)
(0.0114929 0.00574484 0)
(0.0216108 0.0112167 0)
(0.0389416 0.0210441 0)
(0.0670727 0.037856 0)
(0.110124 0.0651462 0)
(0.171867 0.107004 0)
(0.254249 0.167383 0)
(0.355603 0.248878 0)
(0.469317 0.35128 0)
(0.58415 0.470627 0)
(0.686741 0.599715 0)
(0.765123 0.729918 0)
(0.811573 0.8535 0)
(0.823866 0.965649 0)
(0.804492 1.06528 0)
(0.758217 1.15418 0)
(0.689474 1.23494 0)
(0.600997 1.3091 0)
(0.494021 1.37608 0)
(0.369439 1.43307 0)
(0.229366 1.47554 0)
(0.0779257 1.49877 0)
(1.66414e-05 1.40273e-05 0)
(6.34241e-05 2.68811e-05 0)
(0.000159654 6.2648e-05 0)
(0.000372435 0.000147753 0)
(0.000836123 0.000340324 0)
(0.00181435 0.000760372 0)
(0.00380232 0.00164398 0)
(0.00768209 0.00343323 0)
(0.0149318 0.00691246 0)
(0.027858 0.013391 0)
(0.0497634 0.024906 0)
(0.0848825 0.0443728 0)
(0.137857 0.0755462 0)
(0.212546 0.122614 0)
(0.310174 0.189276 0)
(0.427299 0.277337 0)
(0.554674 0.385236 0)
(0.678435 0.507477 0)
(0.783701 0.635809 0)
(0.858705 0.761566 0)
(0.897602 0.878244 0)
(0.900978 0.983316 0)
(0.873813 1.07828 0)
(0.821974 1.16686 0)
(0.749359 1.25238 0)
(0.657068 1.33581 0)
(0.544399 1.41513 0)
(0.410553 1.48542 0)
(0.256875 1.53942 0)
(0.0877318 1.56985 0)
(2.19557e-05 1.70849e-05 0)
(8.35033e-05 3.26077e-05 0)
(0.000209479 7.56589e-05 0)
(0.000486638 0.000177641 0)
(0.00108744 0.000407213 0)
(0.00234762 0.000905087 0)
(0.00489217 0.0019457 0)
(0.00982263 0.00403787 0)
(0.0189612 0.0080736 0)
(0.035106 0.0155207 0)
(0.0621781 0.0286222 0)
(0.105053 0.0505126 0)
(0.168805 0.0850963 0)
(0.257164 0.136499 0)
(0.370291 0.20797 0)
(0.502573 0.300347 0)
(0.641922 0.41068 0)
(0.77208 0.532207 0)
(0.877308 0.65617 0)
(0.94695 0.774585 0)
(0.977886 0.882883 0)
(0.973894 0.981236 0)
(0.942151 1.0737 0)
(0.888788 1.16549 0)
(0.816191 1.26011 0)
(0.723066 1.35765 0)
(0.606225 1.45443 0)
(0.46266 1.54323 0)
(0.292693 1.61344 0)
(0.100747 1.65438 0)
(2.82834e-05 2.01579e-05 0)
(0.000107355 3.83229e-05 0)
(0.000268429 8.85433e-05 0)
(0.000621101 0.000207 0)
(0.00138171 0.000472336 0)
(0.00296822 0.00104458 0)
(0.0061519 0.00223324 0)
(0.012278 0.00460656 0)
(0.0235439 0.0091492 0)
(0.0432695 0.0174583 0)
(0.0760073 0.031931 0)
(0.127238 0.0558368 0)
(0.202348 0.0931066 0)
(0.304701 0.14765 0)
(0.43306 0.222111 0)
(0.579333 0.316282 0)
(0.728569 0.425948 0)
(0.862553 0.543499 0)
(0.965484 0.660287 0)
(1.02874 0.769664 0)
(1.05259 0.869479 0)
(1.04409 0.962694 0)
(1.012 1.05557 0)
(0.961786 1.1543 0)
(0.89348 1.26222 0)
(0.80281 1.37858 0)
(0.683589 1.49828 0)
(0.529814 1.61183 0)
(0.340239 1.70437 0)
(0.118439 1.76084 0)
(3.55794e-05 2.30094e-05 0)
(0.000134792 4.35828e-05 0)
(0.000335987 0.000100292 0)
(0.000774482 0.000233511 0)
(0.00171562 0.000530508 0)
(0.0036683 0.00116765 0)
(0.00756366 0.00248332 0)
(0.0150096 0.00509292 0)
(0.0286001 0.0100508 0)
(0.0521924 0.0190434 0)
(0.090962 0.0345566 0)
(0.150935 0.0598996 0)
(0.237665 0.0989061 0)
(0.353917 0.155137 0)
(0.496765 0.230543 0)
(0.655451 0.323893 0)
(0.812336 0.429985 0)
(0.947835 0.540861 0)
(1.04693 0.648556 0)
(1.10384 0.748254 0)
(1.12266 0.840396 0)
(1.11346 0.930518 0)
(1.08586 1.02655 0)
(1.04378 1.13525 0)
(0.984406 1.25988 0)
(0.900113 1.39939 0)
(0.781167 1.54793 0)
(0.617233 1.69414 0)
(0.404458 1.81762 0)
(0.143105 1.8978 0)
(4.37135e-05 2.53623e-05 0)
(0.000165316 4.78743e-05 0)
(0.000410876 0.000109753 0)
(0.000943763 0.000254566 0)
(0.00208231 0.000575982 0)
(0.00443283 0.00126209 0)
(0.00909586 0.00267102 0)
(0.0179536 0.00544828 0)
(0.0340067 0.0106878 0)
(0.0616489 0.0201159 0)
(0.10665 0.0362333 0)
(0.1755 0.0622886 0)
(0.273776 0.101905 0)
(0.403429 0.158198 0)
(0.559627 0.232403 0)
(0.728915 0.322403 0)
(0.891295 0.422381 0)
(1.02648 0.524522 0)
(1.12103 0.622017 0)
(1.17262 0.712115 0)
(1.18929 0.797737 0)
(1.1837 0.886511 0)
(1.16555 0.987502 0)
(1.13678 1.10792 0)
(1.09159 1.25147 0)
(1.01885 1.41797 0)
(0.904661 1.60206 0)
(0.73209 1.79144 0)
(0.493 1.95854 0)
(0.178576 2.07645 0)
(5.24634e-05 2.6924e-05 0)
(0.000198086 5.06615e-05 0)
(0.000491006 0.000115742 0)
(0.00112415 0.000267513 0)
(0.00247126 0.000603 0)
(0.00523958 0.00131586 0)
(0.0107033 0.00277225 0)
(0.0210222 0.00562656 0)
(0.0396008 0.0109766 0)
(0.0713516 0.0205328 0)
(0.122592 0.0367317 0)
(0.200188 0.0626643 0)
(0.309597 0.101647 0)
(0.451791 0.156298 0)
(0.619919 0.227182 0)
(0.797935 0.311525 0)
(0.963926 0.403298 0)
(1.09756 0.495266 0)
(1.18763 0.582052 0)
(1.23563 0.662955 0)
(1.25345 0.742988 0)
(1.25579 0.831263 0)
(1.25191 0.937578 0)
(1.24176 1.06979 0)
(1.21695 1.23304 0)
(1.16306 1.42965 0)
(1.06129 1.65685 0)
(0.884603 1.90344 0)
(0.618255 2.13319 0)
(0.231534 2.31326 0)
(6.15167e-05 2.74203e-05 0)
(0.00023193 5.14485e-05 0)
(0.000573515 0.000117173 0)
(0.00130921 0.000269963 0)
(0.00286857 0.000606457 0)
(0.00605977 0.0013185 0)
(0.0123289 0.00276646 0)
(0.0241069 0.0055895 0)
(0.0451864 0.0108498 0)
(0.0809653 0.020183 0)
(0.138248 0.0358829 0)
(0.224187 0.0607938 0)
(0.344001 0.0978523 0)
(0.497581 0.149169 0)
(0.676048 0.214747 0)
(0.861002 0.291432 0)
(1.0291 0.373373 0)
(1.16055 0.454229 0)
(1.24679 0.530143 0)
(1.29332 0.602199 0)
(1.31552 0.676936 0)
(1.32964 0.764308 0)
(1.34445 0.874603 0)
(1.35838 1.01674 0)
(1.36149 1.19856 0)
(1.33672 1.42702 0)
(1.26004 1.70512 0)
(1.08937 2.02719 0)
(0.800455 2.34883 0)
(0.313588 2.63621 0)
(7.04845e-05 2.66329e-05 0)
(0.0002654 4.9846e-05 0)
(0.000654892 0.000113212 0)
(0.00149112 0.000260109 0)
(0.00325766 0.000582575 0)
(0.00685958 0.00126244 0)
(0.0139066 0.00263931 0)
(0.0270847 0.00531141 0)
(0.050546 0.0102646 0)
(0.0901264 0.019001 0)
(0.15305 0.0335971 0)
(0.246665 0.0565748 0)
(0.375878 0.0904425 0)
(0.539462 0.136827 0)
(0.726616 0.195323 0)
(0.916904 0.262691 0)
(1.08602 0.333586 0)
(1.21514 0.402744 0)
(1.2986 0.467727 0)
(1.34573 0.530955 0)
(1.37503 0.599812 0)
(1.40403 0.684494 0)
(1.44123 0.795601 0)
(1.48472 0.94356 0)
(1.52466 1.14012 0)
(1.543 1.39927 0)
(1.51147 1.73443 0)
(1.36742 2.15323 0)
(1.0753 2.61057 0)
(0.446911 3.06942 0)
(7.89266e-05 2.4435e-05 0)
(0.000296864 4.56352e-05 0)
(0.000731212 0.000103406 0)
(0.00166123 0.000237016 0)
(0.00362031 0.000529501 0)
(0.00760232 0.00114423 0)
(0.0153656 0.00238485 0)
(0.0298258 0.00478308 0)
(0.0554536 0.00920887 0)
(0.0984648 0.0169755 0)
(0.166429 0.0298762 0)
(0.266821 0.050048 0)
(0.404191 0.0795448 0)
(0.576241 0.119563 0)
(0.770446 0.169458 0)
(0.9647 0.226189 0)
(1.13414 0.285159 0)
(1.26115 0.342241 0)
(1.34295 0.396163 0)
(1.39238 0.450122 0)
(1.43067 0.511609 0)
(1.47648 0.59048 0)
(1.53874 0.697397 0)
(1.61676 0.844453 0)
(1.70327 1.04805 0)
(1.78246 1.33148 0)
(1.82559 1.72528 0)
(1.74656 2.26482 0)
(1.48855 2.95241 0)
(0.656864 3.81686 0)
(8.63847e-05 2.08195e-05 0)
(0.000324628 3.88156e-05 0)
(0.000798428 8.77862e-05 0)
(0.00181069 0.000200826 0)
(0.00393807 0.000447724 0)
(0.0082511 0.000965324 0)
(0.0166357 0.00200696 0)
(0.0322027 0.00401408 0)
(0.0596903 0.00770473 0)
(0.105627 0.0141546 0)
(0.177854 0.0248173 0)
(0.283917 0.041398 0)
(0.428015 0.0654867 0)
(0.606897 0.0979156 0)
(0.806586 0.137974 0)
(1.00368 0.183055 0)
(1.17306 0.229479 0)
(1.29839 0.274211 0)
(1.37951 0.316807 0)
(1.43231 0.360624 0)
(1.4803 0.412531 0)
(1.54337 0.481417 0)
(1.63171 0.577499 0)
(1.7477 0.714022 0)
(1.88992 0.911574 0)
(2.05089 1.20304 0)
(2.2115 1.63849 0)
(2.28739 2.27964 0)
(2.24023 3.134 0)
(1.10115 4.20751 0)
(9.24236e-05 1.591e-05 0)
(0.000347089 2.96235e-05 0)
(0.00085272 6.69013e-05 0)
(0.00193118 0.000152825 0)
(0.00419369 0.000340178 0)
(0.00877175 0.000732194 0)
(0.0176522 0.0015194 0)
(0.0340992 0.0030326 0)
(0.063059 0.0058074 0)
(0.111299 0.0106416 0)
(0.186861 0.0186045 0)
(0.297323 0.0309352 0)
(0.446579 0.0487614 0)
(0.630607 0.0726184 0)
(0.834301 0.101881 0)
(1.03333 0.134561 0)
(1.20251 0.167987 0)
(1.32665 0.200117 0)
(1.40776 0.230963 0)
(1.46417 0.263437 0)
(1.52126 0.303074 0)
(1.60021 0.357049 0)
(1.71319 0.434181 0)
(1.86732 0.547325 0)
(2.07002 0.719293 0)
(2.32765 0.99305 0)
(2.63345 1.46027 0)
(2.8728 2.28752 0)
(2.95318 4.10566 0)
(1.47221 7.13853 0)
(9.62453e-05 1.06394e-05 0)
(0.000361294 1.97928e-05 0)
(0.000887018 4.46572e-05 0)
(0.0020072 0.000101914 0)
(0.0043547 0.000226618 0)
(0.00909914 0.000487218 0)
(0.0182901 0.00100978 0)
(0.0352868 0.00201265 0)
(0.0651633 0.0038483 0)
(0.114832 0.00703965 0)
(0.192453 0.0122839 0)
(0.305614 0.020382 0)
(0.458007 0.0320506 0)
(0.645124 0.0476053 0)
(0.851169 0.0665938 0)
(1.05127 0.0876918 0)
(1.22026 0.109177 0)
(1.34373 0.129801 0)
(1.42508 0.14972 0)
(1.48417 0.171026 0)
(1.54759 0.197541 0)
(1.63756 0.234251 0)
(1.7683 0.287578 0)
(1.95213 0.367568 0)
(2.20882 0.493256 0)
(2.57862 0.702762 0)
(3.12568 1.08216 0)
(4.11855 1.79337 0)
(5.45809 3.42375 0)
(10.1783 6.27342 0)
(9.83403e-05 5.43372e-06 0)
(0.000369078 1.01043e-05 0)
(0.000905803 2.27874e-05 0)
(0.00204881 5.19798e-05 0)
(0.00444276 0.000115526 0)
(0.00927802 0.000248239 0)
(0.0186383 0.000514174 0)
(0.0359342 0.00102414 0)
(0.066309 0.00195674 0)
(0.116753 0.00357644 0)
(0.195488 0.00623489 0)
(0.310104 0.0103344 0)
(0.464183 0.0162317 0)
(0.652946 0.0240776 0)
(0.860228 0.0336328 0)
(1.06087 0.0442228 0)
(1.22975 0.0549838 0)
(1.35287 0.0653081 0)
(1.43442 0.0753123 0)
(1.49509 0.0860999 0)
(1.56213 0.0996537 0)
(1.65839 0.118565 0)
(1.79932 0.146233 0)
(2.00017 0.188054 0)
(2.28664 0.254093 0)
(2.70922 0.363339 0)
(3.34456 0.550273 0)
(4.41075 0.872319 0)
(5.82959 1.32442 0)
(9.96755 2.208 0)
(9.90476e-05 -5.26854e-09 0)
(0.000371706 -9.49955e-09 0)
(0.000912143 -2.06303e-08 0)
(0.00206284 -4.54151e-08 0)
(0.00447246 -9.75854e-08 0)
(0.00933833 -2.03104e-07 0)
(0.0187557 -4.08329e-07 0)
(0.0361523 -7.91348e-07 0)
(0.0666947 -1.47537e-06 0)
(0.117399 -2.64044e-06 0)
(0.196508 -4.52614e-06 0)
(0.311612 -7.41432e-06 0)
(0.466253 -1.15806e-05 0)
(0.655565 -1.72105e-05 0)
(0.863256 -2.42948e-05 0)
(1.06408 -3.25749e-05 0)
(1.23291 -4.163e-05 0)
(1.35592 -5.11152e-05 0)
(1.43755 -6.11084e-05 0)
(1.49878 -7.24198e-05 0)
(1.56707 -8.66555e-05 0)
(1.66551 -0.00010613 0)
(1.81 -0.000134081 0)
(2.01686 -0.000175225 0)
(2.314 -0.000235119 0)
(2.75637 -0.000314521 0)
(3.43079 -0.00039441 0)
(4.58283 -0.000514865 0)
(6.16846 -0.00048206 0)
(9.84646 0.00035858 0)
(9.83377e-05 -5.44381e-06 0)
(0.000369069 -1.01225e-05 0)
(0.000905782 -2.2827e-05 0)
(0.00204876 -5.20672e-05 0)
(0.00444267 -0.000115714 0)
(0.00927784 -0.000248632 0)
(0.018638 -0.000514965 0)
(0.0359336 -0.00102568 0)
(0.0663079 -0.00195961 0)
(0.116751 -0.00358159 0)
(0.195485 -0.00624374 0)
(0.3101 -0.0103489 0)
(0.464177 -0.0162545 0)
(0.652938 -0.0241115 0)
(0.860218 -0.0336808 0)
(1.06086 -0.0442872 0)
(1.22973 -0.0550662 0)
(1.35286 -0.0654093 0)
(1.43441 -0.0754333 0)
(1.49508 -0.086243 0)
(1.56211 -0.0998243 0)
(1.65836 -0.118773 0)
(1.79928 -0.146493 0)
(2.00011 -0.188392 0)
(2.28656 -0.254544 0)
(2.70913 -0.363933 0)
(3.34444 -0.550957 0)
(4.4107 -0.872713 0)
(5.83006 -1.32326 0)
(9.96787 -2.20311 0)
(9.62404e-05 -1.06481e-05 0)
(0.000361276 -1.98085e-05 0)
(0.000886976 -4.46918e-05 0)
(0.00200711 -0.000101991 0)
(0.00435452 -0.000226785 0)
(0.00909878 -0.000487569 0)
(0.0182894 -0.00101049 0)
(0.0352855 -0.00201405 0)
(0.0651611 -0.00385094 0)
(0.114829 -0.00704443 0)
(0.192448 -0.0122922 0)
(0.305605 -0.0203958 0)
(0.457996 -0.0320724 0)
(0.645109 -0.0476381 0)
(0.85115 -0.0666405 0)
(1.05125 -0.0877552 0)
(1.22024 -0.109258 0)
(1.3437 -0.129902 0)
(1.42505 -0.149841 0)
(1.48414 -0.171169 0)
(1.54755 -0.197712 0)
(1.6375 -0.23446 0)
(1.76822 -0.287843 0)
(1.95202 -0.367922 0)
(2.20866 -0.49377 0)
(2.57848 -0.703596 0)
(3.1258 -1.08364 0)
(4.1196 -1.79597 0)
(5.46049 -3.42595 0)
(10.1775 -6.27256 0)
(13.2453 0.651278 0)
(12.0642 0.0106351 0)
(12.0812 -0.0165575 0)
(12.0565 -0.00814801 0)
(11.9922 -0.00306925 0)
(11.9236 -0.000920152 0)
(11.8491 -0.000147091 0)
(11.7674 6.48367e-05 0)
(11.6775 7.9904e-05 0)
(11.5785 5.19324e-05 0)
(11.4691 2.93788e-05 0)
(11.3475 1.7305e-05 0)
(11.212 1.1847e-05 0)
(11.0605 9.71735e-06 0)
(10.8911 9.07377e-06 0)
(10.7028 9.01618e-06 0)
(10.4957 9.12777e-06 0)
(10.2723 9.13914e-06 0)
(10.0386 9.08776e-06 0)
(9.79987 8.95987e-06 0)
(9.58156 8.23633e-06 0)
(9.3404 7.24067e-06 0)
(9.30622 5.49232e-06 0)
(8.95345 3.9864e-06 0)
(9.01911 2.32093e-06 0)
(12.7935 0.101617 0)
(12.2436 0.102871 0)
(12.1373 0.0523508 0)
(12.0725 0.0213738 0)
(11.9996 0.00837559 0)
(11.9267 0.00315124 0)
(11.8502 0.00117966 0)
(11.7678 0.000446955 0)
(11.6777 0.000180659 0)
(11.5787 8.06955e-05 0)
(11.4692 3.96287e-05 0)
(11.3477 2.1697e-05 0)
(11.2122 1.40431e-05 0)
(11.0607 1.10429e-05 0)
(10.8913 1.01499e-05 0)
(10.703 1.00699e-05 0)
(10.496 1.01943e-05 0)
(10.2726 1.01777e-05 0)
(10.0388 9.99817e-06 0)
(9.80008 9.61523e-06 0)
(9.58179 8.48993e-06 0)
(9.34062 7.00975e-06 0)
(9.30645 4.85441e-06 0)
(8.95368 3.15211e-06 0)
(9.01934 1.6392e-06 0)
(12.2758 0.00011648 0)
(11.9512 0.000114611 0)
(12.0047 7.33131e-05 0)
(12.0134 4.08859e-05 0)
(11.975 2.1627e-05 0)
(11.9166 1.29528e-05 0)
(11.8466 8.57725e-06 0)
(11.7666 7.68707e-06 0)
(11.6774 7.76841e-06 0)
(11.5786 7.06409e-06 0)
(11.4692 5.84022e-06 0)
(11.3477 4.85602e-06 0)
(11.2122 4.24081e-06 0)
(11.0607 3.86767e-06 0)
(10.8913 3.68626e-06 0)
(10.703 3.60533e-06 0)
(10.496 3.51205e-06 0)
(10.2726 3.29332e-06 0)
(10.0388 2.86955e-06 0)
(9.80008 2.15574e-06 0)
(9.58178 1.24475e-06 0)
(9.34062 2.97645e-07 0)
(9.30645 -4.96824e-07 0)
(8.95368 -8.62694e-07 0)
(9.01934 -7.31599e-07 0)
(12.7933 -0.100468 0)
(12.2435 -0.10199 0)
(12.1372 -0.0518381 0)
(12.0725 -0.0210814 0)
(11.9996 -0.00820701 0)
(11.9267 -0.00305399 0)
(11.8502 -0.00112179 0)
(11.7678 -0.000412054 0)
(11.6777 -0.000158846 0)
(11.5787 -6.5876e-05 0)
(11.4692 -2.84536e-05 0)
(11.3477 -1.24681e-05 0)
(11.2122 -5.83481e-06 0)
(11.0607 -3.35684e-06 0)
(10.8913 -2.61726e-06 0)
(10.703 -2.57308e-06 0)
(10.496 -2.79698e-06 0)
(10.2726 -3.08354e-06 0)
(10.0388 -3.59926e-06 0)
(9.80008 -4.38446e-06 0)
(9.58178 -4.82175e-06 0)
(9.34062 -5.06416e-06 0)
(9.30645 -4.5473e-06 0)
(8.95367 -3.92025e-06 0)
(9.01934 -2.76527e-06 0)
(13.2425 -0.650316 0)
(12.0634 -0.00986559 0)
(12.0807 0.0169969 0)
(12.0562 0.00840222 0)
(11.992 0.00321675 0)
(11.9234 0.00100446 0)
(11.849 0.000196391 0)
(11.7673 -3.7623e-05 0)
(11.6775 -6.58589e-05 0)
(11.5785 -4.41769e-05 0)
(11.4691 -2.40439e-05 0)
(11.3475 -1.29321e-05 0)
(11.212 -7.8796e-06 0)
(11.0605 -5.89898e-06 0)
(10.8911 -5.22742e-06 0)
(10.7028 -5.12466e-06 0)
(10.4957 -5.24253e-06 0)
(10.2723 -5.33829e-06 0)
(10.0386 -5.55841e-06 0)
(9.79986 -5.88485e-06 0)
(9.58156 -5.8129e-06 0)
(9.34039 -5.59272e-06 0)
(9.30622 -4.6884e-06 0)
(8.95345 -3.89185e-06 0)
(9.01911 -2.7154e-06 0)
(9.23943e-05 -1.59434e-05 0)
(0.00034698 -2.96859e-05 0)
(0.000852459 -6.70423e-05 0)
(0.00193061 -0.000153148 0)
(0.00419248 -0.000340899 0)
(0.0087693 -0.000733754 0)
(0.0176474 -0.00152266 0)
(0.0340904 -0.00303914 0)
(0.0630435 -0.00582001 0)
(0.111273 -0.0106649 0)
(0.18682 -0.0186457 0)
(0.297262 -0.0310045 0)
(0.446494 -0.0488722 0)
(0.630498 -0.0727861 0)
(0.834174 -0.10212 0)
(1.03319 -0.134884 0)
(1.20237 -0.168399 0)
(1.32651 -0.200618 0)
(1.40762 -0.231549 0)
(1.46401 -0.264109 0)
(1.52105 -0.303844 0)
(1.5999 -0.357944 0)
(1.71274 -0.435242 0)
(1.8666 -0.548609 0)
(2.06881 -0.720869 0)
(2.32543 -0.994982 0)
(2.62924 -1.46251 0)
(2.8647 -2.28973 0)
(2.93963 -4.10488 0)
(1.46402 -7.13175 0)
(8.62723e-05 -2.08901e-05 0)
(0.000324211 -3.89483e-05 0)
(0.000797419 -8.8089e-05 0)
(0.00180845 -0.000201525 0)
(0.00393333 -0.000449297 0)
(0.00824144 -0.000968753 0)
(0.0166169 -0.00201417 0)
(0.0321675 -0.00402869 0)
(0.0596278 -0.00773316 0)
(0.105522 -0.0142077 0)
(0.177687 -0.0249119 0)
(0.283667 -0.0415588 0)
(0.427667 -0.0657465 0)
(0.606451 -0.0983131 0)
(0.80606 -0.138548 0)
(1.00311 -0.183838 0)
(1.17249 -0.230484 0)
(1.29784 -0.275436 0)
(1.37896 -0.318239 0)
(1.43169 -0.36225 0)
(1.47951 -0.414355 0)
(1.54229 -0.483467 0)
(1.63016 -0.579817 0)
(1.74546 -0.716634 0)
(1.8866 -0.914427 0)
(2.04594 -1.20585 0)
(2.20426 -1.64033 0)
(2.27767 -2.27846 0)
(2.22801 -3.12538 0)
(1.09437 -4.18684 0)
(7.87081e-05 -2.45124e-05 0)
(0.000296051 -4.57823e-05 0)
(0.000729243 -0.000103745 0)
(0.00165685 -0.000237809 0)
(0.003611 -0.000531309 0)
(0.00758329 -0.00114822 0)
(0.0153283 -0.00239337 0)
(0.029756 -0.00480059 0)
(0.0553288 -0.0092435 0)
(0.0982534 -0.0170413 0)
(0.166091 -0.0299956 0)
(0.266313 -0.050255 0)
(0.40348 -0.0798861 0)
(0.575322 -0.120097 0)
(0.769355 -0.170247 0)
(0.963514 -0.227289 0)
(1.13295 -0.286602 0)
(1.26 -0.344028 0)
(1.34183 -0.398268 0)
(1.39116 -0.452503 0)
(1.42918 -0.514231 0)
(1.4745 -0.593323 0)
(1.53602 -0.700441 0)
(1.613 -0.847628 0)
(1.69805 -1.05114 0)
(1.77526 -1.33396 0)
(1.81589 -1.72609 0)
(1.73449 -2.26212 0)
(1.47465 -2.94348 0)
(0.649537 -3.79777 0)
(7.0152e-05 -2.66855e-05 0)
(0.00026416 -4.99492e-05 0)
(0.000651883 -0.000113458 0)
(0.0014844 -0.000260701 0)
(0.00324333 -0.000583964 0)
(0.0068302 -0.0012656 0)
(0.0138487 -0.00264627 0)
(0.0269758 -0.00532619 0)
(0.0503506 -0.0102948 0)
(0.0897936 -0.0190604 0)
(0.152514 -0.0337089 0)
(0.245855 -0.0567757 0)
(0.374734 -0.0907864 0)
(0.537967 -0.137386 0)
(0.72482 -0.196181 0)
(0.914929 -0.263933 0)
(1.08402 -0.335272 0)
(1.21321 -0.404891 0)
(1.29675 -0.470301 0)
(1.3438 -0.533882 0)
(1.37279 -0.602995 0)
(1.40116 -0.687835 0)
(1.43743 -0.798991 0)
(1.47967 -0.94682 0)
(1.51802 -1.14289 0)
(1.53442 -1.40087 0)
(1.5008 -1.7337 0)
(1.3554 -2.14835 0)
(1.06325 -2.59963 0)
(0.441047 -3.05013 0)
(6.10767e-05 -2.74214e-05 0)
(0.000230287 -5.14575e-05 0)
(0.000569515 -0.000117211 0)
(0.00130026 -0.000270091 0)
(0.00284939 -0.000606842 0)
(0.00602028 -0.00131956 0)
(0.0122508 -0.00276923 0)
(0.0239591 -0.00559629 0)
(0.0449198 -0.0108655 0)
(0.080508 -0.0202176 0)
(0.137506 -0.0359548 0)
(0.223054 -0.0609354 0)
(0.342386 -0.098116 0)
(0.495444 -0.149632 0)
(0.673445 -0.215511 0)
(0.858097 -0.292611 0)
(1.02612 -0.375067 0)
(1.15766 -0.456488 0)
(1.24406 -0.532945 0)
(1.2906 -0.605442 0)
(1.3125 -0.680458 0)
(1.32596 -0.767918 0)
(1.33974 -0.878086 0)
(1.35236 -1.01981 0)
(1.35392 -1.20078 0)
(1.32748 -1.42766 0)
(1.24929 -1.70311 0)
(1.07812 -2.0211 0)
(0.790279 -2.33764 0)
(0.308955 -2.61904 0)
(5.19351e-05 -2.68556e-05 0)
(0.000196109 -5.05422e-05 0)
(0.000486181 -0.000115492 0)
(0.00111331 -0.000266991 0)
(0.00244794 -0.000601953 0)
(0.00519133 -0.00131389 0)
(0.0106074 -0.00276881 0)
(0.0208397 -0.0056212 0)
(0.0392692 -0.0109696 0)
(0.0707786 -0.020527 0)
(0.121654 -0.0367359 0)
(0.198743 -0.0626989 0)
(0.307512 -0.101753 0)
(0.448993 -0.156547 0)
(0.616456 -0.227685 0)
(0.794002 -0.312424 0)
(0.959817 -0.404739 0)
(1.09356 -0.497352 0)
(1.18386 -0.584799 0)
(1.232 -0.66626 0)
(1.24965 -0.746641 0)
(1.25138 -0.834979 0)
(1.24652 -0.941036 0)
(1.23511 -1.07261 0)
(1.20891 -1.23475 0)
(1.1537 -1.42955 0)
(1.05099 -1.65404 0)
(0.874456 -1.89691 0)
(0.609814 -2.12248 0)
(0.227933 -2.2983 0)
(4.31247e-05 -2.52177e-05 0)
(0.000163109 -4.76125e-05 0)
(0.00040547 -0.000109181 0)
(0.000931569 -0.000253305 0)
(0.00205596 -0.000573288 0)
(0.00437802 -0.00125657 0)
(0.00898633 -0.00266023 0)
(0.0177438 -0.00542826 0)
(0.0336227 -0.0106529 0)
(0.0609798 -0.0200593 0)
(0.105544 -0.0361497 0)
(0.173778 -0.0621799 0)
(0.271258 -0.101791 0)
(0.4 -0.158134 0)
(0.555307 -0.232492 0)
(0.723909 -0.322808 0)
(0.885959 -0.423297 0)
(1.0212 -0.526123 0)
(1.11605 -0.624387 0)
(1.16794 -0.715195 0)
(1.18463 -0.801303 0)
(1.17863 -0.890215 0)
(1.15964 -0.990929 0)
(1.12976 -1.11062 0)
(1.0834 -1.25293 0)
(1.0097 -1.41757 0)
(0.895051 -1.59911 0)
(0.723076 -1.78526 0)
(0.485986 -1.94902 0)
(0.175745 -2.06396 0)
(3.49622e-05 -2.27927e-05 0)
(0.000132474 -4.3185e-05 0)
(0.000330288 -9.9408e-05 0)
(0.00076157 -0.000231528 0)
(0.00168757 -0.000526183 0)
(0.00360965 -0.00115856 0)
(0.00744572 -0.00246501 0)
(0.0147821 -0.00505768 0)
(0.0281804 -0.00998626 0)
(0.0514547 -0.0189317 0)
(0.0897309 -0.0343755 0)
(0.148994 -0.0596271 0)
(0.234788 -0.098533 0)
(0.349935 -0.154687 0)
(0.49165 -0.230099 0)
(0.649392 -0.32362 0)
(0.805725 -0.430121 0)
(0.941152 -0.541658 0)
(1.04056 -0.650202 0)
(1.09792 -0.750781 0)
(1.117 -0.843637 0)
(1.10767 -0.934111 0)
(1.07948 -1.03002 0)
(1.03653 -1.13809 0)
(0.976263 -1.26155 0)
(0.891324 -1.39936 0)
(0.772299 -1.54566 0)
(0.609247 -1.68921 0)
(0.398561 -1.81009 0)
(0.14083 -1.88819 0)
(2.76695e-05 -1.98828e-05 0)
(0.000105043 -3.7813e-05 0)
(0.000262726 -8.73985e-05 0)
(0.000608119 -0.000204402 0)
(0.00135336 -0.000466601 0)
(0.00290859 -0.00103236 0)
(0.0060312 -0.00220821 0)
(0.0120435 -0.00455741 0)
(0.0231077 -0.00905701 0)
(0.0424953 -0.017294 0)
(0.0747015 -0.031654 0)
(0.125153 -0.0553985 0)
(0.199213 -0.0924621 0)
(0.300286 -0.146781 0)
(0.427273 -0.221064 0)
(0.572313 -0.315203 0)
(0.720709 -0.425099 0)
(0.8544 -0.543212 0)
(0.957557 -0.660872 0)
(1.02134 -0.771303 0)
(1.04569 -0.872132 0)
(1.03737 -0.966079 0)
(1.00505 -1.05923 0)
(0.954283 -1.15768 0)
(0.885382 -1.26479 0)
(0.794371 -1.37984 0)
(0.675362 -1.49779 0)
(0.522656 -1.60932 0)
(0.335165 -1.69994 0)
(0.116549 -1.755 0)
(2.13729e-05 -1.67709e-05 0)
(8.13038e-05 -3.20215e-05 0)
(0.000204031 -7.43319e-05 0)
(0.000474175 -0.000174604 0)
(0.00106007 -0.000400445 0)
(0.00228969 -0.000890512 0)
(0.00477411 -0.00191548 0)
(0.00959143 -0.00397767 0)
(0.0185274 -0.00795885 0)
(0.0343285 -0.0153121 0)
(0.0608517 -0.0282621 0)
(0.102907 -0.0499257 0)
(0.16553 -0.0841995 0)
(0.252469 -0.135226 0)
(0.364004 -0.206315 0)
(0.494754 -0.298418 0)
(0.632918 -0.408738 0)
(0.76246 -0.530645 0)
(0.867693 -0.655437 0)
(0.937809 -0.775051 0)
(0.969382 -0.884723 0)
(0.965868 -0.984354 0)
(0.93426 -1.07775 0)
(0.880732 -1.16998 0)
(0.807889 -1.26451 0)
(0.714736 -1.36146 0)
(0.598371 -1.45724 0)
(0.456033 -1.5448 0)
(0.288145 -1.6138 0)
(0.0990976 -1.65386 0)
(1.61112e-05 -1.36967e-05 0)
(6.14179e-05 -2.62601e-05 0)
(0.000154663 -6.12321e-05 0)
(0.000360959 -0.000144489 0)
(0.000810779 -0.000332991 0)
(0.00176036 -0.00074444 0)
(0.00369146 -0.0016106 0)
(0.00746324 -0.003366 0)
(0.0145174 -0.00678262 0)
(0.0271076 -0.0131513 0)
(0.0484679 -0.0244849 0)
(0.0827586 -0.0436717 0)
(0.134564 -0.0744466 0)
(0.207736 -0.121001 0)
(0.303591 -0.187085 0)
(0.418897 -0.274622 0)
(0.544704 -0.382233 0)
(0.667428 -0.504624 0)
(0.772323 -0.633682 0)
(0.847563 -0.760757 0)
(0.887058 -0.879215 0)
(0.891077 -0.98627 0)
(0.864362 -1.08312 0)
(0.812738 -1.17326 0)
(0.740259 -1.25987 0)
(0.648293 -1.34391 0)
(0.536404 -1.42338 0)
(0.404005 -1.49346 0)
(0.252503 -1.5471 0)
(0.0861785 -1.57718 0)
(1.18512e-05 -1.08423e-05 0)
(4.5277e-05 -2.08761e-05 0)
(0.000114426 -4.89032e-05 0)
(0.00026821 -0.000115937 0)
(0.000605371 -0.000268528 0)
(0.0013214 -0.000603596 0)
(0.00278724 -0.00131369 0)
(0.00567158 -0.00276351 0)
(0.0111112 -0.0056089 0)
(0.020912 -0.0109626 0)
(0.0377203 -0.0205913 0)
(0.0650418 -0.0370895 0)
(0.106922 -0.0639206 0)
(0.1671 -0.105164 0)
(0.247576 -0.164812 0)
(0.346852 -0.245573 0)
(0.458601 -0.347442 0)
(0.571889 -0.466717 0)
(0.673571 -0.596432 0)
(0.75172 -0.728094 0)
(0.798467 -0.853941 0)
(0.811326 -0.968964 0)
(0.792543 -1.07177 0)
(0.746779 -1.16381 0)
(0.678551 -1.24741 0)
(0.590807 -1.32396 0)
(0.485024 -1.39278 0)
(0.362269 -1.45102 0)
(0.22469 -1.49422 0)
(0.0762915 -1.51774 0)
(8.5066e-06 -8.32638e-06 0)
(3.25717e-05 -1.61018e-05 0)
(8.26174e-05 -3.78968e-05 0)
(0.000194507 -9.02717e-05 0)
(0.000441185 -0.000210147 0)
(0.000968238 -0.000474983 0)
(0.00205447 -0.00104003 0)
(0.00420791 -0.00220239 0)
(0.00830333 -0.00450278 0)
(0.0157525 -0.00887189 0)
(0.0286665 -0.0168135 0)
(0.0499196 -0.030586 0)
(0.0829701 -0.0532951 0)
(0.131271 -0.088761 0)
(0.197176 -0.141005 0)
(0.280482 -0.213276 0)
(0.3771 -0.306748 0)
(0.478719 -0.419369 0)
(0.574227 -0.545707 0)
(0.652398 -0.678098 0)
(0.704504 -0.808482 0)
(0.725983 -0.930348 0)
(0.716692 -1.04006 0)
(0.67962 -1.13686 0)
(0.618875 -1.22174 0)
(0.538122 -1.29583 0)
(0.440107 -1.35925 0)
(0.327124 -1.41065 0)
(0.201931 -1.4475 0)
(0.0683447 -1.46703 0)
(5.95826e-06 -6.20811e-06 0)
(2.28658e-05 -1.20583e-05 0)
(5.82129e-05 -2.85151e-05 0)
(0.000137662 -6.82507e-05 0)
(0.0003138 -0.000159698 0)
(0.000692435 -0.000362965 0)
(0.00147804 -0.000799589 0)
(0.00304718 -0.00170453 0)
(0.00605642 -0.00351046 0)
(0.0115817 -0.00697264 0)
(0.0212633 -0.0133323 0)
(0.0373926 -0.0244933 0)
(0.0628313 -0.0431476 0)
(0.100625 -0.0727376 0)
(0.153206 -0.117115 0)
(0.221237 -0.179792 0)
(0.302404 -0.262834 0)
(0.390783 -0.365695 0)
(0.47748 -0.48465 0)
(0.552564 -0.613356 0)
(0.607288 -0.744219 0)
(0.635818 -0.870064 0)
(0.63603 -0.985621 0)
(0.609083 -1.08815 0)
(0.558065 -1.17698 0)
(0.486587 -1.25246 0)
(0.398002 -1.3148 0)
(0.295382 -1.36352 0)
(0.181955 -1.39738 0)
(0.0614861 -1.41491 0)
(4.07274e-06 -4.49706e-06 0)
(1.56653e-05 -8.77351e-06 0)
(4.00295e-05 -2.0846e-05 0)
(9.50845e-05 -5.01346e-05 0)
(0.000217823 -0.000117909 0)
(0.000483267 -0.000269475 0)
(0.00103771 -0.000597236 0)
(0.00215336 -0.00128161 0)
(0.00431065 -0.00265868 0)
(0.00830858 -0.0053231 0)
(0.0153876 -0.0102681 0)
(0.0273227 -0.0190482 0)
(0.046406 -0.0339183 0)
(0.0752111 -0.0578636 0)
(0.11604 -0.0944016 0)
(0.170043 -0.147044 0)
(0.236205 -0.21841 0)
(0.310606 -0.309165 0)
(0.386526 -0.417235 0)
(0.455672 -0.537864 0)
(0.509946 -0.6645 0)
(0.543025 -0.790101 0)
(0.551407 -0.908533 0)
(0.534588 -1.01553 0)
(0.494346 -1.10882 0)
(0.433672 -1.18758 0)
(0.355932 -1.25157 0)
(0.264532 -1.30051 0)
(0.162981 -1.33382 0)
(0.0550605 -1.35077 0)
(2.71716e-06 -3.16693e-06 0)
(1.0475e-05 -6.20576e-06 0)
(2.68655e-05 -1.48148e-05 0)
(6.40985e-05 -3.57995e-05 0)
(0.000147563 -8.46228e-05 0)
(0.000329155 -0.000194465 0)
(0.000710956 -0.000433575 0)
(0.00148482 -0.000936498 0)
(0.0029934 -0.00195669 0)
(0.00581454 -0.00394844 0)
(0.0108611 -0.00768243 0)
(0.0194683 -0.0143876 0)
(0.0334133 -0.0258894 0)
(0.0547849 -0.044681 0)
(0.0856166 -0.0738321 0)
(0.127252 -0.116633 0)
(0.179534 -0.175923 0)
(0.240094 -0.253204 0)
(0.304151 -0.347807 0)
(0.365163 -0.456584 0)
(0.416119 -0.574365 0)
(0.450867 -0.694861 0)
(0.465181 -0.811823 0)
(0.457287 -0.920098 0)
(0.427671 -1.01613 0)
(0.378398 -1.09788 0)
(0.312409 -1.16427 0)
(0.233041 -1.21473 0)
(0.143862 -1.24877 0)
(0.0486386 -1.26594 0)
(1.76963e-06 -2.16948e-06 0)
(6.83752e-06 -4.26977e-06 0)
(1.76006e-05 -1.02407e-05 0)
(4.21774e-05 -2.48631e-05 0)
(9.75706e-05 -5.90654e-05 0)
(0.000218798 -0.000136468 0)
(0.000475328 -0.000306058 0)
(0.000998997 -0.000665311 0)
(0.00202792 -0.00139983 0)
(0.00396907 -0.00284644 0)
(0.00747585 -0.00558496 0)
(0.0135237 -0.0105564 0)
(0.0234468 -0.0191892 0)
(0.0388756 -0.0334897 0)
(0.0615078 -0.0560237 0)
(0.0926685 -0.089702 0)
(0.132698 -0.137308 0)
(0.180336 -0.200794 0)
(0.232386 -0.280525 0)
(0.283964 -0.374784 0)
(0.329357 -0.479863 0)
(0.363057 -0.59061 0)
(0.380701 -0.701277 0)
(0.379743 -0.806477 0)
(0.35961 -0.901866 0)
(0.321398 -0.98438 0)
(0.267368 -1.05206 0)
(0.200495 -1.1037 0)
(0.124169 -1.13855 0)
(0.0420427 -1.15611 0)
(1.12536e-06 -1.44655e-06 0)
(4.35783e-06 -2.85924e-06 0)
(1.1258e-05 -6.88917e-06 0)
(2.70945e-05 -1.68033e-05 0)
(6.29782e-05 -4.01142e-05 0)
(0.000141961 -9.31735e-05 0)
(0.000310149 -0.000210161 0)
(0.00065586 -0.000459708 0)
(0.00134033 -0.000973829 0)
(0.00264265 -0.00199495 0)
(0.00501774 -0.00394619 0)
(0.00915766 -0.00752554 0)
(0.0160323 -0.0138139 0)
(0.0268682 -0.0243681 0)
(0.0430136 -0.0412458 0)
(0.0656471 -0.0668936 0)
(0.0953377 -0.103834 0)
(0.13155 -0.154148 0)
(0.172284 -0.218837 0)
(0.214086 -0.297292 0)
(0.252546 -0.387137 0)
(0.283058 -0.484489 0)
(0.301576 -0.584499 0)
(0.305262 -0.682098 0)
(0.292839 -0.772698 0)
(0.264567 -0.852603 0)
(0.221973 -0.919106 0)
(0.16749 -0.970352 0)
(0.104143 -1.00513 0)
(0.0353301 -1.0227 0)
(6.98964e-07 -9.3936e-07 0)
(2.71259e-06 -1.86457e-06 0)
(7.03243e-06 -4.51277e-06 0)
(1.69963e-05 -1.10568e-05 0)
(3.96901e-05 -2.65219e-05 0)
(8.99198e-05 -6.19201e-05 0)
(0.000197534 -0.000140447 0)
(0.000420217 -0.000309076 0)
(0.000864363 -0.000659054 0)
(0.00171633 -0.00135982 0)
(0.00328425 -0.00271093 0)
(0.00604501 -0.00521415 0)
(0.0106819 -0.00966086 0)
(0.0180851 -0.0172167 0)
(0.029278 -0.0294679 0)
(0.045233 -0.0483757 0)
(0.0665685 -0.0760854 0)
(0.0931763 -0.114564 0)
(0.123897 -0.165106 0)
(0.15641 -0.227848 0)
(0.187482 -0.30148 0)
(0.213477 -0.383306 0)
(0.230934 -0.469531 0)
(0.237108 -0.555785 0)
(0.230385 -0.637704 0)
(0.210436 -0.711409 0)
(0.178127 -0.773753 0)
(0.135299 -0.822381 0)
(0.0844956 -0.855652 0)
(0.0287269 -0.872536 0)
(4.24145e-07 -5.94431e-07 0)
(1.64957e-06 -1.18478e-06 0)
(4.29128e-06 -2.88003e-06 0)
(1.04139e-05 -7.08739e-06 0)
(2.44291e-05 -1.70795e-05 0)
(5.56176e-05 -4.00746e-05 0)
(0.000122831 -9.13879e-05 0)
(0.00026281 -0.000202291 0)
(0.00054398 -0.000434092 0)
(0.00108755 -0.000901836 0)
(0.00209655 -0.0018114 0)
(0.00389034 -0.00351252 0)
(0.00693559 -0.00656608 0)
(0.0118565 -0.0118153 0)
(0.0193984 -0.0204369 0)
(0.0303159 -0.0339357 0)
(0.0451742 -0.0540373 0)
(0.0640816 -0.0824494 0)
(0.0864265 -0.120503 0)
(0.110729 -0.168747 0)
(0.134725 -0.226635 0)
(0.155693 -0.292444 0)
(0.170856 -0.363403 0)
(0.177805 -0.435999 0)
(0.174892 -0.506423 0)
(0.161457 -0.570999 0)
(0.137868 -0.626503 0)
(0.105419 -0.670343 0)
(0.0661297 -0.700606 0)
(0.022533 -0.716044 0)
(2.51546e-07 -3.66773e-07 0)
(9.80339e-07 -7.33958e-07 0)
(2.55887e-06 -1.79174e-06 0)
(6.23454e-06 -4.42801e-06 0)
(1.46892e-05 -1.07188e-05 0)
(3.36019e-05 -2.52715e-05 0)
(7.45909e-05 -5.79304e-05 0)
(0.000160483 -0.000128953 0)
(0.000334182 -0.000278403 0)
(0.000672482 -0.000582208 0)
(0.00130562 -0.00117778 0)
(0.00244146 -0.00230163 0)
(0.00438927 -0.00433889 0)
(0.00757247 -0.00787925 0)
(0.012513 -0.0137645 0)
(0.0197674 -0.0231024 0)
(0.0298002 -0.0372137 0)
(0.0428024 -0.0574842 0)
(0.0584925 -0.0851165 0)
(0.0759736 -0.120821 0)
(0.093732 -0.164528 0)
(0.109821 -0.215242 0)
(0.122135 -0.27106 0)
(0.128714 -0.329326 0)
(0.12807 -0.386937 0)
(0.119428 -0.440684 0)
(0.102835 -0.487574 0)
(0.0791375 -0.525054 0)
(0.0498588 -0.551151 0)
(0.017026 -0.564533 0)
(1.45857e-07 -2.20786e-07 0)
(5.69592e-07 -4.43542e-07 0)
(1.49158e-06 -1.08722e-06 0)
(3.64816e-06 -2.69796e-06 0)
(8.63188e-06 -6.55924e-06 0)
(1.98361e-05 -1.55365e-05 0)
(4.42508e-05 -3.57928e-05 0)
(9.57145e-05 -8.01047e-05 0)
(0.000200461 -0.000173949 0)
(0.000405912 -0.000366061 0)
(0.000793416 -0.00074557 0)
(0.00149455 -0.00146774 0)
(0.00270834 -0.002789 0)
(0.00471292 -0.0051085 0)
(0.0078608 -0.00900759 0)
(0.0125439 -0.0152706 0)
(0.0191165 -0.0248638 0)
(0.0277763 -0.0388489 0)
(0.0384238 -0.0582206 0)
(0.050543 -0.0836838 0)
(0.0631639 -0.11542 0)
(0.0749537 -0.152926 0)
(0.0843923 -0.194969 0)
(0.0899823 -0.239652 0)
(0.0904944 -0.284589 0)
(0.0851843 -0.327167 0)
(0.0739256 -0.364813 0)
(0.0572349 -0.395232 0)
(0.036208 -0.416582 0)
(0.0123902 -0.427583 0)
(8.27208e-08 -1.29742e-07 0)
(3.2367e-07 -2.61622e-07 0)
(8.50252e-07 -6.43842e-07 0)
(2.08733e-06 -1.60404e-06 0)
(4.95897e-06 -3.91597e-06 0)
(1.1446e-05 -9.31694e-06 0)
(2.56549e-05 -2.15672e-05 0)
(5.57752e-05 -4.85167e-05 0)
(0.000117457 -0.000105941 0)
(0.000239254 -0.000224278 0)
(0.000470663 -0.000459749 0)
(0.00089275 -0.000911386 0)
(0.00162996 -0.00174485 0)
(0.00285944 -0.00322193 0)
(0.0048112 -0.00573077 0)
(0.00775003 -0.00980663 0)
(0.0119304 -0.0161275 0)
(0.0175215 -0.0254669 0)
(0.0245124 -0.0385926 0)
(0.0326223 -0.0561143 0)
(0.041254 -0.0783088 0)
(0.0495314 -0.104973 0)
(0.0564054 -0.135356 0)
(0.0607914 -0.168167 0)
(0.061743 -0.201667 0)
(0.0586271 -0.233848 0)
(0.0512493 -0.262644 0)
(0.0399024 -0.28614 0)
(0.0253401 -0.302748 0)
(0.00868808 -0.311344 0)
(4.59052e-08 -7.44683e-08 0)
(1.79958e-07 -1.5071e-07 0)
(4.74168e-07 -3.72308e-07 0)
(1.16823e-06 -9.31085e-07 0)
(2.78631e-06 -2.28219e-06 0)
(6.45836e-06 -5.45303e-06 0)
(1.45415e-05 -1.26808e-05 0)
(3.17682e-05 -2.86666e-05 0)
(6.7252e-05 -6.29274e-05 0)
(0.000137763 -0.000133976 0)
(0.00027266 -0.000276319 0)
(0.000520577 -0.000551371 0)
(0.000957187 -0.00106308 0)
(0.00169201 -0.00197797 0)
(0.0028703 -0.00354692 0)
(0.00466427 -0.00612264 0)
(0.00724761 -0.0101627 0)
(0.0107501 -0.0162058 0)
(0.0151963 -0.0248114 0)
(0.0204423 -0.0364604 0)
(0.0261344 -0.0514321 0)
(0.0317179 -0.0696864 0)
(0.036498 -0.0907935 0)
(0.0397259 -0.113913 0)
(0.0407145 -0.137839 0)
(0.0389699 -0.161106 0)
(0.0342945 -0.182148 0)
(0.0268406 -0.199466 0)
(0.0171058 -0.211787 0)
(0.00587544 -0.218188 0)
(2.49374e-08 -4.17731e-08 0)
(9.79388e-08 -8.48373e-08 0)
(2.58811e-07 -2.10348e-07 0)
(6.3984e-07 -5.27969e-07 0)
(1.53181e-06 -1.29907e-06 0)
(3.56492e-06 -3.1167e-06 0)
(8.06149e-06 -7.27946e-06 0)
(1.76936e-05 -1.65334e-05 0)
(3.76436e-05 -3.64757e-05 0)
(7.7525e-05 -7.80777e-05 0)
(0.000154322 -0.000161963 0)
(0.000296466 -0.00032519 0)
(0.000548744 -0.000631166 0)
(0.000976947 -0.00118273 0)
(0.00166998 -0.00213706 0)
(0.00273598 -0.00371896 0)
(0.00428837 -0.0062262 0)
(0.0064193 -0.0100188 0)
(0.00916156 -0.0154845 0)
(0.0124466 -0.022977 0)
(0.0160722 -0.0327335 0)
(0.0196997 -0.0447882 0)
(0.0228861 -0.0589105 0)
(0.025136 -0.0745773 0)
(0.0259759 -0.0909855 0)
(0.0250455 -0.107117 0)
(0.0221764 -0.121845 0)
(0.0174395 -0.13406 0)
(0.0111507 -0.1428 0)
(0.00383635 -0.147357 0)
(1.3267e-08 -2.29141e-08 0)
(5.21965e-08 -4.66931e-08 0)
(1.3832e-07 -1.16179e-07 0)
(3.43089e-07 -2.9263e-07 0)
(8.24332e-07 -7.22663e-07 0)
(1.92585e-06 -1.74056e-06 0)
(4.37303e-06 -4.08228e-06 0)
(9.64056e-06 -9.31319e-06 0)
(2.06079e-05 -2.06446e-05 0)
(4.26565e-05 -4.44164e-05 0)
(8.53752e-05 -9.26403e-05 0)
(0.000164971 -0.000187091 0)
(0.000307264 -0.000365399 0)
(0.000550698 -0.000689287 0)
(0.000948096 -0.00125433 0)
(0.00156513 -0.00219933 0)
(0.002473 -0.0037115 0)
(0.00373333 -0.00602245 0)
(0.00537537 -0.00938925 0)
(0.00736935 -0.0140575 0)
(0.00960377 -0.0202087 0)
(0.0118785 -0.0279001 0)
(0.0139211 -0.0370173 0)
(0.0154164 -0.0472473 0)
(0.0160527 -0.0580766 0)
(0.0155817 -0.0688275 0)
(0.0138745 -0.078726 0)
(0.0109587 -0.0869927 0)
(0.00702793 -0.0929378 0)
(0.00242161 -0.0960472 0)
(6.91546e-09 -1.22979e-08 0)
(2.72535e-08 -2.5141e-08 0)
(7.2416e-08 -6.27656e-08 0)
(1.80189e-07 -1.58622e-07 0)
(4.34427e-07 -3.93099e-07 0)
(1.01868e-06 -9.50322e-07 0)
(2.32223e-06 -2.23772e-06 0)
(5.14104e-06 -5.12671e-06 0)
(1.10391e-05 -1.14159e-05 0)
(2.29599e-05 -2.46796e-05 0)
(4.61896e-05 -5.17402e-05 0)
(8.97433e-05 -0.000105067 0)
(0.000168132 -0.000206405 0)
(0.000303227 -0.000391795 0)
(0.000525531 -0.000717707 0)
(0.000873706 -0.00126726 0)
(0.00139085 -0.00215443 0)
(0.00211617 -0.00352299 0)
(0.0030718 -0.00553668 0)
(0.00424657 -0.00835785 0)
(0.00558097 -0.012115 0)
(0.0069605 -0.016864 0)
(0.00822296 -0.0225532 0)
(0.00917526 -0.0290021 0)
(0.00962037 -0.0358947 0)
(0.0093954 -0.042797 0)
(0.00840908 -0.0492004 0)
(0.00666848 -0.0545811 0)
(0.00428831 -0.0584683 0)
(0.00147968 -0.0605072 0)
(3.53332e-09 -6.4613e-09 0)
(1.39473e-08 -1.325e-08 0)
(3.71554e-08 -3.3186e-08 0)
(9.27316e-08 -8.41369e-08 0)
(2.24307e-07 -2.09206e-07 0)
(5.27825e-07 -5.07555e-07 0)
(1.20777e-06 -1.19965e-06 0)
(2.6845e-06 -2.75952e-06 0)
(5.78887e-06 -6.17107e-06 0)
(1.20949e-05 -1.3402e-05 0)
(2.44501e-05 -2.82336e-05 0)
(4.77509e-05 -5.76297e-05 0)
(8.99541e-05 -0.000113838 0)
(0.000163185 -0.000217349 0)
(0.000284583 -0.000400615 0)
(0.000476245 -0.000711996 0)
(0.000763398 -0.00121876 0)
(0.00116994 -0.00200723 0)
(0.00171106 -0.00317792 0)
(0.00238365 -0.00483357 0)
(0.00315701 -0.00705996 0)
(0.00396751 -0.00990163 0)
(0.00472163 -0.0133386 0)
(0.00530497 -0.0172704 0)
(0.00559765 -0.021509 0)
(0.0054974 -0.0257869 0)
(0.00494343 -0.0297824 0)
(0.00393455 -0.0331584 0)
(0.00253654 -0.0356074 0)
(0.000876348 -0.0368951 0)
(1.77033e-09 -3.32509e-09 0)
(6.99897e-09 -6.83894e-09 0)
(1.86913e-08 -1.71816e-08 0)
(4.67842e-08 -4.3694e-08 0)
(1.13521e-07 -1.08992e-07 0)
(2.68025e-07 -2.65318e-07 0)
(6.15485e-07 -6.29357e-07 0)
(1.37323e-06 -1.45321e-06 0)
(2.97321e-06 -3.26299e-06 0)
(6.23878e-06 -7.11694e-06 0)
(1.26696e-05 -1.50619e-05 0)
(2.48641e-05 -3.08936e-05 0)
(4.7082e-05 -6.13405e-05 0)
(8.58804e-05 -0.000117757 0)
(0.000150641 -0.000218303 0)
(0.000253642 -0.000390341 0)
(0.000409196 -0.000672421 0)
(0.000631327 -0.00111479 0)
(0.000929737 -0.00177704 0)
(0.00130439 -0.0027217 0)
(0.00173992 -0.00400322 0)
(0.00220197 -0.00565341 0)
(0.0026382 -0.00766661 0)
(0.00298295 -0.00998884 0)
(0.0031658 -0.0125117 0)
(0.00312503 -0.0150759 0)
(0.00282221 -0.0174854 0)
(0.00225376 -0.0195315 0)
(0.00145629 -0.0210212 0)
(0.00050372 -0.0218062 0)
(8.70199e-10 -1.67691e-09 0)
(3.44547e-09 -3.45882e-09 0)
(9.2231e-09 -8.71528e-09 0)
(2.31492e-08 -2.22281e-08 0)
(5.63392e-08 -5.56151e-08 0)
(1.33442e-07 -1.35819e-07 0)
(3.07472e-07 -3.23273e-07 0)
(6.88483e-07 -7.49153e-07 0)
(1.49636e-06 -1.68858e-06 0)
(3.15262e-06 -3.698e-06 0)
(6.42992e-06 -7.86004e-06 0)
(1.26766e-05 -1.61957e-05 0)
(2.41207e-05 -3.23131e-05 0)
(4.42239e-05 -6.23499e-05 0)
(7.79932e-05 -0.00011621 0)
(0.000132072 -0.000208968 0)
(0.000214344 -0.000362109 0)
(0.000332758 -0.000604014 0)
(0.000493186 -0.000968916 0)
(0.000696446 -0.00149352 0)
(0.00093508 -0.0022109 0)
(0.00119104 -0.00314211 0)
(0.00143584 -0.0042871 0)
(0.0016329 -0.00561779 0)
(0.00174221 -0.00707359 0)
(0.00172784 -0.00856262 0)
(0.00156654 -0.00996955 0)
(0.00125484 -0.0111696 0)
(0.000812531 -0.0120462 0)
(0.000281347 -0.0125091 0)
(4.19829e-10 -8.29201e-10 0)
(1.66464e-09 -1.71498e-09 0)
(4.46608e-09 -4.33341e-09 0)
(1.1239e-08 -1.1083e-08 0)
(2.74309e-08 -2.78101e-08 0)
(6.51687e-08 -6.81234e-08 0)
(1.50643e-07 -1.62671e-07 0)
(3.38467e-07 -3.78266e-07 0)
(7.38293e-07 -8.55706e-07 0)
(1.56146e-06 -1.88121e-06 0)
(3.19764e-06 -4.01477e-06 0)
(6.33133e-06 -8.30811e-06 0)
(1.2102e-05 -1.66514e-05 0)
(2.22952e-05 -3.22838e-05 0)
(3.95192e-05 -6.04749e-05 0)
(6.72772e-05 -0.000109319 0)
(0.000109793 -0.000190473 0)
(0.000171431 -0.000319525 0)
(0.000255587 -0.00051555 0)
(0.0003631 -0.000799393 0)
(0.000490461 -0.00119038 0)
(0.000628422 -0.00170164 0)
(0.000761895 -0.00233477 0)
(0.000871087 -0.00307559 0)
(0.000933928 -0.00389122 0)
(0.0009302 -0.00473026 0)
(0.000846401 -0.00552697 0)
(0.000679889 -0.00620927 0)
(0.000441085 -0.00670916 0)
(0.000152879 -0.00697363 0)
(1.98883e-10 -4.02229e-10 0)
(7.89642e-10 -8.3405e-10 0)
(2.12312e-09 -2.11314e-09 0)
(5.3563e-09 -5.41884e-09 0)
(1.31085e-08 -1.36347e-08 0)
(3.12324e-08 -3.34965e-08 0)
(7.24169e-08 -8.02315e-08 0)
(1.63235e-07 -1.87173e-07 0)
(3.57282e-07 -4.24874e-07 0)
(7.58377e-07 -9.37451e-07 0)
(1.55901e-06 -2.00833e-06 0)
(3.09935e-06 -4.17285e-06 0)
(5.94963e-06 -8.39907e-06 0)
(1.10103e-05 -1.63572e-05 0)
(1.96087e-05 -3.0785e-05 0)
(3.35472e-05 -5.59227e-05 0)
(5.50304e-05 -9.79352e-05 0)
(8.63838e-05 -0.000165156 0)
(0.000129497 -0.000267916 0)
(0.000184994 -0.000417693 0)
(0.000251274 -0.000625391 0)
(0.000323715 -0.000898792 0)
(0.000394524 -0.00123958 0)
(0.000453276 -0.0016408 0)
(0.000488149 -0.00208508 0)
(0.000488116 -0.0025445 0)
(0.000445608 -0.0029827 0)
(0.000358863 -0.00335935 0)
(0.000233225 -0.00363605 0)
(8.09078e-05 -0.00378268 0)
(9.25472e-11 -1.9149e-10 0)
(3.67933e-10 -3.9806e-10 0)
(9.91299e-10 -1.0111e-09 0)
(2.50687e-09 -2.59936e-09 0)
(6.15094e-09 -6.55754e-09 0)
(1.46954e-08 -1.61544e-08 0)
(3.41723e-08 -3.88061e-08 0)
(7.7264e-08 -9.08099e-08 0)
(1.69661e-07 -2.06805e-07 0)
(3.61362e-07 -4.57864e-07 0)
(7.45543e-07 -9.84448e-07 0)
(1.48782e-06 -2.05325e-06 0)
(2.86755e-06 -4.14931e-06 0)
(5.32905e-06 -8.11477e-06 0)
(9.53277e-06 -1.53395e-05 0)
(1.63845e-05 -2.79928e-05 0)
(2.70061e-05 -4.92556e-05 0)
(4.26032e-05 -8.34705e-05 0)
(6.41904e-05 -0.000136083 0)
(9.21717e-05 -0.000213233 0)
(0.000125839 -0.000320873 0)
(0.000162935 -0.000463431 0)
(0.000199533 -0.000642184 0)
(0.000230281 -0.000853828 0)
(0.000249017 -0.00108942 0)
(0.0002499 -0.00133419 0)
(0.000228828 -0.00156861 0)
(0.000184717 -0.00177077 0)
(0.000120242 -0.00191965 0)
(4.17471e-05 -0.00199866 0)
(4.23229e-11 -8.95105e-11 0)
(1.6847e-10 -1.8652e-10 0)
(4.54774e-10 -4.74924e-10 0)
(1.15268e-09 -1.22389e-09 0)
(2.83521e-09 -3.09527e-09 0)
(6.79132e-09 -7.64515e-09 0)
(1.58358e-08 -1.84159e-08 0)
(3.59091e-08 -4.32206e-08 0)
(7.90933e-08 -9.87306e-08 0)
(1.69006e-07 -2.19297e-07 0)
(3.49874e-07 -4.73115e-07 0)
(7.00721e-07 -9.90305e-07 0)
(1.35563e-06 -2.00879e-06 0)
(2.52928e-06 -3.94405e-06 0)
(4.54319e-06 -7.48617e-06 0)
(7.84233e-06 -1.37198e-05 0)
(1.29842e-05 -2.4248e-05 0)
(2.05775e-05 -4.12786e-05 0)
(3.11504e-05 -6.76094e-05 0)
(4.49423e-05 -0.000106435 0)
(6.16496e-05 -0.00016091 0)
(8.01948e-05 -0.000233461 0)
(9.86449e-05 -0.000324929 0)
(0.000114319 -0.000433786 0)
(0.000124087 -0.000555542 0)
(0.000124942 -0.000682586 0)
(0.000114725 -0.000804712 0)
(9.281e-05 -0.000910351 0)
(6.05042e-05 -0.000988323 0)
(2.10225e-05 -0.00102976 0)
(1.90242e-11 -4.1106e-11 0)
(7.58315e-11 -8.58414e-11 0)
(2.05087e-10 -2.19094e-10 0)
(5.20922e-10 -5.65905e-10 0)
(1.2843e-09 -1.43458e-09 0)
(3.08394e-09 -3.55215e-09 0)
(7.20984e-09 -8.57898e-09 0)
(1.63939e-08 -2.01897e-08 0)
(3.62139e-08 -4.62543e-08 0)
(7.7618e-08 -1.03052e-07 0)
(1.612e-07 -2.23042e-07 0)
(3.23939e-07 -4.68437e-07 0)
(6.28923e-07 -9.53561e-07 0)
(1.17777e-06 -1.87913e-06 0)
(2.12376e-06 -3.58049e-06 0)
(3.68075e-06 -6.58814e-06 0)
(6.11946e-06 -1.16917e-05 0)
(9.73982e-06 -1.99876e-05 0)
(1.48087e-05 -3.28783e-05 0)
(2.14596e-05 -5.19837e-05 0)
(2.95666e-05 -7.89287e-05 0)
(3.86261e-05 -0.000114999 0)
(4.77078e-05 -0.000160702 0)
(5.55e-05 -0.000215352 0)
(6.04526e-05 -0.000276745 0)
(6.10551e-05 -0.000341057 0)
(5.62061e-05 -0.00040309 0)
(4.55601e-05 -0.000456897 0)
(2.97418e-05 -0.000496692 0)
(1.03411e-05 -0.000517867 0)
(8.41355e-12 -1.85488e-11 0)
(3.3566e-11 -3.88336e-11 0)
(9.09406e-11 -9.93082e-11 0)
(2.31473e-10 -2.57069e-10 0)
(5.7195e-10 -6.53156e-10 0)
(1.37662e-09 -1.62109e-09 0)
(3.22632e-09 -3.92491e-09 0)
(7.35521e-09 -9.26101e-09 0)
(1.62921e-08 -2.12751e-08 0)
(3.50199e-08 -4.75368e-08 0)
(7.2951e-08 -1.03198e-07 0)
(1.47065e-07 -2.17427e-07 0)
(2.86474e-07 -4.44068e-07 0)
(5.38342e-07 -8.78133e-07 0)
(9.7426e-07 -1.67922e-06 0)
(1.69488e-06 -3.10132e-06 0)
(2.82879e-06 -5.52496e-06 0)
(4.52032e-06 -9.48243e-06 0)
(6.90074e-06 -1.56604e-05 0)
(1.00409e-05 -2.48602e-05 0)
(1.38905e-05 -3.78969e-05 0)
(1.8219e-05 -5.54314e-05 0)
(2.25881e-05 -7.77509e-05 0)
(2.63704e-05 -0.000104555 0)
(2.8816e-05 -0.000134788 0)
(2.91854e-05 -0.000166573 0)
(2.69309e-05 -0.000197327 0)
(2.187e-05 -0.000224069 0)
(1.42947e-05 -0.000243885 0)
(4.97338e-06 -0.000254441 0)
(3.66254e-12 -8.22254e-12 0)
(1.46164e-11 -1.72582e-11 0)
(3.96706e-11 -4.42496e-11 0)
(1.01168e-10 -1.14784e-10 0)
(2.50516e-10 -2.92258e-10 0)
(6.04294e-10 -7.26996e-10 0)
(1.41959e-09 -1.76431e-09 0)
(3.2443e-09 -4.17325e-09 0)
(7.20488e-09 -9.61203e-09 0)
(1.55291e-08 -2.15355e-08 0)
(3.24415e-08 -4.68852e-08 0)
(6.55956e-08 -9.90771e-08 0)
(1.28177e-07 -2.02985e-07 0)
(2.41656e-07 -4.02701e-07 0)
(4.3882e-07 -7.72669e-07 0)
(7.66081e-07 -1.43201e-06 0)
(1.28325e-06 -2.56027e-06 0)
(2.05821e-06 -4.41029e-06 0)
(3.15395e-06 -7.31079e-06 0)
(4.60661e-06 -1.16489e-05 0)
(6.39679e-06 -1.78234e-05 0)
(8.42105e-06 -2.61644e-05 0)
(1.04772e-05 -3.68265e-05 0)
(1.22716e-05 -4.96823e-05 0)
(1.34496e-05 -6.42361e-05 0)
(1.36575e-05 -7.95875e-05 0)
(1.26299e-05 -9.44834e-05 0)
(1.02738e-05 -0.000107466 0)
(6.723e-06 -0.000117103 0)
(2.34042e-06 -0.000122242 0)
(1.56978e-12 -3.58846e-12 0)
(6.26905e-12 -7.54684e-12 0)
(1.70274e-11 -1.93887e-11 0)
(4.3506e-11 -5.03946e-11 0)
(1.07962e-10 -1.28571e-10 0)
(2.60963e-10 -3.20511e-10 0)
(6.14421e-10 -7.79576e-10 0)
(1.40745e-09 -1.84831e-09 0)
(3.1333e-09 -4.26757e-09 0)
(6.77074e-09 -9.586e-09 0)
(1.41827e-08 -2.0926e-08 0)
(2.87577e-08 -4.43448e-08 0)
(5.63589e-08 -9.11182e-08 0)
(1.06581e-07 -1.81321e-07 0)
(1.94154e-07 -3.49003e-07 0)
(3.40066e-07 -6.48928e-07 0)
(5.71567e-07 -1.1641e-06 0)
(9.19919e-07 -2.01213e-06 0)
(1.41461e-06 -3.347e-06 0)
(2.07346e-06 -5.3516e-06 0)
(2.88932e-06 -8.21637e-06 0)
(3.81665e-06 -1.21019e-05 0)
(4.76403e-06 -1.70881e-05 0)
(5.59687e-06 -2.31223e-05 0)
(6.15097e-06 -2.99768e-05 0)
(6.2611e-06 -3.7229e-05 0)
(5.8017e-06 -4.42843e-05 0)
(4.72677e-06 -5.04468e-05 0)
(3.09642e-06 -5.50279e-05 0)
(1.07852e-06 -5.74733e-05 0)
(6.62084e-13 -1.53753e-12 0)
(2.64884e-12 -3.24339e-12 0)
(7.19808e-12 -8.36063e-12 0)
(1.84155e-11 -2.17653e-11 0)
(4.57864e-11 -5.56416e-11 0)
(1.10913e-10 -1.38978e-10 0)
(2.6168e-10 -3.3874e-10 0)
(6.00768e-10 -8.04902e-10 0)
(1.34052e-09 -1.86277e-09 0)
(2.90376e-09 -4.19439e-09 0)
(6.09795e-09 -9.17947e-09 0)
(1.23973e-08 -1.9504e-08 0)
(2.43633e-08 -4.01867e-08 0)
(4.62061e-08 -8.01986e-08 0)
(8.44228e-08 -1.54822e-07 0)
(1.48324e-07 -2.88753e-07 0)
(2.50084e-07 -5.19611e-07 0)
(4.03803e-07 -9.01009e-07 0)
(6.22985e-07 -1.50359e-06 0)
(9.16134e-07 -2.41189e-06 0)
(1.28077e-06 -3.71485e-06 0)
(1.6972e-06 -5.48863e-06 0)
(2.12489e-06 -7.77311e-06 0)
(2.50337e-06 -1.05471e-05 0)
(2.75822e-06 -1.37081e-05 0)
(2.81386e-06 -1.70619e-05 0)
(2.61225e-06 -2.03325e-05 0)
(2.13134e-06 -2.31947e-05 0)
(1.39758e-06 -2.53256e-05 0)
(4.87035e-07 -2.64641e-05 0)
(2.75518e-13 -6.43436e-13 0)
(1.10358e-12 -1.37322e-12 0)
(2.99576e-12 -3.5394e-12 0)
(7.67604e-12 -9.24363e-12 0)
(1.9123e-11 -2.36848e-11 0)
(4.64189e-11 -5.92885e-11 0)
(1.09705e-10 -1.4481e-10 0)
(2.52395e-10 -3.44792e-10 0)
(5.64427e-10 -7.99703e-10 0)
(1.22543e-09 -1.80484e-09 0)
(2.5796e-09 -3.95934e-09 0)
(5.25749e-09 -8.43358e-09 0)
(1.03589e-08 -1.74219e-08 0)
(1.9699e-08 -3.48614e-08 0)
(3.60925e-08 -6.74867e-08 0)
(6.3594e-08 -1.26227e-07 0)
(1.07541e-07 -2.27811e-07 0)
(1.74167e-07 -3.96203e-07 0)
(2.69523e-07 -6.63168e-07 0)
(3.9756e-07 -1.06698e-06 0)
(5.57475e-07 -1.64827e-06 0)
(7.40912e-07 -2.44234e-06 0)
(9.30221e-07 -3.46844e-06 0)
(1.09877e-06 -4.71834e-06 0)
(1.21348e-06 -6.14672e-06 0)
(1.24052e-06 -7.66613e-06 0)
(1.15362e-06 -9.15116e-06 0)
(9.42502e-07 -1.04531e-05 0)
(6.1859e-07 -1.14237e-05 0)
(2.1567e-07 -1.19426e-05 0)
(1.12391e-13 -2.66782e-13 0)
(4.47381e-13 -5.64812e-13 0)
(1.22942e-12 -1.47839e-12 0)
(3.15065e-12 -3.867e-12 0)
(7.86638e-12 -9.93444e-12 0)
(1.91194e-11 -2.48931e-11 0)
(4.52925e-11 -6.09063e-11 0)
(1.04405e-10 -1.45346e-10 0)
(2.33986e-10 -3.37813e-10 0)
(5.09082e-10 -7.64046e-10 0)
(1.07406e-09 -1.67991e-09 0)
(2.19419e-09 -3.58668e-09 0)
(4.33377e-09 -7.42735e-09 0)
(8.26223e-09 -1.48998e-08 0)
(1.51777e-08 -2.8919e-08 0)
(2.68147e-08 -5.42349e-08 0)
(4.54706e-08 -9.81501e-08 0)
(7.38483e-08 -1.71176e-07 0)
(1.14605e-07 -2.8732e-07 0)
(1.6953e-07 -4.6357e-07 0)
(2.3839e-07 -7.18103e-07 0)
(3.17701e-07 -1.06692e-06 0)
(3.99916e-07 -1.51905e-06 0)
(4.73522e-07 -2.07139e-06 0)
(5.24104e-07 -2.7043e-06 0)
(5.36808e-07 -3.37915e-06 0)
(5.00003e-07 -4.04008e-06 0)
(4.09004e-07 -4.6205e-06 0)
(2.68668e-07 -5.05371e-06 0)
(9.37107e-08 -5.28553e-06 0)
(4.48557e-14 -1.04495e-13 0)
(1.76567e-13 -2.36206e-13 0)
(4.96773e-13 -6.05804e-13 0)
(1.26856e-12 -1.59431e-12 0)
(3.19047e-12 -4.09447e-12 0)
(7.75466e-12 -1.02896e-11 0)
(1.84209e-11 -2.52368e-11 0)
(4.25489e-11 -6.03227e-11 0)
(9.55297e-11 -1.40462e-10 0)
(2.08253e-10 -3.18336e-10 0)
(4.40329e-10 -7.01432e-10 0)
(9.01522e-10 -1.5009e-09 0)
(1.78472e-09 -3.1152e-09 0)
(3.4106e-09 -6.26413e-09 0)
(6.28062e-09 -1.21878e-08 0)
(1.11241e-08 -2.29144e-08 0)
(1.89123e-08 -4.15751e-08 0)
(3.07959e-08 -7.26965e-08 0)
(4.7919e-08 -1.22341e-07 0)
(7.10719e-08 -1.97905e-07 0)
(1.00202e-07 -3.07358e-07 0)
(1.33879e-07 -4.57798e-07 0)
(1.68933e-07 -6.53357e-07 0)
(2.00476e-07 -8.92904e-07 0)
(2.22342e-07 -1.16807e-06 0)
(2.28137e-07 -1.46212e-06 0)
(2.1281e-07 -1.75065e-06 0)
(1.74279e-07 -2.00442e-06 0)
(1.14571e-07 -2.19404e-06 0)
(3.9978e-08 -2.29558e-06 0)
(1.81439e-14 -3.83038e-14 0)
(7.24075e-14 -8.87035e-14 0)
(1.91855e-13 -2.45278e-13 0)
(5.02989e-13 -6.4646e-13 0)
(1.26957e-12 -1.66554e-12 0)
(3.10294e-12 -4.18284e-12 0)
(7.38271e-12 -1.02896e-11 0)
(1.70789e-11 -2.46491e-11 0)
(3.84183e-11 -5.75043e-11 0)
(8.39294e-11 -1.3059e-10 0)
(1.77811e-10 -2.88327e-10 0)
(3.64805e-10 -6.18232e-10 0)
(7.23733e-10 -1.28595e-09 0)
(1.38616e-09 -2.5916e-09 0)
(2.55849e-09 -5.0539e-09 0)
(4.54225e-09 -9.52427e-09 0)
(7.74098e-09 -1.73219e-08 0)
(1.2636e-08 -3.03621e-08 0)
(1.97105e-08 -5.12216e-08 0)
(2.93062e-08 -8.30604e-08 0)
(4.14188e-08 -1.29307e-07 0)
(5.54705e-08 -1.93047e-07 0)
(7.01524e-08 -2.76123e-07 0)
(8.34251e-08 -3.7814e-07 0)
(9.26994e-08 -4.95594e-07 0)
(9.52724e-08 -6.21367e-07 0)
(8.89939e-08 -7.44996e-07 0)
(7.29587e-08 -8.53885e-07 0)
(4.79979e-08 -9.35334e-07 0)
(1.67544e-08 -9.78977e-07 0)
(6.55194e-15 -2.01597e-14 0)
(3.09118e-14 -3.72957e-14 0)
(6.92156e-14 -9.91193e-14 0)
(1.94711e-13 -2.57038e-13 0)
(4.94253e-13 -6.65948e-13 0)
(1.22001e-12 -1.68301e-12 0)
(2.91444e-12 -4.13143e-12 0)
(6.76195e-12 -9.92537e-12 0)
(1.52283e-11 -2.31929e-11 0)
(3.33291e-11 -5.27661e-11 0)
(7.07477e-11 -1.16728e-10 0)
(1.45429e-10 -2.50766e-10 0)
(2.89113e-10 -5.22662e-10 0)
(5.54889e-10 -1.05554e-09 0)
(1.02639e-09 -2.06285e-09 0)
(1.82625e-09 -3.8961e-09 0)
(3.11935e-09 -7.10181e-09 0)
(5.10355e-09 -1.24764e-08 0)
(7.97922e-09 -2.10961e-08 0)
(1.18911e-08 -3.42871e-08 0)
(1.6844e-08 -5.34971e-08 0)
(2.26083e-08 -8.00407e-08 0)
(2.86523e-08 -1.14722e-07 0)
(3.41396e-08 -1.5741e-07 0)
(3.80015e-08 -2.06661e-07 0)
(3.91163e-08 -2.59501e-07 0)
(3.65852e-08 -3.11524e-07 0)
(3.00228e-08 -3.57405e-07 0)
(1.97647e-08 -3.91758e-07 0)
(6.90155e-09 -4.10175e-07 0)
(4.62065e-20 -4.03207e-15 0)
(9.74389e-15 -1.0752e-14 0)
(2.57039e-14 -3.72957e-14 0)
(7.44235e-14 -9.50875e-14 0)
(1.94039e-13 -2.58046e-13 0)
(4.75773e-13 -6.60572e-13 0)
(1.13282e-12 -1.63698e-12 0)
(2.63708e-12 -3.93453e-12 0)
(5.94615e-12 -9.20936e-12 0)
(1.30463e-11 -2.09999e-11 0)
(2.77443e-11 -4.65525e-11 0)
(5.71336e-11 -1.00198e-10 0)
(1.13811e-10 -2.09236e-10 0)
(2.1886e-10 -4.23394e-10 0)
(4.0564e-10 -8.29121e-10 0)
(7.2326e-10 -1.56919e-09 0)
(1.23799e-09 -2.86634e-09 0)
(2.02979e-09 -5.04629e-09 0)
(3.18034e-09 -8.55087e-09 0)
(4.74972e-09 -1.3927e-08 0)
(6.74232e-09 -2.17753e-08 0)
(9.06826e-09 -3.26454e-08 0)
(1.1515e-08 -4.68806e-08 0)
(1.37451e-08 -6.44397e-08 0)
(1.5325e-08 -8.47389e-08 0)
(1.57971e-08 -1.06555e-07 0)
(1.47924e-08 -1.28067e-07 0)
(1.21503e-08 -1.47062e-07 0)
(8.00382e-09 -1.61297e-07 0)
(2.7957e-09 -1.68933e-07 0)
(-5.03998e-16 -5.03982e-15 0)
(-3.35966e-16 2.01593e-15 0)
(1.20959e-14 -9.74407e-15 0)
(2.83918e-14 -3.86396e-14 0)
(7.34155e-14 -9.94553e-14 0)
(1.79087e-13 -2.55694e-13 0)
(4.37805e-13 -6.32684e-13 0)
(1.00934e-12 -1.5345e-12 0)
(2.28764e-12 -3.60962e-12 0)
(5.03677e-12 -8.24236e-12 0)
(1.07282e-11 -1.82951e-11 0)
(2.21276e-11 -3.94492e-11 0)
(4.41555e-11 -8.25345e-11 0)
(8.5084e-11 -1.6731e-10 0)
(1.57992e-10 -3.28279e-10 0)
(2.82248e-10 -6.22507e-10 0)
(4.84073e-10 -1.13932e-09 0)
(7.95269e-10 -2.0098e-09 0)
(1.24856e-09 -3.41238e-09 0)
(1.86841e-09 -5.56883e-09 0)
(2.65747e-09 -8.72396e-09 0)
(3.58108e-09 -1.31036e-08 0)
(4.5556e-09 -1.88512e-08 0)
(5.44705e-09 -2.59551e-08 0)
(6.08238e-09 -3.41826e-08 0)
(6.27807e-09 -4.30394e-08 0)
(5.88529e-09 -5.17849e-08 0)
(4.8382e-09 -5.95159e-08 0)
(3.18897e-09 -6.53142e-08 0)
(1.11422e-09 -6.84262e-08 0)
(-3.36004e-16 6.38378e-15 0)
(-6.04779e-15 -6.71957e-16 0)
(5.37589e-15 -3.69585e-15 0)
(9.07196e-15 -1.1424e-14 0)
(2.82238e-14 -3.69598e-14 0)
(6.51836e-14 -9.97913e-14 0)
(1.61111e-13 -2.4931e-13 0)
(3.84717e-13 -5.86988e-13 0)
(8.66538e-13 -1.39002e-12 0)
(1.91754e-12 -3.18526e-12 0)
(4.08741e-12 -7.08518e-12 0)
(8.4537e-12 -1.53091e-11 0)
(1.68916e-11 -3.20895e-11 0)
(3.26136e-11 -6.51741e-11 0)
(6.0663e-11 -1.28079e-10 0)
(1.08571e-10 -2.43318e-10 0)
(1.86552e-10 -4.46158e-10 0)
(3.07057e-10 -7.88501e-10 0)
(4.82975e-10 -1.34126e-09 0)
(7.24108e-10 -2.19292e-09 0)
(1.03179e-09 -3.44159e-09 0)
(1.39288e-09 -5.17843e-09 0)
(1.77493e-09 -7.4623e-09 0)
(2.12558e-09 -1.02903e-08 0)
(2.37687e-09 -1.35713e-08 0)
(2.45638e-09 -1.71085e-08 0)
(2.30505e-09 -2.06058e-08 0)
(1.89646e-09 -2.37007e-08 0)
(1.25068e-09 -2.60237e-08 0)
(4.37104e-10 -2.7271e-08 0)
(2.35192e-15 -1.67991e-15 0)
(1.51186e-15 -1.0079e-15 0)
(8.40019e-16 3.69584e-15 0)
(1.51201e-15 -4.36789e-15 0)
(1.22639e-14 -1.14239e-14 0)
(2.30159e-14 -3.62877e-14 0)
(6.08156e-14 -9.10554e-14 0)
(1.41455e-13 -2.21423e-13 0)
(3.21886e-13 -5.31548e-13 0)
(7.14835e-13 -1.2143e-12 0)
(1.53467e-12 -2.70277e-12 0)
(3.18173e-12 -5.85812e-12 0)
(6.37791e-12 -1.23029e-11 0)
(1.23296e-11 -2.50147e-11 0)
(2.29665e-11 -4.92613e-11 0)
(4.11842e-11 -9.3745e-11 0)
(7.08826e-11 -1.7218e-10 0)
(1.16876e-10 -3.04845e-10 0)
(1.84151e-10 -5.19449e-10 0)
(2.76576e-10 -8.50746e-10 0)
(3.94774e-10 -1.33744e-09 0)
(5.33812e-10 -2.01568e-09 0)
(6.81306e-10 -2.9092e-09 0)
(8.17107e-10 -4.01752e-09 0)
(9.14898e-10 -5.30537e-09 0)
(9.4659e-10 -6.69581e-09 0)
(8.89124e-10 -8.07218e-09 0)
(7.32053e-10 -9.29136e-09 0)
(4.83026e-10 -1.02071e-08 0)
(1.68854e-10 -1.06991e-08 0)
(1.00797e-15 -6.71952e-16 0)
(-5.87981e-15 6.04776e-15 0)
(-6.72014e-16 6.60538e-20 0)
(6.71984e-16 4.03181e-15 0)
(3.52795e-15 -4.0319e-15 0)
(5.04002e-15 -4.70417e-15 0)
(2.40238e-14 -3.29278e-14 0)
(4.95598e-14 -7.96315e-14 0)
(1.20623e-13 -1.92191e-13 0)
(2.61238e-13 -4.58973e-13 0)
(5.675e-13 -1.02412e-12 0)
(1.1775e-12 -2.21254e-12 0)
(2.36828e-12 -4.6492e-12 0)
(4.60115e-12 -9.47614e-12 0)
(8.57853e-12 -1.86818e-11 0)
(1.54144e-11 -3.56107e-11 0)
(2.65611e-11 -6.55199e-11 0)
(4.3867e-11 -1.16178e-10 0)
(6.92317e-11 -1.98296e-10 0)
(1.04157e-10 -3.25288e-10 0)
(1.48895e-10 -5.12182e-10 0)
(2.01649e-10 -7.7309e-10 0)
(2.57751e-10 -1.11742e-09 0)
(3.09546e-10 -1.5452e-09 0)
(3.47012e-10 -2.043e-09 0)
(3.59424e-10 -2.58116e-09 0)
(3.37902e-10 -3.11449e-09 0)
(2.78396e-10 -3.58733e-09 0)
(1.83783e-10 -3.94272e-09 0)
(6.42572e-11 -4.13372e-09 0)
(1.51194e-15 3.69591e-15 0)
(-2.51996e-15 -4.70381e-15 0)
(-6.71988e-16 4.93285e-20 0)
(5.03943e-16 8.79911e-20 0)
(-2.35189e-15 2.01593e-15 0)
(1.344e-15 -2.68785e-15 0)
(9.07186e-15 -8.06393e-15 0)
(1.89838e-14 -3.15837e-14 0)
(3.69598e-14 -6.85435e-14 0)
(9.91192e-14 -1.59935e-13 0)
(2.02103e-13 -3.79005e-13 0)
(4.31757e-13 -8.20842e-13 0)
(8.69562e-13 -1.73039e-12 0)
(1.69242e-12 -3.53671e-12 0)
(3.16039e-12 -6.98842e-12 0)
(5.68592e-12 -1.33408e-11 0)
(9.82256e-12 -2.45749e-11 0)
(1.62462e-11 -4.36609e-11 0)
(2.56664e-11 -7.46318e-11 0)
(3.86843e-11 -1.22616e-10 0)
(5.53798e-11 -1.93354e-10 0)
(7.51083e-11 -2.92273e-10 0)
(9.61404e-11 -4.23011e-10 0)
(1.156e-10 -5.85692e-10 0)
(1.2974e-10 -7.75261e-10 0)
(1.34519e-10 -9.80444e-10 0)
(1.26571e-10 -1.184e-09 0)
(1.04345e-10 -1.36461e-09 0)
(6.89172e-11 -1.50045e-09 0)
(2.40978e-11 -1.57347e-09 0)
(-5.03961e-16 1.67996e-15 0)
(2.35185e-15 1.34394e-15 0)
(-1.84792e-15 3.69594e-15 0)
(-2.68792e-15 6.71992e-16 0)
(1.00798e-15 -2.68791e-15 0)
(1.84795e-15 3.35889e-16 0)
(-2.68789e-15 6.71891e-16 0)
(2.184e-15 -5.71211e-15 0)
(8.39999e-15 -2.45279e-14 0)
(2.90639e-14 -6.71993e-14 0)
(8.09752e-14 -1.33391e-13 0)
(1.52543e-13 -3.00382e-13 0)
(3.18022e-13 -6.32012e-13 0)
(6.179e-13 -1.30233e-12 0)
(1.14374e-12 -2.57677e-12 0)
(2.07227e-12 -4.93077e-12 0)
(3.58207e-12 -9.10789e-12 0)
(5.93809e-12 -1.61827e-11 0)
(9.39147e-12 -2.7707e-11 0)
(1.41741e-11 -4.55952e-11 0)
(2.03201e-11 -7.19868e-11 0)
(2.75896e-11 -1.08951e-10 0)
(3.53643e-11 -1.57887e-10 0)
(4.25803e-11 -2.18864e-10 0)
(4.78278e-11 -2.90013e-10 0)
(4.96442e-11 -3.67102e-10 0)
(4.67433e-11 -4.4366e-10 0)
(3.85546e-11 -5.11645e-10 0)
(2.54765e-11 -5.62794e-10 0)
(8.91167e-12 -5.9031e-10 0)
(-8.40006e-16 -3.36002e-16 0)
(-8.90375e-15 -6.38384e-15 0)
(9.91172e-15 4.3678e-15 0)
(-3.69589e-15 1.34392e-15 0)
(5.71184e-15 -3.36024e-16 0)
(1.00798e-15 -1.34396e-15 0)
(-5.04026e-16 -3.35994e-15 0)
(2.688e-15 -1.47837e-14 0)
(5.87985e-15 -1.37758e-14 0)
(5.5441e-15 -1.7808e-14 0)
(2.46959e-14 -4.63676e-14 0)
(5.67835e-14 -1.05503e-13 0)
(1.07183e-13 -2.29486e-13 0)
(2.20079e-13 -4.75773e-13 0)
(4.10589e-13 -9.37434e-13 0)
(7.45075e-13 -1.7986e-12 0)
(1.28721e-12 -3.31831e-12 0)
(2.14316e-12 -5.92162e-12 0)
(3.39055e-12 -1.01475e-11 0)
(5.12783e-12 -1.6724e-11 0)
(7.35062e-12 -2.64329e-11 0)
(1.00005e-11 -4.00624e-11 0)
(1.28328e-11 -5.81323e-11 0)
(1.54695e-11 -8.06613e-11 0)
(1.73959e-11 -1.06985e-10 0)
(1.80721e-11 -1.35546e-10 0)
(1.70267e-11 -1.63919e-10 0)
(1.40514e-11 -1.89136e-10 0)
(9.2947e-12 -2.08134e-10 0)
(3.24725e-12 -2.18346e-10 0)
(-6.71978e-16 2.01594e-15 0)
(-5.20784e-15 1.67992e-15 0)
(1.67988e-16 -6.71981e-16 0)
(-3.36015e-16 9.44831e-20 0)
(-4.70392e-15 1.68e-15 0)
(-3.0239e-15 3.36011e-16 0)
(3.02398e-15 -1.3439e-15 0)
(1.17595e-15 3.35937e-16 0)
(-3.35973e-16 -1.00802e-15 0)
(1.67997e-15 -2.35206e-15 0)
(8.56794e-15 -1.34399e-14 0)
(1.6128e-14 -3.15838e-14 0)
(4.30076e-14 -7.82874e-14 0)
(7.40874e-14 -1.65311e-13 0)
(1.43303e-13 -3.30622e-13 0)
(2.6023e-13 -6.38732e-13 0)
(4.60653e-13 -1.19279e-12 0)
(7.65235e-13 -2.13157e-12 0)
(1.20522e-12 -3.66574e-12 0)
(1.82833e-12 -6.05233e-12 0)
(2.62969e-12 -9.57829e-12 0)
(3.57468e-12 -1.45346e-11 0)
(4.59678e-12 -2.11094e-11 0)
(5.54094e-12 -2.93229e-11 0)
(6.24435e-12 -3.89284e-11 0)
(6.49013e-12 -4.93634e-11 0)
(6.11348e-12 -5.97347e-11 0)
(5.05089e-12 -6.89622e-11 0)
(3.34368e-12 -7.5914e-11 0)
(1.1681e-12 -7.96516e-11 0)
(1.67999e-15 -6.71985e-15 0)
(1.54555e-14 -5.71194e-15 0)
(-1.12557e-14 -9.4077e-15 0)
(3.3594e-16 3.69586e-15 0)
(-3.86393e-15 6.71949e-16 0)
(-2.68801e-15 1.00795e-15 0)
(8.39961e-16 7.05573e-15 0)
(3.35986e-16 2.35191e-15 0)
(-1.67972e-16 -4.03196e-15 0)
(3.02396e-15 -2.6879e-15 0)
(3.36056e-16 -2.6881e-15 0)
(2.688e-15 -9.74394e-15 0)
(1.25998e-14 -1.81441e-14 0)
(2.03281e-14 -5.87996e-14 0)
(5.34236e-14 -1.14911e-13 0)
(9.27353e-14 -2.24111e-13 0)
(1.59935e-13 -4.24365e-13 0)
(2.65774e-13 -7.60699e-13 0)
(4.22517e-13 -1.31106e-12 0)
(6.41756e-13 -2.16383e-12 0)
(9.28866e-13 -3.42449e-12 0)
(1.25882e-12 -5.20561e-12 0)
(1.62539e-12 -7.57171e-12 0)
(1.96088e-12 -1.05238e-11 0)
(2.20868e-12 -1.39829e-11 0)
(2.30209e-12 -1.77414e-11 0)
(2.16651e-12 -2.14857e-11 0)
(1.79255e-12 -2.48111e-11 0)
(1.19246e-12 -2.7323e-11 0)
(4.16301e-13 -2.86727e-11 0)
(6.71973e-16 6.71978e-16 0)
(-6.04775e-15 -1.34394e-15 0)
(8.73571e-15 9.7437e-15 0)
(-2.18392e-15 -5.71181e-15 0)
(-2.35202e-15 1.34397e-15 0)
(-3.69593e-15 -2.68786e-15 0)
(8.39983e-16 -5.71185e-15 0)
(-2.35198e-15 -1.00794e-15 0)
(5.03965e-16 -1.67991e-15 0)
(3.86393e-15 2.01585e-15 0)
(3.52796e-15 -4.36785e-15 0)
(-1.8479e-15 3.35972e-16 0)
(3.19198e-15 -1.00798e-14 0)
(9.07193e-15 -2.82236e-14 0)
(1.31039e-14 -3.76317e-14 0)
(3.37677e-14 -7.55994e-14 0)
(5.47677e-14 -1.42127e-13 0)
(9.17273e-14 -2.63758e-13 0)
(1.41287e-13 -4.54605e-13 0)
(2.32342e-13 -7.55995e-13 0)
(3.11638e-13 -1.21026e-12 0)
(4.43517e-13 -1.83656e-12 0)
(5.68676e-13 -2.67085e-12 0)
(6.78379e-13 -3.72252e-12 0)
(7.68427e-13 -4.95597e-12 0)
(8.04043e-13 -6.28685e-12 0)
(7.57507e-13 -7.6174e-12 0)
(6.28316e-13 -8.80684e-12 0)
(4.20165e-13 -9.69488e-12 0)
(1.46327e-13 -1.01827e-11 0)
(1.77915e-20 2.6879e-15 0)
(-8.40096e-16 -4.03198e-15 0)
(-1.67987e-15 -3.02385e-15 0)
(1.67991e-15 3.35982e-15 0)
(-3.86391e-15 -3.35961e-16 0)
(-5.03991e-15 1.00793e-15 0)
(3.19186e-15 -2.35199e-15 0)
(-6.2158e-15 2.01595e-15 0)
(1.00797e-15 2.68786e-15 0)
(-3.3593e-16 -5.03978e-15 0)
(9.07178e-15 -4.03189e-15 0)
(3.02395e-15 1.67989e-15 0)
(2.68795e-15 -6.71987e-16 0)
(5.54395e-15 -1.34405e-15 0)
(6.72027e-16 -1.1088e-14 0)
(7.39198e-15 -2.65438e-14 0)
(1.428e-14 -5.44315e-14 0)
(3.09118e-14 -8.90396e-14 0)
(4.58636e-14 -1.61951e-13 0)
(7.39195e-14 -2.63758e-13 0)
(1.08023e-13 -4.18653e-13 0)
(1.44647e-13 -6.43772e-13 0)
(1.98407e-13 -9.24666e-13 0)
(2.35198e-13 -1.30334e-12 0)
(2.63758e-13 -1.73408e-12 0)
(2.77198e-13 -2.2028e-12 0)
(2.6443e-13 -2.67387e-12 0)
(2.13695e-13 -3.08547e-12 0)
(1.50695e-13 -3.41138e-12 0)
(5.12396e-14 -3.57233e-12 0)
(-3.35972e-16 -2.35184e-15 0)
(-2.18398e-15 4.70385e-15 0)
(-3.86402e-15 1.34398e-15 0)
(3.36011e-16 -4.70388e-15 0)
(1.00794e-15 2.35192e-15 0)
(-1.68001e-15 2.01592e-15 0)
(-3.19192e-15 -2.35196e-15 0)
(1.00795e-15 -6.3839e-15 0)
(-5.03997e-16 -2.68794e-15 0)
(1.84802e-15 2.68785e-15 0)
(6.7198e-16 5.37578e-15 0)
(1.68009e-15 -3.69595e-15 0)
(-2.51998e-15 -6.04792e-15 0)
(5.37583e-15 5.03978e-15 0)
(-3.69586e-15 -6.38379e-15 0)
(6.38382e-15 -9.07199e-15 0)
(2.01605e-15 -8.40013e-15 0)
(1.34399e-14 -3.35997e-14 0)
(9.072e-15 -5.57757e-14 0)
(2.13359e-14 -8.66874e-14 0)
(3.98156e-14 -1.47167e-13 0)
(4.95597e-14 -2.16719e-13 0)
(6.43437e-14 -3.26254e-13 0)
(7.96314e-14 -4.46205e-13 0)
(8.56794e-14 -5.97404e-13 0)
(9.47514e-14 -7.55995e-13 0)
(8.78635e-14 -9.19626e-13 0)
(7.32474e-14 -1.06646e-12 0)
(5.24157e-14 -1.16961e-12 0)
(1.64639e-14 -1.23412e-12 0)
(2.35187e-15 4.36782e-15 0)
(-6.21586e-15 -3.3598e-15 0)
(-6.71991e-15 7.05572e-15 0)
(1.00799e-15 -1.00797e-14 0)
(6.71942e-16 -2.01598e-15 0)
(-2.01589e-15 1.34404e-15 0)
(-2.01599e-15 -3.02396e-15 0)
(-3.3604e-16 1.67997e-15 0)
(1.34398e-15 -4.0319e-15 0)
(3.8639e-15 -2.35195e-15 0)
(1.17601e-15 -5.3759e-15 0)
(-1.84794e-15 -3.35988e-15 0)
(3.52791e-15 -5.3758e-15 0)
(-4.87191e-15 6.04789e-15 0)
(5.03988e-15 -4.36801e-15 0)
(-6.04786e-15 -5.71191e-15 0)
(2.01594e-15 -1.78076e-14 0)
(8.23185e-15 -9.74397e-15 0)
(-1.84793e-15 -1.37759e-14 0)
(8.39998e-15 -2.3856e-14 0)
(9.91202e-15 -4.56956e-14 0)
(1.84798e-14 -7.08955e-14 0)
(1.96559e-14 -9.94555e-14 0)
(2.46958e-14 -1.47167e-13 0)
(2.51999e-14 -2.00591e-13 0)
(2.77198e-14 -2.55022e-13 0)
(3.49436e-14 -3.09454e-13 0)
(1.96561e-14 -3.62541e-13 0)
(2.25118e-14 -4.06221e-13 0)
(7.05594e-15 -4.18317e-13 0)
(6.72e-16 -1.34391e-15 0)
(-5.04e-15 8.73567e-15 0)
(-4.53592e-15 -6.71962e-15 0)
(2.01595e-15 5.37574e-15 0)
(-2.6879e-15 -4.03188e-15 0)
(3.69587e-15 -1.34404e-15 0)
(-8.39995e-16 2.35192e-15 0)
(-4.53589e-15 1.67991e-15 0)
(-1.51198e-15 6.71938e-16 0)
(2.51998e-15 -1.34395e-15 0)
(2.68796e-15 -1.008e-15 0)
(-1.00796e-15 -3.36061e-16 0)
(2.85591e-15 -1.68015e-15 0)
(-8.06382e-15 -8.06379e-15 0)
(1.008e-15 -6.71953e-16 0)
(-1.34404e-15 4.36788e-15 0)
(-5.87988e-15 6.71768e-16 0)
(5.04008e-16 -1.00798e-15 0)
(1.34402e-15 -3.35994e-15 0)
(7.22382e-15 -1.00809e-15 0)
(6.88789e-15 -9.40801e-15 0)
(4.36798e-15 -1.7136e-14 0)
(3.02401e-15 -3.59517e-14 0)
(8.23194e-15 -4.77116e-14 0)
(7.39193e-15 -6.01437e-14 0)
(7.72802e-15 -8.19835e-14 0)
(1.00799e-14 -1.05167e-13 0)
(8.06393e-15 -1.21967e-13 0)
(7.89592e-15 -1.25999e-13 0)
(3.19197e-15 -1.37087e-13 0)
(6.71918e-16 -2.35198e-15 0)
(-9.07176e-15 -1.17596e-14 0)
(-5.04087e-16 8.06363e-15 0)
(1.84796e-15 -2.68789e-15 0)
(5.20785e-15 -4.36789e-15 0)
(-1.0079e-15 1.344e-15 0)
(-6.74452e-20 2.01599e-15 0)
(-4.03199e-15 -5.71189e-15 0)
(-2.01598e-15 -6.7195e-16 0)
(-6.71961e-16 -6.72089e-16 0)
(4.19991e-15 -2.01585e-15 0)
(-1.8479e-15 -1.34391e-15 0)
(2.352e-15 2.68799e-15 0)
(1.51194e-15 -3.36045e-16 0)
(3.36026e-16 -6.72037e-16 0)
(5.03989e-15 -4.70393e-15 0)
(-7.55989e-15 -5.37573e-15 0)
(5.0396e-16 -3.98037e-20 0)
(8.39921e-16 1.00794e-15 0)
(-2.35186e-15 -6.71955e-16 0)
(3.52797e-15 -3.02391e-15 0)
(1.67971e-16 -4.70391e-15 0)
(-6.71951e-16 -6.38391e-15 0)
(6.71988e-16 -1.20959e-14 0)
(1.67975e-16 -1.74719e-14 0)
(2.85596e-15 -2.51997e-14 0)
(-4.53584e-15 -2.95678e-14 0)
(4.36788e-15 -3.05759e-14 0)
(5.87992e-15 -4.33435e-14 0)
(-8.39901e-16 -4.33438e-14 0)
(8.39982e-16 1.67998e-15 0)
(-9.07435e-20 2.35182e-15 0)
(-6.5519e-15 -7.05576e-15 0)
(-1.17596e-15 3.69591e-15 0)
(-3.02386e-15 4.03185e-15 0)
(5.71179e-15 1.34398e-15 0)
(-1.68002e-15 -6.7198e-16 0)
(-1.32716e-14 1.00806e-15 0)
(3.35906e-16 1.00794e-15 0)
(-1.67993e-15 3.36072e-16 0)
(-2.01598e-15 2.3519e-15 0)
(1.02477e-14 4.03184e-15 0)
(5.03996e-16 3.35994e-15 0)
(1.34411e-15 -3.35992e-15 0)
(9.91173e-15 -6.71983e-16 0)
(1.51201e-15 -1.34395e-15 0)
(-3.86397e-15 4.03177e-15 0)
(-5.03989e-15 -1.00796e-15 0)
(1.57289e-20 -6.71966e-16 0)
(8.39958e-16 -2.01594e-15 0)
(1.17599e-15 1.67994e-15 0)
(1.67997e-15 -1.86268e-20 0)
(-1.34399e-15 2.35186e-15 0)
(-1.84796e-15 -1.008e-15 0)
(-4.87189e-15 -3.02403e-15 0)
(-1.17607e-15 -5.04e-15 0)
(-4.03193e-15 -9.072e-15 0)
(1.68004e-16 -1.64637e-14 0)
(4.03194e-15 -8.06412e-15 0)
(4.53585e-15 -1.64637e-14 0)
(-3.35975e-16 3.3596e-16 0)
(1.34395e-15 -1.00792e-15 0)
(-8.39988e-15 -6.72042e-16 0)
(1.68031e-16 3.01554e-20 0)
(4.03178e-15 4.70551e-20 0)
(-1.67991e-15 3.02393e-15 0)
(-6.8878e-15 1.68002e-15 0)
(1.67903e-16 2.35198e-15 0)
(2.51993e-15 6.72071e-16 0)
(-1.67977e-16 4.36791e-15 0)
(1.17595e-15 2.68801e-15 0)
(-3.35888e-16 6.72037e-16 0)
(-1.51197e-15 1.00804e-15 0)
(2.6879e-15 -3.35955e-16 0)
(-1.00794e-15 1.00798e-15 0)
(-1.17593e-15 3.36011e-16 0)
(-8.39964e-16 -4.0318e-15 0)
(1.00792e-15 -1.34391e-15 0)
(-2.05982e-21 -3.36001e-16 0)
(1.67998e-16 -3.36045e-16 0)
(2.35195e-15 2.01596e-15 0)
(2.68795e-15 -2.35192e-15 0)
(-2.85598e-15 -6.71911e-16 0)
(-1.68056e-16 1.00796e-15 0)
(-6.5519e-15 -6.71955e-16 0)
(-5.87988e-15 6.71994e-16 0)
(-1.00805e-15 -1.67989e-15 0)
(-1.34395e-15 -5.63689e-20 0)
(-6.71939e-16 8.41943e-20 0)
(3.3605e-16 -7.14263e-20 0)
(-2.86661e-21 -1.34386e-15 0)
(-1.67996e-15 3.35945e-16 0)
(-6.21592e-15 -3.35991e-15 0)
(4.03183e-15 2.68792e-15 0)
(-3.52788e-15 1.00795e-15 0)
(-1.51188e-15 -3.69586e-15 0)
(2.18381e-15 4.70392e-15 0)
(1.17596e-15 1.20957e-14 0)
(-1.6797e-16 6.38391e-15 0)
(3.52787e-15 6.04793e-15 0)
(-5.87976e-15 7.05586e-15 0)
(8.39974e-15 -6.71874e-16 0)
(-7.55982e-15 8.06378e-15 0)
(1.00794e-15 4.36791e-15 0)
(-2.35193e-15 2.68792e-15 0)
(1.67996e-15 3.02392e-15 0)
(4.03186e-15 7.05584e-15 0)
(-5.03942e-16 9.0717e-15 0)
(-6.7194e-16 -3.35953e-16 0)
(-1.51196e-15 -4.70375e-15 0)
(2.51993e-15 2.01598e-15 0)
(5.04029e-16 6.72053e-16 0)
(-5.87986e-15 3.02398e-15 0)
(-1.68024e-16 -3.35917e-16 0)
(-6.55194e-15 -2.01587e-15 0)
(-1.51203e-15 6.38387e-15 0)
(-8.3996e-16 2.35193e-15 0)
(-1.68051e-16 3.36051e-16 0)
(6.71971e-16 1.17596e-14 0)
(2.35194e-15 -1.34392e-15 0)
(5.0398e-16 3.35985e-15 0)
(2.68794e-15 1.98236e-14 0)
(-6.04787e-15 -4.70384e-15 0)
(1.68005e-16 1.00798e-15 0)
(-1.84798e-15 -6.71931e-16 0)
(1.29356e-14 1.00795e-15 0)
(-1.34396e-14 2.01596e-15 0)
(-1.17599e-15 5.71197e-15 0)
(1.68029e-16 4.70392e-15 0)
(-5.03938e-16 -6.71892e-16 0)
(-1.51207e-15 2.01602e-15 0)
(-3.86388e-15 1.6799e-15 0)
(1.34388e-15 -6.38378e-15 0)
(-8.39889e-16 3.35957e-16 0)
(-1.84799e-15 -3.69582e-15 0)
(-1.68004e-16 -3.35989e-15 0)
(8.40012e-16 3.02395e-15 0)
(8.39983e-16 -2.35181e-15 0)
(1.34393e-15 9.07179e-15 0)
(-6.71956e-16 1.00797e-14 0)
(5.04049e-16 -1.67998e-15 0)
(2.68784e-15 6.71977e-15 0)
(8.4e-16 6.71994e-15 0)
(4.1999e-15 3.0239e-15 0)
(-8.56787e-15 6.38378e-15 0)
(3.35994e-15 -3.35941e-16 0)
(3.6959e-15 3.36003e-16 0)
(-3.02391e-15 6.71956e-16 0)
(-3.02399e-15 -7.72764e-15 0)
(1.34398e-15 1.34386e-15 0)
(-2.01597e-15 -4.03186e-15 0)
(1.51199e-15 -1.00796e-14 0)
(4.53587e-15 1.34391e-15 0)
(-2.18394e-15 2.68797e-15 0)
(-3.19195e-15 -1.34397e-15 0)
(3.36064e-16 -2.68789e-15 0)
(3.35909e-16 3.36034e-16 0)
(-1.00801e-15 -2.6879e-15 0)
(1.67992e-15 3.35997e-16 0)
(2.85588e-15 2.0159e-15 0)
(-4.87179e-15 9.40784e-15 0)
(-6.8107e-20 1.00802e-15 0)
(-1.67955e-16 -1.00797e-15 0)
(8.39917e-16 -3.35956e-16 0)
(6.72026e-16 4.70384e-15 0)
(3.36007e-16 3.02401e-15 0)
(-6.72011e-16 2.68797e-15 0)
(5.03992e-16 6.71946e-16 0)
(-4.03188e-15 -6.38379e-15 0)
(1.51194e-15 -6.71847e-16 0)
(4.53591e-15 -3.36004e-16 0)
(-5.03986e-15 -7.39175e-15 0)
(1.00796e-15 -2.68793e-15 0)
(2.35189e-15 4.80946e-20 0)
(-6.71984e-15 -5.3758e-15 0)
(-1.84798e-15 -3.02396e-15 0)
(-1.00801e-15 6.04795e-15 0)
(-1.00801e-15 2.68799e-15 0)
(6.72022e-16 1.00791e-15 0)
(-3.35994e-16 -3.35958e-16 0)
(2.01597e-15 1.00798e-14 0)
(-4.36792e-15 4.36789e-15 0)
(-1.67999e-15 5.03987e-15 0)
(-1.67994e-15 2.35197e-15 0)
(-3.3604e-16 2.35197e-15 0)
(4.87196e-15 4.03187e-15 0)
(-4.36799e-15 1.67996e-15 0)
(-4.53588e-15 -3.02388e-15 0)
(-5.71187e-15 -3.36004e-16 0)
(1.51197e-15 -7.39175e-15 0)
(4.19977e-15 6.3839e-15 0)
(-2.68784e-15 6.71986e-16 0)
(6.71967e-16 1.00797e-15 0)
(-1.51192e-15 3.02398e-15 0)
(2.51988e-15 2.016e-15 0)
(3.02393e-15 3.35988e-15 0)
(-1.8479e-15 1.00796e-15 0)
(1.008e-15 -1.34389e-15 0)
(2.0159e-15 5.03986e-15 0)
(8.40003e-16 7.39168e-15 0)
(2.85597e-15 -3.35922e-16 0)
(-5.37594e-15 5.03987e-15 0)
(-1.84793e-15 6.71981e-15 0)
(-4.70388e-15 3.35994e-15 0)
(-1.00804e-15 4.36797e-15 0)
(-2.0161e-15 8.06386e-15 0)
(-6.71943e-16 4.03189e-15 0)
(-2.35196e-15 2.01599e-15 0)
(5.20788e-15 6.72054e-16 0)
(-1.67973e-16 1.00807e-15 0)
(5.03986e-16 4.70386e-15 0)
(1.17601e-15 6.04784e-15 0)
(4.19989e-15 1.00804e-15 0)
(-5.03993e-16 -1.00802e-15 0)
(1.67998e-15 -1.00796e-15 0)
(-1.17595e-15 3.35994e-15 0)
(6.72018e-16 3.3608e-16 0)
(-3.528e-15 4.3678e-15 0)
(2.01591e-15 -1.0079e-15 0)
(-4.87193e-15 2.0159e-15 0)
(-4.87179e-15 7.69193e-20 0)
(8.23175e-15 -1.00801e-15 0)
(-6.8879e-15 -1.34403e-15 0)
(3.35995e-15 -2.3519e-15 0)
(-1.17591e-15 4.03189e-15 0)
(1.67996e-15 5.95884e-20 0)
(1.17597e-15 -2.01589e-15 0)
(2.35194e-15 -1.2073e-19 0)
(-1.67993e-15 3.36017e-16 0)
(-1.67994e-15 -6.7197e-15 0)
(3.52791e-15 2.35191e-15 0)
(-1.84794e-15 3.60262e-20 0)
(1.8479e-15 -4.03183e-15 0)
(-3.35991e-15 1.00799e-15 0)
(-5.04082e-16 5.03989e-15 0)
(-7.55983e-15 -3.69588e-15 0)
(5.0398e-16 -2.68785e-15 0)
(-3.35997e-15 3.36059e-16 0)
(-1.8479e-15 7.05583e-15 0)
(4.70387e-15 7.39188e-15 0)
(2.0159e-15 -1.04158e-14 0)
(-5.87984e-15 -2.35193e-15 0)
(1.51198e-15 -3.35986e-15 0)
(-1.51192e-15 3.36064e-16 0)
(2.6879e-15 -1.67989e-15 0)
(5.04016e-16 1.00805e-15 0)
(1.84792e-15 4.36791e-15 0)
(-7.55987e-15 1.00805e-15 0)
(1.17598e-15 5.71183e-15 0)
(-4.3679e-15 1.34404e-15 0)
(3.0238e-15 5.03989e-15 0)
(3.69599e-15 -3.35946e-16 0)
(-4.03188e-15 6.72012e-16 0)
(3.35992e-16 5.0398e-15 0)
(4.53591e-15 -6.71909e-16 0)
(-6.71984e-15 2.35192e-15 0)
(4.03191e-15 -1.67997e-15 0)
(1.848e-15 -3.35986e-15 0)
(-1.84804e-15 6.71968e-16 0)
(3.36022e-16 1.67985e-15 0)
(-8.39954e-16 -1.34392e-15 0)
(2.68782e-15 3.35989e-15 0)
(-2.51989e-15 1.00798e-15 0)
(7.05583e-15 -1.67991e-15 0)
(-1.05838e-14 9.40775e-15 0)
(-3.52791e-15 5.71192e-15 0)
(7.89576e-15 1.34396e-15 0)
(-8.39985e-15 6.71988e-15 0)
(-1.51194e-15 2.352e-15 0)
(1.67997e-15 3.35987e-15 0)
(1.34395e-15 3.02392e-15 0)
(-8.73574e-15 -6.38388e-15 0)
(7.72779e-15 6.38378e-15 0)
(-3.35994e-16 5.37591e-15 0)
(5.04012e-16 1.04157e-14 0)
(-6.71945e-16 2.01595e-15 0)
(1.51195e-15 -6.71927e-16 0)
(-7.05591e-15 2.68796e-15 0)
(-1.34401e-15 -6.71904e-16 0)
(2.01589e-15 5.71188e-15 0)
(-4.03189e-15 2.6879e-15 0)
(1.176e-15 1.67998e-15 0)
(-2.85594e-15 -2.6879e-15 0)
(3.35994e-15 -5.37578e-15 0)
(4.70389e-15 3.35981e-16 0)
(-5.20792e-15 1.34399e-15 0)
(1.00796e-15 1.34396e-15 0)
(6.71989e-15 5.03987e-15 0)
(-8.23177e-15 -1.67994e-15 0)
(5.71184e-15 -4.36783e-15 0)
(-3.02393e-15 3.69584e-15 0)
(-1.32717e-14 -3.02387e-15 0)
(6.71953e-16 5.71179e-15 0)
(6.21585e-15 1.68001e-15 0)
(1.67994e-15 1.24592e-19 0)
(-3.35984e-16 -5.37595e-15 0)
(-2.01596e-15 3.02402e-15 0)
(-1.51203e-15 5.3759e-15 0)
(3.86394e-15 -4.03181e-15 0)
(5.03993e-16 1.00801e-15 0)
(2.35192e-15 -9.07182e-15 0)
(3.19194e-15 1.00794e-15 0)
(2.35195e-15 -2.35186e-15 0)
(6.72018e-16 2.68799e-15 0)
(1.51203e-15 1.02516e-19 0)
(-8.40044e-16 -3.69579e-15 0)
(-5.03985e-16 2.35193e-15 0)
(-3.86396e-15 5.03986e-15 0)
(3.3599e-15 1.008e-15 0)
(-7.55983e-15 1.34392e-15 0)
(-8.40033e-16 -9.40768e-15 0)
(6.71959e-16 1.67993e-15 0)
(-4.70396e-15 6.38378e-15 0)
(4.53591e-15 6.72018e-16 0)
(-4.19984e-15 2.3519e-15 0)
(6.71965e-16 2.01593e-15 0)
(-3.19192e-15 3.02392e-15 0)
(1.67998e-15 -1.34398e-15 0)
(1.51193e-15 2.01587e-15 0)
(-1.00793e-15 -3.69594e-15 0)
(9.9118e-15 3.35992e-15 0)
(-7.72788e-15 -3.69591e-15 0)
(1.67934e-16 -6.71979e-15 0)
(-8.39826e-16 -1.68001e-15 0)
(7.39178e-15 -1.34402e-15 0)
(-2.51993e-15 -3.02387e-15 0)
(-6.71987e-15 4.03187e-15 0)
(-4.87194e-15 2.68801e-15 0)
(3.02397e-15 7.05581e-15 0)
(8.39965e-16 6.38388e-15 0)
(1.51197e-15 5.37586e-15 0)
(3.02398e-15 4.03197e-15 0)
(-2.01592e-15 1.67996e-15 0)
(-3.36008e-16 1.00797e-15 0)
(3.69584e-15 5.7119e-15 0)
(-5.87985e-15 4.70376e-15 0)
(1.45159e-20 -1.25684e-20 0)
(-8.40035e-16 -6.04778e-15 0)
(-6.72046e-16 3.35951e-16 0)
(-5.04e-16 -1.00794e-15 0)
(-4.87191e-15 3.02384e-15 0)
(-1.34397e-15 3.36039e-16 0)
(-6.38388e-15 -2.01584e-15 0)
(6.7196e-16 3.35882e-16 0)
(2.0159e-15 -4.7039e-15 0)
(1.84796e-15 -9.0718e-15 0)
(8.82616e-22 -6.04789e-15 0)
(4.19997e-15 -6.04786e-15 0)
(-4.19988e-15 -3.69588e-15 0)
(1.67997e-15 -3.69602e-15 0)
(7.89588e-15 -2.01587e-15 0)
(-6.71977e-16 9.07169e-15 0)
(-6.21578e-15 -4.03198e-15 0)
(8.23167e-15 3.35993e-16 0)
(-6.71855e-16 1.00794e-15 0)
(-2.01602e-15 2.68788e-15 0)
(3.35926e-16 2.28819e-20 0)
(-5.87987e-15 -1.67993e-15 0)
(3.02395e-15 2.68794e-15 0)
(-3.35968e-16 3.0239e-15 0)
(2.83919e-20 2.016e-15 0)
(1.67997e-15 9.07183e-15 0)
(4.03189e-15 1.59071e-20 0)
(-8.39952e-16 -6.71964e-16 0)
(-4.87184e-15 2.01596e-15 0)
(-6.71993e-16 -1.34386e-15 0)
(1.84791e-15 1.34401e-15 0)
(-4.36797e-15 6.71981e-16 0)
(-5.54382e-15 2.01651e-20 0)
(6.71903e-16 -3.02386e-15 0)
(-2.51999e-15 -3.35969e-16 0)
(1.67998e-15 -3.36002e-16 0)
(-1.02545e-19 2.35198e-15 0)
(-5.71188e-15 1.34402e-15 0)
(-2.85598e-15 -1.34395e-15 0)
(-3.35981e-16 -1.34404e-15 0)
(-1.1759e-15 -3.35979e-16 0)
(7.72779e-15 1.00793e-15 0)
(1.00799e-15 -3.83071e-20 0)
(4.53597e-15 6.71971e-16 0)
(2.85594e-15 -3.02398e-15 0)
(-6.71987e-16 -6.71933e-16 0)
(-6.72008e-16 -1.67996e-15 0)
(-1.3439e-15 -6.7201e-16 0)
(3.69588e-15 -3.02388e-15 0)
(-5.71182e-15 -2.68787e-15 0)
(1.84791e-15 -7.92671e-21 0)
(-1.67989e-15 -6.71917e-16 0)
(7.55977e-15 6.72077e-16 0)
(-1.34395e-15 1.34406e-15 0)
(2.35194e-15 1.00804e-15 0)
(-2.01593e-15 -4.03184e-15 0)
(8.39955e-16 -6.71904e-16 0)
(1.17597e-15 -1.00797e-15 0)
(3.69593e-15 3.06575e-20 0)
(6.71977e-16 1.34396e-15 0)
(-6.72012e-16 5.71188e-15 0)
(-6.38386e-15 5.71194e-15 0)
(5.87974e-15 1.67995e-15 0)
(-1.07518e-14 3.35985e-15 0)
(-3.35995e-15 2.68793e-15 0)
(4.87184e-15 -6.7193e-16 0)
(-8.39977e-15 6.0478e-15 0)
(-2.35201e-15 2.68795e-15 0)
(-4.87189e-15 3.02388e-15 0)
(8.39944e-16 -1.67987e-15 0)
(3.19188e-15 2.68787e-15 0)
(1.03267e-19 1.67999e-15 0)
(5.0406e-16 -3.02392e-15 0)
(1.10877e-14 -3.02392e-15 0)
(-5.71183e-15 -3.35978e-16 0)
(2.85596e-15 -6.71989e-16 0)
(-1.84798e-15 -2.35192e-15 0)
(-1.17594e-15 -1.34402e-15 0)
(6.88784e-15 1.67999e-15 0)
(-1.51207e-15 5.03982e-15 0)
(-5.03912e-16 1.00798e-15 0)
(2.6879e-15 8.06374e-15 0)
(-3.69584e-15 4.20382e-20 0)
(-1.66472e-20 9.07163e-15 0)
(1.9057e-20 5.3759e-15 0)
(1.00795e-15 1.00798e-14 0)
(-5.71186e-15 6.38379e-15 0)
(-6.71939e-16 -6.71988e-16 0)
(4.70382e-15 -6.71962e-16 0)
(-1.00793e-15 4.36793e-15 0)
(-5.20795e-15 2.01604e-15 0)
(-1.00799e-15 6.04783e-15 0)
(-3.69586e-15 2.68802e-15 0)
(-8.18224e-20 6.72073e-16 0)
(-1.00803e-15 -3.35996e-15 0)
(-2.35192e-15 6.71943e-16 0)
(1.00786e-15 -4.70385e-15 0)
(-5.03977e-16 -6.72027e-16 0)
(-6.72061e-16 -6.38382e-15 0)
(-4.03188e-15 4.70384e-15 0)
(-8.39997e-16 6.0479e-15 0)
(6.38387e-15 6.71957e-16 0)
(-2.68795e-15 4.03192e-15 0)
(5.04071e-16 7.39185e-15 0)
(1.00802e-15 2.68789e-15 0)
(6.04783e-15 -6.71973e-16 0)
(-4.70389e-15 6.38369e-15 0)
(1.34391e-15 -5.71181e-15 0)
(-8.39914e-16 3.69585e-15 0)
(-2.35185e-15 -3.6959e-15 0)
(3.19193e-15 -7.05571e-15 0)
(3.1919e-15 -3.35906e-16 0)
(-1.6799e-16 7.72779e-15 0)
(3.32655e-21 -5.37571e-15 0)
(1.00794e-15 -1.00792e-15 0)
(-1.84795e-15 -4.03191e-15 0)
(-6.72015e-16 3.36047e-16 0)
(3.19189e-15 3.36029e-16 0)
(-8.39889e-16 -2.01598e-15 0)
(1.67994e-15 1.34397e-15 0)
(2.35195e-15 -3.36036e-16 0)
(-2.18396e-15 -3.35985e-15 0)
(-8.40028e-16 -1.67995e-15 0)
(-7.05592e-15 3.69583e-15 0)
(6.72024e-16 -2.01588e-15 0)
(-3.36045e-16 4.03194e-15 0)
(-1.05838e-14 -1.34396e-15 0)
(4.19985e-15 6.71946e-16 0)
(-6.71982e-15 4.0319e-15 0)
(-3.36081e-16 6.71985e-16 0)
(-2.68792e-15 -7.05583e-15 0)
(3.3602e-16 -3.35986e-15 0)
(-6.72008e-16 -3.35991e-15 0)
(3.86394e-15 -3.02396e-15 0)
(7.3919e-15 -6.38383e-15 0)
(-1.34399e-15 -4.03196e-15 0)
(-6.38388e-15 -9.7437e-15 0)
(-1.34388e-15 -7.77133e-20 0)
(2.68792e-15 -1.67995e-15 0)
(7.7278e-15 2.01604e-15 0)
(8.39983e-16 9.40772e-15 0)
(2.68799e-15 7.05588e-15 0)
(2.35199e-15 -6.71887e-16 0)
(3.17798e-20 -2.01605e-15 0)
(6.71973e-16 2.35187e-15 0)
(-5.37584e-15 -3.02389e-15 0)
(-8.39987e-16 3.02391e-15 0)
(1.84796e-15 -2.01599e-15 0)
(-5.04041e-16 4.36785e-15 0)
(-1.67992e-15 6.71962e-16 0)
(8.39983e-15 -4.36789e-15 0)
(-5.71191e-15 -1.34406e-15 0)
(5.37592e-15 2.68792e-15 0)
(-1.07519e-14 -6.04781e-15 0)
(-1.00806e-15 -2.68808e-15 0)
(-2.68791e-15 6.38384e-15 0)
(-6.28303e-20 -1.67997e-15 0)
(-2.51992e-15 -7.05588e-15 0)
(2.18388e-15 -5.03987e-15 0)
(-5.87984e-15 -2.35196e-15 0)
(1.51187e-15 5.03987e-15 0)
(2.35196e-15 2.35187e-15 0)
(-3.86391e-15 -1.00801e-15 0)
(3.69596e-15 5.37589e-15 0)
(6.71991e-15 3.02387e-15 0)
(-5.7119e-15 -1.00799e-15 0)
(-4.03189e-15 4.03185e-15 0)
(1.25996e-14 -6.72023e-16 0)
(-1.84785e-15 -3.3596e-16 0)
(-5.03878e-16 2.68785e-15 0)
(-6.55182e-15 3.36138e-16 0)
(4.36792e-15 -3.35992e-15 0)
(8.23181e-15 5.03985e-15 0)
(2.01592e-15 -3.35985e-15 0)
(1.17597e-15 -1.34391e-15 0)
(6.38378e-15 -2.68802e-15 0)
(-2.01596e-15 -6.71984e-15 0)
(-5.03973e-16 3.69591e-15 0)
(-2.01592e-15 -1.04157e-14 0)
(1.51195e-15 -9.74383e-15 0)
(-2.01593e-15 -1.68009e-15 0)
(-3.02397e-15 -4.97517e-20 0)
(3.19191e-15 -3.69591e-15 0)
(-7.72786e-15 -3.36036e-16 0)
(-3.86394e-15 -6.71981e-15 0)
(-3.36051e-16 -9.40782e-15 0)
(-3.192e-15 -3.36146e-16 0)
(-6.72011e-16 -3.3597e-16 0)
(-1.51196e-15 -1.26359e-19 0)
(8.39891e-16 -3.23878e-20 0)
(-6.04779e-15 -8.73585e-15 0)
(8.39952e-16 -4.7039e-15 0)
(-4.03189e-15 -2.68793e-15 0)
(3.69589e-15 -4.70394e-15 0)
(3.19203e-15 -4.70387e-15 0)
(-2.01602e-15 -3.36017e-16 0)
(1.00796e-15 -1.00798e-14 0)
(-6.71819e-16 -3.02386e-15 0)
(9.74367e-15 3.02382e-15 0)
(4.03197e-15 -3.02382e-15 0)
(6.21587e-15 1.27675e-14 0)
(2.35199e-15 -2.01596e-15 0)
(-4.87184e-15 -3.69591e-15 0)
(-2.0159e-15 -3.33033e-20 0)
(-5.0396e-16 2.35184e-15 0)
(-3.35942e-16 -3.69594e-15 0)
(-3.35987e-15 3.3595e-16 0)
(5.03943e-16 -6.72028e-16 0)
(1.34392e-15 -1.00808e-15 0)
(1.00801e-15 -2.68802e-15 0)
(-5.04047e-16 -8.39992e-15 0)
(-6.71988e-15 -1.84797e-14 0)
(-5.54391e-15 6.71845e-16 0)
(2.18389e-15 1.67984e-15 0)
(2.5199e-15 -1.34413e-15 0)
(-4.19986e-15 2.68781e-15 0)
(-3.19196e-15 -1.14237e-14 0)
(-2.18397e-15 -2.35207e-15 0)
(-4.53588e-15 -5.71183e-15 0)
(-8.40038e-16 -3.35999e-15 0)
(1.34393e-15 -4.36793e-15 0)
(-2.01592e-15 1.00794e-15 0)
(3.35998e-16 1.67986e-15 0)
(3.35993e-15 -5.37583e-15 0)
(4.19992e-15 -8.22673e-20 0)
(-5.71184e-15 1.67993e-15 0)
(4.43476e-20 2.01603e-15 0)
(4.03183e-15 1.34387e-15 0)
(-3.69577e-15 -5.37582e-15 0)
(5.71187e-15 -4.03198e-15 0)
(7.39194e-15 -1.10876e-14 0)
(8.39975e-16 -4.36796e-15 0)
(-1.67999e-15 1.34393e-15 0)
(1.84792e-15 -2.35194e-15 0)
(1.17595e-15 -4.03192e-15 0)
(-8.4006e-16 -1.37757e-14 0)
(-8.4002e-16 2.35184e-15 0)
(-2.01593e-15 -4.032e-15 0)
(2.18391e-15 -3.69597e-15 0)
(3.35995e-15 -3.69611e-15 0)
(1.51195e-15 -1.20958e-14 0)
(-1.24318e-14 6.71973e-15 0)
(1.00793e-15 -6.71989e-15 0)
(-2.35203e-15 -8.39983e-15 0)
(-6.21574e-15 -8.0639e-15 0)
(4.36786e-15 -1.41117e-14 0)
(6.71933e-16 -1.68019e-15 0)
(3.35947e-16 -6.71951e-16 0)
(-1.51201e-15 -1.34413e-15 0)
(-1.34394e-15 -3.69599e-15 0)
(2.51996e-15 -4.36793e-15 0)
(2.01596e-15 -3.36002e-15 0)
(1.84794e-15 -2.68794e-15 0)
(1.51205e-15 -3.36068e-16 0)
(3.36052e-16 -3.02389e-15 0)
(2.01591e-15 -5.03984e-15 0)
(-8.39991e-16 2.35201e-15 0)
(6.55187e-15 3.69597e-15 0)
(-6.71954e-16 -7.39181e-15 0)
(8.40052e-16 2.01589e-15 0)
(8.3998e-15 1.67991e-15 0)
(-3.19185e-15 1.67997e-15 0)
(-6.04779e-15 -8.73578e-15 0)
(1.34392e-15 2.40678e-20 0)
(-2.8003e-21 -7.0559e-15 0)
(-2.68789e-15 -1.68011e-15 0)
(-8.40058e-16 -1.04158e-14 0)
(-8.40042e-16 -1.61276e-14 0)
(-9.74375e-15 -5.37602e-15 0)
(8.39955e-16 -1.54556e-14 0)
(-2.18399e-15 -8.064e-15 0)
(4.03185e-15 -1.41118e-14 0)
(-3.36026e-16 -1.54558e-14 0)
(-5.03983e-15 -1.37758e-14 0)
(7.8957e-15 -1.07519e-14 0)
(-2.68792e-15 -1.37758e-14 0)
(-1.37757e-14 -6.38393e-15 0)
(-2.01598e-15 -5.71188e-15 0)
(5.04013e-16 -9.0718e-15 0)
(-1.008e-15 -4.03197e-15 0)
(3.35998e-15 -3.36086e-16 0)
(1.34398e-15 -6.04784e-15 0)
(1.84801e-15 -7.39186e-15 0)
(1.34403e-15 -3.36017e-16 0)
(3.02396e-15 2.68792e-15 0)
(8.39998e-16 6.38385e-15 0)
(-4.7039e-15 1.41116e-14 0)
(-1.00791e-15 2.352e-15 0)
(5.03985e-15 6.71976e-15 0)
(-3.35894e-16 -4.03185e-15 0)
(4.19999e-15 -3.36061e-16 0)
(5.87986e-15 2.68794e-15 0)
(8.90372e-15 7.39183e-15 0)
(6.7202e-16 4.03188e-15 0)
(8.39954e-16 -6.04795e-15 0)
(-2.01602e-15 -1.34405e-15 0)
(-7.55984e-15 3.35922e-16 0)
(-1.34402e-15 -1.90832e-19 0)
(-6.21597e-15 -1.34405e-15 0)
(2.85597e-15 -1.68013e-15 0)
(-4.53597e-15 -3.02404e-15 0)
(1.51198e-15 -4.70401e-15 0)
(-8.06378e-15 -6.04799e-15 0)
(3.69581e-15 -5.04004e-15 0)
(-6.88779e-15 -6.71999e-15 0)
(2.01598e-15 -2.35211e-15 0)
(8.39899e-16 -6.04786e-15 0)
(-6.71978e-16 -1.34406e-15 0)
(2.51992e-15 -1.34406e-15 0)
(4.12111e-20 -3.35993e-15 0)
(3.19192e-15 -3.35989e-15 0)
(1.68006e-15 -1.34404e-15 0)
(2.01594e-15 -6.7205e-16 0)
(6.55189e-15 -6.72012e-16 0)
(7.22391e-15 3.02602e-20 0)
(2.85592e-15 8.10865e-20 0)
(-3.69587e-15 1.26878e-19 0)
(5.71185e-15 6.7205e-16 0)
(-1.17583e-15 1.00801e-15 0)
(5.20781e-15 8.04749e-21 0)
(7.39193e-15 1.26427e-21 0)
(-6.21585e-15 -1.00793e-15 0)
(-1.67971e-16 -1.34394e-15 0)
(-3.35976e-16 6.71982e-16 0)
(8.39944e-16 -6.38393e-15 0)
(-8.06383e-15 -7.72782e-15 0)
(-2.856e-15 -6.38394e-15 0)
(-3.02397e-15 -1.04158e-14 0)
(-5.87992e-15 -5.37592e-15 0)
(-5.04001e-16 -7.39185e-15 0)
(5.03925e-16 -7.72786e-15 0)
(-3.52794e-15 -1.67997e-15 0)
(4.87191e-15 -5.71192e-15 0)
(-3.19194e-15 -5.37593e-15 0)
(3.02394e-15 -5.03986e-15 0)
(3.02387e-15 -2.35195e-15 0)
(9.25196e-20 2.68792e-15 0)
(-1.00802e-15 2.6879e-15 0)
(5.82115e-20 1.008e-15 0)
(2.18394e-15 3.02396e-15 0)
(-3.02392e-15 5.71184e-15 0)
(2.18401e-15 -6.26447e-21 0)
(1.68016e-16 -2.01594e-15 0)
(7.55986e-15 -4.03189e-15 0)
(1.84811e-15 2.01594e-15 0)
(3.19195e-15 4.36784e-15 0)
(2.18131e-20 -1.00795e-15 0)
(-3.35953e-16 5.03983e-15 0)
(1.19277e-14 1.00811e-15 0)
(-4.19976e-15 3.35988e-15 0)
(5.54384e-15 -5.71179e-15 0)
(-3.69595e-15 5.03984e-15 0)
(-2.35187e-15 -2.35198e-15 0)
(3.35982e-16 -1.67995e-15 0)
(6.71944e-16 4.70385e-15 0)
(-4.53591e-15 -8.06388e-15 0)
(-1.68056e-16 1.34393e-15 0)
(-2.01601e-15 1.67995e-15 0)
(-4.87192e-15 -2.35199e-15 0)
(-8.40039e-16 4.36786e-15 0)
(-2.51994e-15 -6.72029e-16 0)
(-2.85596e-15 -2.35203e-15 0)
(-6.71988e-16 -1.344e-15 0)
(-2.51991e-15 -2.01598e-15 0)
(1.34398e-15 2.68784e-15 0)
(-3.86385e-15 -3.28609e-20 0)
(6.7198e-15 -1.008e-15 0)
(3.52793e-15 -1.00797e-15 0)
(1.00801e-15 -3.02387e-15 0)
(2.75982e-21 1.00792e-15 0)
(-1.51196e-15 1.008e-15 0)
(4.53584e-15 6.72015e-16 0)
(-6.71864e-16 3.69588e-15 0)
(1.68005e-15 -1.00797e-15 0)
(1.27677e-14 -1.68e-15 0)
(1.68e-15 -6.3838e-15 0)
(1.008e-15 1.67995e-15 0)
(-1.67944e-16 -1.6799e-15 0)
(-1.51189e-15 5.03979e-15 0)
(4.70391e-15 4.70399e-15 0)
(-2.8559e-15 7.05578e-15 0)
(1.68012e-16 -2.6879e-15 0)
(6.71977e-15 -6.71935e-16 0)
(1.008e-15 1.00791e-15 0)
(-1.00795e-15 3.36056e-16 0)
(1.67984e-15 -3.35998e-15 0)
(-2.51985e-15 -4.03195e-15 0)
(-1.68002e-15 2.01586e-15 0)
(-2.35207e-15 -5.37588e-15 0)
(-7.7278e-15 1.00793e-15 0)
(2.18385e-15 -2.68789e-15 0)
(2.85605e-15 -4.36796e-15 0)
(-1.68025e-16 -3.696e-15 0)
(4.53588e-15 3.35984e-16 0)
(3.35983e-16 -3.02393e-15 0)
(-3.35993e-15 -1.67993e-15 0)
(1.84801e-15 1.34391e-15 0)
(-1.84794e-15 -6.04785e-15 0)
(1.34396e-15 7.05575e-15 0)
(3.19193e-15 -1.00794e-15 0)
(-2.35191e-15 -3.35986e-15 0)
(5.04096e-16 2.01595e-15 0)
(4.36782e-15 1.00799e-15 0)
(6.04786e-15 -6.7198e-16 0)
(5.20807e-15 -3.36009e-16 0)
(-1.00796e-15 -3.36015e-16 0)
(-2.35187e-15 -5.0399e-15 0)
(9.23975e-15 -3.36014e-16 0)
(-3.02385e-15 -8.39966e-15 0)
(8.06369e-15 6.38382e-15 0)
(-4.70381e-15 -5.37587e-15 0)
(4.87187e-15 -4.23805e-20 0)
(-6.55178e-15 -1.68004e-15 0)
(4.36785e-15 -5.03987e-15 0)
(-6.72004e-16 -3.36187e-16 0)
(-5.87982e-15 2.68794e-15 0)
(1.51193e-15 -8.06393e-15 0)
(-1.68002e-15 -2.01591e-15 0)
(-7.05577e-15 2.3519e-15 0)
(4.1998e-15 -1.6799e-15 0)
(-6.21582e-15 1.00792e-15 0)
(4.70384e-15 -3.36025e-16 0)
(-2.85591e-15 -3.69586e-15 0)
(2.01599e-15 -4.36792e-15 0)
(1.51195e-15 -1.34396e-15 0)
(3.36015e-16 3.35938e-16 0)
(-1.00798e-15 -5.71181e-15 0)
(3.02393e-15 4.03179e-15 0)
(-6.71953e-16 -8.06379e-15 0)
(-1.67992e-15 -1.008e-15 0)
(2.68782e-15 -1.68004e-15 0)
(6.55191e-15 -3.36025e-16 0)
(-4.53582e-15 1.67994e-15 0)
(2.18404e-15 2.35187e-15 0)
(5.71186e-15 -3.6959e-15 0)
(3.36044e-16 5.37577e-15 0)
(7.72777e-15 -6.71988e-15 0)
(-1.00785e-15 3.35985e-15 0)
(4.87187e-15 7.72775e-15 0)
(-5.37572e-15 -3.35989e-16 0)
(4.36779e-15 -1.67987e-15 0)
(-2.68792e-15 -3.35993e-15 0)
(8.40012e-16 -6.71993e-16 0)
(-4.03189e-15 -2.01598e-15 0)
(1.6799e-15 -7.05571e-15 0)
(-3.69595e-15 -3.35995e-15 0)
(-4.1999e-15 -6.04785e-15 0)
(1.17593e-15 -8.39266e-20 0)
(-2.18398e-15 -2.35198e-15 0)
(1.51193e-15 -4.90597e-20 0)
(-7.72791e-15 -6.71962e-16 0)
(-1.84795e-15 -5.37588e-15 0)
(9.07185e-15 2.01578e-15 0)
(-4.53591e-15 1.34396e-15 0)
(4.70393e-15 3.35891e-16 0)
(1.00798e-15 -2.01595e-15 0)
(-3.35988e-16 -4.03194e-15 0)
(1.09986e-20 -1.10878e-14 0)
(2.85596e-15 -1.00792e-15 0)
(-4.36796e-15 1.00792e-15 0)
(-3.6958e-15 -3.36001e-15 0)
(4.70381e-15 -5.03985e-15 0)
(2.18398e-15 -4.03187e-15 0)
(6.55189e-15 -1.344e-15 0)
(5.04089e-16 -5.03997e-15 0)
(2.01589e-15 -6.71984e-15 0)
(-5.5438e-15 -1.68003e-15 0)
(6.88782e-15 -6.0479e-15 0)
(-1.67887e-16 -1.00798e-15 0)
(4.19986e-15 -1.34388e-15 0)
(1.84807e-15 4.70372e-15 0)
(-2.18392e-15 1.00795e-15 0)
(1.17596e-14 -4.03185e-15 0)
(1.00798e-15 -3.3599e-15 0)
(1.00796e-15 2.35181e-15 0)
(-2.52e-15 8.73574e-15 0)
(-6.71973e-16 -1.67991e-15 0)
(-4.87192e-15 -1.67998e-15 0)
(1.17601e-15 -5.37587e-15 0)
(3.35934e-16 -1.34395e-15 0)
(-1.12558e-14 2.01587e-15 0)
(-3.11312e-20 -2.35202e-15 0)
(1.67995e-15 -4.36786e-15 0)
(-1.17593e-15 -9.74378e-15 0)
(5.71193e-15 -6.7199e-15 0)
(-1.00795e-15 -6.55728e-20 0)
(-5.04025e-16 -3.36028e-16 0)
(-4.03192e-15 6.71984e-15 0)
(8.3998e-15 7.0557e-15 0)
(-5.37585e-15 -7.39182e-15 0)
(8.90373e-15 -4.36795e-15 0)
(-2.6878e-15 -1.68006e-15 0)
(-1.51191e-15 -6.72011e-16 0)
(7.3918e-15 -2.35198e-15 0)
(6.0479e-15 -6.04783e-15 0)
(-9.91176e-15 -3.35999e-15 0)
(2.51994e-15 -2.35208e-15 0)
(1.68005e-15 -1.37756e-14 0)
(6.88778e-15 3.3586e-16 0)
(-5.03916e-16 1.00792e-15 0)
(5.20791e-15 -7.39174e-15 0)
(-1.84797e-15 -3.02395e-15 0)
(-3.69577e-15 5.71174e-15 0)
(-2.52855e-20 5.0399e-15 0)
(1.84793e-15 -7.72782e-15 0)
(-8.56776e-15 -6.04779e-15 0)
(6.71984e-15 3.69573e-15 0)
(-2.51992e-15 -4.03188e-15 0)
(4.36791e-15 -3.02403e-15 0)
(-3.36083e-16 6.71884e-16 0)
(-6.38393e-15 -3.35992e-15 0)
(-3.19193e-15 -6.38393e-15 0)
(8.39954e-16 -8.82087e-20 0)
(-3.36019e-16 3.35721e-16 0)
(8.56788e-15 -3.35989e-15 0)
(-1.67962e-16 -4.36799e-15 0)
(-1.34394e-15 -1.00806e-15 0)
(-4.87188e-15 -1.71358e-14 0)
(-2.18398e-15 -9.74375e-15 0)
(3.86388e-15 3.35876e-16 0)
(-3.3598e-15 -9.07176e-15 0)
(7.72768e-15 -3.02401e-15 0)
(1.68073e-16 -4.36798e-15 0)
(-2.01581e-15 -3.69594e-15 0)
(8.23176e-15 4.36778e-15 0)
(-6.71982e-16 -4.36794e-15 0)
(-2.18389e-15 -3.35921e-16 0)
(6.71984e-15 3.69569e-15 0)
(1.6813e-16 -1.00797e-14 0)
(5.71189e-15 3.3594e-16 0)
(2.35202e-15 -6.72038e-16 0)
(-6.71994e-16 -2.68793e-15 0)
(2.1839e-15 -6.71956e-16 0)
(-1.17595e-15 -2.01591e-15 0)
(3.35989e-15 -2.35201e-15 0)
(-4.36792e-15 -2.68798e-15 0)
(-1.17601e-15 -5.37572e-15 0)
(-9.53398e-20 3.35974e-15 0)
(-1.848e-15 -3.02394e-15 0)
(-8.73568e-15 -6.38388e-15 0)
(-1.6811e-16 -6.72e-15 0)
(3.35968e-16 -8.39976e-15 0)
(-4.5359e-15 -1.34407e-15 0)
(-5.03966e-16 -1.14236e-14 0)
(5.04012e-16 -6.72188e-16 0)
(4.19987e-15 -1.00798e-14 0)
(3.02399e-15 -6.72089e-16 0)
(3.86382e-15 -3.02385e-15 0)
(-4.1998e-15 4.03174e-15 0)
(-1.51197e-15 -3.35994e-15 0)
(4.53584e-15 1.34385e-15 0)
(6.72202e-16 -4.03191e-15 0)
(6.71982e-15 -1.67999e-15 0)
(2.85588e-15 -6.71981e-15 0)
(-5.03848e-16 -1.34396e-15 0)
(6.71983e-16 -8.3998e-15 0)
(6.71997e-16 -4.36794e-15 0)
(8.56787e-15 -7.72777e-15 0)
(2.35193e-15 -7.05595e-15 0)
(3.86394e-15 -3.69595e-15 0)
(1.848e-15 6.71918e-16 0)
(1.176e-15 -5.02825e-20 0)
(1.68074e-16 -3.02387e-15 0)
(-6.71984e-16 1.67992e-15 0)
(2.01599e-15 -3.02396e-15 0)
(3.19185e-15 -3.35997e-15 0)
(-1.31037e-14 2.01581e-15 0)
(1.00793e-15 -8.39972e-15 0)
(-2.85593e-15 -2.68803e-15 0)
(1.00783e-15 -1.04159e-14 0)
(-2.35199e-15 -1.14238e-14 0)
(-2.51991e-15 -2.68817e-15 0)
(-3.696e-15 -8.06389e-15 0)
(6.72023e-16 -4.36806e-15 0)
(1.84798e-15 -7.39179e-15 0)
(1.68007e-15 -2.68797e-15 0)
(2.85587e-15 -3.3599e-15 0)
(-2.68783e-15 2.01585e-15 0)
(7.39176e-15 -1.17596e-14 0)
(-7.7278e-15 -3.36001e-15 0)
(2.01596e-15 -1.67996e-15 0)
(6.88776e-15 -1.68003e-15 0)
(5.04195e-16 -2.01599e-15 0)
(1.512e-15 4.70376e-15 0)
(5.71192e-15 1.00798e-15 0)
(1.67995e-15 2.0159e-15 0)
(3.02397e-15 7.05576e-15 0)
(-6.71905e-16 4.70382e-15 0)
(1.34404e-15 -1.67994e-15 0)
(-5.0395e-16 -6.71954e-16 0)
(6.71992e-15 -5.37586e-15 0)
(-3.36007e-16 -3.69587e-15 0)
(5.54385e-15 6.38385e-15 0)
(3.35999e-16 6.71969e-16 0)
(1.51198e-15 -3.35994e-15 0)
(-4.704e-15 2.35191e-15 0)
(-6.71986e-15 -1.00793e-15 0)
(6.71852e-16 -3.36043e-16 0)
(-7.55978e-15 1.0079e-15 0)
(-3.36059e-16 -6.72059e-16 0)
(-7.22389e-15 -2.352e-15 0)
(3.35992e-15 -2.68797e-15 0)
(-2.01595e-15 -8.06384e-15 0)
(1.00801e-15 -3.35994e-15 0)
(2.18397e-15 -1.34404e-15 0)
(3.0239e-15 2.68787e-15 0)
(-1.00787e-15 2.68784e-15 0)
(6.5518e-15 6.72088e-16 0)
(-3.19191e-15 2.3519e-15 0)
(3.19192e-15 -1.34392e-15 0)
(-4.03188e-15 3.36046e-16 0)
(6.72142e-16 -1.00792e-15 0)
(9.57572e-15 1.344e-15 0)
(5.03989e-15 4.06878e-20 0)
(2.35205e-15 3.35997e-16 0)
(-3.35975e-16 -6.71912e-16 0)
(1.84801e-15 -6.71929e-16 0)
(5.54391e-15 7.19942e-20 0)
(1.67996e-15 3.35985e-15 0)
(4.536e-15 1.34393e-15 0)
(1.04157e-14 1.00793e-15 0)
(-1.00797e-14 2.68787e-15 0)
(5.54385e-15 4.7038e-15 0)
(-5.03967e-16 1.00795e-15 0)
(3.35986e-16 -1.67999e-15 0)
(-7.05592e-15 -3.35992e-15 0)
(-2.01605e-15 6.71907e-16 0)
(-3.69594e-15 6.71966e-16 0)
(-1.17603e-15 -8.06373e-15 0)
(-5.37593e-15 -5.03988e-15 0)
(-5.54389e-15 5.71186e-15 0)
(4.03192e-15 -1.34397e-15 0)
(4.03198e-15 3.02393e-15 0)
(1.67991e-15 3.69586e-15 0)
(-6.71925e-16 -1.00792e-15 0)
(2.85601e-15 1.68002e-15 0)
(1.00793e-15 -7.39172e-15 0)
(-7.05587e-15 7.05567e-15 0)
(4.7039e-15 6.71986e-15 0)
(2.01602e-15 3.02395e-15 0)
(2.35192e-15 5.71178e-15 0)
(3.35998e-15 2.68799e-15 0)
(3.69599e-15 3.69588e-15 0)
(-3.35927e-16 -1.34393e-15 0)
(3.02392e-15 -6.71942e-16 0)
(-1.00793e-15 3.02379e-15 0)
(4.36791e-15 -5.71188e-15 0)
(1.51197e-15 2.35185e-15 0)
(-3.35883e-16 -6.38382e-15 0)
(8.73574e-15 -4.36796e-15 0)
(-4.19974e-15 6.72014e-16 0)
(3.35918e-16 -1.67994e-15 0)
(2.18394e-15 -7.72772e-15 0)
(-1.6799e-15 -6.71987e-15 0)
(-3.02394e-15 6.71965e-16 0)
(-4.704e-15 3.69582e-15 0)
(-2.85591e-15 -5.37584e-15 0)
(-5.20794e-15 1.00798e-15 0)
(-1.84796e-15 6.04777e-15 0)
(-2.35205e-15 4.36787e-15 0)
(-2.688e-15 -1.67991e-15 0)
(5.04017e-16 -1.34391e-15 0)
(2.18393e-15 -6.72033e-16 0)
(2.85603e-15 1.34415e-15 0)
(6.38387e-15 4.36784e-15 0)
(3.52791e-15 -2.68793e-15 0)
(-2.51989e-15 5.03985e-15 0)
(-7.0559e-15 -3.69574e-15 0)
(-2.18393e-15 -3.69595e-15 0)
(3.02403e-15 1.68002e-15 0)
(4.36783e-15 3.02412e-15 0)
(4.70395e-15 7.72781e-15 0)
(1.00807e-15 2.01604e-15 0)
(3.36009e-16 -6.71914e-16 0)
(2.18394e-15 2.35192e-15 0)
(1.51192e-15 -3.35983e-15 0)
(1.68084e-16 -6.10164e-20 0)
(2.18398e-15 -2.35192e-15 0)
(-1.00793e-15 3.35981e-15 0)
(3.528e-15 -8.39979e-15 0)
(7.22381e-15 2.01587e-15 0)
(-3.35997e-16 -5.37588e-15 0)
(-1.8479e-15 3.02374e-15 0)
(5.03985e-15 -8.39966e-15 0)
(1.67955e-16 -3.36017e-16 0)
(-2.85587e-15 -4.7039e-15 0)
(-5.04085e-16 -2.35194e-15 0)
(-2.01601e-15 1.00793e-15 0)
(-1.00802e-15 -6.71977e-15 0)
(-6.21586e-15 6.71991e-15 0)
(-1.848e-15 9.40774e-15 0)
(1.176e-15 -1.67996e-15 0)
(3.3597e-16 5.37593e-15 0)
(6.72115e-16 5.7118e-15 0)
(1.84792e-15 1.344e-15 0)
(8.39975e-16 2.68789e-15 0)
(-5.03949e-16 -3.69596e-15 0)
(8.39921e-16 2.01582e-15 0)
(1.67971e-16 -3.02385e-15 0)
(5.20795e-15 1.67993e-15 0)
(1.17604e-15 1.00796e-15 0)
(4.19997e-15 3.02403e-15 0)
(3.35995e-15 1.344e-15 0)
(-1.68033e-16 6.7198e-15 0)
(-1.84791e-15 3.02397e-15 0)
(7.88355e-21 1.00795e-15 0)
(6.7196e-16 -9.0718e-15 0)
(3.02397e-15 -4.70395e-15 0)
(3.19193e-15 -8.06375e-15 0)
(6.04794e-15 -1.29516e-19 0)
(-1.67989e-15 -1.00798e-15 0)
(-2.35195e-15 -7.73983e-20 0)
(5.03936e-16 -1.17597e-14 0)
(-2.35192e-15 2.01583e-15 0)
(1.34395e-15 -6.71969e-16 0)
(-3.02388e-15 -8.39981e-15 0)
(-1.17604e-15 3.35973e-16 0)
(-6.38376e-15 1.34397e-15 0)
(1.51195e-15 -6.72033e-16 0)
(-3.86393e-15 1.19765e-20 0)
(-2.51988e-15 -6.38372e-15 0)
(-6.71912e-16 1.00792e-15 0)
(-8.39965e-16 -5.03986e-15 0)
(5.03985e-15 -1.34395e-15 0)
(1.68004e-15 -5.03979e-15 0)
(2.01596e-15 2.35199e-15 0)
(-2.68803e-15 -3.35981e-15 0)
(-2.35198e-15 -2.68786e-15 0)
(6.88778e-15 2.01589e-15 0)
(6.71874e-16 1.008e-15 0)
(6.7193e-16 9.40781e-15 0)
(6.38383e-15 2.68791e-15 0)
(6.71934e-16 -6.71987e-16 0)
(-8.39922e-16 -6.71943e-16 0)
(5.03977e-16 2.35195e-15 0)
(-1.344e-15 1.67992e-15 0)
(-1.00778e-15 3.36008e-16 0)
(6.71933e-16 1.344e-15 0)
(-1.67925e-16 2.01581e-15 0)
(9.07164e-15 -3.69583e-15 0)
(1.84798e-15 -3.02391e-15 0)
(-1.67997e-15 -3.35981e-16 0)
(-5.20777e-15 4.36785e-15 0)
(-1.00799e-15 -3.69589e-15 0)
)
;

boundaryField
{
    outerWall
    {
        type            noSlip;
    }
    axis
    {
        type            symmetryPlane;
    }
    nozzle
    {
        type            zeroGradient;
    }
    back
    {
        type            empty;
    }
    front
    {
        type            empty;
    }
}


// ************************************************************************* //
