/*--------------------------------*- C++ -*----------------------------------*\
| =========                 |                                                 |
| \\      /  F ield         | OpenFOAM: The Open Source CFD Toolbox           |
|  \\    /   O peration     | Version:  2412                                  |
|   \\  /    A nd           | Website:  www.openfoam.com                      |
|    \\/     M anipulation  |                                                 |
\*---------------------------------------------------------------------------*/
FoamFile
{
    version     2.0;
    format      ascii;
    arch        "LSB;label=32;scalar=64";
    class       volVectorField;
    location    "4e-05";
    object      U;
}
// * * * * * * * * * * * * * * * * * * * * * * * * * * * * * * * * * * * * * //

dimensions      [0 1 -1 0 0 0 0];

internalField   nonuniform List<vector> 
3725
(
(1.01863e-15 -3.23469e-21 0)
(-5.26271e-15 2.32094e-20 0)
(-2.88598e-15 3.39526e-16 0)
(5.09279e-16 -2.19656e-20 0)
(2.71625e-15 -2.91996e-14 0)
(8.48817e-16 -6.79088e-16 0)
(4.5837e-15 -1.3581e-15 0)
(1.18838e-14 6.45109e-15 0)
(5.27976e-14 2.13907e-14 0)
(2.01004e-13 8.18278e-14 0)
(7.10306e-13 2.97093e-13 0)
(2.42326e-12 1.05392e-12 0)
(8.01284e-12 3.62385e-12 0)
(2.56355e-11 1.21075e-11 0)
(7.91861e-11 3.91901e-11 0)
(2.35695e-10 1.22669e-10 0)
(6.74054e-10 3.70461e-10 0)
(1.84597e-09 1.07659e-09 0)
(4.82205e-09 3.00179e-09 0)
(1.1958e-08 8.00245e-09 0)
(2.79893e-08 2.03151e-08 0)
(6.13928e-08 4.88741e-08 0)
(1.25041e-07 1.10788e-07 0)
(2.33663e-07 2.34968e-07 0)
(3.94174e-07 4.62251e-07 0)
(5.87829e-07 8.3459e-07 0)
(7.56309e-07 1.36657e-06 0)
(8.04982e-07 2.01068e-06 0)
(6.40755e-07 2.63126e-06 0)
(2.47917e-07 3.02696e-06 0)
(2.10509e-14 -1.35812e-15 0)
(-4.07441e-15 3.39528e-15 0)
(-2.71624e-15 3.14027e-20 0)
(-8.14097e-21 3.73481e-15 0)
(2.20698e-15 1.35812e-14 0)
(-2.03717e-15 3.39535e-15 0)
(8.48831e-15 4.41395e-15 0)
(2.83512e-14 1.86745e-14 0)
(1.12046e-13 8.45441e-14 0)
(4.03707e-13 3.17804e-13 0)
(1.43929e-12 1.16019e-12 0)
(4.91782e-12 4.10565e-12 0)
(1.63051e-11 1.41403e-11 0)
(5.23085e-11 4.73128e-11 0)
(1.62111e-10 1.53397e-10 0)
(4.84143e-10 4.80996e-10 0)
(1.38949e-09 1.45518e-09 0)
(3.81947e-09 4.23684e-09 0)
(1.00164e-08 1.18364e-08 0)
(2.49429e-08 3.16194e-08 0)
(5.86431e-08 8.04435e-08 0)
(1.29247e-07 1.93977e-07 0)
(2.64612e-07 4.40787e-07 0)
(4.9726e-07 9.37309e-07 0)
(8.43891e-07 1.84911e-06 0)
(1.26607e-06 3.34827e-06 0)
(1.63838e-06 5.49799e-06 0)
(1.7535e-06 8.10998e-06 0)
(1.40297e-06 1.06355e-05 0)
(5.44693e-07 1.22518e-05 0)
(6.21842e-21 -3.39535e-16 0)
(-7.97897e-15 3.73489e-15 0)
(1.86738e-15 -1.01859e-15 0)
(-1.18835e-15 -1.01856e-15 0)
(4.75343e-15 -8.82782e-15 0)
(1.6977e-15 4.07433e-15 0)
(1.66372e-14 1.25628e-14 0)
(7.18116e-14 5.80603e-14 0)
(2.73495e-13 2.17642e-13 0)
(1.00248e-12 8.22692e-13 0)
(3.55255e-12 3.00352e-12 0)
(1.21565e-11 1.06848e-11 0)
(4.04231e-11 3.69339e-11 0)
(1.30082e-10 1.23881e-10 0)
(4.04446e-10 4.02727e-10 0)
(1.21204e-09 1.2662e-09 0)
(3.49094e-09 3.84151e-09 0)
(9.63187e-09 1.12174e-08 0)
(2.5359e-08 3.14338e-08 0)
(6.34133e-08 8.4241e-08 0)
(1.49757e-07 2.15046e-07 0)
(3.31651e-07 5.20414e-07 0)
(6.82541e-07 1.18711e-06 0)
(1.2899e-06 2.53466e-06 0)
(2.2024e-06 5.02216e-06 0)
(3.32449e-06 9.13538e-06 0)
(4.32759e-06 1.50673e-05 0)
(4.65813e-06 2.23148e-05 0)
(3.7471e-06 2.9362e-05 0)
(1.4601e-06 3.38986e-05 0)
(-1.3072e-14 -2.03719e-15 0)
(-6.79127e-16 2.71623e-15 0)
(3.39547e-16 2.03721e-15 0)
(1.18835e-15 2.03718e-15 0)
(1.01865e-15 1.69766e-15 0)
(1.10348e-14 9.84654e-15 0)
(4.48186e-14 4.0065e-14 0)
(1.84537e-13 1.34795e-13 0)
(6.87388e-13 5.31032e-13 0)
(2.49032e-12 1.98865e-12 0)
(8.84352e-12 7.2803e-12 0)
(3.03566e-11 2.59252e-11 0)
(1.01201e-10 8.98585e-11 0)
(3.26659e-10 3.02345e-10 0)
(1.01885e-09 9.85856e-10 0)
(3.06323e-09 3.10927e-09 0)
(8.85293e-09 9.46364e-09 0)
(2.45137e-08 2.77272e-08 0)
(6.47841e-08 7.79703e-08 0)
(1.62652e-07 2.09727e-07 0)
(3.85773e-07 5.37461e-07 0)
(8.58293e-07 1.30604e-06 0)
(1.7753e-06 2.9923e-06 0)
(3.37355e-06 6.41916e-06 0)
(5.79443e-06 1.27829e-05 0)
(8.79992e-06 2.33755e-05 0)
(1.15229e-05 3.87542e-05 0)
(1.24745e-05 5.76662e-05 0)
(1.00908e-05 7.61788e-05 0)
(3.94715e-06 8.81827e-05 0)
(-1.3751e-14 3.39535e-16 0)
(-1.69767e-15 -3.7348e-15 0)
(-1.69768e-15 4.07437e-15 0)
(1.69765e-16 -3.39495e-16 0)
(8.14884e-15 3.39536e-15 0)
(2.83511e-14 1.83349e-14 0)
(1.13235e-13 7.40186e-14 0)
(4.42074e-13 3.20181e-13 0)
(1.66219e-12 1.22912e-12 0)
(6.06154e-12 4.62921e-12 0)
(2.15092e-11 1.69689e-11 0)
(7.40978e-11 6.06738e-11 0)
(2.47735e-10 2.10889e-10 0)
(8.02078e-10 7.11742e-10 0)
(2.50965e-09 2.32823e-09 0)
(7.57037e-09 7.36716e-09 0)
(2.19544e-08 2.25001e-08 0)
(6.10119e-08 6.61571e-08 0)
(1.61859e-07 1.86731e-07 0)
(4.08032e-07 5.04242e-07 0)
(9.71991e-07 1.29756e-06 0)
(2.17278e-06 3.16697e-06 0)
(4.51738e-06 7.29008e-06 0)
(8.63287e-06 1.57177e-05 0)
(1.49196e-05 3.14692e-05 0)
(2.28029e-05 5.78758e-05 0)
(3.00456e-05 9.64972e-05 0)
(3.27266e-05 0.000144333 0)
(2.66345e-05 0.00019151 0)
(1.04631e-05 0.000222358 0)
(-3.37267e-20 4.41387e-15 0)
(1.69764e-15 3.39541e-16 0)
(-4.41389e-15 5.09301e-15 0)
(2.37675e-15 2.71627e-15 0)
(1.96929e-14 8.82789e-15 0)
(6.46814e-14 4.07442e-14 0)
(2.6993e-13 1.8233e-13 0)
(1.04339e-12 7.10646e-13 0)
(3.91755e-12 2.75057e-12 0)
(1.43039e-11 1.03979e-11 0)
(5.08714e-11 3.82988e-11 0)
(1.75794e-10 1.37314e-10 0)
(5.89511e-10 4.78828e-10 0)
(1.91466e-09 1.62128e-09 0)
(6.01041e-09 5.32114e-09 0)
(1.81921e-08 1.68956e-08 0)
(5.29454e-08 5.17857e-08 0)
(1.47687e-07 1.52834e-07 0)
(3.93348e-07 4.33063e-07 0)
(9.95775e-07 1.17424e-06 0)
(2.38282e-06 3.03479e-06 0)
(5.35268e-06 7.44132e-06 0)
(1.11884e-05 1.72141e-05 0)
(2.15079e-05 3.73123e-05 0)
(3.7413e-05 7.51335e-05 0)
(5.75709e-05 0.000139027 0)
(7.63661e-05 0.000233229 0)
(8.37339e-05 0.000350824 0)
(6.86093e-05 0.000467759 0)
(2.70835e-05 0.000544973 0)
(1.01859e-15 -5.43246e-15 0)
(1.86744e-15 1.35807e-15 0)
(-5.09263e-16 2.0372e-15 0)
(6.11162e-15 7.80927e-15 0)
(4.00651e-14 2.34279e-14 0)
(1.55846e-13 9.43906e-14 0)
(6.14897e-13 3.83335e-13 0)
(2.37369e-12 1.53741e-12 0)
(8.9301e-12 5.97139e-12 0)
(3.27218e-11 2.26079e-11 0)
(1.16694e-10 8.34882e-11 0)
(4.04502e-10 3.00288e-10 0)
(1.3607e-09 1.05051e-09 0)
(4.43381e-09 3.56892e-09 0)
(1.39654e-08 1.17541e-08 0)
(4.24188e-08 3.74557e-08 0)
(1.23908e-07 1.15232e-07 0)
(3.4697e-07 3.41407e-07 0)
(9.2791e-07 9.71353e-07 0)
(2.35933e-06 2.64514e-06 0)
(5.6723e-06 6.86753e-06 0)
(1.28073e-05 1.69212e-05 0)
(2.69206e-05 3.93488e-05 0)
(5.20724e-05 8.57713e-05 0)
(9.1206e-05 0.000173767 0)
(0.000141374 0.000323653 0)
(0.000188893 0.000546586 0)
(0.000208624 0.000827291 0)
(0.000172246 0.001109 0)
(6.83736e-05 0.00129715 0)
(1.35813e-15 1.01857e-15 0)
(1.69769e-15 -8.48821e-15 0)
(7.13017e-15 3.05577e-15 0)
(1.76558e-14 8.48838e-15 0)
(8.28465e-14 4.68558e-14 0)
(3.40893e-13 1.94893e-13 0)
(1.35288e-12 8.0232e-13 0)
(5.23308e-12 3.20079e-12 0)
(1.97117e-11 1.24616e-11 0)
(7.24475e-11 4.7343e-11 0)
(2.59129e-10 1.75405e-10 0)
(9.01066e-10 6.33012e-10 0)
(3.04098e-09 2.22206e-09 0)
(9.94236e-09 7.57551e-09 0)
(3.14255e-08 2.50401e-08 0)
(9.58005e-08 8.00928e-08 0)
(2.80909e-07 2.47368e-07 0)
(7.89778e-07 7.35895e-07 0)
(2.12115e-06 2.10272e-06 0)
(5.41791e-06 5.75197e-06 0)
(1.30899e-05 1.50057e-05 0)
(2.97136e-05 3.71635e-05 0)
(6.28259e-05 8.6899e-05 0)
(0.000122322 0.000190556 0)
(0.000215825 0.000388573 0)
(0.000337185 0.000728869 0)
(0.000454094 0.00123993 0)
(0.000505543 0.00188961 0)
(0.000421007 0.00254838 0)
(0.000168201 0.00299439 0)
(8.48855e-16 2.03716e-15 0)
(9.50685e-15 5.09297e-15 0)
(5.60238e-15 6.45113e-15 0)
(3.80279e-14 2.13907e-14 0)
(1.76218e-13 9.20139e-14 0)
(7.19134e-13 3.88428e-13 0)
(2.87212e-12 1.60328e-12 0)
(1.1124e-11 6.40498e-12 0)
(4.20371e-11 2.50091e-11 0)
(1.54932e-10 9.53169e-11 0)
(5.55946e-10 3.54316e-10 0)
(1.93949e-09 1.28304e-09 0)
(6.56757e-09 4.51981e-09 0)
(2.15473e-08 1.54654e-08 0)
(6.83534e-08 5.13131e-08 0)
(2.09165e-07 1.64776e-07 0)
(6.15759e-07 5.11003e-07 0)
(1.73848e-06 1.52672e-06 0)
(4.68997e-06 4.38214e-06 0)
(1.20365e-05 1.20447e-05 0)
(2.92309e-05 3.15823e-05 0)
(6.67273e-05 7.86452e-05 0)
(0.000141965 0.00018498 0)
(0.000278328 0.000408233 0)
(0.00049494 0.000838287 0)
(0.000779893 0.00158449 0)
(0.00105945 0.00271727 0)
(0.00118996 0.0041728 0)
(0.00100083 0.00566603 0)
(0.000402882 0.00669359 0)
(1.86741e-15 -2.03715e-15 0)
(1.18844e-15 7.46968e-15 0)
(1.6807e-14 1.69776e-15 0)
(8.21674e-14 4.27813e-14 0)
(3.63132e-13 1.80972e-13 0)
(1.47086e-12 7.45618e-13 0)
(5.86529e-12 3.06158e-12 0)
(2.27885e-11 1.2285e-11 0)
(8.63954e-11 4.80873e-11 0)
(3.19422e-10 1.83902e-10 0)
(1.14993e-09 6.85993e-10 0)
(4.02519e-09 2.49299e-09 0)
(1.36778e-08 8.81458e-09 0)
(4.50373e-08 3.02762e-08 0)
(1.43408e-07 1.00853e-07 0)
(4.40568e-07 3.25195e-07 0)
(1.30237e-06 1.01285e-06 0)
(3.69313e-06 3.03983e-06 0)
(1.00097e-05 8.76699e-06 0)
(2.58181e-05 2.42193e-05 0)
(6.30403e-05 6.38498e-05 0)
(0.000144762 0.000159924 0)
(0.000310017 0.00037853 0)
(0.000612302 0.000841141 0)
(0.00109802 0.00174034 0)
(0.00174642 0.00331706 0)
(0.00239533 0.00573964 0)
(0.00271711 0.0088904 0)
(0.0023116 0.0121663 0)
(0.000938875 0.0144656 0)
(-1.69735e-16 -1.35815e-15 0)
(1.18837e-14 2.37677e-15 0)
(4.07441e-14 1.69766e-14 0)
(1.62467e-13 7.06233e-14 0)
(7.06232e-13 3.19842e-13 0)
(2.88604e-12 1.35916e-12 0)
(1.15192e-11 5.58976e-12 0)
(4.489e-11 2.24748e-11 0)
(1.70755e-10 8.83106e-11 0)
(6.33356e-10 3.3889e-10 0)
(2.28777e-09 1.26868e-09 0)
(8.03594e-09 4.62775e-09 0)
(2.74049e-08 1.64254e-08 0)
(9.05759e-08 5.6643e-08 0)
(2.89542e-07 1.89468e-07 0)
(8.93165e-07 6.13583e-07 0)
(2.65173e-06 1.91978e-06 0)
(7.55409e-06 5.7894e-06 0)
(2.05746e-05 1.67817e-05 0)
(5.33486e-05 4.66113e-05 0)
(0.000131009 0.000123594 0)
(0.000302737 0.000311501 0)
(0.000652878 0.000742325 0)
(0.00129969 0.00166186 0)
(0.00235188 0.00346687 0)
(0.00377936 0.00666861 0)
(0.00523945 0.0116554 0)
(0.00600992 0.0182322 0)
(0.00518223 0.0251764 0)
(0.00212739 0.0301709 0)
(1.18838e-15 -2.03718e-15 0)
(1.6807e-14 6.79069e-15 0)
(7.62255e-14 2.07117e-14 0)
(3.11863e-13 1.29363e-13 0)
(1.32571e-12 5.56837e-13 0)
(5.42356e-12 2.35399e-12 0)
(2.16983e-11 9.70254e-12 0)
(8.48249e-11 3.91208e-11 0)
(3.2371e-10 1.54268e-10 0)
(1.2047e-09 5.94122e-10 0)
(4.36656e-09 2.23245e-09 0)
(1.53927e-08 8.17459e-09 0)
(5.26892e-08 2.91304e-08 0)
(1.74819e-07 1.00874e-07 0)
(5.61114e-07 3.38887e-07 0)
(1.7383e-06 1.10248e-06 0)
(5.18423e-06 3.46601e-06 0)
(1.48396e-05 1.05054e-05 0)
(4.06261e-05 3.06166e-05 0)
(0.000105927 8.55291e-05 0)
(0.000261708 0.000228199 0)
(0.00060881 0.000579024 0)
(0.00132279 0.00139003 0)
(0.00265571 0.00313726 0)
(0.00485308 0.00660421 0)
(0.00788786 0.0128331 0)
(0.011068 0.0226866 0)
(0.0128578 0.0358946 0)
(0.0112656 0.0500952 0)
(0.00468472 0.0606251 0)
(4.41394e-15 3.39531e-15 0)
(2.97093e-14 8.82788e-15 0)
(1.30551e-13 4.48186e-14 0)
(5.62269e-13 2.06437e-13 0)
(2.37691e-12 9.11311e-13 0)
(9.74532e-12 3.85575e-12 0)
(3.90943e-11 1.59391e-11 0)
(1.53316e-10 6.44956e-11 0)
(5.87002e-10 2.552e-10 0)
(2.192e-09 9.8643e-10 0)
(7.97312e-09 3.72066e-09 0)
(2.82094e-08 1.36778e-08 0)
(9.69297e-08 4.89424e-08 0)
(3.22893e-07 1.70212e-07 0)
(1.04075e-06 5.74419e-07 0)
(3.23851e-06 1.87765e-06 0)
(9.70393e-06 5.93287e-06 0)
(2.7917e-05 1.80791e-05 0)
(7.68424e-05 5.2992e-05 0)
(0.000201536 0.000148951 0)
(0.000501131 0.000400077 0)
(0.00117411 0.00102256 0)
(0.00257156 0.00247458 0)
(0.00521032 0.00563507 0)
(0.00962379 0.0119819 0)
(0.0158412 0.0235494 0)
(0.0225356 0.0421772 0)
(0.0265663 0.0676342 0)
(0.02373 0.0955984 0)
(0.0100247 0.117148 0)
(8.14884e-15 2.03721e-15 0)
(5.02511e-14 1.76558e-14 0)
(2.27318e-13 6.79069e-14 0)
(9.59355e-13 3.22897e-13 0)
(4.05846e-12 1.40669e-12 0)
(1.66981e-11 5.94457e-12 0)
(6.71776e-11 2.46645e-11 0)
(2.6427e-10 1.00149e-10 0)
(1.01516e-09 3.97677e-10 0)
(3.80379e-09 1.54284e-09 0)
(1.38851e-08 5.84171e-09 0)
(4.93091e-08 2.15616e-08 0)
(1.7009e-07 7.74774e-08 0)
(5.68927e-07 2.70646e-07 0)
(1.84169e-06 9.17632e-07 0)
(5.75714e-06 3.01443e-06 0)
(1.73353e-05 9.57514e-06 0)
(5.01339e-05 2.93433e-05 0)
(0.00013878 8.65332e-05 0)
(0.000366242 0.000244837 0)
(0.000916916 0.000662369 0)
(0.00216469 0.0017064 0)
(0.00478217 0.00416593 0)
(0.00978617 0.00958068 0)
(0.0182888 0.0206013 0)
(0.0305344 0.0410161 0)
(0.0441316 0.0745783 0)
(0.0529236 0.121537 0)
(0.048401 0.174485 0)
(0.0208469 0.217371 0)
(1.37511e-14 1.35816e-15 0)
(8.11488e-14 2.10511e-14 0)
(3.67207e-13 1.01181e-13 0)
(1.5566e-12 4.67539e-13 0)
(6.59223e-12 2.01582e-12 0)
(2.71892e-11 8.58819e-12 0)
(1.09753e-10 3.5737e-11 0)
(4.33074e-10 1.456e-10 0)
(1.66902e-09 5.80184e-10 0)
(6.27503e-09 2.25908e-09 0)
(2.29872e-08 8.5863e-09 0)
(8.19362e-08 3.18187e-08 0)
(2.83743e-07 1.14818e-07 0)
(9.53009e-07 4.02879e-07 0)
(3.09858e-06 1.37247e-06 0)
(9.73164e-06 4.53149e-06 0)
(2.94506e-05 1.44726e-05 0)
(8.56356e-05 4.46132e-05 0)
(0.000238463 0.000132407 0)
(0.000633413 0.000377262 0)
(0.00159731 0.00102853 0)
(0.00380178 0.00267257 0)
(0.00847727 0.00658805 0)
(0.0175369 0.0153184 0)
(0.0332003 0.0333593 0)
(0.0563239 0.0674073 0)
(0.0829265 0.124756 0)
(0.101496 0.207381 0)
(0.0956044 0.303598 0)
(0.0421881 0.386654 0)
(2.02023e-14 5.7721e-15 0)
(1.25118e-13 2.51256e-14 0)
(5.55139e-13 1.43284e-13 0)
(2.40034e-12 6.2033e-13 0)
(1.01507e-11 2.71016e-12 0)
(4.19896e-11 1.15309e-11 0)
(1.6994e-10 4.81579e-11 0)
(6.72604e-10 1.96789e-10 0)
(2.60027e-09 7.86758e-10 0)
(9.80838e-09 3.07407e-09 0)
(3.60549e-08 1.17267e-08 0)
(1.28983e-07 4.36243e-08 0)
(4.48385e-07 1.58065e-07 0)
(1.51217e-06 5.57056e-07 0)
(4.93815e-06 1.90661e-06 0)
(1.55822e-05 6.32691e-06 0)
(4.73966e-05 2.03176e-05 0)
(0.000138585 6.30064e-05 0)
(0.000388267 0.00018823 0)
(0.00103833 0.000540239 0)
(0.0026384 0.00148494 0)
(0.00633433 0.00389435 0)
(0.0142666 0.00970199 0)
(0.0298647 0.0228372 0)
(0.0573556 0.0504563 0)
(0.0990823 0.103726 0)
(0.149112 0.196074 0)
(0.187055 0.334213 0)
(0.182855 0.501991 0)
(0.0831351 0.659843 0)
(3.14069e-14 1.29022e-14 0)
(1.84707e-13 3.90465e-14 0)
(8.07583e-13 1.70107e-13 0)
(3.48515e-12 7.66669e-13 0)
(1.47786e-11 3.34679e-12 0)
(6.12775e-11 1.4292e-11 0)
(2.48689e-10 5.9826e-11 0)
(9.87029e-10 2.452e-10 0)
(3.82697e-09 9.83305e-10 0)
(1.448e-08 3.85445e-09 0)
(5.33999e-08 1.47538e-08 0)
(1.9169e-07 5.50846e-08 0)
(6.68817e-07 2.00361e-07 0)
(2.26442e-06 7.09042e-07 0)
(7.42597e-06 2.43765e-06 0)
(2.35399e-05 8.12834e-06 0)
(7.19602e-05 2.6241e-05 0)
(0.00021157 8.18508e-05 0)
(0.000596387 0.000246118 0)
(0.00160595 0.000711556 0)
(0.00411289 0.00197215 0)
(0.00996458 0.00522181 0)
(0.0226844 0.013156 0)
(0.0481027 0.0313839 0)
(0.0938668 0.0704758 0)
(0.165538 0.147822 0)
(0.255792 0.286663 0)
(0.330934 0.50474 0)
(0.339829 0.78481 0)
(0.160563 1.07723 0)
(4.27813e-14 9.507e-15 0)
(2.4769e-13 4.04046e-14 0)
(1.10518e-12 1.94893e-13 0)
(4.77895e-12 8.58683e-13 0)
(2.02916e-11 3.76985e-12 0)
(8.43428e-11 1.61391e-11 0)
(3.43125e-10 6.77307e-11 0)
(1.36522e-09 2.78337e-10 0)
(5.30721e-09 1.11928e-09 0)
(2.01363e-08 4.40033e-09 0)
(7.44775e-08 1.68958e-08 0)
(2.68188e-07 6.32916e-08 0)
(9.38853e-07 2.31033e-07 0)
(3.19013e-06 8.20725e-07 0)
(1.05026e-05 2.83337e-06 0)
(3.34347e-05 9.49091e-06 0)
(0.000102688 3.07938e-05 0)
(0.000303493 9.65885e-05 0)
(0.000860545 0.00029226 0)
(0.00233286 0.000851004 0)
(0.00602109 0.00237817 0)
(0.0147222 0.00635799 0)
(0.0338882 0.0162051 0)
(0.0728546 0.039206 0)
(0.144684 0.0896147 0)
(0.261223 0.192279 0)
(0.416802 0.384377 0)
(0.560668 0.706174 0)
(0.612244 1.15728 0)
(0.302388 1.71098 0)
(5.55139e-14 8.8279e-15 0)
(3.17125e-13 4.10837e-14 0)
(1.42197e-12 1.95572e-13 0)
(6.16883e-12 8.71925e-13 0)
(2.62369e-11 3.796e-12 0)
(1.09245e-10 1.62922e-11 0)
(4.45341e-10 6.8512e-11 0)
(1.77569e-09 2.82218e-10 0)
(6.91847e-09 1.13762e-09 0)
(2.63123e-08 4.48393e-09 0)
(9.75683e-08 1.7264e-08 0)
(3.52293e-07 6.48608e-08 0)
(1.23689e-06 2.37511e-07 0)
(4.21617e-06 8.46644e-07 0)
(1.39286e-05 2.93386e-06 0)
(4.45102e-05 9.86835e-06 0)
(0.000137283 3.21666e-05 0)
(0.000407669 0.000101421 0)
(0.0011622 0.000308707 0)
(0.00317038 0.000905074 0)
(0.00824313 0.00254978 0)
(0.0203348 0.00688283 0)
(0.0473206 0.017752 0)
(0.10316 0.0435884 0)
(0.208672 0.101566 0)
(0.38661 0.223509 0)
(0.641216 0.462763 0)
(0.910616 0.894607 0)
(1.09357 1.57312 0)
(0.575829 2.49206 0)
(6.79068e-14 5.43258e-15 0)
(3.87069e-13 3.83674e-14 0)
(1.72161e-12 1.65693e-13 0)
(7.48317e-12 7.5105e-13 0)
(3.18638e-11 3.2945e-12 0)
(1.32879e-10 1.41504e-11 0)
(5.42568e-10 5.96233e-11 0)
(2.16704e-09 2.46036e-10 0)
(8.4585e-09 9.9368e-10 0)
(3.2231e-08 3.92456e-09 0)
(1.1976e-07 1.51433e-08 0)
(4.33373e-07 5.70267e-08 0)
(1.52519e-06 2.09355e-07 0)
(5.21239e-06 7.48353e-07 0)
(1.72689e-05 2.6012e-06 0)
(5.53593e-05 8.77921e-06 0)
(0.000171353 2.87263e-05 0)
(0.000510898 9.09693e-05 0)
(0.00146329 0.000278299 0)
(0.00401366 0.000820796 0)
(0.0105044 0.00232905 0)
(0.026124 0.00634298 0)
(0.0614177 0.0165474 0)
(0.135716 0.0412441 0)
(0.279627 0.0981705 0)
(0.532124 0.222744 0)
(0.920132 0.485244 0)
(1.39351 1.01796 0)
(1.81152 2.15556 0)
(0.992115 4.36671 0)
(5.68724e-14 6.79066e-15 0)
(4.32694e-13 2.37674e-14 0)
(1.9328e-12 1.22232e-13 0)
(8.40963e-12 5.50895e-13 0)
(3.58478e-11 2.39372e-12 0)
(1.49633e-10 1.02981e-11 0)
(6.11584e-10 4.34282e-11 0)
(2.44531e-09 1.79421e-10 0)
(9.55549e-09 7.25552e-10 0)
(3.64552e-08 2.86948e-09 0)
(1.35631e-07 1.10882e-08 0)
(4.91494e-07 4.18213e-08 0)
(1.73237e-06 1.53794e-07 0)
(5.93028e-06 5.50763e-07 0)
(1.96835e-05 1.91831e-06 0)
(6.32296e-05 6.48918e-06 0)
(0.000196169 2.12877e-05 0)
(0.000586454 6.76112e-05 0)
(0.00168494 0.000207547 0)
(0.00463897 0.000614592 0)
(0.0121967 0.00175244 0)
(0.0305111 0.00480126 0)
(0.0722889 0.0126212 0)
(0.161513 0.0317692 0)
(0.338284 0.0766326 0)
(0.662445 0.17702 0)
(1.20586 0.395479 0)
(2.08546 0.856929 0)
(3.41745 1.88748 0)
(6.73891 3.96262 0)
(8.21248e-14 2.97096e-15 0)
(4.60918e-13 1.5279e-14 0)
(2.05906e-12 6.53603e-14 0)
(8.94949e-12 2.89453e-13 0)
(3.81609e-11 1.27707e-12 0)
(1.59364e-10 5.48179e-12 0)
(6.51708e-10 2.3124e-11 0)
(2.60723e-09 9.56002e-11 0)
(1.01944e-08 3.86858e-10 0)
(3.8918e-08 1.53104e-09 0)
(1.44895e-07 5.92059e-09 0)
(5.25455e-07 2.23486e-08 0)
(1.85358e-06 8.22557e-08 0)
(6.35087e-06 2.94848e-07 0)
(2.11002e-05 1.02801e-06 0)
(6.78554e-05 3.48145e-06 0)
(0.000210783 1.14353e-05 0)
(0.000631049 3.63707e-05 0)
(0.0018161 0.000111828 0)
(0.00501007 0.000331753 0)
(0.0132045 0.000947934 0)
(0.0331328 0.00260323 0)
(0.0788067 0.00686027 0)
(0.17699 0.0173098 0)
(0.373301 0.0417953 0)
(0.737934 0.0963441 0)
(1.35997 0.211962 0)
(2.36587 0.442543 0)
(3.84462 0.838687 0)
(6.42547 1.41771 0)
(8.55202e-14 4.24341e-16 0)
(4.74712e-13 -9.33713e-15 0)
(2.10045e-12 -2.97082e-15 0)
(9.13624e-12 2.97092e-15 0)
(3.89571e-11 -5.94174e-15 0)
(1.62743e-10 -9.33729e-15 0)
(6.65653e-10 -3.81978e-14 0)
(2.66355e-09 -1.61279e-13 0)
(1.04167e-08 -6.18377e-13 0)
(3.97754e-08 -2.29143e-12 0)
(1.48122e-07 -8.40178e-12 0)
(5.37295e-07 -3.00755e-11 0)
(1.89587e-06 -1.05056e-10 0)
(6.49774e-06 -3.57614e-10 0)
(2.15954e-05 -1.18501e-09 0)
(6.94739e-05 -3.81798e-09 0)
(0.000215902 -1.19424e-08 0)
(0.000646689 -3.62007e-08 0)
(0.00186217 -1.06117e-07 0)
(0.00514063 -2.99969e-07 0)
(0.0135596 -8.1476e-07 0)
(0.0340586 -2.11541e-06 0)
(0.081113 -5.21004e-06 0)
(0.182474 -1.20254e-05 0)
(0.385707 -2.54307e-05 0)
(0.764553 -4.70843e-05 0)
(1.41358 -6.71775e-05 0)
(2.4614 -3.07988e-05 0)
(3.99627 0.000133679 0)
(6.31418 0.000682889 0)
(8.06394e-14 -5.94176e-15 0)
(4.5922e-13 -1.65523e-14 0)
(2.05482e-12 -6.57849e-14 0)
(8.95034e-12 -2.93697e-13 0)
(3.81509e-11 -1.28089e-12 0)
(1.59338e-10 -5.50301e-12 0)
(6.51623e-10 -2.32089e-11 0)
(2.6069e-09 -9.58956e-11 0)
(1.01931e-08 -3.8798e-10 0)
(3.89133e-08 -1.53525e-09 0)
(1.44878e-07 -5.93606e-09 0)
(5.25397e-07 -2.24041e-08 0)
(1.85338e-06 -8.24497e-08 0)
(6.35022e-06 -2.9551e-07 0)
(2.10982e-05 -1.03021e-06 0)
(6.7849e-05 -3.48854e-06 0)
(0.000210764 -1.14575e-05 0)
(0.000630992 -3.64384e-05 0)
(0.00181594 -0.000112027 0)
(0.00500965 -0.000332318 0)
(0.0132034 -0.000949479 0)
(0.0331301 -0.00260727 0)
(0.0788007 -0.00687035 0)
(0.176978 -0.0173334 0)
(0.37328 -0.0418467 0)
(0.737909 -0.0964434 0)
(1.35998 -0.212115 0)
(2.36599 -0.442662 0)
(3.84505 -0.838239 0)
(6.42556 -1.41542 0)
(7.3e-14 -5.09309e-15 0)
(4.31633e-13 -2.71628e-14 0)
(1.93577e-12 -1.22657e-13 0)
(8.40709e-12 -5.46226e-13 0)
(3.58347e-11 -2.40263e-12 0)
(1.49592e-10 -1.03121e-11 0)
(6.11417e-10 -4.34791e-11 0)
(2.44468e-09 -1.79638e-10 0)
(9.55314e-09 -7.26397e-10 0)
(3.64466e-08 -2.87267e-09 0)
(1.35601e-07 -1.11e-08 0)
(4.91387e-07 -4.1864e-08 0)
(1.732e-06 -1.53945e-07 0)
(5.92908e-06 -5.51285e-07 0)
(1.96796e-05 -1.92007e-06 0)
(6.32175e-05 -6.49495e-06 0)
(0.000196132 -2.13061e-05 0)
(0.000586348 -6.76682e-05 0)
(0.00168464 -0.000207719 0)
(0.00463816 -0.000615094 0)
(0.0121947 -0.00175386 0)
(0.030506 -0.00480517 0)
(0.0722771 -0.0126316 0)
(0.161488 -0.0317963 0)
(0.338239 -0.0767012 0)
(0.662385 -0.17719 0)
(1.20585 -0.39588 0)
(2.08582 -0.85782 0)
(3.41885 -1.88859 0)
(6.73891 -3.96229 0)
(8.80455 0.284872 0)
(8.14144 0.0905627 0)
(7.81017 0.0345931 0)
(7.51258 0.0131793 0)
(7.25811 0.00497344 0)
(7.06322 0.00186728 0)
(6.92783 0.000699636 0)
(6.84014 0.000262556 0)
(6.78516 9.91083e-05 0)
(6.7509 3.81156e-05 0)
(6.7296 1.54862e-05 0)
(6.71675 7.0682e-06 0)
(6.70952 4.00469e-06 0)
(6.70575 2.97284e-06 0)
(6.70384 2.66785e-06 0)
(6.70277 2.61194e-06 0)
(6.702 2.63755e-06 0)
(6.7012 2.63648e-06 0)
(6.70066 2.71458e-06 0)
(6.69835 2.92966e-06 0)
(6.70412 2.89552e-06 0)
(6.67182 2.85246e-06 0)
(6.81904 2.44871e-06 0)
(6.51361 2.40629e-06 0)
(6.72266 1.79222e-06 0)
(8.0812 0.334268 0)
(7.93666 0.127329 0)
(7.73379 0.0493751 0)
(7.48301 0.0190039 0)
(7.24687 0.00725534 0)
(7.059 0.00276182 0)
(6.92628 0.00105 0)
(6.83959 0.000400147 0)
(6.785 0.000153412 0)
(6.75088 5.97787e-05 0)
(6.72964 2.4335e-05 0)
(6.71681 1.07668e-05 0)
(6.70959 5.56081e-06 0)
(6.70583 3.51894e-06 0)
(6.70393 2.71183e-06 0)
(6.70286 2.36988e-06 0)
(6.7021 2.18585e-06 0)
(6.7013 2.03234e-06 0)
(6.70076 2.0153e-06 0)
(6.69846 2.18745e-06 0)
(6.70424 2.11264e-06 0)
(6.67194 2.05266e-06 0)
(6.81917 1.70207e-06 0)
(6.51373 1.77913e-06 0)
(6.72278 1.41147e-06 0)
(7.8191 0.00037283 0)
(7.85351 0.000240216 0)
(7.70211 0.000147007 0)
(7.47055 8.64625e-05 0)
(7.24195 4.95428e-05 0)
(7.05707 2.80417e-05 0)
(6.92552 1.60028e-05 0)
(6.8393 9.38629e-06 0)
(6.78488 5.62816e-06 0)
(6.75083 3.37305e-06 0)
(6.72962 1.94309e-06 0)
(6.71681 1.11782e-06 0)
(6.70959 6.67493e-07 0)
(6.70583 3.64412e-07 0)
(6.70393 2.03866e-07 0)
(6.70286 9.62857e-08 0)
(6.7021 2.52385e-08 0)
(6.7013 -1.63882e-08 0)
(6.70076 -1.60881e-08 0)
(6.69845 -1.04441e-08 0)
(6.70424 -9.54938e-09 0)
(6.67194 5.53969e-09 0)
(6.81917 1.4661e-08 0)
(6.51373 3.06785e-08 0)
(6.72279 -1.232e-08 0)
(8.08084 -0.333472 0)
(7.93643 -0.126879 0)
(7.73364 -0.0491203 0)
(7.48291 -0.01886 0)
(7.24682 -0.00717455 0)
(7.05896 -0.00271646 0)
(6.92626 -0.00102415 0)
(6.83958 -0.000384989 0)
(6.78499 -0.000144304 0)
(6.75087 -5.42922e-05 0)
(6.72964 -2.10992e-05 0)
(6.71681 -8.94522e-06 0)
(6.70959 -4.57349e-06 0)
(6.70583 -3.04579e-06 0)
(6.70393 -2.48025e-06 0)
(6.70286 -2.27984e-06 0)
(6.7021 -2.18783e-06 0)
(6.7013 -2.06168e-06 0)
(6.70076 -2.05289e-06 0)
(6.69846 -2.22324e-06 0)
(6.70424 -2.14832e-06 0)
(6.67194 -2.02529e-06 0)
(6.81917 -1.641e-06 0)
(6.51373 -1.68525e-06 0)
(6.72278 -1.47902e-06 0)
(8.80312 -0.284444 0)
(8.1409 -0.090352 0)
(7.80987 -0.0344849 0)
(7.51241 -0.0131218 0)
(7.25801 -0.0049422 0)
(7.06317 -0.00184996 0)
(6.9278 -0.00068979 0)
(6.84012 -0.000256784 0)
(6.78515 -9.56282e-05 0)
(6.75089 -3.60021e-05 0)
(6.7296 -1.41935e-05 0)
(6.71675 -6.36443e-06 0)
(6.70951 -3.68486e-06 0)
(6.70575 -2.86409e-06 0)
(6.70384 -2.64015e-06 0)
(6.70276 -2.61818e-06 0)
(6.702 -2.66477e-06 0)
(6.7012 -2.64943e-06 0)
(6.70066 -2.73608e-06 0)
(6.69835 -2.95501e-06 0)
(6.70412 -2.92165e-06 0)
(6.67182 -2.83064e-06 0)
(6.81904 -2.4023e-06 0)
(6.51361 -2.34309e-06 0)
(6.72266 -1.84745e-06 0)
(6.70315e-14 -9.74392e-15 0)
(3.82365e-13 -3.89757e-14 0)
(1.72384e-12 -1.71695e-13 0)
(7.47141e-12 -7.54987e-13 0)
(3.18302e-11 -3.29345e-12 0)
(1.32723e-10 -1.41694e-11 0)
(5.41946e-10 -5.97044e-11 0)
(2.16458e-09 -2.46357e-10 0)
(8.44894e-09 -9.94933e-10 0)
(3.21947e-08 -3.92944e-09 0)
(1.19626e-07 -1.51617e-08 0)
(4.32887e-07 -5.7095e-08 0)
(1.52348e-06 -2.09602e-07 0)
(5.20653e-06 -7.49217e-07 0)
(1.72494e-05 -2.60414e-06 0)
(5.52963e-05 -8.78896e-06 0)
(0.000171155 -2.87575e-05 0)
(0.000510302 -9.10657e-05 0)
(0.00146155 -0.000278586 0)
(0.00400878 -0.000821615 0)
(0.0104912 -0.00233128 0)
(0.0260899 -0.00634878 0)
(0.0613332 -0.0165616 0)
(0.135515 -0.0412764 0)
(0.279169 -0.0982375 0)
(0.531116 -0.222863 0)
(0.917983 -0.485389 0)
(1.38906 -1.01788 0)
(1.80317 -2.1536 0)
(0.986747 -4.35894 0)
(5.54396e-14 -9.07193e-15 0)
(3.1819e-13 -4.03198e-14 0)
(1.41623e-12 -1.88831e-13 0)
(6.14372e-12 -8.69898e-13 0)
(2.61297e-11 -3.80215e-12 0)
(1.08799e-10 -1.63043e-11 0)
(4.4353e-10 -6.8559e-11 0)
(1.76844e-09 -2.82371e-10 0)
(6.89014e-09 -1.13822e-09 0)
(2.62041e-08 -4.48611e-09 0)
(9.71644e-08 -1.72717e-08 0)
(3.50824e-07 -6.48871e-08 0)
(1.23169e-06 -2.37597e-07 0)
(4.19829e-06 -8.46908e-07 0)
(1.38689e-05 -2.93461e-06 0)
(4.43171e-05 -9.87027e-06 0)
(0.00013668 -3.21706e-05 0)
(0.000405847 -0.000101425 0)
(0.0011569 -0.000308692 0)
(0.00315561 -0.000904929 0)
(0.0082037 -0.00254902 0)
(0.0202344 -0.00687965 0)
(0.0470778 -0.0177401 0)
(0.102605 -0.0435473 0)
(0.207479 -0.101433 0)
(0.384219 -0.223102 0)
(0.636805 -0.461575 0)
(0.903528 -0.891316 0)
(1.08388 -1.56464 0)
(0.570414 -2.47346 0)
(4.35116e-14 -8.73599e-15 0)
(2.39734e-13 -4.43517e-14 0)
(1.09569e-12 -1.92527e-13 0)
(4.73925e-12 -8.6049e-13 0)
(2.01271e-11 -3.76183e-12 0)
(8.36476e-11 -1.61003e-11 0)
(3.40294e-10 -6.75611e-11 0)
(1.35389e-09 -2.77639e-10 0)
(5.26295e-09 -1.1164e-09 0)
(1.99673e-08 -4.38872e-09 0)
(7.3848e-08 -1.685e-08 0)
(2.65904e-07 -6.31149e-08 0)
(9.3079e-07 -2.30367e-07 0)
(3.16248e-06 -8.18283e-07 0)
(1.04106e-05 -2.82464e-06 0)
(3.31384e-05 -9.46055e-06 0)
(0.000101767 -3.06912e-05 0)
(0.000300728 -9.62523e-05 0)
(0.000852576 -0.000291193 0)
(0.00231084 -0.000847729 0)
(0.00596302 -0.00236847 0)
(0.0145766 -0.00633031 0)
(0.0335427 -0.0161292 0)
(0.0720843 -0.0390063 0)
(0.143084 -0.0891118 0)
(0.258163 -0.191072 0)
(0.411541 -0.381624 0)
(0.552979 -0.700251 0)
(0.602899 -1.14592 0)
(0.297462 -1.69148 0)
(1.7808e-14 -1.10878e-14 0)
(1.80263e-13 -3.35998e-14 0)
(7.96483e-13 -1.73039e-13 0)
(3.44078e-12 -7.63387e-13 0)
(1.45771e-11 -3.32436e-12 0)
(6.04438e-11 -1.41848e-11 0)
(2.45309e-10 -5.93967e-11 0)
(9.73539e-10 -2.43441e-10 0)
(3.77437e-09 -9.76135e-10 0)
(1.42797e-08 -3.82596e-09 0)
(5.26561e-08 -1.46431e-08 0)
(1.89e-07 -5.46646e-08 0)
(6.59357e-07 -1.98807e-07 0)
(2.23211e-06 -7.03441e-07 0)
(7.31899e-06 -2.41801e-06 0)
(2.31972e-05 -8.06146e-06 0)
(7.09005e-05 -2.60201e-05 0)
(0.000208414 -8.11445e-05 0)
(0.000587364 -0.000243936 0)
(0.00158125 -0.000705051 0)
(0.00404848 -0.0019535 0)
(0.00980521 -0.00517054 0)
(0.0223127 -0.0130212 0)
(0.0472914 -0.0310462 0)
(0.0922285 -0.0696734 0)
(0.162525 -0.146024 0)
(0.250899 -0.282891 0)
(0.324266 -0.497457 0)
(0.332509 -0.772435 0)
(0.156946 -1.05856 0)
(1.86478e-14 6.71883e-16 0)
(1.19951e-13 -2.78878e-14 0)
(5.46836e-13 -1.39103e-13 0)
(2.35383e-12 -6.18572e-13 0)
(9.94923e-12 -2.67219e-12 0)
(4.11463e-11 -1.1386e-11 0)
(1.66548e-10 -4.75239e-11 0)
(6.59099e-10 -1.94199e-10 0)
(2.54776e-09 -7.76286e-10 0)
(9.60915e-09 -3.03272e-09 0)
(3.53177e-08 -1.15671e-08 0)
(1.26327e-07 -4.30237e-08 0)
(4.39085e-07 -1.55861e-07 0)
(1.48055e-06 -5.49183e-07 0)
(4.83401e-06 -1.87927e-06 0)
(1.52505e-05 -6.23476e-06 0)
(4.63774e-05 -2.00167e-05 0)
(0.000135571 -6.20562e-05 0)
(0.000379721 -0.000185334 0)
(0.00101517 -0.000531745 0)
(0.00257865 -0.00146102 0)
(0.00618843 -0.00382992 0)
(0.0139316 -0.00953657 0)
(0.0291478 -0.0224344 0)
(0.055943 -0.0495312 0)
(0.0965657 -0.101738 0)
(0.145189 -0.192122 0)
(0.181954 -0.327089 0)
(0.177624 -0.490726 0)
(0.0806717 -0.644219 0)
(-2.68779e-15 -7.05586e-15 0)
(7.96314e-14 -2.08319e-14 0)
(3.51118e-13 -1.00463e-13 0)
(1.5219e-12 -4.53933e-13 0)
(6.4152e-12 -1.98104e-12 0)
(2.64514e-11 -8.41674e-12 0)
(1.06756e-10 -3.50234e-11 0)
(4.21214e-10 -1.42653e-10 0)
(1.62307e-09 -5.68328e-10 0)
(6.10134e-09 -2.21251e-09 0)
(2.23472e-08 -8.4076e-09 0)
(7.96407e-08 -3.115e-08 0)
(2.75741e-07 -1.1238e-07 0)
(9.25944e-07 -3.9423e-07 0)
(3.00992e-06 -1.34266e-06 0)
(9.45093e-06 -4.43184e-06 0)
(2.85938e-05 -1.41501e-05 0)
(8.31207e-05 -4.36047e-05 0)
(0.000231389 -0.000129367 0)
(0.000614413 -0.000368455 0)
(0.00154881 -0.00100408 0)
(0.00368479 -0.00260775 0)
(0.00821244 -0.00642472 0)
(0.0169796 -0.0149293 0)
(0.0321244 -0.0324884 0)
(0.0544561 -0.065593 0)
(0.0801064 -0.12128 0)
(0.097955 -0.201388 0)
(0.0921561 -0.294529 0)
(0.0406273 -0.374703 0)
(6.21589e-15 6.04787e-15 0)
(4.41837e-14 -1.67999e-14 0)
(2.13359e-13 -6.85435e-14 0)
(9.3021e-13 -3.1483e-13 0)
(3.91908e-12 -1.36348e-12 0)
(1.61062e-11 -5.78353e-12 0)
(6.48066e-11 -2.39765e-11 0)
(2.54908e-10 -9.73191e-11 0)
(9.79036e-10 -3.86365e-10 0)
(3.6678e-09 -1.49859e-09 0)
(1.33861e-08 -5.67287e-09 0)
(4.75274e-08 -2.09333e-08 0)
(1.63909e-07 -7.52005e-08 0)
(5.48127e-07 -2.62621e-07 0)
(1.77393e-06 -8.90163e-07 0)
(5.54387e-06 -2.92328e-06 0)
(1.66885e-05 -9.28254e-06 0)
(4.82488e-05 -2.84365e-05 0)
(0.000133518 -8.38263e-05 0)
(0.00035223 -0.000237078 0)
(0.000881492 -0.000641083 0)
(0.00208015 -0.00165073 0)
(0.00459319 -0.00402774 0)
(0.00939424 -0.00925709 0)
(0.0175452 -0.0198915 0)
(0.0292708 -0.0395714 0)
(0.0422709 -0.0718861 0)
(0.0506497 -0.11704 0)
(0.0462705 -0.167882 0)
(0.0199119 -0.208963 0)
(1.51195e-15 -2.68795e-15 0)
(1.94879e-14 -3.69603e-15 0)
(1.25159e-13 -4.13278e-14 0)
(5.37932e-13 -1.97903e-13 0)
(2.26966e-12 -8.76618e-13 0)
(9.3194e-12 -3.71177e-12 0)
(3.73791e-11 -1.5349e-11 0)
(1.46565e-10 -6.21099e-11 0)
(5.61062e-10 -2.45707e-10 0)
(2.09471e-09 -9.49522e-10 0)
(7.6177e-09 -3.58057e-09 0)
(2.6946e-08 -1.31593e-08 0)
(9.25676e-08 -4.70741e-08 0)
(3.08288e-07 -1.63666e-07 0)
(9.93416e-07 -5.52158e-07 0)
(3.09039e-06 -1.80429e-06 0)
(9.25747e-06 -5.69908e-06 0)
(2.66244e-05 -1.73602e-05 0)
(7.32601e-05 -5.08646e-05 0)
(0.000192072 -0.00014291 0)
(0.000477411 -0.000383674 0)
(0.00111806 -0.000980141 0)
(0.00244762 -0.00237061 0)
(0.00495654 -0.00539506 0)
(0.00914939 -0.0114638 0)
(0.0150496 -0.0225144 0)
(0.0213936 -0.0402898 0)
(0.0252008 -0.0645536 0)
(0.0224885 -0.0911745 0)
(0.00949292 -0.111647 0)
(-1.42797e-14 1.34396e-15 0)
(1.32719e-14 -7.05591e-15 0)
(6.88795e-14 -3.12477e-14 0)
(2.96686e-13 -1.22975e-13 0)
(1.25462e-12 -5.35244e-13 0)
(5.13573e-12 -2.25085e-12 0)
(2.05469e-11 -9.25607e-12 0)
(8.03233e-11 -3.73203e-11 0)
(3.0647e-10 -1.47111e-10 0)
(1.14033e-09 -5.66419e-10 0)
(4.13237e-09 -2.12778e-09 0)
(1.45639e-08 -7.78915e-09 0)
(4.98405e-08 -2.77489e-08 0)
(1.65327e-07 -9.60611e-08 0)
(5.3051e-07 -3.22615e-07 0)
(1.64305e-06 -1.04919e-06 0)
(4.89874e-06 -3.29732e-06 0)
(1.40181e-05 -9.99041e-06 0)
(3.83646e-05 -2.91042e-05 0)
(9.99958e-05 -8.12697e-05 0)
(0.000246959 -0.000216737 0)
(0.00057426 -0.000549672 0)
(0.00124715 -0.00131887 0)
(0.00250256 -0.00297493 0)
(0.00457053 -0.00625854 0)
(0.00742372 -0.012153 0)
(0.0104096 -0.0214678 0)
(0.0120846 -0.0339411 0)
(0.0105791 -0.0473372 0)
(0.00439628 -0.0572531 0)
(1.84788e-15 -1.34398e-15 0)
(3.69606e-15 -2.01598e-15 0)
(3.77997e-14 -1.27679e-14 0)
(1.56743e-13 -6.85435e-14 0)
(6.63763e-13 -3.02734e-13 0)
(2.70411e-12 -1.28116e-12 0)
(1.07951e-11 -5.2802e-12 0)
(4.20846e-11 -2.12176e-11 0)
(1.6006e-10 -8.33641e-11 0)
(5.93577e-10 -3.19831e-10 0)
(2.14363e-09 -1.19703e-09 0)
(7.52796e-09 -4.36516e-09 0)
(2.56667e-08 -1.5489e-08 0)
(8.48103e-08 -5.33976e-08 0)
(2.71043e-07 -1.78556e-07 0)
(8.35879e-07 -5.78055e-07 0)
(2.48096e-06 -1.80799e-06 0)
(7.06552e-06 -5.45031e-06 0)
(1.92379e-05 -1.57927e-05 0)
(4.98656e-05 -4.38466e-05 0)
(0.000122411 -0.000116213 0)
(0.000282757 -0.000292762 0)
(0.000609523 -0.00069732 0)
(0.00121279 -0.00156026 0)
(0.00219342 -0.00325299 0)
(0.00352258 -0.00625318 0)
(0.00488044 -0.0109218 0)
(0.0055946 -0.0170733 0)
(0.00482051 -0.0235623 0)
(0.00197774 -0.0282224 0)
(-1.44477e-14 -3.69593e-15 0)
(7.05589e-15 3.02392e-15 0)
(1.62959e-14 -4.70398e-15 0)
(7.81195e-14 -3.69598e-14 0)
(3.3331e-13 -1.64639e-13 0)
(1.36482e-12 -6.96187e-13 0)
(5.43779e-12 -2.86438e-12 0)
(2.11381e-11 -1.14757e-11 0)
(8.01528e-11 -4.49229e-11 0)
(2.9629e-10 -1.71752e-10 0)
(1.06644e-09 -6.40494e-10 0)
(3.73213e-09 -2.32703e-09 0)
(1.26791e-08 -8.22545e-09 0)
(4.17394e-08 -2.82443e-08 0)
(1.32875e-07 -9.40559e-08 0)
(4.08105e-07 -3.03183e-07 0)
(1.20608e-06 -9.43982e-07 0)
(3.41913e-06 -2.83214e-06 0)
(9.26425e-06 -8.16504e-06 0)
(2.38878e-05 -2.25477e-05 0)
(5.83071e-05 -5.94185e-05 0)
(0.000133843 -0.00014876 0)
(0.000286515 -0.000351941 0)
(0.000565626 -0.000781662 0)
(0.00101379 -0.00161639 0)
(0.00161157 -0.00307898 0)
(0.00220912 -0.00532436 0)
(0.00250446 -0.00824232 0)
(0.00212929 -0.0112735 0)
(0.000864388 -0.0133985 0)
(-1.34407e-15 1.008e-15 0)
(1.17599e-15 -2.68793e-15 0)
(7.55993e-15 -1.008e-15 0)
(3.66237e-14 -2.08318e-14 0)
(1.62455e-13 -8.13115e-14 0)
(6.60404e-13 -3.5851e-13 0)
(2.62801e-12 -1.47973e-12 0)
(1.02044e-11 -5.92028e-12 0)
(3.85887e-11 -2.31082e-11 0)
(1.42196e-10 -8.80596e-11 0)
(5.10149e-10 -3.2727e-10 0)
(1.77936e-09 -1.1848e-09 0)
(6.02409e-09 -4.17259e-09 0)
(1.97599e-08 -1.42734e-08 0)
(6.26691e-08 -4.73443e-08 0)
(1.91725e-07 -1.51985e-07 0)
(5.64278e-07 -4.7119e-07 0)
(1.59272e-06 -1.40731e-06 0)
(4.29553e-06 -4.03801e-06 0)
(1.10209e-05 -1.10949e-05 0)
(2.6756e-05 -2.90806e-05 0)
(6.10562e-05 -7.2386e-05 0)
(0.00012985 -0.000170184 0)
(0.000254467 -0.000375404 0)
(0.000452295 -0.000770484 0)
(0.000712331 -0.00145554 0)
(0.000967179 -0.00249473 0)
(0.00108576 -0.00382904 0)
(0.000912669 -0.00519687 0)
(0.000367232 -0.00613715 0)
(-1.37758e-14 3.35995e-15 0)
(3.19195e-15 3.69598e-15 0)
(-6.71932e-16 7.39185e-15 0)
(1.47839e-14 -7.72792e-15 0)
(7.42555e-14 -4.23357e-14 0)
(3.07102e-13 -1.79423e-13 0)
(1.22656e-12 -7.30123e-13 0)
(4.74664e-12 -2.92419e-12 0)
(1.79038e-11 -1.13829e-11 0)
(6.57645e-11 -4.32584e-11 0)
(2.35226e-10 -1.60239e-10 0)
(8.17781e-10 -5.78141e-10 0)
(2.75938e-09 -2.02894e-09 0)
(9.01985e-09 -6.91529e-09 0)
(2.85037e-08 -2.28516e-08 0)
(8.68744e-08 -7.30724e-08 0)
(2.54677e-07 -2.2562e-07 0)
(7.15853e-07 -6.70992e-07 0)
(1.92211e-06 -1.91666e-06 0)
(4.90817e-06 -5.24125e-06 0)
(1.18548e-05 -1.36685e-05 0)
(2.69014e-05 -3.38391e-05 0)
(5.68596e-05 -7.90938e-05 0)
(0.000110662 -0.000173366 0)
(0.000195167 -0.000353355 0)
(0.000304769 -0.000662478 0)
(0.000410251 -0.00112642 0)
(0.000456522 -0.00171582 0)
(0.000379991 -0.00231306 0)
(0.000151757 -0.00271705 0)
(-1.15918e-14 2.35198e-15 0)
(3.52792e-15 2.35197e-15 0)
(3.02393e-15 -4.03187e-15 0)
(3.19201e-15 -4.36796e-15 0)
(2.36879e-14 -1.67999e-14 0)
(1.33895e-13 -8.33275e-14 0)
(5.507e-13 -3.4675e-13 0)
(2.13241e-12 -1.38834e-12 0)
(8.01943e-12 -5.3931e-12 0)
(2.93808e-11 -2.04236e-11 0)
(1.04765e-10 -7.54191e-11 0)
(3.63086e-10 -2.71197e-10 0)
(1.2212e-09 -9.48546e-10 0)
(3.97851e-09 -3.22173e-09 0)
(1.2529e-08 -1.0608e-08 0)
(3.80481e-08 -3.37949e-08 0)
(1.11118e-07 -1.03942e-07 0)
(3.11086e-07 -3.0787e-07 0)
(8.31751e-07 -8.7568e-07 0)
(2.1143e-06 -2.38387e-06 0)
(5.08183e-06 -6.18721e-06 0)
(1.14707e-05 -1.52397e-05 0)
(2.41033e-05 -3.54256e-05 0)
(4.66061e-05 -7.71891e-05 0)
(8.15988e-05 -0.000156314 0)
(0.00012643 -0.000291013 0)
(0.000168856 -0.000491239 0)
(0.000186416 -0.00074321 0)
(0.000153842 -0.000995926 0)
(6.10481e-05 -0.00116459 0)
(-6.72026e-16 2.352e-15 0)
(8.39999e-16 4.70393e-15 0)
(-3.69594e-15 4.70391e-15 0)
(1.51198e-15 3.69593e-15 0)
(1.36079e-14 -5.03997e-15 0)
(5.71196e-14 -3.76317e-14 0)
(2.4175e-13 -1.62623e-13 0)
(9.26514e-13 -6.34364e-13 0)
(3.4722e-12 -2.45782e-12 0)
(1.26999e-11 -9.29101e-12 0)
(4.51578e-11 -3.42039e-11 0)
(1.56038e-10 -1.22625e-10 0)
(5.23191e-10 -4.27492e-10 0)
(1.69899e-09 -1.44711e-09 0)
(5.3325e-09 -4.74846e-09 0)
(1.61374e-08 -1.50737e-08 0)
(4.69568e-08 -4.61902e-08 0)
(1.30956e-07 -1.36285e-07 0)
(3.48715e-07 -3.8607e-07 0)
(8.82586e-07 -1.04652e-06 0)
(2.11145e-06 -2.70392e-06 0)
(4.74181e-06 -6.62794e-06 0)
(9.90858e-06 -1.53274e-05 0)
(1.90414e-05 -3.32107e-05 0)
(3.31105e-05 -6.68485e-05 0)
(5.09311e-05 -0.000123646 0)
(6.75336e-05 -0.00020734 0)
(7.40218e-05 -0.000311766 0)
(6.06279e-05 -0.000415549 0)
(2.3926e-05 -0.000484034 0)
(-1.67998e-16 -1.34396e-15 0)
(-6.71966e-16 6.7203e-16 0)
(-3.86393e-15 5.20266e-20 0)
(3.35976e-16 1.67997e-15 0)
(3.69599e-15 -3.3599e-16 0)
(2.33518e-14 -1.37759e-14 0)
(9.35754e-14 -7.08955e-14 0)
(3.89925e-13 -2.76526e-13 0)
(1.4584e-12 -1.08359e-12 0)
(5.32036e-12 -4.07767e-12 0)
(1.88738e-11 -1.49862e-11 0)
(6.50263e-11 -5.3559e-11 0)
(2.17364e-10 -1.86147e-10 0)
(7.03673e-10 -6.28133e-10 0)
(2.20143e-09 -2.05432e-09 0)
(6.63964e-09 -6.4991e-09 0)
(1.92521e-08 -1.98445e-08 0)
(5.34932e-08 -5.83357e-08 0)
(1.41886e-07 -1.64615e-07 0)
(3.57613e-07 -4.44408e-07 0)
(8.51702e-07 -1.14328e-06 0)
(1.90344e-06 -2.78961e-06 0)
(3.95635e-06 -6.41945e-06 0)
(7.55849e-06 -1.3836e-05 0)
(1.30586e-05 -2.76919e-05 0)
(1.99519e-05 -5.09097e-05 0)
(2.62804e-05 -8.48511e-05 0)
(2.8616e-05 -0.000126871 0)
(2.32812e-05 -0.000168292 0)
(9.14351e-06 -0.000195361 0)
(8.39986e-16 3.36035e-16 0)
(5.03987e-15 9.40786e-15 0)
(5.71191e-15 6.04788e-15 0)
(-6.71985e-16 -1.67991e-15 0)
(-3.3599e-16 1.34391e-15 0)
(3.69601e-15 -6.71994e-15 0)
(2.88959e-14 -2.58719e-14 0)
(1.55063e-13 -1.17263e-13 0)
(5.93708e-13 -4.60317e-13 0)
(2.15996e-12 -1.73576e-12 0)
(7.65756e-12 -6.35372e-12 0)
(2.63169e-11 -2.26499e-11 0)
(8.77164e-11 -7.84871e-11 0)
(2.83108e-10 -2.6402e-10 0)
(8.82922e-10 -8.60741e-10 0)
(2.65428e-09 -2.71412e-09 0)
(7.67011e-09 -8.25914e-09 0)
(2.12357e-08 -2.41928e-08 0)
(5.61132e-08 -6.80154e-08 0)
(1.4086e-07 -1.82904e-07 0)
(3.34031e-07 -4.68602e-07 0)
(7.43031e-07 -1.13839e-06 0)
(1.53655e-06 -2.60742e-06 0)
(2.91916e-06 -5.59169e-06 0)
(5.01261e-06 -1.11313e-05 0)
(7.61046e-06 -2.03478e-05 0)
(9.9627e-06 -3.37227e-05 0)
(1.07825e-05 -5.01633e-05 0)
(8.71967e-06 -6.62495e-05 0)
(3.41011e-06 -7.66748e-05 0)
(-5.03979e-16 9.74384e-15 0)
(-3.69589e-15 -2.01597e-15 0)
(-1.67998e-15 -9.74376e-15 0)
(-6.71991e-16 9.07181e-15 0)
(-3.36029e-16 -1.00797e-14 0)
(2.18398e-15 5.03988e-15 0)
(8.06396e-15 -1.94877e-14 0)
(6.66955e-14 -4.56957e-14 0)
(2.33854e-13 -1.89839e-13 0)
(8.50074e-13 -7.09627e-13 0)
(3.0218e-12 -2.61238e-12 0)
(1.03598e-11 -9.28429e-12 0)
(3.44288e-11 -3.20925e-11 0)
(1.10808e-10 -1.07651e-10 0)
(3.44518e-10 -3.499e-10 0)
(1.03243e-09 -1.09983e-09 0)
(2.97359e-09 -3.33585e-09 0)
(8.20427e-09 -9.73805e-09 0)
(2.15997e-08 -2.72798e-08 0)
(5.40106e-08 -7.30851e-08 0)
(1.27545e-07 -1.86504e-07 0)
(2.82441e-07 -4.5118e-07 0)
(5.81217e-07 -1.02878e-06 0)
(1.0983e-06 -2.19571e-06 0)
(1.87502e-06 -4.34867e-06 0)
(2.82996e-06 -7.90673e-06 0)
(3.68335e-06 -1.30352e-05 0)
(3.96412e-06 -1.92978e-05 0)
(3.18833e-06 -2.5384e-05 0)
(1.24223e-06 -2.92998e-05 0)
(4.36788e-15 -3.3598e-16 0)
(5.71192e-15 -2.68783e-15 0)
(-2.85598e-15 1.17598e-14 0)
(6.7198e-16 -3.35928e-16 0)
(-4.03194e-15 6.38384e-15 0)
(2.18395e-15 3.36031e-16 0)
(-3.86394e-15 1.67991e-15 0)
(2.13359e-14 -1.3104e-14 0)
(8.87034e-14 -6.92156e-14 0)
(3.25414e-13 -2.85598e-13 0)
(1.15718e-12 -1.04025e-12 0)
(3.9683e-12 -3.69564e-12 0)
(1.31632e-11 -1.27535e-11 0)
(4.22457e-11 -4.26586e-11 0)
(1.30955e-10 -1.38226e-10 0)
(3.91251e-10 -4.33167e-10 0)
(1.12326e-09 -1.30964e-09 0)
(3.08869e-09 -3.81052e-09 0)
(8.10285e-09 -1.06379e-08 0)
(2.0185e-08 -2.83969e-08 0)
(4.74743e-08 -7.21894e-08 0)
(1.04672e-07 -1.73932e-07 0)
(2.14382e-07 -3.94898e-07 0)
(4.03032e-07 -8.38964e-07 0)
(6.84261e-07 -1.65352e-06 0)
(1.02699e-06 -2.99118e-06 0)
(1.32948e-06 -4.90709e-06 0)
(1.42337e-06 -7.23241e-06 0)
(1.13915e-06 -9.47831e-06 0)
(4.42345e-07 -1.0914e-05 0)
(-1.51197e-14 1.00804e-15 0)
(3.02392e-15 1.94876e-14 0)
(-2.85595e-15 -1.00791e-15 0)
(-2.07304e-20 2.01596e-15 0)
(-5.20796e-15 2.016e-15 0)
(1.00798e-15 3.3603e-16 0)
(-8.9039e-15 1.00799e-15 0)
(9.40792e-15 -7.72788e-15 0)
(2.95678e-14 -2.95678e-14 0)
(1.21799e-13 -1.08527e-13 0)
(4.33773e-13 -4.01181e-13 0)
(1.48293e-12 -1.43236e-12 0)
(4.90557e-12 -4.92909e-12 0)
(1.57097e-11 -1.64464e-11 0)
(4.85497e-11 -5.31478e-11 0)
(1.44625e-10 -1.66052e-10 0)
(4.13914e-10 -5.00499e-10 0)
(1.13444e-09 -1.45159e-09 0)
(2.9658e-09 -4.03893e-09 0)
(7.36101e-09 -1.07439e-08 0)
(1.7245e-08 -2.7212e-08 0)
(3.78618e-08 -6.53089e-08 0)
(7.71926e-08 -1.47665e-07 0)
(1.44404e-07 -3.12337e-07 0)
(2.43874e-07 -6.12722e-07 0)
(3.64093e-07 -1.10307e-06 0)
(4.68941e-07 -1.80124e-06 0)
(4.99615e-07 -2.64378e-06 0)
(3.9804e-07 -3.45291e-06 0)
(1.54096e-07 -3.96722e-06 0)
(1.67943e-16 5.03992e-15 0)
(1.176e-15 -1.67995e-14 0)
(-4.87196e-15 5.0399e-15 0)
(-8.40012e-16 -3.35971e-16 0)
(-7.05591e-15 -1.00795e-15 0)
(-1.67998e-16 2.68795e-15 0)
(-1.05839e-14 4.70394e-15 0)
(5.54389e-15 -3.35991e-16 0)
(1.32719e-14 -9.07195e-15 0)
(4.19997e-14 -4.03197e-14 0)
(1.55567e-13 -1.47167e-13 0)
(5.3726e-13 -5.37596e-13 0)
(1.786e-12 -1.85034e-12 0)
(5.69886e-12 -6.18437e-12 0)
(1.7574e-11 -1.99132e-11 0)
(5.22043e-11 -6.20349e-11 0)
(1.48957e-10 -1.86432e-10 0)
(4.06938e-10 -5.39036e-10 0)
(1.06028e-09 -1.49496e-09 0)
(2.6222e-09 -3.96324e-09 0)
(6.11974e-09 -1.00023e-08 0)
(1.3381e-08 -2.3915e-08 0)
(2.71608e-08 -5.38564e-08 0)
(5.05677e-08 -1.13433e-07 0)
(8.49694e-08 -2.21532e-07 0)
(1.26219e-07 -3.96991e-07 0)
(1.61786e-07 -6.45429e-07 0)
(1.71582e-07 -9.43637e-07 0)
(1.36127e-07 -1.22851e-06 0)
(5.25552e-08 -1.40866e-06 0)
(-1.17596e-15 3.02398e-15 0)
(2.35197e-15 2.31835e-14 0)
(-5.20794e-15 6.72025e-16 0)
(-2.01598e-15 6.72003e-16 0)
(-5.20794e-15 5.7119e-15 0)
(3.35989e-15 -1.00794e-15 0)
(-9.23992e-15 1.67996e-15 0)
(-3.02391e-15 2.35194e-15 0)
(2.68797e-15 -3.69591e-15 0)
(1.76398e-14 -1.17599e-14 0)
(5.54396e-14 -5.20796e-14 0)
(1.87487e-13 -2.00591e-13 0)
(6.32348e-13 -6.81739e-13 0)
(2.01951e-12 -2.26026e-12 0)
(6.22016e-12 -7.27872e-12 0)
(1.84165e-11 -2.2615e-11 0)
(5.23994e-11 -6.77667e-11 0)
(1.42709e-10 -1.95348e-10 0)
(3.70605e-10 -5.40087e-10 0)
(9.13348e-10 -1.42708e-09 0)
(2.12367e-09 -3.58913e-09 0)
(4.62499e-09 -8.55003e-09 0)
(9.34756e-09 -1.918e-08 0)
(1.73231e-08 -4.02318e-08 0)
(2.89671e-08 -7.82348e-08 0)
(4.28237e-08 -1.39584e-07 0)
(5.46411e-08 -2.25996e-07 0)
(5.77e-08 -3.29197e-07 0)
(4.56001e-08 -4.273e-07 0)
(1.7561e-08 -4.89053e-07 0)
(5.03965e-16 -3.35996e-15 0)
(3.86396e-15 -7.72779e-15 0)
(-4.87193e-15 -2.68796e-15 0)
(-1.67999e-15 2.01597e-15 0)
(-2.85601e-15 1.344e-15 0)
(1.34398e-15 1.67998e-15 0)
(-1.25999e-14 1.00801e-15 0)
(-1.67998e-16 1.00802e-15 0)
(1.344e-15 2.01593e-15 0)
(3.35998e-15 -1.00805e-15 0)
(2.13358e-14 -2.25118e-14 0)
(6.41756e-14 -6.24957e-14 0)
(2.15039e-13 -2.40238e-13 0)
(6.99379e-13 -8.14122e-13 0)
(2.15442e-12 -2.59457e-12 0)
(6.35372e-12 -8.05185e-12 0)
(1.80409e-11 -2.40652e-11 0)
(4.89702e-11 -6.91722e-11 0)
(1.26764e-10 -1.90645e-10 0)
(3.1135e-10 -5.0213e-10 0)
(7.21296e-10 -1.25859e-09 0)
(1.56476e-09 -2.98755e-09 0)
(3.14935e-09 -6.6767e-09 0)
(5.81042e-09 -1.39495e-08 0)
(9.67066e-09 -2.70138e-08 0)
(1.42313e-08 -4.79949e-08 0)
(1.80799e-08 -7.74003e-08 0)
(1.90143e-08 -1.12352e-07 0)
(1.49728e-08 -1.45425e-07 0)
(5.75291e-09 -1.66156e-07 0)
(-3.52789e-15 -1.34401e-15 0)
(2.85596e-15 -3.74673e-20 0)
(-5.0401e-16 -6.72014e-16 0)
(8.39964e-16 -3.36004e-16 0)
(-8.06386e-15 1.34398e-15 0)
(1.51194e-15 1.67998e-15 0)
(-1.15919e-14 -1.00793e-15 0)
(6.71963e-16 1.34401e-15 0)
(4.36792e-15 1.00804e-15 0)
(-4.03192e-15 -6.71969e-16 0)
(4.19999e-15 -3.02398e-15 0)
(1.99919e-14 -2.55357e-14 0)
(7.44235e-14 -8.39994e-14 0)
(2.3419e-13 -2.79886e-13 0)
(7.28443e-13 -9.05178e-13 0)
(2.14585e-12 -2.80155e-12 0)
(6.0829e-12 -8.35593e-12 0)
(1.64553e-11 -2.39486e-11 0)
(4.24663e-11 -6.58176e-11 0)
(1.03958e-10 -1.72814e-10 0)
(2.39978e-10 -4.31727e-10 0)
(5.18632e-10 -1.02125e-09 0)
(1.03959e-09 -2.27397e-09 0)
(1.90971e-09 -4.73267e-09 0)
(3.16416e-09 -9.12838e-09 0)
(4.63596e-09 -1.61528e-08 0)
(5.86528e-09 -2.59512e-08 0)
(6.14465e-09 -3.7545e-08 0)
(4.82231e-09 -4.84685e-08 0)
(1.8489e-09 -5.52895e-08 0)
(1.84789e-15 -7.72789e-15 0)
(4.70396e-15 2.01593e-15 0)
(-2.01596e-15 -3.02394e-15 0)
(1.00797e-15 -2.68794e-15 0)
(-1.00804e-15 -3.35995e-15 0)
(-3.02395e-15 5.37592e-15 0)
(-6.04794e-15 1.00798e-14 0)
(-4.70392e-15 7.39187e-15 0)
(8.39953e-16 9.40785e-15 0)
(1.51194e-15 2.35199e-15 0)
(-1.67995e-15 4.70389e-15 0)
(4.53594e-15 -4.368e-15 0)
(1.93199e-14 -2.68798e-14 0)
(7.84555e-14 -9.47514e-14 0)
(2.41078e-13 -3.05086e-13 0)
(7.09291e-13 -9.5625e-13 0)
(2.01061e-12 -2.83817e-12 0)
(5.41897e-12 -8.11972e-12 0)
(1.39498e-11 -2.22471e-11 0)
(3.40213e-11 -5.82234e-11 0)
(7.82712e-11 -1.44995e-10 0)
(1.68526e-10 -3.41823e-10 0)
(3.36476e-10 -7.58404e-10 0)
(6.155e-10 -1.57252e-09 0)
(1.01537e-09 -3.02131e-09 0)
(1.48142e-09 -5.3255e-09 0)
(1.86682e-09 -8.52509e-09 0)
(1.94856e-09 -1.22947e-08 0)
(1.5244e-09 -1.5832e-08 0)
(5.83313e-10 -1.80331e-08 0)
(-1.89836e-14 3.35989e-16 0)
(6.21587e-15 -6.71989e-15 0)
(-1.17597e-15 -5.17215e-20 0)
(-8.3998e-16 2.35191e-15 0)
(-1.68e-15 2.49549e-20 0)
(8.39979e-16 -3.35977e-16 0)
(-2.68799e-15 6.72025e-16 0)
(1.67958e-16 -3.3594e-16 0)
(-9.57583e-15 -3.35955e-16 0)
(-1.34401e-15 -3.35993e-15 0)
(-3.35987e-16 5.71192e-15 0)
(-3.35989e-16 7.1526e-21 0)
(5.71192e-15 -5.71201e-15 0)
(2.46958e-14 -3.29277e-14 0)
(7.59355e-14 -9.81114e-14 0)
(2.27303e-13 -3.19534e-13 0)
(6.49988e-13 -9.4449e-13 0)
(1.74786e-12 -2.68933e-12 0)
(4.49011e-12 -7.36373e-12 0)
(1.0929e-11 -1.92211e-11 0)
(2.50451e-11 -4.77124e-11 0)
(5.37292e-11 -1.12111e-10 0)
(1.06858e-10 -2.47891e-10 0)
(1.94668e-10 -5.12111e-10 0)
(3.19786e-10 -9.80235e-10 0)
(4.64677e-10 -1.72135e-09 0)
(5.83336e-10 -2.74599e-09 0)
(6.06747e-10 -3.94825e-09 0)
(4.73254e-10 -5.07209e-09 0)
(1.80759e-10 -5.7691e-09 0)
(1.67989e-15 -2.35198e-15 0)
(-3.35991e-16 3.0239e-15 0)
(1.17599e-15 -5.7119e-15 0)
(-2.68795e-15 -4.70393e-15 0)
(9.48009e-21 3.35952e-16 0)
(1.51198e-15 1.008e-15 0)
(-3.52795e-15 -1.34396e-15 0)
(-1.00802e-15 2.01596e-15 0)
(6.71935e-16 3.3599e-16 0)
(-7.89588e-15 3.35996e-16 0)
(2.51992e-15 1.68e-15 0)
(-3.52794e-15 3.36007e-16 0)
(-3.02395e-15 -2.01594e-15 0)
(8.39993e-15 -3.69604e-15 0)
(2.28479e-14 -3.09117e-14 0)
(7.03915e-14 -9.81114e-14 0)
(2.07647e-13 -3.03406e-13 0)
(5.53052e-13 -8.77626e-13 0)
(1.42026e-12 -2.3876e-12 0)
(3.44599e-12 -6.21999e-12 0)
(7.86537e-12 -1.53917e-11 0)
(1.68177e-11 -3.60657e-11 0)
(3.33169e-11 -7.94702e-11 0)
(6.04564e-11 -1.63584e-10 0)
(9.89085e-11 -3.11981e-10 0)
(1.43165e-10 -5.45868e-10 0)
(1.7906e-10 -8.67893e-10 0)
(1.85618e-10 -1.24426e-09 0)
(1.44385e-10 -1.5948e-09 0)
(5.50504e-11 -1.81155e-09 0)
(2.06936e-20 -5.03994e-15 0)
(2.85595e-15 -6.04792e-15 0)
(-5.03986e-16 -2.35198e-15 0)
(8.40001e-16 -3.02398e-15 0)
(4.36793e-15 -3.69591e-15 0)
(3.02396e-15 1.67996e-15 0)
(-1.51202e-15 3.69595e-15 0)
(-1.00798e-14 6.04794e-15 0)
(-1.51198e-15 2.35198e-15 0)
(-2.68801e-15 -8.33091e-21 0)
(2.01597e-15 -4.03194e-15 0)
(-2.68796e-15 1.34395e-15 0)
(-3.02398e-15 -1.00799e-15 0)
(3.35997e-15 -1.67997e-15 0)
(5.54397e-15 -9.07194e-15 0)
(2.03279e-14 -2.75519e-14 0)
(6.33356e-14 -9.71033e-14 0)
(1.73711e-13 -2.74174e-13 0)
(4.38477e-13 -7.58011e-13 0)
(1.06562e-12 -1.97029e-12 0)
(2.42708e-12 -4.87365e-12 0)
(5.17117e-12 -1.13772e-11 0)
(1.02049e-11 -2.49979e-11 0)
(1.845e-11 -5.12911e-11 0)
(3.006e-11 -9.74672e-11 0)
(4.33482e-11 -1.69947e-10 0)
(5.40301e-11 -2.69328e-10 0)
(5.58248e-11 -3.85057e-10 0)
(4.33074e-11 -4.92464e-10 0)
(1.64839e-11 -5.58693e-10 0)
(1.00795e-15 -1.344e-15 0)
(-5.37589e-15 -3.69596e-15 0)
(3.19195e-15 -2.01601e-15 0)
(3.02397e-15 -2.68794e-15 0)
(2.016e-15 3.35958e-16 0)
(2.01597e-15 -3.02396e-15 0)
(-1.00799e-15 6.71993e-16 0)
(-7.39194e-15 -1.67998e-15 0)
(-3.51603e-20 -4.36795e-15 0)
(-6.38391e-15 -6.72008e-16 0)
(3.19194e-15 2.35198e-15 0)
(-2.18398e-15 -3.35999e-16 0)
(-4.87193e-15 3.36005e-16 0)
(2.51999e-15 2.01595e-15 0)
(3.02395e-15 -3.35998e-16 0)
(6.71993e-15 -7.3919e-15 0)
(1.5624e-14 -2.2848e-14 0)
(5.45996e-14 -8.39994e-14 0)
(1.32383e-13 -2.35198e-13 0)
(3.2827e-13 -6.13196e-13 0)
(7.33147e-13 -1.51065e-12 0)
(1.56189e-12 -3.52663e-12 0)
(3.07337e-12 -7.72593e-12 0)
(5.53371e-12 -1.57942e-11 0)
(8.97887e-12 -2.99132e-11 0)
(1.29116e-11 -5.19755e-11 0)
(1.60279e-11 -8.21229e-11 0)
(1.6514e-11 -1.17082e-10 0)
(1.2781e-11 -1.49437e-10 0)
(4.85836e-12 -1.69329e-10 0)
(-1.51197e-15 3.35995e-15 0)
(-2.01599e-15 -3.35997e-16 0)
(1.51196e-15 -1.00797e-15 0)
(2.68796e-15 2.01592e-15 0)
(2.35199e-15 1.67996e-15 0)
(4.87194e-15 1.00799e-15 0)
(-3.35994e-15 -1.00799e-15 0)
(-7.7279e-15 -1.67997e-15 0)
(-3.30446e-20 -3.35994e-15 0)
(-6.04793e-15 -1.34396e-15 0)
(1.51197e-15 -1.34401e-15 0)
(-6.71993e-16 -4.03191e-15 0)
(-1.00799e-15 -1.48943e-20 0)
(2.51995e-15 -6.7197e-16 0)
(-3.02391e-15 5.90652e-21 0)
(3.35996e-15 -3.36032e-16 0)
(8.73589e-15 -8.39988e-15 0)
(1.54559e-14 -2.28478e-14 0)
(3.69598e-14 -7.02235e-14 0)
(9.74394e-14 -1.84463e-13 0)
(2.17391e-13 -4.58973e-13 0)
(4.64013e-13 -1.06847e-12 0)
(9.0333e-13 -2.34426e-12 0)
(1.6353e-12 -4.77419e-12 0)
(2.63456e-12 -9.01952e-12 0)
(3.78233e-12 -1.56276e-11 0)
(4.6786e-12 -2.46058e-11 0)
(4.81149e-12 -3.50022e-11 0)
(3.71177e-12 -4.45829e-11 0)
(1.40934e-12 -5.04618e-11 0)
(3.35976e-16 1.34396e-15 0)
(-3.02395e-15 1.00798e-15 0)
(-2.51994e-15 -3.35999e-16 0)
(-3.35967e-16 -3.35989e-15 0)
(4.19993e-15 -2.35196e-15 0)
(1.512e-15 -5.03993e-15 0)
(3.19194e-15 1.00799e-15 0)
(-4.70395e-15 -1.34402e-15 0)
(-1.34401e-15 3.69591e-15 0)
(-3.19199e-15 3.02396e-15 0)
(-2.51993e-15 -1.34395e-15 0)
(3.35973e-16 2.68794e-15 0)
(-6.72001e-16 1.00799e-15 0)
(1.17599e-15 2.68797e-15 0)
(-6.71991e-16 2.68795e-15 0)
(3.35995e-15 -1.00799e-15 0)
(1.17602e-15 -4.43071e-20 0)
(5.37595e-15 -1.00806e-15 0)
(7.05598e-15 -1.71359e-14 0)
(3.15837e-14 -5.20797e-14 0)
(5.87997e-14 -1.36079e-13 0)
(1.35743e-13 -3.1651e-13 0)
(2.6611e-13 -6.98539e-13 0)
(4.69053e-13 -1.42026e-12 0)
(7.63051e-13 -2.66816e-12 0)
(1.0893e-12 -4.61291e-12 0)
(1.34634e-12 -7.25486e-12 0)
(1.37709e-12 -1.02889e-11 0)
(1.0683e-12 -1.30858e-11 0)
(4.01517e-13 -1.4794e-11 0)
(1.67994e-16 -6.0479e-15 0)
(-3.86394e-15 -5.37594e-15 0)
(8.39969e-16 7.39186e-15 0)
(-3.35966e-16 4.70391e-15 0)
(5.3759e-15 4.03191e-15 0)
(-8.39939e-16 2.68798e-15 0)
(2.51992e-15 -1.344e-15 0)
(-8.2319e-15 -3.35996e-15 0)
(2.0946e-21 -3.69591e-15 0)
(-8.7359e-15 5.03991e-15 0)
(3.1919e-15 6.71974e-16 0)
(3.48309e-21 1.00797e-15 0)
(1.176e-15 1.00799e-15 0)
(-1.67997e-15 -1.00802e-15 0)
(-3.35981e-16 -5.03992e-15 0)
(1.84797e-15 -1.67998e-15 0)
(5.04006e-16 -3.3597e-16 0)
(2.68795e-15 -3.35995e-15 0)
(1.68025e-16 -2.68797e-15 0)
(1.02479e-14 -1.37759e-14 0)
(1.64639e-14 -3.72958e-14 0)
(3.86397e-14 -9.91192e-14 0)
(7.61035e-14 -2.01935e-13 0)
(1.31711e-13 -4.11597e-13 0)
(2.13191e-13 -7.78171e-13 0)
(3.11134e-13 -1.33895e-12 0)
(3.82533e-13 -2.10099e-12 0)
(3.85557e-13 -2.97627e-12 0)
(3.04918e-13 -3.77997e-12 0)
(1.12223e-13 -4.26247e-12 0)
(8.39981e-16 -1.344e-15 0)
(2.01595e-15 2.35199e-15 0)
(3.19197e-15 -4.36793e-15 0)
(2.01596e-15 -1.00798e-15 0)
(3.36042e-16 4.72488e-20 0)
(2.01595e-15 -4.24098e-20 0)
(-3.35993e-15 -3.35995e-15 0)
(-8.3999e-15 -3.69594e-15 0)
(2.68792e-15 2.35195e-15 0)
(-6.04795e-15 -2.68795e-15 0)
(-2.35192e-15 -1.34397e-15 0)
(1.84796e-15 -4.03192e-15 0)
(-1.008e-15 -3.35995e-15 0)
(-6.71998e-16 -5.37589e-15 0)
(4.53593e-15 -1.34403e-15 0)
(1.512e-15 -3.69595e-15 0)
(8.39987e-16 2.01593e-15 0)
(-2.35192e-15 -1.79052e-20 0)
(1.00795e-15 -5.37592e-15 0)
(3.19197e-15 -3.35996e-15 0)
(4.872e-15 -1.54559e-14 0)
(1.41119e-14 -2.45279e-14 0)
(1.73039e-14 -5.34237e-14 0)
(3.84717e-14 -1.14911e-13 0)
(5.64477e-14 -2.17727e-13 0)
(9.00474e-14 -3.80013e-13 0)
(1.04663e-13 -5.94044e-13 0)
(1.08527e-13 -8.43018e-13 0)
(8.23195e-14 -1.07082e-12 0)
(3.19198e-14 -1.21094e-12 0)
(-1.17597e-15 -6.72009e-16 0)
(6.71988e-16 -3.36025e-16 0)
(3.19197e-15 -4.36794e-15 0)
(1.00801e-15 -1.68001e-15 0)
(2.35198e-15 -3.36039e-16 0)
(1.17599e-15 -3.69591e-15 0)
(-2.68798e-15 -1.008e-15 0)
(-2.52e-15 -1.67997e-15 0)
(-4.70393e-15 3.35989e-16 0)
(-3.36016e-16 -1.34398e-15 0)
(-1.00801e-15 -1.34397e-15 0)
(-1.67999e-15 3.35964e-16 0)
(-2.01595e-15 3.35977e-16 0)
(-1.51202e-15 3.35973e-16 0)
(2.016e-15 -1.67999e-15 0)
(-1.67974e-16 -6.72002e-16 0)
(2.68795e-15 -3.35974e-16 0)
(1.84795e-15 -1.00802e-15 0)
(-1.34396e-15 -3.02693e-20 0)
(1.51201e-15 1.67995e-15 0)
(6.21592e-15 -2.68797e-15 0)
(1.34402e-15 -2.35201e-15 0)
(8.56792e-15 -1.34399e-14 0)
(1.04159e-14 -3.02397e-14 0)
(1.46159e-14 -5.81276e-14 0)
(2.65438e-14 -1.01135e-13 0)
(2.87278e-14 -1.63295e-13 0)
(2.46959e-14 -2.3251e-13 0)
(2.51998e-14 -2.92654e-13 0)
(8.90395e-15 -3.34654e-13 0)
(-3.36001e-16 -4.03195e-15 0)
(-1.34397e-15 6.7195e-16 0)
(4.36796e-15 -6.04793e-15 0)
(2.01599e-15 -5.37589e-15 0)
(4.87195e-15 -4.70393e-15 0)
(1.34398e-15 -1.87235e-20 0)
(-1.67998e-15 2.01597e-15 0)
(-4.53595e-15 4.70394e-15 0)
(-1.34399e-15 -1.34397e-15 0)
(1.17596e-15 2.016e-15 0)
(-2.85598e-15 2.01595e-15 0)
(-6.5519e-15 -3.35969e-16 0)
(1.34391e-15 -6.72007e-16 0)
(-3.52792e-15 -1.00805e-15 0)
(8.40002e-16 -3.69592e-15 0)
(6.71982e-16 -3.35996e-15 0)
(2.51996e-15 3.35993e-16 0)
(5.04001e-16 -6.04789e-15 0)
(-2.18396e-15 -1.67998e-15 0)
(3.35997e-15 -3.35996e-15 0)
(6.55192e-15 -1.344e-15 0)
(2.39868e-20 -1.67998e-15 0)
(6.21593e-15 -3.69593e-15 0)
(4.53599e-15 -1.34408e-15 0)
(1.51201e-15 -1.41119e-14 0)
(6.88795e-15 -3.02397e-14 0)
(4.87198e-15 -4.16638e-14 0)
(9.2399e-15 -6.75355e-14 0)
(7.22397e-15 -8.13114e-14 0)
(2.68797e-15 -9.20634e-14 0)
(-1.68007e-16 -1.67999e-15 0)
(-6.55192e-15 -1.64637e-14 0)
(4.03194e-15 3.35982e-16 0)
(3.02397e-15 6.71897e-16 0)
(5.71194e-15 -3.02395e-15 0)
(1.17601e-15 -1.00803e-15 0)
(1.00797e-15 -6.71997e-16 0)
(-2.18396e-15 4.36793e-15 0)
(3.35965e-16 3.02396e-15 0)
(-2.51998e-15 1.00799e-15 0)
(-5.03993e-15 4.70391e-15 0)
(-1.84804e-15 -1.00798e-15 0)
(-6.88786e-15 -2.35195e-15 0)
(1.34394e-15 -4.70392e-15 0)
(1.67999e-15 -2.68796e-15 0)
(1.67996e-15 2.68795e-15 0)
(-5.03986e-16 -6.09756e-20 0)
(3.43405e-21 -3.02397e-15 0)
(1.67998e-16 -1.344e-15 0)
(4.03196e-15 -5.37591e-15 0)
(6.21597e-15 1.00797e-15 0)
(-3.02394e-15 1.34397e-15 0)
(4.36794e-15 -6.72008e-16 0)
(8.23192e-15 -7.39187e-15 0)
(-3.35999e-15 6.71942e-16 0)
(1.848e-15 -1.34406e-15 0)
(-6.71974e-16 -1.31039e-14 0)
(1.68012e-16 -1.44479e-14 0)
(3.52797e-15 -1.98239e-14 0)
(1.17599e-15 -2.41918e-14 0)
(-7.59576e-21 3.69591e-15 0)
(-4.87193e-15 1.00791e-15 0)
(3.35994e-15 -1.00802e-15 0)
(1.68e-15 -3.69592e-15 0)
(4.70396e-15 -3.36048e-16 0)
(6.72006e-16 -5.03992e-15 0)
(2.85598e-15 -5.03991e-15 0)
(8.39981e-16 2.01597e-15 0)
(-1.68016e-16 1.67998e-15 0)
(-3.86393e-15 3.3599e-16 0)
(-2.18404e-15 -2.01594e-15 0)
(-4.03188e-15 6.71977e-16 0)
(-5.6974e-20 4.36792e-15 0)
(-1.84798e-15 -1.67993e-15 0)
(-1.51199e-15 4.03193e-15 0)
(2.85596e-15 2.35197e-15 0)
(-4.53595e-15 3.3606e-16 0)
(-1.00798e-15 -3.35996e-15 0)
(1.00799e-15 -5.03992e-15 0)
(7.05592e-15 2.01596e-15 0)
(5.87993e-15 -1.34397e-15 0)
(1.848e-15 2.688e-15 0)
(1.17602e-15 -1.00802e-15 0)
(7.5599e-15 3.3597e-16 0)
(-5.7119e-15 -8.06386e-15 0)
(2.51994e-15 -5.71192e-15 0)
(-1.17599e-15 -3.36015e-16 0)
(-1.00798e-15 -1.68e-15 0)
(6.71986e-16 -4.36793e-15 0)
(5.03991e-16 -5.71195e-15 0)
(6.71976e-16 -1.34398e-15 0)
(-3.02398e-15 -3.3599e-16 0)
(-1.34393e-15 -2.68797e-15 0)
(-3.35965e-16 -3.02396e-15 0)
(7.55987e-15 -6.72e-16 0)
(6.29082e-20 -3.36024e-16 0)
(7.55986e-15 -1.78066e-20 0)
(-2.85593e-15 -1.67999e-15 0)
(-1.84798e-15 -1.00798e-15 0)
(-1.68e-15 -1.34396e-15 0)
(-5.7119e-15 6.71984e-16 0)
(1.00792e-15 3.36001e-16 0)
(-1.34397e-15 -6.7197e-16 0)
(-1.67998e-15 5.03994e-15 0)
(8.39981e-16 1.00801e-15 0)
(-2.35195e-15 1.34401e-15 0)
(-3.86395e-15 -2.01599e-15 0)
(6.71979e-16 6.72038e-16 0)
(-2.35195e-15 3.3599e-15 0)
(5.8799e-15 -2.01599e-15 0)
(3.36074e-16 -4.70391e-15 0)
(8.06387e-15 1.00794e-15 0)
(5.03983e-16 -4.36796e-15 0)
(5.37597e-15 -2.35196e-15 0)
(-6.72013e-16 6.38385e-15 0)
(5.04003e-16 -3.02397e-15 0)
(-3.35992e-15 -2.35195e-15 0)
(3.02394e-15 -6.71986e-16 0)
(1.68006e-16 3.3598e-16 0)
(-5.03989e-16 -2.68794e-15 0)
(-4.76252e-21 -3.02393e-15 0)
(-3.52794e-15 3.73588e-21 0)
(2.51994e-15 1.00792e-15 0)
(2.18398e-15 -6.72003e-16 0)
(6.72022e-16 -4.70392e-15 0)
(5.54395e-15 -3.69597e-15 0)
(3.36031e-16 -2.68795e-15 0)
(2.01594e-15 -4.70394e-15 0)
(-1.67998e-15 -1.68e-15 0)
(-8.40009e-16 -1.00801e-15 0)
(1.17595e-15 -1.35585e-20 0)
(-1.67996e-15 2.71081e-20 0)
(-3.19196e-15 -6.72004e-16 0)
(-3.3603e-16 4.36791e-15 0)
(1.68002e-15 5.71191e-15 0)
(1.8479e-15 2.35198e-15 0)
(-4.19992e-15 5.37591e-15 0)
(3.02396e-15 6.71985e-15 0)
(-4.03196e-15 -6.71938e-16 0)
(1.68049e-16 1.67998e-15 0)
(5.87989e-15 2.6879e-15 0)
(2.51999e-15 -2.01598e-15 0)
(-4.5359e-15 -1.34398e-15 0)
(7.72788e-15 -5.37592e-15 0)
(-5.03991e-15 -3.02396e-15 0)
(4.87196e-15 -3.02394e-15 0)
(4.03191e-15 -4.6251e-20 0)
(-6.71972e-16 -1.68e-15 0)
(-2.01596e-15 -3.81857e-20 0)
(-7.56107e-21 -3.55639e-20 0)
(1.24169e-21 3.35965e-16 0)
(-1.00803e-15 -3.35999e-15 0)
(1.00802e-15 -3.02389e-15 0)
(2.51997e-15 1.00796e-15 0)
(1.34403e-15 6.71958e-16 0)
(1.17598e-14 -2.01596e-15 0)
(-1.51194e-15 -3.36001e-15 0)
(-1.848e-15 6.71967e-16 0)
(-1.84797e-15 3.05586e-20 0)
(-5.54393e-15 -2.016e-15 0)
(-2.35199e-15 1.00802e-15 0)
(1.84796e-15 -6.7202e-16 0)
(-2.01598e-15 2.01599e-15 0)
(-3.69593e-15 6.72033e-16 0)
(-1.68031e-16 -1.00796e-15 0)
(2.01601e-15 1.34398e-15 0)
(1.00796e-15 -4.70385e-15 0)
(-6.71983e-16 1.00801e-15 0)
(-1.00797e-15 1.00797e-15 0)
(3.02393e-15 -4.70391e-15 0)
(1.00804e-15 -5.37589e-15 0)
(3.35994e-15 -5.71194e-15 0)
(3.36027e-16 -1.34398e-15 0)
(1.51198e-15 -1.00802e-15 0)
(-3.36017e-16 -3.02396e-15 0)
(2.85598e-15 3.35991e-15 0)
(-3.35979e-16 -4.36793e-15 0)
(2.68795e-15 -5.03995e-15 0)
(6.71986e-16 -7.39191e-15 0)
(3.69211e-22 -8.39984e-15 0)
(-6.88514e-21 -2.01601e-15 0)
(-3.86394e-15 1.34401e-15 0)
(2.51996e-15 -6.72067e-16 0)
(4.53594e-15 -1.344e-15 0)
(4.53596e-15 -2.68795e-15 0)
(2.352e-15 -3.3605e-16 0)
(-5.04012e-16 6.71991e-15 0)
(-4.19993e-15 -1.67998e-15 0)
(5.37593e-15 -3.36077e-16 0)
(-5.03995e-15 -2.35193e-15 0)
(-2.68795e-15 3.35984e-16 0)
(1.17599e-15 6.04794e-15 0)
(-1.34398e-15 1.00799e-15 0)
(-1.68047e-16 -3.36018e-16 0)
(-2.68793e-15 6.72005e-16 0)
(3.86392e-15 -2.35193e-15 0)
(-1.17597e-15 2.6879e-15 0)
(-5.03998e-16 -1.34397e-15 0)
(-1.84799e-15 1.00798e-15 0)
(-1.67995e-15 4.36786e-15 0)
(4.70391e-15 1.34394e-15 0)
(1.008e-15 -6.38389e-15 0)
(2.18397e-15 6.71983e-15 0)
(3.52797e-15 3.35994e-15 0)
(-2.18396e-15 -9.74386e-15 0)
(5.89047e-21 -5.71194e-15 0)
(-1.67996e-16 -6.71992e-15 0)
(4.3585e-21 -3.69597e-15 0)
(-2.01595e-15 -5.71194e-15 0)
(3.35988e-16 6.71918e-16 0)
(1.67987e-16 -3.35971e-16 0)
(-5.37591e-15 -5.71192e-15 0)
(3.35994e-15 -1.00795e-15 0)
(-2.01592e-15 -1.00797e-15 0)
(5.03991e-15 -1.68002e-15 0)
(1.34401e-15 -5.37589e-15 0)
(1.51199e-15 -8.3999e-15 0)
(-6.7197e-16 -8.73589e-15 0)
(6.71988e-15 -8.06382e-15 0)
(-8.73587e-15 1.34392e-15 0)
(1.17595e-15 -2.01597e-15 0)
(-1.51197e-15 6.71939e-16 0)
(2.68795e-15 -6.71973e-16 0)
(-4.03193e-15 6.71992e-15 0)
(-7.27263e-21 6.71989e-16 0)
(1.84799e-15 3.02393e-15 0)
(1.67995e-15 -6.7198e-16 0)
(-3.36005e-16 -4.03196e-15 0)
(-2.51999e-15 -4.03193e-15 0)
(-2.01597e-15 -3.35992e-15 0)
(1.512e-15 -1.34397e-15 0)
(-1.17596e-15 -1.68004e-15 0)
(-1.51195e-15 -8.7358e-15 0)
(7.2239e-15 -3.69596e-15 0)
(-3.52795e-15 -1.00804e-15 0)
(1.84799e-15 -4.36793e-15 0)
(-2.68797e-15 -3.36051e-16 0)
(2.68795e-15 -3.36006e-16 0)
(-1.68017e-16 6.88892e-21 0)
(6.71988e-16 1.67996e-15 0)
(1.68002e-16 -3.36065e-16 0)
(6.71954e-16 3.35928e-16 0)
(-5.03988e-16 -4.36796e-15 0)
(3.35984e-16 -3.696e-15 0)
(-2.68792e-15 -2.68797e-15 0)
(2.18398e-15 -1.00802e-15 0)
(4.36792e-15 -4.70393e-15 0)
(1.9016e-20 -1.68003e-15 0)
(-5.03967e-16 2.68787e-15 0)
(1.00796e-15 9.88781e-21 0)
(4.03193e-15 -2.98574e-20 0)
(3.19195e-15 -3.35991e-15 0)
(-7.05588e-15 -6.71976e-16 0)
(6.71975e-16 1.00799e-15 0)
(6.71982e-16 1.008e-15 0)
(1.51198e-15 2.35196e-15 0)
(-8.39987e-15 1.67994e-15 0)
(3.35975e-16 -5.66292e-22 0)
(-6.72001e-16 -1.67998e-15 0)
(-6.71942e-16 6.71963e-16 0)
(5.03951e-16 1.00797e-15 0)
(1.00799e-15 -2.35197e-15 0)
(8.23187e-15 -6.72063e-16 0)
(-1.34395e-15 -1.00802e-15 0)
(-1.34397e-15 -6.72006e-16 0)
(2.51995e-15 -1.77399e-20 0)
(3.52796e-15 2.61943e-20 0)
(-5.03992e-15 2.01595e-15 0)
(2.51995e-15 1.67995e-15 0)
(-1.17596e-15 -1.00798e-15 0)
(3.35983e-16 -8.06382e-15 0)
(1.34402e-15 -3.35958e-16 0)
(-2.85596e-15 -4.36794e-15 0)
(1.51198e-15 -2.68793e-15 0)
(-1.67999e-15 -6.72014e-16 0)
(8.40002e-16 -8.5737e-21 0)
(2.18399e-15 3.0239e-15 0)
(2.51996e-15 -4.0319e-15 0)
(3.35994e-15 -1.67996e-15 0)
(-1.84795e-15 -6.71986e-16 0)
(2.35199e-15 -4.70391e-15 0)
(-5.03989e-16 6.7198e-16 0)
(-5.04003e-16 2.68793e-15 0)
(-1.51201e-15 -1.00797e-15 0)
(-5.03978e-16 2.01595e-15 0)
(3.35991e-15 -1.34397e-15 0)
(-6.38388e-15 -7.39185e-15 0)
(-3.86393e-15 1.00797e-15 0)
(-5.04014e-16 -6.7197e-16 0)
(9.2398e-15 -1.67999e-15 0)
(-4.87186e-15 -6.72012e-16 0)
(-8.39988e-16 -2.01598e-15 0)
(4.36795e-15 -7.39189e-15 0)
(-2.85595e-15 -8.39988e-15 0)
(1.00794e-15 -4.03196e-15 0)
(-6.71935e-16 6.71966e-16 0)
(-1.00799e-15 -1.00801e-15 0)
(-1.67987e-16 -4.03195e-15 0)
(3.69592e-15 -4.70397e-15 0)
(1.00799e-15 -7.05588e-15 0)
(-1.34397e-15 -1.34405e-15 0)
(6.71965e-16 3.35951e-16 0)
(-6.71984e-16 -2.68795e-15 0)
(1.344e-15 -6.72054e-16 0)
(2.68795e-15 -1.67998e-15 0)
(3.52794e-15 -4.03197e-15 0)
(-1.84794e-15 -7.72789e-15 0)
(2.18396e-15 -3.35998e-15 0)
(1.00801e-15 -1.34401e-15 0)
(-6.7198e-16 -1.00802e-15 0)
(3.19197e-15 -6.72041e-16 0)
(-1.51198e-15 -2.01599e-15 0)
(1.67998e-15 3.36021e-16 0)
(3.35978e-16 -2.68793e-15 0)
(-4.19995e-15 -2.35198e-15 0)
(6.72019e-16 -2.688e-15 0)
(6.71954e-16 -3.69593e-15 0)
(-1.17603e-15 1.00797e-15 0)
(-7.22385e-15 2.68792e-15 0)
(2.18396e-15 -2.01594e-15 0)
(5.03977e-16 -1.00799e-15 0)
(-2.18398e-15 -1.68001e-15 0)
(2.016e-15 -1.00803e-15 0)
(1.34397e-15 -2.016e-15 0)
(-4.03192e-15 -6.04791e-15 0)
(5.54391e-15 -3.36005e-16 0)
(5.04004e-16 -3.35975e-16 0)
(8.39952e-16 -3.17295e-20 0)
(-2.85591e-15 -6.38389e-15 0)
(8.39979e-16 6.71931e-16 0)
(-5.03993e-16 -4.36791e-15 0)
(-1.84797e-15 1.34399e-15 0)
(2.85595e-15 2.68791e-15 0)
(2.01598e-15 -3.02393e-15 0)
(-1.6798e-16 -3.02398e-15 0)
(3.36019e-16 -5.03995e-15 0)
(4.53591e-15 -1.34399e-15 0)
(-1.34395e-15 2.68793e-15 0)
(5.04015e-16 -6.71964e-16 0)
(4.87193e-15 -1.34394e-15 0)
(3.35993e-15 -3.36005e-16 0)
(-1.67996e-15 -2.68794e-15 0)
(-1.84797e-15 -3.36009e-16 0)
(-1.51199e-15 7.05583e-15 0)
(-1.67989e-16 -1.34395e-15 0)
(-5.04027e-16 -5.0399e-15 0)
(-1.67999e-15 3.69589e-15 0)
(-2.35196e-15 3.35997e-15 0)
(1.51194e-15 6.72005e-16 0)
(-6.71993e-16 2.68795e-15 0)
(-2.01597e-15 -6.71999e-16 0)
(-4.53593e-15 -3.35995e-15 0)
(2.68792e-15 -4.03194e-15 0)
(-3.35956e-16 -2.68801e-15 0)
(-8.39986e-16 -6.72001e-16 0)
(8.39988e-15 -4.03197e-15 0)
(-2.18396e-15 -6.72043e-16 0)
(-2.35194e-15 -2.68797e-15 0)
(1.51196e-15 -3.35995e-15 0)
(1.00799e-15 -4.36791e-15 0)
(-3.36001e-16 6.38389e-15 0)
(-6.38389e-15 -6.7199e-16 0)
(2.35195e-15 -2.01592e-15 0)
(3.36004e-16 -3.36031e-16 0)
(1.34399e-15 -1.00801e-15 0)
(-5.03973e-16 -4.36792e-15 0)
(2.85599e-15 -4.03194e-15 0)
(3.19193e-15 1.67998e-15 0)
(3.36031e-16 -1.008e-15 0)
(5.2079e-15 1.00792e-15 0)
(-2.01592e-15 -4.70392e-15 0)
(5.03996e-16 1.34397e-15 0)
(-2.35199e-15 -1.00801e-15 0)
(5.03987e-16 -1.24318e-14 0)
(5.03958e-16 2.01592e-15 0)
(-1.00796e-15 3.35967e-16 0)
(-5.54393e-15 -6.71961e-16 0)
(-1.05852e-20 -2.35195e-15 0)
(-2.51996e-15 -2.68796e-15 0)
(1.51196e-15 -1.00798e-15 0)
(-3.69595e-15 -1.67997e-15 0)
(-1.008e-15 1.34396e-15 0)
(1.67997e-16 -5.03995e-15 0)
(8.24115e-21 -1.67997e-15 0)
(-5.03952e-16 2.0159e-15 0)
(8.06386e-15 -4.0319e-15 0)
(-2.18395e-15 -1.34397e-15 0)
(-8.39992e-16 -1.34397e-15 0)
(-1.68003e-16 4.0319e-15 0)
(1.34398e-15 6.71943e-16 0)
(2.35195e-15 -1.67995e-15 0)
(1.17593e-15 -1.00794e-15 0)
(1.24007e-20 4.03191e-15 0)
(1.68007e-16 4.55555e-20 0)
(3.19196e-15 1.34399e-15 0)
(-3.35986e-16 -4.47242e-21 0)
(3.69596e-15 -6.71989e-16 0)
(2.18396e-15 -3.36013e-16 0)
(-1.67969e-16 -4.36793e-15 0)
(3.35993e-16 -3.69595e-15 0)
(1.512e-15 1.34398e-15 0)
(1.67997e-15 1.67994e-15 0)
(-1.67997e-15 1.68001e-15 0)
(-1.848e-15 5.0399e-15 0)
(-3.02394e-15 -3.35967e-16 0)
(1.67994e-15 -3.02398e-15 0)
(-2.18397e-15 1.34395e-15 0)
(-6.72012e-16 -1.67998e-15 0)
(-2.85598e-15 -1.008e-15 0)
(-8.39982e-16 1.34398e-15 0)
(6.71971e-16 -6.72004e-16 0)
(-3.02396e-15 1.00797e-15 0)
(-2.18395e-15 -2.41714e-20 0)
(5.3759e-15 -3.69591e-15 0)
(2.61278e-20 -2.01595e-15 0)
(3.35999e-15 -3.8572e-20 0)
(-1.84797e-15 3.02393e-15 0)
(1.67999e-16 -1.00799e-15 0)
(-1.84797e-15 1.00801e-15 0)
(2.01595e-15 1.008e-15 0)
(1.00798e-15 -6.71986e-16 0)
(-5.87989e-15 6.04786e-15 0)
(-6.72007e-16 6.7202e-16 0)
(6.71988e-16 5.03988e-15 0)
(2.01598e-15 -3.35974e-16 0)
(-1.51198e-15 6.38386e-15 0)
(4.19995e-15 6.71992e-16 0)
(-2.35193e-15 -9.32929e-21 0)
(3.02394e-15 6.71944e-16 0)
(2.30614e-21 -5.03993e-15 0)
(4.19995e-15 -4.70397e-15 0)
(6.72008e-16 -5.37589e-15 0)
(-1.00801e-15 -1.68005e-15 0)
(-3.86395e-15 -1.008e-15 0)
(-1.67998e-15 -4.03198e-15 0)
(3.35992e-15 -2.01596e-15 0)
(-3.86393e-15 -3.35996e-15 0)
(-1.34398e-15 -1.68e-15 0)
(-3.86394e-15 -2.35195e-15 0)
(3.86389e-15 4.70389e-15 0)
(-3.69593e-15 -6.71973e-16 0)
(-5.04001e-16 -2.01595e-15 0)
(-1.17596e-15 6.55492e-21 0)
(4.53593e-15 3.0239e-15 0)
(1.67998e-15 1.00799e-15 0)
(4.53595e-15 3.02396e-15 0)
(2.016e-15 -3.69591e-15 0)
(1.84796e-15 -1.00797e-15 0)
(8.40007e-16 4.3679e-15 0)
(1.18566e-20 -3.35953e-16 0)
(1.51197e-15 3.69596e-15 0)
(-1.84798e-15 -1.34393e-15 0)
(-6.71982e-16 3.52456e-20 0)
(5.03968e-16 5.44036e-20 0)
(-2.35195e-15 2.01597e-15 0)
(3.36015e-16 7.91069e-20 0)
(4.19993e-15 6.72019e-16 0)
(5.03958e-16 -1.00795e-15 0)
(-8.39978e-16 -3.35983e-16 0)
(2.51998e-15 3.02391e-15 0)
(5.04046e-16 -4.03192e-15 0)
(2.35196e-15 -2.352e-15 0)
(-1.84798e-15 -4.70391e-15 0)
(-4.03196e-15 -4.70396e-15 0)
(-1.00802e-15 -3.35996e-15 0)
(3.04875e-20 -1.00799e-15 0)
(-6.72001e-16 3.69593e-15 0)
(2.01596e-15 -6.71979e-16 0)
(-4.87194e-15 1.00796e-15 0)
(-1.51197e-15 -2.35197e-15 0)
(-1.67998e-15 -1.34399e-15 0)
(1.00797e-15 -3.02394e-15 0)
(1.17595e-15 -1.34398e-15 0)
(1.34401e-15 -2.35191e-15 0)
(3.35997e-16 -1.344e-15 0)
(2.352e-15 -1.51297e-20 0)
(3.35995e-15 -3.35998e-15 0)
(1.34402e-15 -1.34403e-15 0)
(1.34392e-15 -4.03194e-15 0)
(-8.39977e-16 6.71932e-16 0)
(-5.03979e-16 3.69596e-15 0)
(2.01594e-15 2.01597e-15 0)
(-2.18398e-15 4.70396e-15 0)
(-2.68795e-15 1.34399e-15 0)
(2.01599e-15 -3.35969e-16 0)
(5.03971e-16 4.36789e-15 0)
(-1.17595e-15 3.69592e-15 0)
(1.67982e-16 1.34392e-15 0)
(-1.17597e-15 6.71969e-16 0)
(-3.02396e-15 -5.37588e-15 0)
(6.88788e-15 1.00792e-15 0)
(8.4002e-16 -3.69595e-15 0)
(1.00798e-15 -1.00801e-15 0)
(-2.01599e-15 -1.34397e-15 0)
(-3.02393e-15 -2.016e-15 0)
(1.17596e-15 -6.72017e-16 0)
(-1.68e-15 -6.71986e-15 0)
(8.39986e-16 3.35966e-16 0)
(-1.344e-15 -6.72024e-16 0)
(-1.67981e-16 -1.14238e-14 0)
(-1.68014e-16 -6.71995e-16 0)
(-2.51996e-15 6.04786e-15 0)
(-2.51995e-15 3.35998e-15 0)
(2.85594e-15 6.71985e-15 0)
(-1.17595e-15 3.36027e-16 0)
(3.52796e-15 -3.02396e-15 0)
(3.35994e-15 -4.03194e-15 0)
(-2.18397e-15 -6.3839e-15 0)
(-3.02391e-15 -4.36795e-15 0)
(1.34397e-15 -6.38382e-15 0)
(-8.39995e-16 2.01597e-15 0)
(-6.88788e-15 -2.35196e-15 0)
(4.8719e-15 6.04784e-15 0)
(-2.35196e-15 4.36791e-15 0)
(6.38392e-15 1.67996e-15 0)
(3.35995e-16 1.68001e-15 0)
(-5.04027e-16 -2.68797e-15 0)
(1.68025e-16 -8.73585e-15 0)
(2.68793e-15 -4.70394e-15 0)
(-5.87989e-15 3.3595e-16 0)
(2.184e-15 -1.67996e-15 0)
(2.18396e-15 -3.36e-15 0)
(3.36007e-16 -2.01599e-15 0)
(-2.51997e-15 -2.352e-15 0)
(-1.68042e-16 3.35994e-16 0)
(8.39992e-16 -2.35197e-15 0)
(-5.7119e-15 -3.36064e-16 0)
(2.35194e-15 -3.69596e-15 0)
(-2.85592e-15 1.08651e-20 0)
(1.84796e-15 -6.72044e-16 0)
(-2.35197e-15 6.71991e-16 0)
(2.51994e-15 -3.35949e-16 0)
(-1.67997e-15 1.34398e-15 0)
(6.72017e-16 1.00802e-15 0)
(1.34394e-15 1.67998e-15 0)
(1.00799e-15 6.71941e-16 0)
(-1.00794e-15 3.35992e-16 0)
(-1.58737e-20 6.71939e-16 0)
(6.71955e-16 -5.71194e-15 0)
(-1.00798e-15 1.3439e-15 0)
(-6.7198e-16 2.01598e-15 0)
(-4.87194e-15 1.67998e-15 0)
(-1.6799e-16 6.7202e-16 0)
(-3.36e-16 6.40837e-20 0)
(-1.67997e-16 1.68002e-15 0)
(-3.02393e-15 6.72003e-16 0)
(-1.17597e-15 -3.3594e-16 0)
(1.51196e-15 3.35981e-16 0)
(1.67999e-16 1.46202e-21 0)
(-8.40005e-16 2.35195e-15 0)
(5.04e-16 -3.35979e-16 0)
(1.68017e-16 -3.35995e-16 0)
(4.36795e-15 -1.67995e-15 0)
(-5.24233e-20 -6.71981e-16 0)
(-4.70392e-15 1.00801e-15 0)
(-1.17598e-15 1.96534e-20 0)
(-1.68032e-16 -2.35194e-15 0)
(1.848e-15 3.35982e-16 0)
(6.71956e-16 3.35989e-16 0)
(-6.71954e-16 -6.71966e-16 0)
(1.51197e-15 2.35198e-15 0)
(-5.03974e-16 1.46208e-20 0)
(6.71953e-16 -6.71978e-16 0)
(2.01595e-15 -3.54786e-21 0)
(-1.67984e-16 -2.67691e-20 0)
(-1.67996e-15 -5.71188e-15 0)
(-2.688e-15 -1.68001e-15 0)
(-1.34399e-15 -3.02395e-15 0)
(5.04022e-16 -3.69598e-15 0)
(1.17598e-15 -2.01596e-15 0)
(1.67999e-15 -4.70393e-15 0)
(9.07183e-15 -2.35199e-15 0)
(-5.20792e-15 -5.71187e-15 0)
(3.35982e-16 2.68794e-15 0)
(-1.84795e-15 3.02393e-15 0)
(-1.00801e-15 1.34396e-15 0)
(8.39969e-16 6.71985e-15 0)
(-3.36003e-16 3.69594e-15 0)
(-1.67978e-16 -9.42063e-21 0)
(1.00798e-15 -6.71944e-16 0)
(-1.17597e-15 4.0319e-15 0)
(-6.71984e-16 4.70398e-15 0)
(4.36792e-15 6.71987e-15 0)
(-8.23186e-15 1.00797e-15 0)
(1.68002e-16 4.36794e-15 0)
(1.84795e-15 5.37589e-15 0)
(-1.67997e-15 1.00803e-15 0)
(1.51197e-15 6.84567e-21 0)
(-1.00797e-15 -3.35977e-16 0)
(1.17599e-15 3.35996e-15 0)
(2.01594e-15 5.71192e-15 0)
(-1.67996e-15 4.03195e-15 0)
(-2.68795e-15 3.36015e-16 0)
(-1.67998e-15 -7.68188e-21 0)
(-1.17598e-15 -3.02396e-15 0)
(-3.36013e-16 -1.00799e-15 0)
(-2.68799e-15 -2.68796e-15 0)
(-1.17598e-15 -6.72015e-16 0)
(3.02397e-15 -3.02394e-15 0)
(3.02394e-15 -3.35994e-15 0)
(6.71991e-16 6.72001e-16 0)
(-4.03191e-15 -1.34395e-15 0)
(4.19991e-15 4.7039e-15 0)
(-8.39981e-16 -2.35193e-15 0)
(8.39979e-16 1.34399e-15 0)
(-3.69595e-15 -2.6879e-15 0)
(8.39991e-16 -1.67996e-15 0)
(-1.67999e-15 -1.00796e-15 0)
(5.03969e-16 -1.67995e-15 0)
(2.18397e-15 2.01592e-15 0)
(4.53597e-15 -2.68792e-15 0)
(-2.18394e-15 1.67998e-15 0)
(1.17599e-15 -1.34396e-15 0)
(-2.51998e-15 -6.04788e-15 0)
(-2.18404e-15 7.54223e-21 0)
(1.84799e-15 1.00802e-15 0)
(-1.84797e-15 5.37587e-15 0)
(1.67996e-15 6.72045e-16 0)
(-1.51195e-15 2.35195e-15 0)
(7.2239e-15 3.02395e-15 0)
(-6.0479e-15 6.72011e-16 0)
(3.86393e-15 3.35995e-15 0)
(-5.04009e-16 3.69594e-15 0)
(-6.55192e-15 -6.7197e-16 0)
(-1.00802e-15 -2.68797e-15 0)
(-2.18396e-15 -3.94732e-20 0)
(-3.69595e-15 3.35975e-16 0)
(-6.72004e-16 -3.36006e-16 0)
(2.01597e-15 1.34393e-15 0)
(6.72009e-16 -1.008e-15 0)
(1.7454e-20 4.03193e-15 0)
(-5.04062e-16 2.01596e-15 0)
(-2.35192e-15 -1.00795e-15 0)
(1.67995e-15 4.03189e-15 0)
(-1.84796e-15 1.00801e-15 0)
(-2.68796e-15 2.01594e-15 0)
(1.67995e-15 -3.36003e-16 0)
(-5.3759e-15 -6.71991e-16 0)
(-1.00799e-15 2.68793e-15 0)
(6.72013e-16 -4.36788e-15 0)
(8.39989e-15 -2.68795e-15 0)
(6.71972e-16 2.68794e-15 0)
(2.35196e-15 -6.71975e-16 0)
(3.36008e-16 -2.05249e-20 0)
(-1.17596e-15 2.35195e-15 0)
(-1.68001e-15 3.36023e-16 0)
(-4.87194e-15 6.72012e-16 0)
(1.17599e-15 5.37587e-15 0)
(-1.68029e-16 -6.71949e-16 0)
(1.17602e-15 3.36015e-16 0)
(1.68e-16 -1.34398e-15 0)
(-1.51198e-15 -1.00796e-15 0)
(8.39924e-16 6.71994e-15 0)
(-4.70392e-15 -3.6749e-20 0)
(-2.35198e-15 -1.00798e-15 0)
(-3.35994e-15 -2.68796e-15 0)
(1.67946e-16 -4.36792e-15 0)
(-2.51994e-15 -3.36019e-16 0)
(2.35198e-15 -7.05584e-15 0)
(1.67997e-15 -1.34397e-15 0)
(-3.35982e-16 -2.01592e-15 0)
(-3.86397e-15 4.70392e-15 0)
(-5.04033e-16 1.34398e-15 0)
(3.36009e-16 -3.69594e-15 0)
(1.34397e-15 1.67997e-15 0)
(-1.68e-15 2.68794e-15 0)
(-1.51197e-15 -3.35988e-16 0)
(-6.71988e-16 -6.71996e-16 0)
(-5.04013e-16 -1.67997e-15 0)
(5.04029e-16 3.35991e-15 0)
(3.69594e-15 4.3679e-15 0)
(-3.69589e-15 -1.344e-15 0)
(2.85595e-15 -2.01599e-15 0)
(3.35993e-15 7.39186e-15 0)
(-3.02395e-15 -4.03188e-15 0)
(2.68795e-15 1.00796e-15 0)
(-3.02397e-15 2.68794e-15 0)
(1.848e-15 -3.35949e-16 0)
(-2.01597e-15 3.02394e-15 0)
(-2.18394e-15 -3.35956e-16 0)
(4.1999e-15 -3.02395e-15 0)
(-5.03989e-16 -6.72005e-16 0)
(-5.54389e-15 -5.03996e-15 0)
(-1.848e-15 -2.35193e-15 0)
(-1.84805e-15 -2.68796e-15 0)
(-2.68795e-15 1.34397e-15 0)
(-1.84797e-15 1.00803e-15 0)
(1.51193e-15 2.68796e-15 0)
(1.51202e-15 3.69591e-15 0)
(1.00799e-15 3.02395e-15 0)
(2.35193e-15 4.70389e-15 0)
(-6.55191e-15 -2.01593e-15 0)
(-4.03196e-15 5.03988e-15 0)
(3.36002e-16 -6.38386e-15 0)
(2.68796e-15 -2.01599e-15 0)
(-2.18393e-15 5.80785e-20 0)
(-1.51199e-15 1.008e-15 0)
(-1.34402e-15 3.36011e-16 0)
(-3.35995e-16 -3.35995e-15 0)
(3.52793e-15 -1.67997e-15 0)
(1.512e-15 -2.35198e-15 0)
(-2.01597e-15 -5.0399e-15 0)
(4.03196e-15 -4.03187e-15 0)
(-2.85598e-15 1.68e-15 0)
(2.35198e-15 -2.01604e-15 0)
(-1.67997e-15 -3.02396e-15 0)
(1.67996e-16 -7.72781e-15 0)
(3.19194e-15 -8.58726e-21 0)
(-2.51998e-15 3.36013e-16 0)
(-1.34396e-15 5.3759e-15 0)
(-5.03953e-16 -1.34397e-15 0)
(2.51994e-15 -6.71986e-16 0)
(-3.86398e-15 4.03194e-15 0)
(-2.68798e-15 2.35195e-15 0)
(-3.19195e-15 3.97822e-21 0)
(-3.35995e-16 2.35199e-15 0)
(5.20789e-15 4.36789e-15 0)
(-6.88786e-15 -1.34395e-15 0)
(1.84796e-15 -1.00793e-15 0)
(1.00798e-15 -6.71986e-16 0)
(6.72005e-16 -6.71967e-16 0)
(-4.368e-15 8.06387e-15 0)
(-3.86395e-15 -5.37582e-15 0)
(6.71988e-16 3.35989e-15 0)
(1.00801e-15 -3.35993e-15 0)
(3.02395e-15 1.67993e-15 0)
(-1.008e-15 2.68795e-15 0)
(-6.04792e-15 3.02394e-15 0)
(-1.51199e-15 3.35965e-16 0)
(1.176e-15 -1.34396e-15 0)
(3.02398e-15 -2.01598e-15 0)
(-1.00798e-15 -3.60469e-20 0)
(2.85595e-15 1.67987e-15 0)
(-5.37593e-15 -5.37592e-15 0)
(1.00801e-15 -2.35194e-15 0)
(1.34395e-15 1.00797e-15 0)
(-2.18396e-15 3.02385e-15 0)
(1.68005e-16 -3.35982e-16 0)
(-8.39962e-16 6.72025e-16 0)
(2.85592e-15 5.37592e-15 0)
(2.85594e-15 3.35994e-15 0)
(1.008e-15 4.36793e-15 0)
(-3.02396e-15 3.36002e-16 0)
(-3.35997e-15 -3.35964e-16 0)
(-2.68799e-15 4.36793e-15 0)
(-2.18394e-15 2.01595e-15 0)
(-3.36013e-16 -3.35994e-15 0)
(-3.35997e-16 -2.01596e-15 0)
(4.03195e-15 5.71183e-15 0)
(8.39993e-16 2.68798e-15 0)
(1.67995e-15 -2.68799e-15 0)
(-6.38387e-15 -7.72787e-15 0)
(-5.04038e-16 6.38384e-15 0)
(1.17598e-15 -6.71974e-16 0)
(3.19194e-15 -2.68795e-15 0)
(2.22979e-20 3.36016e-16 0)
(1.51197e-15 1.3234e-20 0)
(-6.21597e-15 -2.35198e-15 0)
(-1.34399e-15 -6.71958e-16 0)
(-6.71976e-16 1.00792e-15 0)
(4.19996e-15 -4.03188e-15 0)
(-1.67983e-16 -1.34394e-15 0)
(-1.67976e-16 -6.71979e-16 0)
(3.35991e-16 -3.36007e-16 0)
(5.03975e-16 -3.36027e-16 0)
(4.19997e-15 -3.35999e-15 0)
(-2.51998e-15 -5.37584e-15 0)
(5.03994e-16 -2.80611e-20 0)
(2.51994e-15 1.34395e-15 0)
(-3.02393e-15 1.71259e-20 0)
(1.34401e-15 -6.71958e-16 0)
(1.84796e-15 2.33118e-20 0)
(-3.52795e-15 6.72027e-16 0)
(-3.19198e-15 3.02395e-15 0)
(-3.024e-15 3.35998e-15 0)
(-3.35997e-16 -3.35948e-16 0)
(-5.54391e-15 2.01598e-15 0)
(2.68794e-15 5.03992e-15 0)
(4.03196e-15 -2.35187e-15 0)
(-1.17595e-15 1.00797e-15 0)
(8.39989e-16 6.72015e-16 0)
(6.71955e-16 3.69593e-15 0)
(-4.53595e-15 -4.03191e-15 0)
(-1.17597e-15 1.34398e-15 0)
(6.72047e-16 4.36791e-15 0)
(4.7039e-15 1.67997e-15 0)
(-2.352e-15 -1.008e-15 0)
(-1.25998e-14 -2.35192e-15 0)
(6.71949e-16 1.67996e-15 0)
(-1.67996e-15 3.36042e-16 0)
(3.35994e-15 3.02392e-15 0)
(7.22389e-15 4.70388e-15 0)
(5.0398e-16 2.68797e-15 0)
(-2.35191e-15 -2.35197e-15 0)
(7.05588e-15 1.34401e-15 0)
(6.72006e-16 6.72028e-16 0)
(-5.03992e-16 4.03188e-15 0)
(-2.01597e-15 -6.71979e-16 0)
(1.71174e-20 -6.71967e-16 0)
(1.17598e-15 -1.00797e-15 0)
(1.51197e-15 2.68797e-15 0)
(1.67998e-15 1.34399e-15 0)
(-2.68798e-15 3.6959e-15 0)
(-3.69596e-15 2.68799e-15 0)
(-6.21591e-15 3.02395e-15 0)
(8.39961e-16 2.35199e-15 0)
(-3.35997e-15 1.67996e-15 0)
(-3.35997e-16 -2.01595e-15 0)
(2.01597e-15 4.3679e-15 0)
(3.69592e-15 -3.35992e-15 0)
(-3.35987e-16 3.35967e-16 0)
(-3.36003e-16 -1.00796e-15 0)
(-4.70396e-15 -6.72011e-16 0)
(1.68024e-16 6.85797e-21 0)
(6.38387e-15 2.06829e-20 0)
(-1.67995e-15 1.00798e-15 0)
(-5.8799e-15 3.36017e-16 0)
(-1.84802e-15 2.35196e-15 0)
(2.18396e-15 6.72027e-16 0)
(-1.67994e-16 4.03193e-15 0)
(1.51199e-15 2.68799e-15 0)
(-3.35967e-16 6.72022e-16 0)
(-1.17597e-15 1.00801e-15 0)
(4.03193e-15 -3.35969e-16 0)
(-6.71983e-16 1.00798e-15 0)
(-1.17596e-15 -3.35988e-16 0)
(-8.3999e-16 -3.69591e-15 0)
(2.35196e-15 -1.34396e-15 0)
(1.66323e-21 -3.36004e-16 0)
(5.03988e-16 -3.36027e-16 0)
(2.35196e-15 1.67998e-15 0)
(1.67998e-15 -2.35197e-15 0)
(-2.18399e-15 -2.35193e-15 0)
(-1.17602e-15 1.00796e-15 0)
(-5.87993e-15 -3.3598e-16 0)
(-3.52794e-15 1.67998e-15 0)
(-8.40026e-16 -1.00794e-15 0)
(-1.17596e-15 2.35197e-15 0)
(-1.51197e-15 2.35201e-15 0)
(-5.03969e-16 2.01596e-15 0)
(7.72518e-22 -2.68791e-15 0)
(-1.67998e-15 3.02391e-15 0)
(-3.19196e-15 -2.35195e-15 0)
(4.03191e-15 2.35196e-15 0)
(-5.03972e-16 -2.51764e-20 0)
(-1.51194e-15 -2.68795e-15 0)
(1.51192e-15 3.35996e-15 0)
(1.51198e-15 8.73587e-15 0)
(-1.67993e-16 7.39194e-15 0)
(1.17594e-15 5.03997e-15 0)
(-4.53588e-15 5.71192e-15 0)
(4.03191e-15 -6.71932e-16 0)
(-2.85595e-15 5.7119e-15 0)
(2.01596e-15 3.35994e-15 0)
(-1.34396e-15 2.35195e-15 0)
(1.67998e-15 3.35995e-15 0)
(4.03191e-15 8.06391e-15 0)
(-5.03968e-16 9.40783e-15 0)
(-2.35195e-15 2.01599e-15 0)
(5.04002e-16 -4.36787e-15 0)
(1.17597e-15 1.00799e-15 0)
(1.00802e-15 3.33189e-20 0)
(-5.71193e-15 1.34399e-15 0)
(-1.176e-15 -1.34394e-15 0)
(-4.19997e-15 -1.34394e-15 0)
(-1.68022e-16 3.35995e-15 0)
(-6.71973e-16 3.69595e-15 0)
(1.67964e-16 2.688e-15 0)
(5.03991e-16 1.07518e-14 0)
(1.00797e-15 3.19716e-20 0)
(5.0399e-16 5.71188e-15 0)
(-1.008e-15 9.07192e-15 0)
(-3.35996e-15 -2.35195e-15 0)
(1.68014e-16 1.00799e-15 0)
(5.03979e-16 -1.67995e-15 0)
(8.23185e-15 1.008e-15 0)
(-7.72785e-15 2.01597e-15 0)
(-8.39983e-16 2.688e-15 0)
(-1.51197e-15 3.35995e-15 0)
(-5.03972e-16 4.45413e-20 0)
(1.67955e-16 2.68798e-15 0)
(-1.17596e-15 2.68793e-15 0)
(1.34393e-15 -3.3599e-15 0)
(-1.51191e-15 2.01596e-15 0)
(-3.36013e-16 -2.0159e-15 0)
(1.51198e-15 -1.00797e-15 0)
(1.00801e-15 2.35197e-15 0)
(8.39989e-16 -3.35922e-16 0)
(6.7197e-16 6.04793e-15 0)
(-1.00798e-15 7.39185e-15 0)
(5.04019e-16 2.01597e-15 0)
(3.02391e-15 6.38389e-15 0)
(-1.51197e-15 2.68801e-15 0)
(8.39982e-16 4.36792e-15 0)
(-5.20795e-15 6.04789e-15 0)
(5.04008e-16 1.00803e-15 0)
(1.17597e-15 1.34398e-15 0)
(-6.71962e-16 1.34397e-15 0)
(-1.34401e-15 -7.39181e-15 0)
(3.35997e-16 4.03191e-15 0)
(3.35994e-16 -3.35994e-15 0)
(-8.39989e-16 -1.00798e-14 0)
(2.35196e-15 1.34396e-15 0)
(-1.84797e-15 1.67998e-15 0)
(-6.71978e-16 -1.34399e-15 0)
(3.36007e-16 -2.68795e-15 0)
(6.71976e-16 -1.00797e-15 0)
(-6.72003e-16 -2.01595e-15 0)
(1.67995e-15 3.35989e-16 0)
(2.85593e-15 2.35194e-15 0)
(-3.19189e-15 6.04794e-15 0)
(-3.30122e-20 1.344e-15 0)
(-5.03964e-16 -1.00798e-15 0)
(2.85593e-15 -3.35984e-16 0)
(6.72024e-16 4.70391e-15 0)
(1.34399e-15 2.35202e-15 0)
(-3.3601e-16 1.34398e-15 0)
(5.04001e-16 6.71975e-16 0)
(-2.35195e-15 -3.02395e-15 0)
(1.51196e-15 -6.71919e-16 0)
(2.85597e-15 -3.35995e-16 0)
(-4.03194e-15 -4.7039e-15 0)
(-1.344e-15 -3.36002e-16 0)
(1.00795e-15 -3.35969e-16 0)
(-6.71989e-15 -3.35992e-15 0)
(-1.17599e-15 -3.43914e-20 0)
(1.67997e-15 2.68801e-15 0)
(-1.344e-15 -6.71989e-16 0)
(-5.03975e-16 1.00795e-15 0)
(-3.2953e-21 -6.71971e-16 0)
(2.36495e-22 5.37594e-15 0)
(-2.35197e-15 2.35194e-15 0)
(6.71974e-16 4.03192e-15 0)
(-1.67996e-15 1.008e-15 0)
(1.67995e-15 1.008e-15 0)
(5.0404e-16 3.02393e-15 0)
(3.35944e-16 6.7199e-16 0)
(-4.19992e-15 -2.68793e-15 0)
(-2.35196e-15 -1.34399e-15 0)
(1.51199e-15 -5.03989e-15 0)
(5.54387e-15 2.35197e-15 0)
(-2.68792e-15 2.68798e-15 0)
(-6.71986e-16 2.01597e-15 0)
(-5.03968e-16 3.024e-15 0)
(4.19991e-15 2.01598e-15 0)
(3.02396e-15 4.03191e-15 0)
(-2.85593e-15 1.34397e-15 0)
(3.35999e-16 -1.67993e-15 0)
(2.01595e-15 3.35994e-15 0)
(8.40001e-16 7.72781e-15 0)
(1.17599e-15 -6.71963e-16 0)
(-3.02399e-15 2.35196e-15 0)
(-3.52794e-15 4.36792e-15 0)
(-4.36794e-15 2.68797e-15 0)
(-6.72016e-16 1.68e-15 0)
(1.34392e-15 4.36797e-15 0)
(-2.35194e-15 3.69591e-15 0)
(-2.35198e-15 1.008e-15 0)
(1.84797e-15 2.16665e-20 0)
(-1.67995e-16 -1.34397e-15 0)
(5.03986e-16 4.36791e-15 0)
(-4.53594e-15 5.37592e-15 0)
(2.85595e-15 -3.35961e-16 0)
(-5.03996e-16 3.3596e-16 0)
(1.34399e-15 -1.00798e-15 0)
(-1.17599e-15 1.00798e-15 0)
(-6.71961e-16 -2.68795e-15 0)
(-5.04011e-16 4.03187e-15 0)
(2.01596e-15 -6.71945e-16 0)
(-1.51198e-15 2.01596e-15 0)
(-1.17591e-15 3.20009e-20 0)
(5.20789e-15 1.34397e-15 0)
(-2.52e-15 3.35995e-15 0)
(6.72004e-16 1.60253e-20 0)
(-8.39961e-16 3.69595e-15 0)
(1.67999e-15 3.16677e-20 0)
(5.03975e-16 -2.01593e-15 0)
(2.35197e-15 2.01591e-15 0)
(-1.34396e-15 3.36012e-16 0)
(-1.00798e-15 -5.71185e-15 0)
(2.18397e-15 1.67997e-15 0)
(-1.84798e-15 3.3601e-16 0)
(5.03965e-16 -3.69593e-15 0)
(-2.35196e-15 1.00799e-15 0)
(-5.04022e-16 6.38391e-15 0)
(-5.87992e-15 -3.35994e-16 0)
(-1.68006e-16 -2.01592e-15 0)
(-3.35997e-15 3.36019e-16 0)
(-2.51996e-15 5.71191e-15 0)
(2.68795e-15 4.36796e-15 0)
(2.01594e-15 -7.3919e-15 0)
(-6.21589e-15 -4.36794e-15 0)
(8.39972e-16 -3.02393e-15 0)
(-1.51195e-15 -1.67994e-15 0)
(3.02394e-15 -2.01595e-15 0)
(-1.51197e-15 -1.00796e-15 0)
(1.67995e-15 6.71986e-16 0)
(-2.01596e-15 6.72015e-16 0)
(1.176e-15 3.69591e-15 0)
(-1.34397e-15 1.344e-15 0)
(6.38386e-15 3.02395e-15 0)
(1.34401e-15 -3.35972e-16 0)
(-4.03192e-15 6.72013e-16 0)
(1.67998e-15 4.70391e-15 0)
(1.51198e-15 1.00803e-15 0)
(-3.35994e-15 2.35195e-15 0)
(1.34398e-15 -1.34399e-15 0)
(1.67999e-15 -2.35193e-15 0)
(3.3596e-16 3.35989e-16 0)
(-3.35985e-16 1.67993e-15 0)
(-8.39975e-16 -6.71978e-16 0)
(1.67993e-15 2.35196e-15 0)
(-2.18395e-15 1.00799e-15 0)
(2.68795e-15 -1.34397e-15 0)
(-4.87193e-15 7.39186e-15 0)
(-4.87191e-15 3.36e-15 0)
(3.86391e-15 2.35195e-15 0)
(-4.36796e-15 5.03995e-15 0)
(-1.84797e-15 2.35199e-15 0)
(1.00798e-15 4.03194e-15 0)
(1.34397e-15 -2.35195e-15 0)
(-7.72787e-15 -3.69597e-15 0)
(5.37591e-15 4.7039e-15 0)
(-3.36009e-16 4.03194e-15 0)
(-3.35996e-16 8.39984e-15 0)
(-2.85595e-15 6.71981e-16 0)
(1.51198e-15 -1.34398e-15 0)
(-1.00798e-15 3.02398e-15 0)
(2.35196e-15 3.73985e-20 0)
(2.01595e-15 4.36793e-15 0)
(1.00803e-15 2.68795e-15 0)
(-1.00799e-15 1.68e-15 0)
(-1.84795e-15 -1.00797e-15 0)
(3.86395e-15 -3.35989e-15 0)
(2.01596e-15 1.00798e-15 0)
(-2.18399e-15 2.01599e-15 0)
(6.71978e-16 2.01596e-15 0)
(3.02399e-15 3.02396e-15 0)
(-4.87192e-15 -1.34397e-15 0)
(3.52794e-15 -4.7039e-15 0)
(-1.17598e-15 4.03191e-15 0)
(-8.90387e-15 -2.35194e-15 0)
(-3.36009e-16 4.03191e-15 0)
(4.87192e-15 -1.00796e-15 0)
(1.67996e-15 -2.35191e-15 0)
(-3.02396e-15 -6.72038e-16 0)
(-2.01598e-15 2.01603e-15 0)
(-2.184e-15 3.69594e-15 0)
(2.184e-15 -2.01593e-15 0)
(5.03988e-16 6.71985e-16 0)
(2.35195e-15 -3.69596e-15 0)
(-1.68007e-16 3.35985e-16 0)
(3.35995e-15 -2.35193e-15 0)
(-6.71968e-16 3.36009e-16 0)
(-1.67996e-15 3.36036e-16 0)
(-1.00802e-15 -3.69588e-15 0)
(1.17601e-15 3.69596e-15 0)
(6.71987e-16 3.69594e-15 0)
(3.02396e-15 1.00799e-15 0)
(-3.35995e-15 1.67994e-15 0)
(8.39983e-16 -7.39185e-15 0)
(2.184e-15 -3.36033e-16 0)
(-1.00801e-15 3.69591e-15 0)
(4.03196e-15 -1.00798e-15 0)
(-4.19993e-15 2.68795e-15 0)
(6.71999e-16 1.67998e-15 0)
(-3.19197e-15 3.35975e-16 0)
(1.67997e-15 -6.72003e-16 0)
(1.67994e-16 2.01594e-15 0)
(6.72006e-16 -2.68798e-15 0)
(4.53595e-15 1.34398e-15 0)
(-5.71195e-15 -1.67997e-15 0)
(-1.51201e-15 -6.0479e-15 0)
(-8.39919e-16 -6.72019e-16 0)
(5.37589e-15 -3.3603e-16 0)
(-1.67996e-15 -2.01592e-15 0)
(-4.53595e-15 3.35991e-15 0)
(-3.19197e-15 1.68001e-15 0)
(3.35993e-16 6.04789e-15 0)
(8.39975e-16 4.36796e-15 0)
(1.51198e-15 3.35994e-15 0)
(1.00801e-15 4.03197e-15 0)
(1.00007e-20 1.00798e-15 0)
(6.71981e-16 2.68796e-15 0)
(2.68792e-15 4.03196e-15 0)
(-3.52794e-15 7.39184e-15 0)
(1.28457e-20 3.02397e-15 0)
(1.67989e-16 -4.70389e-15 0)
(1.67995e-15 1.34397e-15 0)
(-5.03981e-16 -3.35962e-16 0)
(-1.84796e-15 3.02393e-15 0)
(-1.00799e-15 -1.00796e-15 0)
(-2.35195e-15 -4.7039e-15 0)
(-2.18379e-20 -8.92747e-20 0)
(2.51995e-15 -7.72792e-15 0)
(1.34398e-15 -7.39191e-15 0)
(-6.72e-16 -3.35994e-15 0)
(1.84801e-15 -5.37592e-15 0)
(-2.18396e-15 -4.03193e-15 0)
(2.01598e-15 -3.85814e-20 0)
(3.86395e-15 -3.35992e-15 0)
(-3.35996e-15 6.38386e-15 0)
(-5.87988e-15 6.71977e-16 0)
(7.89582e-15 8.32391e-21 0)
(-6.71931e-16 1.67997e-15 0)
(-2.16002e-20 2.01595e-15 0)
(3.35965e-16 1.00801e-15 0)
(-4.53593e-15 -3.35976e-16 0)
(2.35197e-15 4.36794e-15 0)
(-3.35981e-16 3.69592e-15 0)
(1.20883e-20 2.01598e-15 0)
(1.34398e-15 4.36795e-15 0)
(3.35994e-15 -4.6823e-22 0)
(-8.39966e-16 -6.71981e-16 0)
(-2.51994e-15 1.34397e-15 0)
(-1.34398e-15 -1.34393e-15 0)
(2.18396e-15 1.34399e-15 0)
(-1.00801e-15 6.71987e-16 0)
(-2.51992e-15 7.64603e-21 0)
(6.71961e-16 -3.02392e-15 0)
(-1.344e-15 -3.35992e-16 0)
(8.39999e-16 -3.36004e-16 0)
(-5.04038e-16 3.35995e-16 0)
(-3.02395e-15 6.72031e-16 0)
(-6.71998e-16 -1.34396e-15 0)
(1.03618e-20 -1.34401e-15 0)
(-1.51195e-15 -3.35975e-16 0)
(5.37589e-15 1.00797e-15 0)
(1.008e-15 -9.18537e-21 0)
(3.19197e-15 3.60685e-21 0)
(2.18397e-15 -1.344e-15 0)
(-1.008e-15 -6.71964e-16 0)
(-2.35198e-15 -1.67996e-15 0)
(-6.71966e-16 -6.72005e-16 0)
(3.69593e-15 -3.02393e-15 0)
(-3.35991e-15 -2.68794e-15 0)
(1.51196e-15 -8.12005e-21 0)
(-3.02393e-15 -6.71959e-16 0)
(5.2079e-15 -3.35933e-16 0)
(-6.71987e-16 1.34402e-15 0)
(6.71988e-16 3.36023e-16 0)
(-1.00798e-15 -1.00796e-15 0)
(1.51197e-15 -1.67994e-15 0)
(1.17598e-15 -1.34398e-15 0)
(2.68798e-15 -1.67997e-15 0)
(6.71984e-16 3.02397e-15 0)
(6.71986e-16 4.36793e-15 0)
(-3.02393e-15 4.36797e-15 0)
(3.86389e-15 3.02395e-15 0)
(-3.02392e-15 5.0399e-15 0)
(-3.02397e-15 3.02397e-15 0)
(3.19194e-15 3.36032e-16 0)
(-5.03991e-15 6.04789e-15 0)
(-3.02398e-15 2.35197e-15 0)
(-3.52795e-15 2.35194e-15 0)
(8.3998e-16 -2.68793e-15 0)
(2.51993e-15 3.0239e-15 0)
(4.54688e-20 3.35999e-16 0)
(-1.17596e-15 -2.68797e-15 0)
(7.89588e-15 -1.00798e-15 0)
(-1.17597e-15 -1.00798e-15 0)
(1.176e-15 3.35998e-16 0)
(-2.85597e-15 2.84199e-20 0)
(-1.17597e-15 -1.16658e-20 0)
(4.53594e-15 6.72003e-16 0)
(1.34393e-15 5.03991e-15 0)
(-1.00795e-15 6.71995e-16 0)
(2.68795e-15 7.39187e-15 0)
(-2.35194e-15 2.35196e-15 0)
(-2.53431e-21 9.4078e-15 0)
(7.36964e-21 4.36794e-15 0)
(-3.36011e-16 7.05589e-15 0)
(-2.68795e-15 6.38387e-15 0)
(2.92758e-20 6.71991e-16 0)
(5.87988e-15 -6.71979e-16 0)
(-1.67958e-16 2.35197e-15 0)
(1.51198e-15 2.35202e-15 0)
(-3.69597e-15 5.37589e-15 0)
(-3.02393e-15 3.36031e-16 0)
(6.71977e-16 -1.00795e-15 0)
(-6.72024e-16 -1.58103e-20 0)
(-6.7198e-16 1.67995e-15 0)
(1.00795e-15 -2.68794e-15 0)
(-1.51199e-15 2.01597e-15 0)
(-6.7201e-16 -1.34397e-15 0)
(-2.68794e-15 3.69592e-15 0)
(1.67986e-16 3.02398e-15 0)
(2.68796e-15 1.34396e-15 0)
(-3.00728e-21 2.01599e-15 0)
(1.51202e-15 3.69595e-15 0)
(5.04018e-16 3.69595e-15 0)
(3.86391e-15 -3.35982e-16 0)
(-4.70393e-15 5.71184e-15 0)
(2.01595e-15 -4.03191e-15 0)
(-8.39966e-16 3.35993e-15 0)
(-2.01591e-15 -1.67997e-15 0)
(1.51198e-15 -5.71185e-15 0)
(4.53591e-15 2.43483e-20 0)
(5.03998e-16 4.70392e-15 0)
(3.89852e-21 -4.70386e-15 0)
(1.00797e-15 3.36035e-16 0)
(-2.85596e-15 -9.22706e-22 0)
(-3.35996e-16 3.36018e-16 0)
(3.35994e-15 -6.71946e-16 0)
(3.36054e-16 1.00798e-15 0)
(1.67997e-15 1.34398e-15 0)
(2.01596e-15 3.35974e-16 0)
(-2.18397e-15 -2.68791e-15 0)
(1.67978e-16 -1.00799e-15 0)
(-1.67999e-15 2.68792e-15 0)
(-1.51195e-15 -2.01591e-15 0)
(-3.36006e-16 2.01599e-15 0)
(-4.03196e-15 -1.34397e-15 0)
(2.85596e-15 6.71977e-16 0)
(-5.03993e-15 2.01601e-15 0)
(-3.36027e-16 1.34399e-15 0)
(-2.35196e-15 -3.02396e-15 0)
(3.36006e-16 -3.35991e-15 0)
(3.3599e-16 -2.35196e-15 0)
(3.86396e-15 3.35978e-16 0)
(2.68797e-15 -3.69594e-15 0)
(1.66623e-21 -3.02397e-15 0)
(-6.04793e-15 -6.71987e-15 0)
(-1.34395e-15 -2.4949e-20 0)
(2.35196e-15 -1.34399e-15 0)
(5.03991e-15 -1.34395e-15 0)
(1.17598e-15 5.03987e-15 0)
(2.68799e-15 3.02398e-15 0)
(2.01598e-15 -6.71959e-16 0)
(1.60549e-20 6.71962e-16 0)
(6.71987e-16 3.02392e-15 0)
(-3.69593e-15 -4.36792e-15 0)
(-1.51198e-15 -5.0204e-21 0)
(1.84798e-15 3.35947e-16 0)
(2.18395e-15 1.34396e-15 0)
(-3.35972e-16 -1.344e-15 0)
(3.19196e-15 -3.69594e-15 0)
(-1.848e-15 -1.00806e-15 0)
(1.00801e-15 3.35978e-16 0)
(-2.016e-15 -4.0319e-15 0)
(6.71964e-16 -3.36079e-16 0)
(-3.02393e-15 2.68796e-15 0)
(-1.03294e-20 -6.71974e-16 0)
(-8.39982e-16 -5.03996e-15 0)
(5.03968e-16 -4.03193e-15 0)
(-3.52794e-15 -1.34399e-15 0)
(1.17594e-15 1.00799e-15 0)
(3.3599e-16 2.01593e-15 0)
(-2.18396e-15 -2.0605e-20 0)
(3.69598e-15 1.34398e-15 0)
(2.35198e-15 1.34397e-15 0)
(-2.68797e-15 -1.00799e-15 0)
(-4.03194e-15 -3.36014e-16 0)
(7.89584e-15 -2.18843e-20 0)
(-5.03954e-16 -3.35978e-16 0)
(-1.84793e-15 2.35191e-15 0)
(-1.84795e-15 3.36047e-16 0)
(3.02396e-15 -3.36005e-16 0)
(5.54393e-15 3.02396e-15 0)
(2.01594e-15 -2.68791e-15 0)
(1.17598e-15 -1.34395e-15 0)
(3.35991e-15 -1.32565e-20 0)
(-1.67998e-15 -4.03194e-15 0)
(-5.03979e-16 1.8135e-20 0)
(-6.71975e-16 -7.72788e-15 0)
(1.51198e-15 -6.38393e-15 0)
(1.32372e-20 -1.00803e-15 0)
(-2.35198e-15 -2.35197e-15 0)
(1.17598e-15 -3.35996e-15 0)
(-2.68795e-15 -1.68001e-15 0)
(-1.84799e-15 -5.71188e-15 0)
(-3.36022e-16 -4.03198e-15 0)
(1.67984e-16 -6.72071e-16 0)
(-6.72e-16 -3.35994e-15 0)
(-1.51197e-15 -1.34407e-15 0)
(2.18394e-15 -6.71991e-16 0)
(-4.3679e-15 -3.69596e-15 0)
(1.6799e-16 -2.68796e-15 0)
(-3.02394e-15 -2.01595e-15 0)
(4.70392e-15 -2.35198e-15 0)
(5.04032e-16 -3.35994e-15 0)
(-1.68002e-15 -1.67999e-15 0)
(-1.00799e-15 -4.36797e-15 0)
(-6.71925e-16 -3.6959e-15 0)
(7.72784e-15 2.35192e-15 0)
(4.03197e-15 -2.3519e-15 0)
(5.20794e-15 1.14238e-14 0)
(1.00799e-15 1.00801e-15 0)
(-3.19193e-15 -1.68e-15 0)
(-1.84794e-15 -3.35995e-16 0)
(-5.03977e-16 2.6879e-15 0)
(-2.01596e-15 -2.35196e-15 0)
(-4.0319e-15 3.35983e-16 0)
(5.03969e-16 -6.72027e-16 0)
(2.51993e-15 -1.00802e-15 0)
(5.04007e-16 -3.35997e-15 0)
(1.51196e-15 -7.05596e-15 0)
(-5.03993e-15 -9.4079e-15 0)
(-5.03995e-16 6.71939e-16 0)
(2.18395e-15 1.67991e-15 0)
(-1.34401e-15 1.00791e-15 0)
(-2.51992e-15 -2.01602e-15 0)
(-1.008e-15 -9.40783e-15 0)
(-5.03986e-16 -2.35203e-15 0)
(-4.87193e-15 -5.3759e-15 0)
(2.51996e-15 -3.02399e-15 0)
(1.67996e-15 -6.04793e-15 0)
(-2.01597e-15 -3.36005e-16 0)
(3.36006e-16 1.00793e-15 0)
(4.03194e-15 -4.7039e-15 0)
(1.17597e-15 -4.00317e-20 0)
(-4.03192e-15 3.3598e-16 0)
(-2.01595e-15 -1.00793e-15 0)
(5.03989e-15 2.01591e-15 0)
(-3.02389e-15 -6.71988e-15 0)
(5.03993e-15 -3.69599e-15 0)
(5.54396e-15 -9.74378e-15 0)
(1.51198e-15 -1.68e-15 0)
(-2.35197e-15 1.68001e-15 0)
(1.34396e-15 -2.01598e-15 0)
(1.17597e-15 -4.03193e-15 0)
(1.17596e-15 -7.05593e-15 0)
(-8.40021e-16 1.34395e-15 0)
(-2.01595e-15 -4.36797e-15 0)
(-1.6802e-16 -3.02398e-15 0)
(6.7199e-16 -2.68806e-15 0)
(1.176e-15 -9.74385e-15 0)
(-4.70393e-15 -2.35201e-15 0)
(1.00798e-15 -8.7359e-15 0)
(1.00796e-15 -1.07519e-14 0)
(-5.20788e-15 -7.72792e-15 0)
(6.71961e-16 -9.07187e-15 0)
(-3.36007e-16 -1.00809e-15 0)
(1.00796e-15 -4.70391e-15 0)
(-1.67999e-16 -7.01931e-20 0)
(-6.7197e-16 -2.352e-15 0)
(1.84797e-15 -3.35996e-15 0)
(1.67999e-15 -2.35202e-15 0)
(1.84795e-15 -3.02395e-15 0)
(8.40041e-16 -3.36031e-16 0)
(-3.35981e-16 -2.68794e-15 0)
(6.71966e-16 -2.35194e-15 0)
(-8.39996e-16 2.35199e-15 0)
(3.86395e-15 1.00801e-15 0)
(-6.71982e-16 -3.35994e-15 0)
(8.40014e-16 1.00798e-15 0)
(8.73588e-15 3.35971e-16 0)
(-3.19193e-15 -1.34398e-15 0)
(-4.7039e-15 -6.38393e-15 0)
(2.68795e-15 -1.67996e-15 0)
(-4.61763e-21 -6.04793e-15 0)
(-5.0399e-15 -3.02403e-15 0)
(-1.17601e-15 -7.05594e-15 0)
(-8.40012e-16 -1.34398e-14 0)
(-6.71989e-15 -5.37598e-15 0)
(8.39981e-16 -1.31038e-14 0)
(1.51197e-15 -7.05598e-15 0)
(1.34395e-15 -9.74393e-15 0)
(-3.36006e-16 -1.17599e-14 0)
(-2.35193e-15 -1.00799e-14 0)
(5.71188e-15 -1.10879e-14 0)
(-1.51197e-15 -1.14239e-14 0)
(-5.37592e-15 -6.38394e-15 0)
(-6.71989e-16 -6.7199e-15 0)
(-5.03987e-16 -7.05589e-15 0)
(-6.97495e-21 -3.69597e-15 0)
(1.34401e-15 -1.34403e-15 0)
(1.34398e-15 -6.71989e-15 0)
(1.848e-15 -5.37593e-15 0)
(1.68e-15 -6.72008e-16 0)
(2.01597e-15 1.67995e-15 0)
(8.39994e-16 5.37592e-15 0)
(-3.69595e-15 1.24318e-14 0)
(-1.00797e-15 3.69596e-15 0)
(2.68793e-15 5.37589e-15 0)
(3.36059e-16 -3.02394e-15 0)
(4.36796e-15 2.68793e-15 0)
(3.52795e-15 1.34398e-15 0)
(7.05587e-15 3.02395e-15 0)
(6.71999e-16 3.35993e-15 0)
(8.39972e-16 -4.36796e-15 0)
(-3.02399e-15 -1.344e-15 0)
(-5.37593e-15 -6.72001e-16 0)
(-1.51199e-15 -7.16083e-20 0)
(-4.53599e-15 -1.34402e-15 0)
(-8.39974e-16 -1.68005e-15 0)
(1.51196e-15 -3.024e-15 0)
(-1.51199e-15 -4.704e-15 0)
(-3.35991e-15 -6.04797e-15 0)
(3.35991e-15 -5.04e-15 0)
(-2.01594e-15 -6.04799e-15 0)
(5.04011e-16 -3.02403e-15 0)
(1.51196e-15 -6.04791e-15 0)
(1.008e-15 -1.34404e-15 0)
(2.18396e-15 -1.34403e-15 0)
(1.76385e-20 -3.35996e-15 0)
(1.84796e-15 -3.35995e-15 0)
(-1.00795e-15 -1.34401e-15 0)
(4.36794e-15 -6.72016e-16 0)
(6.88791e-15 -6.71999e-16 0)
(4.19997e-15 1.54007e-20 0)
(2.85594e-15 3.66966e-20 0)
(-4.03192e-15 6.57983e-20 0)
(3.02396e-15 6.72024e-16 0)
(-1.17594e-15 1.00799e-15 0)
(6.21588e-15 9.53856e-21 0)
(2.352e-15 -1.00798e-15 0)
(-1.51197e-15 -1.34397e-15 0)
(5.04008e-16 -1.34397e-15 0)
(-3.35986e-16 6.71991e-16 0)
(8.39972e-16 -5.03996e-15 0)
(-5.20793e-15 -1.04159e-14 0)
(-3.52798e-15 -3.35999e-15 0)
(-3.02398e-15 -6.04794e-15 0)
(-5.20795e-15 -5.37594e-15 0)
(-5.03998e-16 -6.71993e-15 0)
(1.51196e-15 -8.39993e-15 0)
(-1.67994e-16 -3.69591e-15 0)
(-1.17598e-15 -5.37595e-15 0)
(-1.68004e-16 -7.39193e-15 0)
(2.68798e-15 -6.38389e-15 0)
(4.70391e-15 -1.67997e-15 0)
(-8.39953e-16 -3.3602e-16 0)
(1.51196e-15 6.71963e-16 0)
(3.36655e-20 -3.35997e-15 0)
(2.18397e-15 -1.00799e-15 0)
(1.52965e-20 2.35194e-15 0)
(5.04017e-16 3.35989e-16 0)
(1.84799e-15 -1.34397e-15 0)
(7.22392e-15 -3.69594e-15 0)
(1.84803e-15 1.00797e-15 0)
(1.84798e-15 3.02393e-15 0)
(-2.01596e-15 -6.71987e-16 0)
(-3.36006e-16 4.36791e-15 0)
(7.89587e-15 -3.35924e-16 0)
(-2.18391e-15 4.03192e-15 0)
(4.19993e-15 -4.03192e-15 0)
(-1.00799e-15 2.68794e-15 0)
(-2.01593e-15 -1.00801e-15 0)
(3.3599e-16 4.68938e-21 0)
(6.71969e-16 6.71945e-16 0)
(-3.02396e-15 -4.03193e-15 0)
(-3.192e-15 -1.34401e-15 0)
(-2.01601e-15 -2.01598e-15 0)
(-3.52794e-15 -2.35199e-15 0)
(-8.40012e-16 1.34397e-15 0)
(-1.51198e-15 -3.35997e-15 0)
(-1.68006e-16 -3.02404e-15 0)
(-6.71995e-16 -3.35996e-15 0)
(-5.03965e-16 -3.35998e-15 0)
(1.67999e-15 1.00794e-15 0)
(-1.84793e-15 -1.68001e-15 0)
(5.03989e-15 -1.68e-15 0)
(1.84798e-15 -3.02395e-15 0)
(1.008e-15 -3.35993e-15 0)
(2.01598e-15 3.35951e-16 0)
(8.40006e-16 1.47903e-20 0)
(4.53591e-15 -6.71988e-16 0)
(-6.71923e-16 2.35195e-15 0)
(4.36798e-15 -1.34397e-15 0)
(9.40785e-15 -6.72008e-16 0)
(1.67998e-15 -4.03191e-15 0)
(-1.34397e-15 -6.71987e-16 0)
(1.6803e-16 -1.67995e-15 0)
(-1.51196e-15 5.03989e-15 0)
(2.85596e-15 4.03198e-15 0)
(-1.00796e-15 4.36792e-15 0)
(-1.68e-16 -1.34397e-15 0)
(4.5359e-15 -1.67994e-15 0)
(1.34398e-15 1.00796e-15 0)
(-1.00797e-15 3.36036e-16 0)
(1.00793e-15 -6.72024e-16 0)
(-8.56788e-15 -2.68797e-15 0)
(-1.68001e-15 2.01592e-15 0)
(-1.00803e-15 -3.69596e-15 0)
(-5.03991e-15 1.00795e-15 0)
(1.17594e-15 -3.35992e-15 0)
(-1.67951e-16 -3.35996e-15 0)
(1.17597e-15 -3.69602e-15 0)
(4.19994e-15 -3.02395e-15 0)
(2.68796e-15 -5.03997e-15 0)
(-1.00797e-15 -5.03993e-15 0)
(8.40021e-16 -1.68e-15 0)
(-1.344e-15 -4.36796e-15 0)
(2.68797e-15 3.35927e-16 0)
(3.02398e-15 -2.68795e-15 0)
(3.36019e-16 -5.37591e-15 0)
(5.0405e-16 3.35991e-16 0)
(6.04788e-15 1.34398e-15 0)
(6.3839e-15 1.00799e-15 0)
(1.84806e-15 -6.71993e-16 0)
(6.7201e-16 -3.36003e-16 0)
(-2.68795e-15 -3.02395e-15 0)
(5.8799e-15 -1.008e-15 0)
(-2.18394e-15 -6.71986e-15 0)
(7.89584e-15 4.36793e-15 0)
(-3.69593e-15 -2.35198e-15 0)
(2.51998e-15 -7.5662e-21 0)
(-2.68793e-15 -3.36034e-16 0)
(2.85594e-15 -2.35194e-15 0)
(-6.72002e-16 6.38385e-15 0)
(-6.88789e-15 -1.34399e-15 0)
(-4.53597e-15 -2.352e-15 0)
(-1.68002e-15 -2.35194e-15 0)
(-7.39186e-15 3.35974e-16 0)
(4.19991e-15 -3.69593e-15 0)
(-6.2159e-15 6.7195e-16 0)
(3.02393e-15 -2.68799e-15 0)
(-5.03989e-16 -6.38388e-15 0)
(1.344e-15 -6.04796e-15 0)
(4.19995e-15 -4.70393e-15 0)
(-3.35984e-16 -3.696e-15 0)
(1.008e-15 -8.06388e-15 0)
(1.34397e-15 -6.72047e-16 0)
(6.72013e-16 -4.36792e-15 0)
(-3.35961e-16 -2.35199e-15 0)
(6.71987e-15 -3.4282e-20 0)
(3.52797e-15 -6.72006e-16 0)
(-8.39946e-16 -2.28647e-20 0)
(4.2e-15 2.68792e-15 0)
(5.20792e-15 -1.00797e-15 0)
(1.68014e-16 3.6959e-15 0)
(3.69592e-15 -3.35997e-15 0)
(-1.00795e-15 3.02392e-15 0)
(2.51997e-15 6.0479e-15 0)
(-3.69588e-15 3.35982e-16 0)
(4.36789e-15 -3.3599e-15 0)
(-1.67997e-15 -2.68797e-15 0)
(1.176e-15 -1.34398e-15 0)
(-6.71976e-16 -3.02396e-15 0)
(1.67994e-15 -8.73582e-15 0)
(-5.03994e-15 -2.01599e-15 0)
(-6.55193e-15 -7.0559e-15 0)
(-5.04008e-16 -4.12763e-20 0)
(-2.18398e-15 -2.01598e-15 0)
(1.84795e-15 -6.72011e-16 0)
(-6.55195e-15 -1.67997e-15 0)
(-2.01598e-15 -3.35993e-15 0)
(3.35998e-15 1.67987e-15 0)
(-5.03993e-16 -3.35997e-15 0)
(4.19996e-15 -6.72049e-16 0)
(1.51199e-15 -4.03195e-15 0)
(7.57095e-21 -6.71993e-15 0)
(1.17599e-15 -7.05592e-15 0)
(2.85597e-15 -4.03191e-15 0)
(6.71989e-16 -3.36006e-16 0)
(-1.51192e-15 -1.34402e-15 0)
(5.71187e-15 -5.7119e-15 0)
(2.184e-15 -4.70392e-15 0)
(7.55992e-15 -6.72003e-16 0)
(1.17602e-15 -4.03197e-15 0)
(2.01595e-15 -4.70393e-15 0)
(-2.85593e-15 -2.35199e-15 0)
(4.53593e-15 -4.36794e-15 0)
(-1.67965e-16 3.35989e-16 0)
(3.19194e-15 -2.35193e-15 0)
(-5.03952e-16 6.04784e-15 0)
(-2.18396e-15 6.71978e-16 0)
(9.74384e-15 -3.02392e-15 0)
(1.34398e-15 -3.35995e-15 0)
(1.00797e-15 1.34391e-15 0)
(-3.35999e-15 3.35991e-15 0)
(-4.03194e-15 -2.35195e-15 0)
(-4.87198e-15 -1.67996e-15 0)
(-8.39965e-16 -5.37592e-15 0)
(1.51196e-15 -3.02397e-15 0)
(-9.23987e-15 1.67995e-15 0)
(-2.184e-15 -3.36001e-15 0)
(1.34396e-15 -4.36791e-15 0)
(-1.84795e-15 -6.71988e-15 0)
(3.69595e-15 -6.71995e-15 0)
(-5.03991e-16 -3.696e-15 0)
(1.67998e-15 -3.02401e-15 0)
(1.00801e-15 -2.35197e-15 0)
(5.03993e-15 2.35186e-15 0)
(3.36025e-16 -5.37593e-15 0)
(6.55189e-15 -6.04793e-15 0)
(7.17918e-20 -2.01603e-15 0)
(-8.39955e-16 -2.01597e-15 0)
(7.39187e-15 -3.02396e-15 0)
(5.87995e-15 -5.71191e-15 0)
(-4.70394e-15 -3.69597e-15 0)
(-5.03976e-16 -3.36049e-16 0)
(1.67999e-15 -1.04158e-14 0)
(6.55188e-15 -3.36062e-16 0)
(1.51201e-15 1.00795e-15 0)
(2.18398e-15 -5.71188e-15 0)
(-1.84799e-15 -1.00799e-15 0)
(-4.03188e-15 5.71184e-15 0)
(-1.49023e-20 1.67998e-15 0)
(1.84796e-15 -8.06392e-15 0)
(-7.72787e-15 -5.03988e-15 0)
(-1.68027e-16 5.03984e-15 0)
(-4.53595e-15 -3.02394e-15 0)
(1.00799e-15 -1.34403e-15 0)
(-3.36048e-16 1.00796e-15 0)
(-4.70397e-15 -4.70394e-15 0)
(-3.86395e-15 -6.71995e-15 0)
(1.67986e-16 -6.72045e-16 0)
(-3.36023e-16 1.67983e-15 0)
(3.86397e-15 -6.04789e-15 0)
(1.68001e-15 -5.37598e-15 0)
(5.04022e-16 -1.68001e-15 0)
(1.68028e-16 -7.05595e-15 0)
(8.39969e-16 -5.71188e-15 0)
(3.86396e-15 -6.72033e-16 0)
(-6.71946e-16 -9.07187e-15 0)
(9.40781e-15 -2.35199e-15 0)
(1.17603e-15 -2.01602e-15 0)
(6.7208e-16 -5.03994e-15 0)
(6.88786e-15 3.3599e-15 0)
(-6.71974e-16 -3.35996e-15 0)
(-2.18395e-15 -3.6959e-15 0)
(5.71191e-15 2.35186e-15 0)
(1.68055e-16 -8.39984e-15 0)
(4.03195e-15 1.34399e-15 0)
(1.00802e-15 -6.72017e-16 0)
(-6.72008e-16 -3.02395e-15 0)
(1.51195e-15 -1.00796e-15 0)
(-1.17597e-15 -2.01596e-15 0)
(2.18394e-15 -3.69595e-15 0)
(-3.19197e-15 -5.03997e-15 0)
(-3.35996e-15 -7.05583e-15 0)
(1.00794e-15 1.67989e-15 0)
(-1.51201e-15 -3.02395e-15 0)
(-9.4078e-15 -5.71192e-15 0)
(-1.68054e-16 -5.37601e-15 0)
(-2.68799e-15 -6.38383e-15 0)
(-3.52795e-15 -2.01601e-15 0)
(-1.84796e-15 -1.10878e-14 0)
(-1.6803e-16 -8.00009e-20 0)
(6.21591e-15 -9.40786e-15 0)
(3.02399e-15 -1.68004e-15 0)
(6.88789e-15 -8.73587e-15 0)
(-2.1839e-15 -6.72096e-16 0)
(5.04005e-16 -2.35198e-15 0)
(5.54391e-15 1.00793e-15 0)
(1.0081e-15 -3.02396e-15 0)
(6.0479e-15 -6.71967e-16 0)
(6.88788e-15 -5.37593e-15 0)
(1.68078e-16 -1.34397e-15 0)
(6.71987e-16 -5.7119e-15 0)
(3.35994e-16 -2.35199e-15 0)
(4.19996e-15 -5.03989e-15 0)
(3.02394e-15 -5.03997e-15 0)
(3.86396e-15 -2.68799e-15 0)
(1.51198e-15 6.71964e-16 0)
(-5.03976e-16 -1.54768e-20 0)
(-1.67959e-16 -3.02394e-15 0)
(-6.71991e-16 1.67997e-15 0)
(1.68e-15 -7.72795e-15 0)
(2.01594e-15 -4.70397e-15 0)
(-9.91185e-15 2.01592e-15 0)
(-1.00801e-15 -6.71989e-15 0)
(-2.85595e-15 -2.58093e-20 0)
(1.3439e-15 -3.69597e-15 0)
(-2.51998e-15 -6.7199e-15 0)
(-2.51995e-15 2.68787e-15 0)
(-1.84801e-15 -2.68796e-15 0)
(-4.03195e-15 -4.03202e-15 0)
(-1.67996e-16 -8.06387e-15 0)
(1.34404e-15 -4.03195e-15 0)
(4.8719e-15 -2.35195e-15 0)
(6.72052e-16 1.34396e-15 0)
(6.71989e-15 -8.39983e-15 0)
(4.34283e-20 -1.00801e-15 0)
(3.02396e-15 1.58498e-20 0)
(8.23186e-15 1.00797e-15 0)
(5.04093e-16 -2.9303e-20 0)
(5.20796e-15 8.39987e-15 0)
(2.68797e-15 1.00797e-15 0)
(1.67996e-15 2.01595e-15 0)
(6.72003e-16 7.39186e-15 0)
(-6.71971e-16 4.3679e-15 0)
(3.3604e-16 -6.7197e-16 0)
(1.84799e-15 -2.68795e-15 0)
(4.03197e-15 -3.35993e-15 0)
(-3.36002e-16 -2.68795e-15 0)
(4.87191e-15 3.35995e-15 0)
(3.35996e-16 1.00795e-15 0)
(1.512e-15 -4.70395e-15 0)
(3.02394e-15 1.00798e-15 0)
(-6.0479e-15 -1.00797e-15 0)
(1.67913e-16 -3.36008e-16 0)
(-6.38387e-15 1.00796e-15 0)
(-3.36007e-16 -1.008e-15 0)
(-4.36797e-15 -2.68799e-15 0)
(1.67999e-16 -3.35997e-15 0)
(-4.87197e-15 -7.39191e-15 0)
(-8.39977e-16 -3.35996e-15 0)
(1.34399e-15 -1.34402e-15 0)
(4.53593e-15 2.68791e-15 0)
(-3.35934e-16 3.3599e-15 0)
(5.87992e-15 6.72037e-16 0)
(4.53596e-15 2.35195e-15 0)
(3.19198e-15 -1.34395e-15 0)
(1.68016e-16 3.36032e-16 0)
(1.6808e-16 -1.00795e-15 0)
(1.02478e-14 1.34401e-15 0)
(6.71991e-15 1.08589e-20 0)
(1.34404e-15 3.36002e-16 0)
(-3.35992e-16 -6.71946e-16 0)
(1.176e-15 -6.7195e-16 0)
(3.02398e-15 3.77653e-20 0)
(1.34396e-15 3.02393e-15 0)
(3.696e-15 1.00797e-15 0)
(7.39186e-15 1.00797e-15 0)
(-7.72785e-15 2.68793e-15 0)
(4.53592e-15 4.70388e-15 0)
(-5.03983e-16 1.00798e-15 0)
(6.72001e-16 4.36798e-15 0)
(1.848e-15 5.71197e-15 0)
(-4.704e-15 5.37593e-15 0)
(-3.69596e-15 2.35198e-15 0)
(-4.19997e-15 -5.71188e-15 0)
(-5.20797e-15 -5.37595e-15 0)
(-4.53592e-15 -1.34402e-15 0)
(2.35197e-15 -7.05595e-15 0)
(-2.51997e-15 -3.69599e-15 0)
(3.69592e-15 1.67994e-15 0)
(3.36005e-16 -1.00796e-15 0)
(2.52001e-15 2.35206e-15 0)
(1.17598e-15 -5.03986e-15 0)
(5.03982e-16 8.06378e-15 0)
(4.70397e-15 4.36794e-15 0)
(2.68799e-15 1.67996e-15 0)
(7.39191e-15 7.05584e-15 0)
(3.35997e-15 2.01598e-15 0)
(4.03199e-15 3.35992e-15 0)
(1.68002e-15 -1.34395e-15 0)
(3.02395e-15 -6.7197e-16 0)
(-1.00796e-15 3.69587e-15 0)
(2.35196e-15 -3.35997e-15 0)
(1.17597e-15 2.01592e-15 0)
(-1.67992e-15 -5.03993e-15 0)
(7.39186e-15 -3.69597e-15 0)
(-2.5199e-15 -3.35998e-15 0)
(3.35969e-16 -4.03192e-15 0)
(2.51996e-15 -8.39984e-15 0)
(-1.67995e-15 -5.03993e-15 0)
(-8.3999e-16 9.74391e-15 0)
(-2.35202e-15 7.39188e-15 0)
(-5.3759e-15 -2.35194e-15 0)
(-5.54397e-15 3.35997e-15 0)
(-6.04794e-15 5.7119e-15 0)
(-3.02402e-15 5.03992e-15 0)
(-4.19998e-15 2.01601e-15 0)
(1.68011e-16 -4.36791e-15 0)
(1.84795e-15 3.35961e-16 0)
(1.68036e-16 -2.3519e-15 0)
(7.05594e-15 4.36791e-15 0)
(4.19993e-15 -2.68801e-15 0)
(-2.51994e-15 2.35196e-15 0)
(-3.02398e-15 -3.69584e-15 0)
(2.856e-15 -1.00801e-15 0)
(3.02403e-15 6.72028e-16 0)
(1.04158e-14 -1.00791e-15 0)
(5.37596e-15 8.06389e-15 0)
(1.00803e-15 1.34403e-15 0)
(1.67999e-15 -6.7196e-16 0)
(2.18396e-15 2.01596e-15 0)
(1.51195e-15 -3.0239e-15 0)
(-2.18394e-15 -1.68e-15 0)
(1.17599e-15 -3.35994e-15 0)
(-1.00796e-15 1.00794e-15 0)
(2.18397e-15 -6.7199e-15 0)
(4.87194e-15 2.35195e-15 0)
(-9.73165e-21 -3.69596e-15 0)
(-5.03947e-16 1.00791e-15 0)
(2.01595e-15 -9.74379e-15 0)
(-2.56139e-20 3.69596e-15 0)
(-8.06386e-15 3.45908e-20 0)
(-2.18403e-15 -1.34396e-15 0)
(-4.36797e-15 1.34396e-15 0)
(-3.35998e-15 -3.35993e-15 0)
(-6.21591e-15 3.69598e-15 0)
(-4.03199e-15 6.04789e-15 0)
(-2.01596e-15 1.00799e-15 0)
(1.00797e-15 1.008e-15 0)
(-3.02391e-15 6.04789e-15 0)
(4.8719e-15 1.344e-15 0)
(4.19996e-15 4.03193e-15 0)
(-5.03951e-16 3.35974e-16 0)
(8.3996e-16 3.3599e-15 0)
(7.22392e-15 -3.02391e-15 0)
(5.20798e-15 3.69594e-15 0)
(4.87199e-15 4.70392e-15 0)
(4.87196e-15 3.02401e-15 0)
(3.35997e-15 2.01598e-15 0)
(1.51197e-15 6.7199e-15 0)
(-1.84795e-15 2.68797e-15 0)
(3.36008e-16 -1.7096e-20 0)
(-1.34401e-15 -5.7119e-15 0)
(1.344e-15 -3.69597e-15 0)
(1.84796e-15 -6.38386e-15 0)
(4.03198e-15 3.35942e-16 0)
(-1.00796e-15 -3.35999e-16 0)
(-2.68796e-15 -2.43579e-20 0)
(-6.7202e-16 -6.71989e-15 0)
(-1.51197e-15 -6.23654e-20 0)
(-5.03999e-16 2.35201e-15 0)
(-5.5439e-15 -3.35993e-15 0)
(-2.52004e-15 -1.67999e-15 0)
(-6.71987e-15 1.34398e-15 0)
(-1.17596e-15 6.71992e-16 0)
(-3.86397e-15 6.71993e-16 0)
(-4.8719e-15 -4.03187e-15 0)
(-3.69591e-15 6.71968e-16 0)
(-1.67989e-16 -3.35971e-16 0)
(2.01594e-15 -1.00798e-15 0)
(2.01605e-15 -5.03989e-15 0)
(2.01598e-15 5.17223e-20 0)
(1.34392e-15 -5.03986e-15 0)
(3.35955e-16 -3.35992e-15 0)
(6.88789e-15 3.02395e-15 0)
(6.71985e-15 1.00799e-15 0)
(4.36791e-15 4.03195e-15 0)
(6.38392e-15 2.68793e-15 0)
(2.68793e-15 6.71997e-16 0)
(-5.03949e-16 -6.71995e-16 0)
(-5.04008e-16 2.68797e-15 0)
(-1.00801e-15 1.67995e-15 0)
(-5.87982e-15 -1.67997e-15 0)
(1.00795e-15 -1.34398e-15 0)
(4.17833e-20 1.00789e-15 0)
(8.7358e-15 -3.69589e-15 0)
(8.39997e-16 -2.35195e-15 0)
(-1.67998e-15 -3.35989e-16 0)
(-5.54386e-15 6.7198e-16 0)
(-1.00799e-15 -2.01595e-15 0)
)
;

boundaryField
{
    outerWall
    {
        type            noSlip;
    }
    axis
    {
        type            symmetryPlane;
    }
    nozzle
    {
        type            zeroGradient;
    }
    back
    {
        type            empty;
    }
    front
    {
        type            empty;
    }
}


// ************************************************************************* //
