/*--------------------------------*- C++ -*----------------------------------*\
| =========                 |                                                 |
| \\      /  F ield         | OpenFOAM: The Open Source CFD Toolbox           |
|  \\    /   O peration     | Version:  2412                                  |
|   \\  /    A nd           | Website:  www.openfoam.com                      |
|    \\/     M anipulation  |                                                 |
\*---------------------------------------------------------------------------*/
FoamFile
{
    version     2.0;
    format      ascii;
    arch        "LSB;label=32;scalar=64";
    class       volVectorField;
    location    "1e-05";
    object      U;
}
// * * * * * * * * * * * * * * * * * * * * * * * * * * * * * * * * * * * * * //

dimensions      [0 1 -1 0 0 0 0];

internalField   nonuniform List<vector> 
3725
(
(1.0186e-15 -1.72049e-21 0)
(-2.0372e-15 3.31247e-22 0)
(-4.41393e-15 -4.74909e-21 0)
(5.09296e-16 -2.05851e-21 0)
(8.48834e-16 -6.79067e-15 0)
(-1.69768e-16 -1.0186e-15 0)
(-3.39534e-15 -1.0186e-15 0)
(-8.31856e-15 3.39533e-15 0)
(-6.79066e-16 1.0186e-15 0)
(5.6023e-15 1.0186e-15 0)
(5.26277e-15 1.20164e-21 0)
(3.05581e-15 3.39532e-16 0)
(2.20697e-15 -3.39531e-16 0)
(8.48826e-16 -2.71627e-15 0)
(-2.5465e-15 -3.03706e-21 0)
(-1.18837e-15 6.79062e-16 0)
(1.35813e-15 1.69767e-15 0)
(2.37673e-15 -6.79067e-16 0)
(-5.09297e-16 -6.7907e-16 0)
(-1.5279e-15 1.69767e-15 0)
(8.48837e-16 5.77206e-15 0)
(5.09302e-16 -6.7906e-16 0)
(1.69767e-15 3.39534e-16 0)
(3.6083e-21 -4.75347e-15 0)
(1.35813e-15 1.35813e-15 0)
(8.48834e-16 1.0186e-15 0)
(-2.0372e-15 1.0186e-15 0)
(-3.73487e-15 1.35813e-15 0)
(-3.05582e-15 -3.39532e-15 0)
(-1.0186e-15 6.79065e-15 0)
(5.093e-15 -6.79066e-16 0)
(-8.4884e-16 6.79064e-16 0)
(-3.73487e-15 -2.03719e-15 0)
(-1.41712e-21 2.71627e-15 0)
(-1.0186e-15 -3.3953e-16 0)
(-6.79068e-16 -3.39529e-16 0)
(-5.09309e-16 3.39539e-16 0)
(-7.63952e-15 -2.37671e-15 0)
(2.20696e-15 5.43254e-15 0)
(1.35814e-15 5.09301e-15 0)
(4.58372e-15 2.03721e-15 0)
(2.20697e-15 6.79072e-16 0)
(2.0372e-15 -6.79076e-16 0)
(1.6977e-16 3.39532e-16 0)
(-3.39537e-16 -2.03721e-15 0)
(-2.5465e-15 -1.35812e-15 0)
(8.48829e-16 6.79071e-16 0)
(-1.69762e-16 -3.39533e-15 0)
(2.0372e-15 -3.01338e-21 0)
(-2.5465e-15 -2.0372e-15 0)
(1.18836e-15 -1.35813e-15 0)
(2.20697e-15 -3.35478e-21 0)
(2.54651e-15 2.0372e-15 0)
(1.5279e-15 2.37673e-15 0)
(2.20697e-15 2.03721e-15 0)
(-1.0186e-15 2.0372e-15 0)
(-3.05581e-15 -1.0186e-15 0)
(-2.88604e-15 -1.0186e-15 0)
(-6.62091e-15 -2.74804e-21 0)
(-1.18838e-15 -4.75346e-15 0)
(-1.34699e-21 -3.39538e-16 0)
(-3.5651e-15 -6.79059e-16 0)
(3.3953e-16 -7.85205e-21 0)
(5.09303e-16 1.03939e-20 0)
(1.86743e-15 4.07441e-15 0)
(-1.69767e-15 8.1488e-15 0)
(-2.20698e-15 3.05581e-15 0)
(-7.13022e-15 6.1116e-15 0)
(6.79069e-16 5.43255e-15 0)
(3.95393e-21 1.69769e-15 0)
(5.94184e-15 3.5576e-21 0)
(5.09305e-16 3.39528e-16 0)
(1.35814e-15 -3.39528e-16 0)
(2.37674e-15 6.79058e-16 0)
(-1.18836e-15 -3.39533e-15 0)
(-3.39537e-16 1.69766e-15 0)
(-1.18837e-15 6.45113e-15 0)
(-5.09302e-16 -6.79068e-16 0)
(3.05581e-15 -1.35812e-15 0)
(5.09297e-16 -2.37674e-15 0)
(-1.0186e-15 2.71626e-15 0)
(5.09303e-16 3.39535e-16 0)
(3.90465e-15 -6.79066e-16 0)
(1.69767e-15 1.35814e-15 0)
(-1.69762e-16 -3.39527e-16 0)
(-6.79075e-16 1.35813e-15 0)
(-2.71627e-15 -3.39535e-16 0)
(-3.56511e-15 3.61336e-21 0)
(-4.58372e-15 -6.79068e-16 0)
(-2.54651e-15 1.35813e-15 0)
(-2.20697e-15 -1.0186e-15 0)
(-3.39538e-16 6.79063e-16 0)
(-1.5279e-15 3.39543e-16 0)
(1.0186e-15 1.0186e-15 0)
(3.3953e-16 1.35814e-15 0)
(6.79066e-16 3.57788e-21 0)
(-4.07441e-15 2.71627e-15 0)
(-4.58371e-15 3.39552e-16 0)
(8.48834e-16 5.77208e-15 0)
(-5.09298e-16 5.43254e-15 0)
(4.92323e-15 2.71627e-15 0)
(3.12325e-21 -3.39529e-16 0)
(-1.35813e-15 -5.08035e-21 0)
(1.35814e-15 -3.73486e-15 0)
(2.20697e-15 3.3953e-16 0)
(8.4883e-16 3.05581e-15 0)
(-1.18837e-15 3.05581e-15 0)
(-8.4883e-16 -6.79065e-16 0)
(1.52791e-15 3.39531e-16 0)
(6.79058e-16 -1.35813e-15 0)
(-3.39532e-16 -1.01859e-15 0)
(5.1488e-21 6.79069e-16 0)
(5.09301e-15 -3.39535e-16 0)
(1.69767e-15 -3.39532e-16 0)
(8.48833e-16 2.0372e-15 0)
(-3.0558e-15 -2.78693e-21 0)
(-2.71628e-15 1.0186e-15 0)
(-4.24417e-15 1.69766e-15 0)
(-5.09302e-15 1.0186e-15 0)
(-6.79071e-16 6.7907e-16 0)
(-3.90464e-15 -3.39535e-16 0)
(-1.35813e-15 -3.0558e-15 0)
(-5.09307e-16 2.71627e-15 0)
(5.09299e-16 3.39531e-16 0)
(6.79071e-16 3.39535e-16 0)
(8.48832e-16 3.3954e-16 0)
(-3.56511e-15 7.90784e-21 0)
(-4.58371e-15 4.0744e-15 0)
(2.88603e-15 5.09301e-15 0)
(6.79069e-16 3.0558e-15 0)
(-3.39524e-16 1.35814e-15 0)
(-6.79068e-16 3.39538e-16 0)
(1.0186e-15 -3.39534e-16 0)
(1.69767e-15 1.69766e-15 0)
(2.54651e-15 1.35814e-15 0)
(3.39536e-16 2.71627e-15 0)
(-1.0186e-15 3.3954e-16 0)
(-1.69772e-16 2.71627e-15 0)
(-1.6976e-16 -3.39542e-16 0)
(-1.25826e-21 1.69766e-15 0)
(3.19085e-21 6.79064e-16 0)
(1.0186e-15 3.39538e-16 0)
(1.52791e-15 1.35813e-15 0)
(1.18837e-15 -2.71627e-15 0)
(1.18837e-15 -4.0744e-15 0)
(8.48827e-16 -4.41394e-15 0)
(-3.05581e-15 -3.05581e-15 0)
(-3.73488e-15 -3.73487e-15 0)
(-6.79068e-15 2.37672e-15 0)
(-3.72999e-21 -1.0186e-15 0)
(-3.39534e-16 2.37673e-15 0)
(-5.06769e-24 6.79074e-16 0)
(-2.20697e-15 2.03721e-15 0)
(4.96289e-21 1.69768e-15 0)
(4.75347e-15 1.35814e-15 0)
(-1.5279e-15 1.0186e-15 0)
(-2.03721e-15 3.39534e-16 0)
(-3.90465e-15 3.39534e-15 0)
(8.48831e-16 -1.01859e-15 0)
(-8.48831e-16 4.20659e-21 0)
(3.05581e-15 -6.79063e-16 0)
(-1.69767e-15 2.37674e-15 0)
(-1.0186e-15 -2.0372e-15 0)
(4.07441e-15 6.79068e-16 0)
(2.0372e-15 1.0186e-15 0)
(1.35813e-15 3.77731e-21 0)
(-2.20697e-15 -1.35813e-15 0)
(-1.86743e-15 1.69767e-15 0)
(6.79059e-16 1.35814e-15 0)
(-1.86743e-15 1.0186e-15 0)
(2.20697e-15 -6.79056e-16 0)
(-5.09295e-16 6.79066e-16 0)
(2.71627e-15 1.0186e-15 0)
(1.01861e-15 -3.39535e-16 0)
(-5.09303e-16 3.39528e-16 0)
(-2.54651e-15 -2.37674e-15 0)
(-6.79072e-16 -4.07441e-15 0)
(-2.71627e-15 -1.69767e-15 0)
(-5.60231e-15 -2.37673e-15 0)
(-3.39538e-16 -1.0186e-15 0)
(1.0186e-15 -3.39533e-15 0)
(8.48835e-16 2.71626e-15 0)
(-1.35813e-15 4.41394e-15 0)
(1.69765e-16 3.73487e-15 0)
(2.03721e-15 1.69767e-15 0)
(-8.48837e-16 6.79067e-16 0)
(-6.28537e-21 3.39536e-16 0)
(-4.5837e-15 4.35701e-21 0)
(-2.37674e-15 -1.0186e-15 0)
(1.69763e-16 1.69767e-15 0)
(2.71627e-15 6.45114e-15 0)
(-1.0186e-15 2.37674e-15 0)
(5.09302e-16 1.35814e-15 0)
(8.48833e-16 -3.0558e-15 0)
(1.86744e-15 -3.39534e-15 0)
(1.69767e-15 -1.11377e-21 0)
(-1.18837e-15 6.79061e-16 0)
(-1.69771e-16 3.39534e-15 0)
(-8.48835e-16 3.39534e-16 0)
(1.69769e-16 -1.35813e-15 0)
(-5.09297e-16 1.69766e-15 0)
(1.86743e-15 6.7907e-16 0)
(6.79071e-16 1.0186e-15 0)
(1.35813e-15 -3.39533e-15 0)
(-5.09301e-16 6.7906e-16 0)
(-5.94184e-15 -2.0372e-15 0)
(3.39526e-16 -1.69767e-15 0)
(-1.69767e-15 1.01859e-15 0)
(-3.56512e-15 -2.37674e-15 0)
(-1.69767e-15 -1.82866e-21 0)
(1.35814e-15 3.39533e-16 0)
(3.39534e-15 -2.37673e-15 0)
(1.5279e-15 2.71627e-15 0)
(-8.55175e-22 1.01861e-15 0)
(-2.34917e-22 2.15654e-21 0)
(-2.37674e-15 6.79066e-16 0)
(-5.09302e-16 3.39531e-16 0)
(-3.05581e-15 -1.44163e-21 0)
(-3.39536e-16 1.69767e-15 0)
(3.90464e-15 1.69767e-15 0)
(2.20698e-15 -2.03719e-15 0)
(-4.24417e-15 -3.39527e-16 0)
(-1.52791e-15 2.71626e-15 0)
(-5.09299e-16 -6.79066e-16 0)
(2.5465e-15 -8.33205e-21 0)
(1.18837e-15 -3.39535e-15 0)
(1.18837e-15 -5.43253e-15 0)
(-6.7907e-16 -3.39535e-16 0)
(-2.42356e-21 1.0186e-15 0)
(-2.71626e-15 -2.03721e-15 0)
(2.20696e-15 -1.69767e-15 0)
(1.86743e-15 -6.79076e-16 0)
(7.62476e-21 -6.79064e-16 0)
(-3.39529e-16 -1.01861e-15 0)
(-5.04993e-21 -3.39533e-15 0)
(-1.52791e-15 -8.53317e-21 0)
(-2.71627e-15 1.69767e-15 0)
(-2.88605e-15 -3.39531e-16 0)
(-4.58371e-15 6.79057e-16 0)
(-6.79069e-16 -1.71542e-21 0)
(8.48838e-16 3.73487e-15 0)
(4.92324e-15 1.35813e-15 0)
(1.69772e-16 -3.39528e-16 0)
(-1.69767e-15 3.39537e-16 0)
(3.39533e-16 3.39534e-16 0)
(-3.3954e-16 -2.0372e-15 0)
(-1.86744e-15 -2.0372e-15 0)
(-2.71626e-15 6.7907e-16 0)
(-1.69772e-16 -3.39529e-16 0)
(1.86745e-15 1.69768e-15 0)
(1.86744e-15 3.73487e-15 0)
(-8.48843e-16 2.71627e-15 0)
(-3.05581e-15 2.37674e-15 0)
(-2.20697e-15 2.37673e-15 0)
(1.18837e-15 -1.69766e-15 0)
(2.37674e-15 -5.093e-15 0)
(6.79075e-16 1.69765e-15 0)
(-6.50423e-21 -2.37673e-15 0)
(1.5279e-15 -2.37674e-15 0)
(-1.35813e-15 -2.37674e-15 0)
(8.48832e-16 -1.01861e-15 0)
(-6.79065e-16 -2.71627e-15 0)
(3.39541e-16 -2.0372e-15 0)
(1.0186e-15 1.0186e-15 0)
(1.69763e-16 -2.03721e-15 0)
(-2.88604e-15 -6.79068e-16 0)
(-2.20698e-15 -3.05566e-21 0)
(-3.39534e-15 -3.39535e-15 0)
(-3.90464e-15 -6.79067e-15 0)
(5.09298e-16 -1.35813e-15 0)
(1.35814e-15 -1.69766e-15 0)
(5.09305e-16 1.0186e-15 0)
(1.0186e-15 -1.0186e-15 0)
(-8.48838e-16 -3.3954e-16 0)
(8.24755e-22 -1.01861e-15 0)
(-1.69767e-15 -5.69047e-21 0)
(-2.88604e-15 -1.69766e-15 0)
(6.79062e-16 2.37674e-15 0)
(1.69767e-16 2.71627e-15 0)
(3.56511e-15 2.37674e-15 0)
(1.35813e-15 2.71627e-15 0)
(-3.73486e-15 1.35814e-15 0)
(-8.48848e-16 1.69768e-15 0)
(-3.5651e-15 3.73487e-15 0)
(-6.79065e-16 -2.23088e-22 0)
(1.69765e-16 2.0372e-15 0)
(3.73487e-15 -2.37673e-15 0)
(-2.37673e-15 -2.71628e-15 0)
(-1.5279e-15 -2.71627e-15 0)
(1.5279e-15 -1.14756e-21 0)
(2.50384e-21 -6.79067e-16 0)
(5.87303e-22 -1.0186e-15 0)
(3.73487e-15 -1.01861e-15 0)
(1.69762e-16 -3.39536e-16 0)
(-3.39535e-16 -1.69767e-15 0)
(-1.35814e-15 -1.35814e-15 0)
(-4.58371e-15 -1.35814e-15 0)
(-2.37674e-15 -1.0186e-15 0)
(-3.39534e-15 5.13105e-21 0)
(-1.69765e-16 6.79073e-16 0)
(-8.48833e-16 -2.71628e-15 0)
(2.88603e-15 -4.41394e-15 0)
(1.35814e-15 3.39518e-16 0)
(-2.71627e-15 -4.75347e-15 0)
(1.18837e-15 -4.07441e-15 0)
(-1.18837e-15 -6.79074e-16 0)
(-1.86744e-15 2.03719e-15 0)
(-3.39533e-16 -6.7907e-16 0)
(1.0186e-15 1.69768e-15 0)
(3.05581e-15 3.39533e-16 0)
(6.79069e-16 3.39541e-16 0)
(-2.0372e-15 2.0372e-15 0)
(-2.88604e-15 -1.0186e-15 0)
(-1.18837e-15 -2.0372e-15 0)
(1.69763e-16 -1.69767e-15 0)
(3.39531e-16 6.79066e-16 0)
(-2.88603e-15 -4.26405e-21 0)
(2.0372e-15 -4.07441e-15 0)
(-1.18837e-15 -1.87429e-21 0)
(6.7907e-16 -6.79067e-16 0)
(1.69766e-16 1.69767e-15 0)
(-5.09297e-16 6.79065e-16 0)
(2.5465e-15 -3.0558e-15 0)
(-1.0186e-15 -1.0186e-15 0)
(-1.86744e-15 -2.0372e-15 0)
(-3.05581e-15 -2.03721e-15 0)
(-1.01861e-15 -5.093e-15 0)
(-1.35814e-15 -1.35813e-15 0)
(3.39536e-16 1.08651e-14 0)
(-7.07287e-22 4.0744e-15 0)
(-5.09299e-16 -2.37674e-15 0)
(2.20697e-15 -2.37674e-15 0)
(1.35813e-15 -7.80928e-15 0)
(-2.0372e-15 -1.69768e-15 0)
(1.69766e-15 -3.39535e-15 0)
(4.09082e-21 -3.05581e-15 0)
(-2.0372e-15 -6.79068e-16 0)
(8.48836e-16 5.65667e-21 0)
(1.35814e-15 6.79067e-16 0)
(3.05581e-15 -6.7906e-16 0)
(1.0186e-15 -6.79068e-16 0)
(-1.0186e-15 2.12945e-22 0)
(-2.88604e-15 1.35813e-15 0)
(-4.07441e-15 -9.49825e-22 0)
(1.35814e-15 3.73486e-15 0)
(-5.09306e-16 -3.3953e-16 0)
(-4.07441e-15 -1.69767e-15 0)
(2.71627e-15 -2.71627e-15 0)
(-1.69762e-16 -5.34232e-21 0)
(1.69767e-15 6.79067e-16 0)
(-6.79068e-16 -6.79065e-16 0)
(1.69765e-16 -3.3953e-16 0)
(1.5279e-15 1.38586e-21 0)
(-1.18837e-15 1.35813e-15 0)
(-5.0931e-16 -6.79071e-16 0)
(-3.22557e-15 -3.39534e-15 0)
(-1.0186e-15 -1.0186e-15 0)
(-3.39535e-16 -1.0186e-15 0)
(4.58371e-15 1.35815e-15 0)
(-1.35813e-15 4.07441e-15 0)
(3.66746e-22 1.35813e-15 0)
(-1.24221e-21 -3.39539e-16 0)
(-2.20697e-15 -7.13021e-15 0)
(-1.69769e-16 -6.79068e-15 0)
(1.86743e-15 -7.13021e-15 0)
(2.20697e-15 -7.13021e-15 0)
(3.3954e-16 -1.01861e-15 0)
(1.35814e-15 1.0186e-15 0)
(7.04253e-21 2.37673e-15 0)
(4.75347e-15 1.69767e-15 0)
(-6.79069e-16 -6.79071e-16 0)
(-5.09303e-16 -3.73487e-15 0)
(-3.22558e-15 -3.05581e-15 0)
(-5.09301e-15 -1.69767e-15 0)
(2.20697e-15 3.39534e-16 0)
(-5.09303e-16 -6.79073e-16 0)
(-7.13021e-15 -5.09301e-15 0)
(1.35814e-15 -2.03721e-15 0)
(4.5837e-15 -6.79071e-16 0)
(2.54651e-15 -3.39532e-16 0)
(5.09301e-16 3.39534e-16 0)
(-8.48835e-16 2.03719e-15 0)
(2.0372e-15 4.0744e-15 0)
(-4.07441e-15 -1.01859e-15 0)
(-2.20697e-15 1.35814e-15 0)
(-3.22557e-15 6.79062e-16 0)
(-1.69772e-16 6.15178e-22 0)
(1.18837e-15 1.0186e-15 0)
(6.45115e-15 3.39535e-15 0)
(2.43286e-21 4.41395e-15 0)
(-8.48834e-16 2.64834e-21 0)
(-1.35814e-15 2.03721e-15 0)
(-2.20697e-15 -1.01877e-20 0)
(-1.52791e-15 -3.73488e-15 0)
(-5.09297e-16 -2.0193e-20 0)
(3.90464e-15 -3.39534e-15 0)
(4.75348e-15 -1.68501e-21 0)
(3.56511e-15 -1.35814e-15 0)
(1.69767e-15 1.0186e-15 0)
(-3.39527e-16 1.69766e-15 0)
(-2.0372e-15 -3.39534e-15 0)
(1.69766e-16 -2.03721e-15 0)
(-2.71628e-15 -1.0186e-15 0)
(-4.58371e-15 -3.0558e-15 0)
(1.86743e-15 -1.69767e-15 0)
(3.3953e-16 -7.79799e-21 0)
(-4.75348e-15 -4.07441e-15 0)
(1.69767e-15 -3.73488e-15 0)
(1.69768e-15 -6.79068e-16 0)
(2.88604e-15 1.35813e-15 0)
(2.0372e-15 3.39533e-15 0)
(3.39532e-16 5.95073e-21 0)
(1.69772e-16 -3.3953e-16 0)
(-2.03721e-15 2.03719e-15 0)
(-2.03721e-15 1.35814e-15 0)
(-1.69767e-15 -3.39525e-16 0)
(-1.35814e-15 5.093e-15 0)
(-3.39523e-16 5.09301e-15 0)
(9.50696e-15 5.09303e-15 0)
(1.86744e-15 2.30883e-14 0)
(-1.84049e-21 -6.79069e-16 0)
(-2.5465e-15 -3.39533e-16 0)
(-1.01861e-15 -1.0186e-15 0)
(-3.22557e-15 6.79061e-16 0)
(-8.48837e-16 -6.1116e-15 0)
(2.03721e-15 -1.35814e-15 0)
(6.11161e-15 -2.03721e-15 0)
(2.71628e-15 -1.35814e-15 0)
(3.39538e-16 -1.69767e-15 0)
(5.09299e-16 -4.41394e-15 0)
(-2.88604e-15 -3.39534e-15 0)
(-1.52791e-15 -3.05581e-15 0)
(-2.0372e-15 -4.41394e-15 0)
(-1.18837e-15 -1.35813e-15 0)
(1.0186e-15 -2.0372e-15 0)
(-1.35814e-15 -5.77207e-15 0)
(-7.13021e-15 -6.11161e-15 0)
(1.0186e-15 -2.0372e-15 0)
(6.79068e-15 -3.05581e-15 0)
(3.90465e-15 -1.69767e-15 0)
(1.5279e-15 -3.05579e-15 0)
(4.94176e-21 -3.39535e-16 0)
(8.48834e-16 -1.35814e-15 0)
(-2.5465e-15 -6.79065e-16 0)
(-2.20697e-15 -2.0372e-15 0)
(1.0186e-15 1.0186e-15 0)
(-1.69763e-16 1.69768e-15 0)
(4.92325e-15 9.16744e-15 0)
(1.79953e-14 3.76883e-14 0)
(8.65814e-15 1.17818e-13 0)
(-1.37656e-21 3.39537e-16 0)
(-2.71627e-15 6.7907e-16 0)
(-5.09301e-15 1.35813e-15 0)
(-1.35814e-15 -2.37674e-15 0)
(-1.5279e-15 -6.79076e-16 0)
(5.43254e-15 -5.77207e-15 0)
(1.69768e-15 -3.39534e-15 0)
(4.58371e-15 -4.41394e-15 0)
(-6.79065e-16 -2.37674e-15 0)
(-7.55464e-22 -3.39534e-15 0)
(-1.35814e-15 -3.05581e-15 0)
(-2.20697e-15 -2.37674e-15 0)
(1.69765e-16 -1.35814e-15 0)
(5.09304e-16 2.71626e-15 0)
(-1.35814e-15 4.0744e-15 0)
(-1.35814e-15 3.39532e-16 0)
(-5.77208e-15 -1.01861e-15 0)
(6.79067e-16 1.69767e-15 0)
(4.75348e-15 -6.79072e-16 0)
(3.22558e-15 -4.75346e-15 0)
(2.03721e-15 -1.69768e-15 0)
(1.18836e-15 -3.73487e-15 0)
(3.39538e-16 -6.79064e-16 0)
(-3.39533e-16 -1.35814e-15 0)
(-1.18837e-15 1.0186e-15 0)
(3.39537e-16 3.39534e-15 0)
(5.60232e-15 7.46977e-15 0)
(2.75023e-14 4.51581e-14 0)
(8.92976e-14 2.09832e-13 0)
(6.24744e-14 7.39167e-13 0)
(3.39533e-16 4.75347e-15 0)
(-5.0931e-16 -1.0186e-15 0)
(-7.97905e-15 6.79076e-16 0)
(-3.05581e-15 -2.20554e-21 0)
(-2.20697e-15 -6.79072e-16 0)
(3.39534e-15 -3.73488e-15 0)
(4.75348e-15 -1.01861e-15 0)
(4.24418e-15 -3.39535e-15 0)
(-5.09302e-16 -2.03721e-15 0)
(-3.39534e-16 -3.39535e-15 0)
(-1.18837e-15 -5.77207e-15 0)
(-2.37674e-15 -3.39534e-15 0)
(2.0372e-15 -6.79066e-16 0)
(1.69767e-15 2.37673e-15 0)
(-1.86744e-15 6.79077e-16 0)
(-2.71627e-15 3.39535e-16 0)
(-3.05581e-15 -1.35813e-15 0)
(-4.79979e-22 3.39533e-15 0)
(3.56511e-15 -3.3953e-16 0)
(8.48842e-16 -6.79071e-16 0)
(1.18837e-15 -3.05581e-15 0)
(1.18837e-15 -1.69768e-15 0)
(1.5279e-15 -1.35814e-15 0)
(1.68669e-21 -2.71627e-15 0)
(2.20697e-15 2.0372e-15 0)
(5.77209e-15 1.12046e-14 0)
(3.34442e-14 3.80279e-14 0)
(1.5347e-13 2.16963e-13 0)
(5.40879e-13 1.0916e-12 0)
(4.0829e-13 4.29002e-12 0)
(5.093e-16 2.37674e-15 0)
(-2.37674e-15 3.73487e-15 0)
(-6.28139e-15 6.11161e-15 0)
(-5.43255e-15 -1.35813e-15 0)
(-5.09301e-15 -2.0372e-15 0)
(2.54651e-15 -6.79081e-16 0)
(5.77208e-15 -5.77208e-15 0)
(2.71628e-15 -2.71629e-15 0)
(-1.0186e-15 -3.39535e-15 0)
(5.09303e-16 -3.73487e-15 0)
(-6.79068e-16 6.79053e-16 0)
(-1.18837e-15 3.39531e-16 0)
(5.09305e-16 5.23928e-22 0)
(4.58371e-15 -6.79058e-16 0)
(-2.71627e-15 6.79069e-16 0)
(-3.39535e-15 1.69767e-15 0)
(-1.69767e-15 4.41395e-15 0)
(3.92941e-21 2.37674e-15 0)
(4.0744e-15 3.05581e-15 0)
(6.79077e-16 9.50694e-15 0)
(1.0186e-15 3.39537e-16 0)
(3.39537e-16 6.79064e-16 0)
(3.22557e-15 -5.77208e-15 0)
(1.86744e-15 1.01859e-15 0)
(5.43255e-15 1.69768e-15 0)
(2.85209e-14 2.07116e-14 0)
(1.61109e-13 1.62637e-13 0)
(8.18618e-13 1.00978e-12 0)
(3.14137e-12 5.81419e-12 0)
(2.45772e-12 2.74639e-11 0)
(-3.39534e-16 -1.35813e-15 0)
(-2.03721e-15 1.0186e-15 0)
(-6.45115e-15 -1.01859e-15 0)
(-7.29999e-15 2.03721e-15 0)
(-3.56511e-15 1.69767e-15 0)
(1.69767e-15 -1.35814e-15 0)
(3.22558e-15 -8.48835e-15 0)
(5.60231e-15 -1.05256e-14 0)
(-2.03719e-15 -6.45115e-15 0)
(8.48832e-16 -2.37675e-15 0)
(5.09303e-16 -6.79068e-16 0)
(6.79069e-16 -6.79056e-16 0)
(1.01861e-15 1.35813e-15 0)
(4.07441e-15 2.71626e-15 0)
(-2.03721e-15 6.79068e-16 0)
(-2.71627e-15 1.69767e-15 0)
(-1.18837e-15 8.14881e-15 0)
(2.0372e-15 3.73488e-15 0)
(1.69767e-15 4.41395e-15 0)
(1.69765e-16 2.37675e-15 0)
(-6.79065e-16 4.41395e-15 0)
(-3.17311e-21 1.35814e-15 0)
(1.01861e-15 -2.03721e-15 0)
(3.73488e-15 -3.05581e-15 0)
(1.7486e-14 8.48836e-15 0)
(1.25628e-13 7.53767e-14 0)
(7.71592e-13 5.90111e-13 0)
(4.39629e-12 4.06253e-12 0)
(2.03806e-11 2.58128e-11 0)
(1.66455e-11 1.35164e-10 0)
(6.7906e-16 3.39529e-16 0)
(-1.69767e-15 -1.35813e-15 0)
(-5.43255e-15 -1.0186e-15 0)
(-5.60232e-15 3.39533e-15 0)
(-4.92325e-15 6.79065e-16 0)
(-3.39533e-16 -4.75347e-15 0)
(-1.69758e-16 -4.41395e-15 0)
(4.41394e-15 -3.39534e-15 0)
(6.79072e-16 -6.79077e-16 0)
(3.39535e-16 -4.75347e-15 0)
(5.43255e-15 2.71626e-15 0)
(1.01861e-15 2.37674e-15 0)
(3.39534e-15 1.69768e-15 0)
(2.54651e-15 -1.01859e-15 0)
(-2.37674e-15 2.37673e-15 0)
(-1.18837e-15 1.44985e-20 0)
(-1.69764e-16 5.77208e-15 0)
(3.3954e-16 4.41395e-15 0)
(8.48832e-16 2.37674e-15 0)
(1.52791e-15 4.75347e-15 0)
(-8.48841e-16 4.41394e-15 0)
(-3.05581e-15 6.79065e-16 0)
(-1.5279e-15 -2.0372e-15 0)
(1.08651e-14 -1.0186e-15 0)
(6.14558e-14 2.34279e-14 0)
(4.6686e-13 2.10172e-13 0)
(3.15054e-12 1.88374e-12 0)
(1.97343e-11 1.54706e-11 0)
(1.01469e-10 1.37138e-10 0)
(8.44728e-11 1.03907e-09 0)
(-5.72962e-15 -1.27326e-15 0)
(-1.90988e-15 -5.67958e-21 0)
(-5.51743e-15 -1.27325e-15 0)
(-4.03198e-15 1.27326e-15 0)
(-8.48835e-15 -8.48826e-16 0)
(2.12204e-16 -8.48833e-16 0)
(1.48546e-15 -4.2442e-16 0)
(3.81976e-15 -1.27325e-15 0)
(4.66858e-15 -4.24417e-15 0)
(-2.12207e-15 8.4883e-16 0)
(4.03198e-15 1.2288e-20 0)
(4.66859e-15 4.24416e-15 0)
(4.24421e-16 3.39533e-15 0)
(1.06104e-15 1.27325e-15 0)
(-2.12211e-16 8.48827e-16 0)
(-1.06104e-15 4.24413e-16 0)
(1.48546e-15 1.69767e-15 0)
(2.12208e-15 1.69767e-15 0)
(-2.12206e-16 3.27498e-21 0)
(3.60754e-15 1.38259e-21 0)
(-5.09301e-15 -4.24417e-16 0)
(-4.03196e-15 -2.12209e-15 0)
(1.27324e-15 -4.24426e-16 0)
(1.825e-14 2.5465e-15 0)
(1.65099e-13 2.37674e-14 0)
(1.41543e-12 2.23244e-13 0)
(1.13107e-11 1.9676e-12 0)
(9.72255e-11 1.62556e-11 0)
(7.1942e-10 1.40429e-10 0)
(6.60696e-09 1.07856e-09 0)
(8.48826e-16 -4.66859e-15 0)
(-4.24422e-16 -1.69768e-15 0)
(-5.09302e-15 1.69765e-15 0)
(-4.6686e-15 -4.24419e-16 0)
(-7.2151e-15 1.69766e-15 0)
(-1.43657e-21 2.97092e-15 0)
(8.48833e-16 2.54652e-15 0)
(2.54651e-15 1.69767e-15 0)
(2.1221e-15 -3.39533e-15 0)
(3.81975e-15 2.97092e-15 0)
(6.15405e-15 1.27325e-15 0)
(1.06105e-15 -1.27325e-15 0)
(-3.33775e-22 6.57013e-21 0)
(4.2442e-16 8.48827e-16 0)
(-1.06104e-15 -5.09299e-15 0)
(-1.48546e-15 -2.5465e-15 0)
(2.5465e-15 -1.69766e-15 0)
(6.36629e-16 4.24418e-16 0)
(-4.24416e-16 -8.93619e-22 0)
(2.33429e-15 -1.69766e-15 0)
(-3.81976e-15 -2.97093e-15 0)
(-3.39535e-15 -2.12207e-15 0)
(-8.48832e-16 -2.12208e-15 0)
(2.50407e-14 -4.66858e-15 0)
(2.0945e-13 6.36629e-15 0)
(1.73842e-12 9.04011e-14 0)
(1.36784e-11 6.79069e-13 0)
(1.11423e-10 4.93938e-12 0)
(8.07511e-10 2.92195e-11 0)
(6.5783e-09 1.80297e-10 0)
(1.69767e-15 -2.1221e-15 0)
(-2.12209e-16 -3.39533e-15 0)
(-4.24417e-15 -5.94182e-15 0)
(-5.09302e-15 -3.81975e-15 0)
(-6.36627e-15 4.2442e-16 0)
(2.12205e-16 4.66859e-15 0)
(-4.24413e-16 8.06391e-15 0)
(3.18314e-15 8.48823e-16 0)
(3.81976e-15 8.48829e-16 0)
(2.3343e-15 2.12209e-15 0)
(5.09301e-15 -4.24411e-16 0)
(8.48837e-16 -1.27324e-15 0)
(-6.36622e-16 -1.27324e-15 0)
(1.27325e-15 -8.48826e-16 0)
(-8.4884e-16 4.24416e-16 0)
(-2.12213e-16 2.97091e-15 0)
(1.90989e-15 -4.24419e-16 0)
(4.24413e-16 -4.24419e-16 0)
(8.48835e-16 2.12209e-15 0)
(-8.48828e-16 1.69766e-15 0)
(-1.27326e-15 -4.2441e-16 0)
(-5.51742e-15 1.27324e-15 0)
(-1.06105e-15 2.12207e-15 0)
(2.48285e-14 -4.66859e-15 0)
(2.21122e-13 -1.27327e-15 0)
(1.81927e-12 -3.39533e-15 0)
(1.42206e-11 -4.24418e-15 0)
(1.14348e-10 -4.66861e-15 0)
(8.24634e-10 -3.26802e-14 0)
(6.57261e-09 -1.98628e-13 0)
(2.12209e-15 -9.33718e-15 0)
(8.48838e-16 -2.97093e-15 0)
(-3.18314e-15 1.27324e-15 0)
(-5.51743e-15 4.24417e-15 0)
(-4.88081e-15 8.48842e-16 0)
(4.2442e-16 1.27326e-15 0)
(1.06104e-15 4.24433e-16 0)
(1.48546e-15 2.54651e-15 0)
(2.75872e-15 2.54649e-15 0)
(3.81976e-15 2.5465e-15 0)
(4.45639e-15 2.12209e-15 0)
(6.36631e-16 3.39533e-15 0)
(-8.48829e-16 3.39533e-15 0)
(1.48546e-15 8.48839e-16 0)
(-1.06105e-15 2.12207e-15 0)
(-2.75871e-15 1.27325e-15 0)
(5.72962e-15 1.27326e-15 0)
(2.3343e-15 4.24416e-16 0)
(-1.90988e-15 8.48834e-16 0)
(-4.24419e-16 -1.27324e-15 0)
(-3.60755e-15 -4.24423e-16 0)
(-4.6686e-15 -1.69767e-15 0)
(-1.48546e-15 -1.27324e-15 0)
(2.39796e-14 -2.12209e-15 0)
(2.09875e-13 -1.40058e-14 0)
(1.73736e-12 -8.91279e-14 0)
(1.36786e-11 -6.82465e-13 0)
(1.11403e-10 -4.93726e-12 0)
(8.07397e-10 -2.92097e-11 0)
(6.57676e-09 -1.8014e-10 0)
(4.2442e-16 -4.24431e-16 0)
(2.75872e-15 -8.48841e-16 0)
(-4.2443e-16 -8.48837e-16 0)
(-5.72963e-15 1.69767e-15 0)
(-5.51743e-15 3.81976e-15 0)
(2.12208e-15 2.83029e-21 0)
(4.27281e-21 2.5465e-15 0)
(-4.24413e-16 -1.69765e-15 0)
(4.45639e-15 8.48841e-16 0)
(2.75872e-15 4.2442e-16 0)
(5.30522e-15 4.24418e-16 0)
(2.12208e-15 -4.24411e-16 0)
(1.27326e-15 4.24418e-16 0)
(-1.06105e-15 2.12208e-15 0)
(-8.48833e-16 -8.48827e-16 0)
(-2.12214e-16 -6.4268e-22 0)
(-1.27323e-15 2.54649e-15 0)
(1.48546e-15 -4.24408e-16 0)
(1.90987e-15 -4.24413e-16 0)
(-1.27325e-15 4.24404e-16 0)
(-3.39534e-15 1.69767e-15 0)
(-2.54651e-15 1.69766e-15 0)
(-8.48838e-16 5.94182e-15 0)
(1.71889e-14 4.24418e-16 0)
(1.64462e-13 -2.63139e-14 0)
(1.41395e-12 -2.28337e-13 0)
(1.13152e-11 -1.971e-12 0)
(9.72346e-11 -1.62331e-11 0)
(7.19515e-10 -1.40069e-10 0)
(6.60444e-09 -1.07489e-09 0)
(3.44332e-08 1.13208e-11 0)
(1.4187e-07 -1.39708e-13 0)
(5.53956e-07 -9.83979e-12 0)
(2.10518e-06 -3.48876e-11 0)
(7.7722e-06 -1.14693e-10 0)
(2.78188e-05 -3.62584e-10 0)
(9.63029e-05 -1.10056e-09 0)
(0.000321568 -3.1944e-09 0)
(0.00103253 -8.81939e-09 0)
(0.00317683 -2.30061e-08 0)
(0.00932762 -5.62411e-08 0)
(0.0260114 -1.2768e-07 0)
(0.0685084 -2.67624e-07 0)
(0.16929 -5.20666e-07 0)
(0.389396 -9.59039e-07 0)
(0.825845 -1.69524e-06 0)
(1.59643 -2.84978e-06 0)
(2.77391 -4.30892e-06 0)
(4.26476 -5.33742e-06 0)
(5.73248 -4.94115e-06 0)
(6.75138 -3.27939e-06 0)
(7.07832 -1.55988e-06 0)
(7.09382 2.35002e-07 0)
(6.40655 1.84379e-06 0)
(6.54968 1.38347e-06 0)
(3.43171e-08 1.36405e-11 0)
(1.41849e-07 -3.37661e-12 0)
(5.53921e-07 -2.40182e-11 0)
(2.10508e-06 -8.3104e-11 0)
(7.77188e-06 -2.71365e-10 0)
(2.78179e-05 -8.52472e-10 0)
(9.63001e-05 -2.57084e-09 0)
(0.000321561 -7.41451e-09 0)
(0.00103251 -2.03552e-08 0)
(0.00317678 -5.28941e-08 0)
(0.00932752 -1.29238e-07 0)
(0.0260112 -2.94755e-07 0)
(0.068508 -6.23764e-07 0)
(0.169289 -1.22364e-06 0)
(0.389395 -2.23688e-06 0)
(0.825844 -3.81791e-06 0)
(1.59643 -6.02421e-06 0)
(2.77391 -8.46234e-06 0)
(4.26477 -9.88998e-06 0)
(5.73249 -8.81555e-06 0)
(6.75139 -5.492e-06 0)
(7.07834 -2.08553e-06 0)
(7.09384 6.25605e-07 0)
(6.40657 2.40449e-06 0)
(6.54971 1.68209e-06 0)
(3.42912e-08 -2.12315e-12 0)
(1.41832e-07 -7.57835e-12 0)
(5.53876e-07 -2.61658e-11 0)
(2.10493e-06 -8.75006e-11 0)
(7.77144e-06 -2.82443e-10 0)
(2.78166e-05 -8.77493e-10 0)
(9.62964e-05 -2.61541e-09 0)
(0.000321551 -7.45142e-09 0)
(0.00103249 -2.02075e-08 0)
(0.00317672 -5.19136e-08 0)
(0.00932738 -1.25653e-07 0)
(0.026011 -2.84828e-07 0)
(0.0685075 -6.00785e-07 0)
(0.169288 -1.17147e-06 0)
(0.389394 -2.0983e-06 0)
(0.825842 -3.41554e-06 0)
(1.59643 -4.96558e-06 0)
(2.77391 -6.21949e-06 0)
(4.26477 -6.32768e-06 0)
(5.73249 -4.63155e-06 0)
(6.75139 -1.64437e-06 0)
(7.07835 1.2159e-06 0)
(7.09385 2.60908e-06 0)
(6.40657 2.47421e-06 0)
(6.54971 1.07919e-06 0)
(3.43102e-08 -1.6958e-11 0)
(1.41825e-07 -8.77874e-12 0)
(5.53841e-07 -1.80243e-11 0)
(2.10482e-06 -5.75483e-11 0)
(7.77109e-06 -1.82819e-10 0)
(2.78155e-05 -5.59148e-10 0)
(9.62936e-05 -1.63802e-09 0)
(0.000321543 -4.5767e-09 0)
(0.00103247 -1.21388e-08 0)
(0.00317668 -3.03971e-08 0)
(0.00932729 -7.14211e-08 0)
(0.0260108 -1.56363e-07 0)
(0.0685071 -3.1661e-07 0)
(0.169288 -5.88627e-07 0)
(0.389393 -9.95363e-07 0)
(0.825841 -1.51694e-06 0)
(1.59643 -2.01792e-06 0)
(2.77391 -2.20222e-06 0)
(4.26477 -1.59526e-06 0)
(5.7325 -2.45455e-08 0)
(6.7514 1.77334e-06 0)
(7.07835 2.76829e-06 0)
(7.09385 2.60038e-06 0)
(6.40657 1.81389e-06 0)
(6.54971 -2.10237e-07 0)
(3.44217e-08 -1.25226e-11 0)
(1.41831e-07 -4.43941e-12 0)
(5.53827e-07 -6.03346e-12 0)
(2.10477e-06 -1.82606e-11 0)
(7.77093e-06 -5.70393e-11 0)
(2.78151e-05 -1.71541e-10 0)
(9.62924e-05 -4.9288e-10 0)
(0.00032154 -1.34538e-09 0)
(0.00103246 -3.4671e-09 0)
(0.00317666 -8.37158e-09 0)
(0.00932725 -1.87651e-08 0)
(0.0260107 -3.861e-08 0)
(0.068507 -7.19655e-08 0)
(0.169287 -1.20136e-07 0)
(0.389393 -1.7491e-07 0)
(0.82584 -2.24081e-07 0)
(1.59643 -2.26764e-07 0)
(2.77391 -1.36162e-07 0)
(4.26476 1.79862e-07 0)
(5.73249 7.32602e-07 0)
(6.75138 1.2051e-06 0)
(7.07833 1.02673e-06 0)
(7.09382 3.8191e-07 0)
(6.40654 -9.96305e-08 0)
(6.54968 -9.90812e-07 0)
(1.00799e-15 -1.67999e-15 0)
(2.51998e-15 -2.68797e-15 0)
(5.03996e-16 -4.36796e-15 0)
(-1.344e-15 -1.34398e-15 0)
(-3.02398e-15 3.69597e-15 0)
(-3.02397e-15 4.03198e-15 0)
(8.39989e-16 -6.71991e-16 0)
(1.176e-15 2.01598e-15 0)
(5.87995e-15 5.03996e-15 0)
(2.35198e-15 1.008e-15 0)
(2.85598e-15 2.35198e-15 0)
(-6.71987e-16 6.71996e-16 0)
(3.02397e-15 3.35998e-16 0)
(-4.53595e-15 -2.01598e-15 0)
(-5.88144e-21 -2.35198e-15 0)
(-1.67998e-16 -1.34399e-15 0)
(3.19197e-15 -1.34398e-15 0)
(2.35198e-15 1.34398e-15 0)
(-5.03988e-16 1.67998e-15 0)
(6.71981e-16 -2.01598e-15 0)
(-1.67999e-15 3.35992e-16 0)
(-4.19997e-15 -3.57392e-21 0)
(-3.35996e-15 -6.71975e-16 0)
(6.04795e-15 7.01699e-22 0)
(5.87996e-14 -2.25119e-14 0)
(4.61157e-13 -2.16383e-13 0)
(3.12075e-12 -1.87856e-12 0)
(1.95059e-11 -1.53971e-11 0)
(1.00189e-10 -1.36414e-10 0)
(8.3394e-11 -1.0334e-09 0)
(6.71996e-16 3.36001e-16 0)
(2.85597e-15 1.34399e-15 0)
(-2.01598e-15 2.68797e-15 0)
(-1.34399e-15 2.35197e-15 0)
(-1.51199e-15 -1.00799e-15 0)
(-2.51998e-15 5.37594e-15 0)
(-2.35198e-15 -1.00798e-15 0)
(5.71195e-15 7.39194e-15 0)
(2.35199e-15 2.68798e-15 0)
(3.02398e-15 3.35987e-16 0)
(6.72005e-16 -3.69597e-15 0)
(1.17599e-15 -2.35198e-15 0)
(1.84798e-15 -3.02397e-15 0)
(-4.36797e-15 -3.69597e-15 0)
(6.71997e-16 -1.34399e-15 0)
(3.35999e-16 3.69597e-15 0)
(2.18398e-15 3.66127e-21 0)
(2.18398e-15 -1.34398e-15 0)
(-1.68001e-16 -1.67999e-15 0)
(-2.35197e-15 -1.008e-15 0)
(-1.51199e-15 -3.35987e-16 0)
(-2.68798e-15 -3.35989e-16 0)
(-1.17599e-15 2.01599e-15 0)
(-1.67999e-15 2.68797e-15 0)
(1.57919e-14 -9.40793e-15 0)
(1.21463e-13 -7.39195e-14 0)
(7.59355e-13 -5.79596e-13 0)
(4.31035e-12 -3.98762e-12 0)
(1.99865e-11 -2.52707e-11 0)
(1.63271e-11 -1.32175e-10 0)
(6.71993e-16 3.35997e-15 0)
(-6.71991e-16 2.35198e-15 0)
(-1.34399e-15 5.37595e-15 0)
(-2.68798e-15 3.69598e-15 0)
(-5.03996e-15 1.008e-15 0)
(-1.17599e-15 1.68e-15 0)
(2.18398e-15 6.38394e-15 0)
(4.36797e-15 1.344e-15 0)
(-6.71988e-16 -3.35999e-16 0)
(1.51198e-15 -2.68798e-15 0)
(2.51998e-15 -4.70395e-15 0)
(6.71996e-16 6.71981e-16 0)
(-3.35996e-16 -9.51222e-21 0)
(-1.00799e-15 -3.02398e-15 0)
(4.03196e-15 -9.54621e-21 0)
(1.51199e-15 1.00799e-15 0)
(-1.67992e-16 1.67999e-15 0)
(-6.71991e-16 6.7199e-16 0)
(-1.00799e-15 -2.68797e-15 0)
(1.34398e-15 -2.68797e-15 0)
(-1.67999e-15 3.35997e-16 0)
(-1.34399e-15 8.73592e-15 0)
(-2.68798e-15 4.36796e-15 0)
(-1.17599e-15 4.03197e-15 0)
(6.72e-16 1.34399e-15 0)
(2.68798e-14 -1.94879e-14 0)
(1.58255e-13 -1.53887e-13 0)
(7.92787e-13 -9.80442e-13 0)
(3.03557e-12 -5.64275e-12 0)
(2.37483e-12 -2.66745e-11 0)
(-2.35197e-15 8.91075e-21 0)
(2.18398e-15 2.68798e-15 0)
(1.34399e-15 3.36006e-16 0)
(-2.18398e-15 1.34399e-15 0)
(-4.19997e-15 4.36795e-15 0)
(3.35992e-16 6.04795e-15 0)
(-6.71994e-16 2.68799e-15 0)
(1.68003e-16 1.67999e-15 0)
(8.39987e-16 2.68797e-15 0)
(-2.18397e-15 -1.34399e-15 0)
(3.86397e-15 -3.35998e-15 0)
(2.35198e-15 -3.02398e-15 0)
(-1.34399e-15 -4.70396e-15 0)
(-1.00799e-15 -8.06392e-15 0)
(1.34399e-15 -5.03994e-15 0)
(4.03196e-15 6.72e-16 0)
(3.36004e-16 1.67999e-15 0)
(-2.35198e-15 2.01599e-15 0)
(2.68797e-15 6.71991e-16 0)
(-1.67998e-15 3.35999e-16 0)
(1.67999e-15 1.34399e-15 0)
(-7.33007e-21 6.72e-16 0)
(-4.53596e-15 1.344e-15 0)
(-1.00799e-15 2.68798e-15 0)
(-1.34399e-15 3.35999e-16 0)
(4.87197e-15 -3.69598e-15 0)
(3.15838e-14 -3.46078e-14 0)
(1.45151e-13 -2.04959e-13 0)
(5.12733e-13 -1.04932e-12 0)
(3.89421e-13 -4.1069e-12 0)
(-3.36002e-16 7.39193e-15 0)
(-1.67993e-16 6.71995e-16 0)
(1.67998e-15 -1.34399e-15 0)
(-1.00799e-15 -1.34399e-15 0)
(-3.02397e-15 3.36002e-16 0)
(-1.34399e-15 6.72005e-16 0)
(-3.36e-16 1.67999e-15 0)
(1.67998e-15 3.69596e-15 0)
(-2.68797e-15 1.008e-15 0)
(-3.02397e-15 6.71997e-16 0)
(2.68798e-15 2.68796e-15 0)
(2.35198e-15 -1.00799e-15 0)
(-1.67998e-15 1.67998e-15 0)
(6.71995e-16 -6.71997e-16 0)
(2.18399e-15 3.69596e-15 0)
(4.87196e-15 2.01598e-15 0)
(3.19197e-15 2.35198e-15 0)
(-1.17599e-15 3.36003e-16 0)
(-2.01598e-15 1.34399e-15 0)
(3.35993e-16 2.68797e-15 0)
(2.68797e-15 1.34399e-15 0)
(-1.00799e-15 2.35198e-15 0)
(-6.04795e-15 -3.35994e-16 0)
(-1.176e-15 6.71996e-16 0)
(-1.51199e-15 -3.35998e-16 0)
(-8.39991e-16 -3.02398e-15 0)
(5.37596e-15 -6.71996e-15 0)
(2.31839e-14 -4.09917e-14 0)
(7.86235e-14 -1.94879e-13 0)
(5.87996e-14 -6.99883e-13 0)
(-4.87195e-15 1.008e-15 0)
(1.67992e-16 -6.71988e-16 0)
(-1.87723e-21 -3.91107e-21 0)
(-3.20659e-21 -6.71995e-16 0)
(-2.18398e-15 -2.01598e-15 0)
(-5.03998e-16 6.71986e-16 0)
(-1.84798e-15 1.00799e-15 0)
(3.02397e-15 -6.71984e-16 0)
(-3.36e-16 3.02397e-15 0)
(-4.03196e-15 1.67999e-15 0)
(1.00799e-15 3.36003e-16 0)
(2.35198e-15 -6.71994e-16 0)
(-6.71991e-16 -1.00974e-21 0)
(6.72005e-16 2.35198e-15 0)
(5.03995e-15 4.03196e-15 0)
(3.35997e-15 1.34399e-15 0)
(-1.17598e-15 2.68796e-15 0)
(-4.95724e-21 1.67998e-15 0)
(-1.67997e-16 2.68798e-15 0)
(1.34398e-15 3.35995e-16 0)
(6.71998e-16 3.35992e-16 0)
(-2.01599e-15 -4.36796e-15 0)
(-6.04795e-15 -6.72002e-16 0)
(-1.51199e-15 -1.67999e-15 0)
(-3.52797e-15 -3.02398e-15 0)
(-1.84799e-15 -2.68798e-15 0)
(1.67999e-15 -1.67999e-15 0)
(6.04795e-15 -6.38397e-15 0)
(1.15919e-14 -3.72957e-14 0)
(8.06395e-15 -1.07855e-13 0)
(-1.68006e-16 7.39194e-15 0)
(-3.52797e-15 1.00799e-15 0)
(-2.35198e-15 -1.00799e-15 0)
(-1.34399e-15 -2.35199e-15 0)
(1.17598e-15 -1.34399e-15 0)
(8.39991e-16 -3.69597e-15 0)
(-5.03989e-16 -1.67999e-15 0)
(2.18398e-15 -3.35997e-16 0)
(-2.35198e-15 -2.01598e-15 0)
(-2.68799e-15 1.34399e-15 0)
(-1.00799e-15 -3.35998e-16 0)
(4.74554e-21 4.57524e-21 0)
(5.03995e-16 -6.71988e-16 0)
(3.35997e-15 1.00799e-15 0)
(6.88795e-15 -1.67998e-15 0)
(8.64378e-21 -2.35198e-15 0)
(3.02397e-15 -2.68797e-15 0)
(-1.34398e-15 -1.00799e-15 0)
(-5.04e-16 -1.34399e-15 0)
(-2.85597e-15 -1.008e-15 0)
(1.34399e-15 -5.03995e-15 0)
(-3.35997e-15 -1.008e-15 0)
(-3.02398e-15 -3.35997e-15 0)
(-2.35198e-15 -2.35198e-15 0)
(-2.85598e-15 -3.35999e-16 0)
(-8.39995e-16 -1.008e-15 0)
(1.17599e-15 -1.34399e-15 0)
(8.39997e-16 -3.69597e-15 0)
(1.17599e-15 -4.70398e-15 0)
(1.00799e-15 -1.71359e-14 0)
(-1.84799e-15 2.35198e-15 0)
(-5.87995e-15 1.34399e-15 0)
(-2.01599e-15 6.7199e-16 0)
(-3.02398e-15 6.7199e-16 0)
(-2.01598e-15 -5.62552e-22 0)
(-6.71996e-16 -6.71995e-16 0)
(1.34399e-15 -1.34399e-15 0)
(2.01599e-15 -6.71995e-16 0)
(-3.36001e-16 -6.47408e-21 0)
(-1.34399e-15 1.98822e-21 0)
(6.71996e-16 6.72004e-16 0)
(1.34399e-15 1.34398e-15 0)
(-1.00799e-15 1.34399e-15 0)
(1.67999e-15 3.02397e-15 0)
(5.03996e-15 -1.34399e-15 0)
(1.67999e-15 -2.01599e-15 0)
(-1.67992e-16 -5.37596e-15 0)
(-6.71999e-16 -2.01599e-15 0)
(-1.17599e-15 -5.71195e-15 0)
(-2.68798e-15 -7.05594e-15 0)
(1.34398e-15 -4.36797e-15 0)
(-3.99293e-21 -4.36796e-15 0)
(-4.70395e-15 -6.72e-16 0)
(-1.512e-15 -1.67999e-15 0)
(-3.19198e-15 -1.67999e-15 0)
(-1.34399e-15 -3.35993e-16 0)
(2.35198e-15 1.00799e-15 0)
(2.08512e-22 3.35995e-16 0)
(-5.03994e-16 -1.34399e-15 0)
(3.35997e-16 -5.46427e-21 0)
(-5.87994e-15 -6.71995e-16 0)
(-4.36797e-15 -2.35198e-15 0)
(-1.84799e-15 -4.03196e-15 0)
(-2.01598e-15 -1.67998e-15 0)
(-2.01598e-15 -1.34399e-15 0)
(-1.00799e-15 -1.00799e-15 0)
(-1.00799e-15 1.00799e-15 0)
(6.04794e-15 2.01598e-15 0)
(-1.67998e-15 1.00799e-15 0)
(-2.35198e-15 -8.02998e-22 0)
(6.71992e-16 1.67998e-15 0)
(2.68797e-15 8.9048e-21 0)
(2.71805e-21 2.68798e-15 0)
(-2.01598e-15 6.71996e-16 0)
(1.67999e-15 -3.02397e-15 0)
(3.35997e-15 -4.36796e-15 0)
(1.00799e-15 -7.72793e-15 0)
(-3.02397e-15 -6.38395e-15 0)
(-1.008e-15 -3.35998e-15 0)
(-1.84799e-15 -3.02398e-15 0)
(1.00799e-15 -4.70396e-15 0)
(-3.35999e-16 -6.38395e-15 0)
(-2.85598e-15 -4.36797e-15 0)
(-4.53596e-15 -3.02399e-15 0)
(1.67998e-15 -2.35198e-15 0)
(1.17599e-15 -3.69596e-15 0)
(2.28125e-22 3.35993e-16 0)
(-6.71992e-16 2.01599e-15 0)
(2.35198e-15 1.34398e-15 0)
(2.10131e-21 1.67998e-15 0)
(-1.176e-15 -1.34399e-15 0)
(-7.22393e-15 -6.71997e-16 0)
(-6.72002e-16 -2.57526e-21 0)
(-1.34399e-15 6.71994e-16 0)
(-3.35997e-16 2.32405e-22 0)
(-2.68992e-22 6.71986e-16 0)
(1.93339e-22 3.89485e-21 0)
(3.35997e-15 6.71994e-16 0)
(-1.99157e-21 3.41675e-22 0)
(-3.35997e-15 -4.68875e-22 0)
(5.90685e-21 5.03179e-21 0)
(1.67999e-15 1.00799e-15 0)
(2.68797e-15 3.36e-16 0)
(-5.03996e-15 1.99937e-21 0)
(2.01598e-15 -3.35999e-16 0)
(8.39998e-16 -5.18967e-21 0)
(1.34399e-15 3.35986e-16 0)
(-5.03996e-16 -6.72e-16 0)
(-1.51199e-15 -3.35997e-16 0)
(-2.85598e-15 -1.00799e-15 0)
(-1.17599e-15 -1.00799e-15 0)
(1.68001e-16 -8.53979e-23 0)
(2.01597e-15 6.71991e-16 0)
(-2.35198e-15 8.33483e-22 0)
(-2.68797e-15 1.34399e-15 0)
(1.00799e-15 -5.20065e-21 0)
(1.00799e-15 -3.35996e-16 0)
(2.35198e-15 3.23825e-21 0)
(1.34399e-15 6.71993e-16 0)
(1.00799e-15 3.36001e-16 0)
(-4.70396e-15 -3.35997e-15 0)
(-2.85598e-15 -1.00799e-15 0)
(-3.19197e-15 2.01598e-15 0)
(-2.21131e-21 1.008e-15 0)
(-1.17599e-15 2.01598e-15 0)
(-1.68e-16 -6.71988e-16 0)
(3.35995e-16 6.7199e-16 0)
(2.51998e-15 -1.34399e-15 0)
(-1.008e-15 -2.35198e-15 0)
(-3.19196e-15 -6.71992e-16 0)
(4.70395e-15 1.00799e-15 0)
(8.39996e-16 1.67998e-15 0)
(1.51199e-15 6.7199e-16 0)
(-7.05593e-15 6.71989e-16 0)
(-2.79526e-21 -2.78053e-21 0)
(2.68797e-15 -2.01599e-15 0)
(-1.17598e-15 -5.71195e-15 0)
(2.18397e-15 -3.36005e-16 0)
(1.68001e-16 1.00798e-15 0)
(-4.70395e-15 -3.35994e-16 0)
(-5.03997e-16 2.35197e-15 0)
(2.01598e-15 5.03996e-15 0)
(1.00799e-15 4.70396e-15 0)
(-1.00799e-15 3.02398e-15 0)
(-3.69596e-15 2.68798e-15 0)
(-2.68798e-15 2.01597e-15 0)
(2.01598e-15 3.40507e-21 0)
(2.68798e-15 1.67998e-15 0)
(1.67998e-15 -3.69595e-15 0)
(-1.00799e-15 2.35197e-15 0)
(-6.72e-16 -4.36796e-15 0)
(-5.04e-16 6.71988e-16 0)
(-1.34399e-15 2.35198e-15 0)
(-1.06926e-21 6.71995e-16 0)
(-6.71996e-16 1.34399e-15 0)
(-6.71995e-16 2.68797e-15 0)
(-2.01598e-15 6.72002e-16 0)
(3.35995e-16 -1.67999e-15 0)
(-8.39989e-16 -1.67998e-15 0)
(-8.36936e-21 -1.53313e-21 0)
(6.72e-16 -3.35996e-16 0)
(9.32147e-22 -2.68797e-15 0)
(1.67996e-16 -6.04795e-15 0)
(-1.67999e-15 -4.36796e-15 0)
(-1.17599e-15 -3.35997e-15 0)
(6.71998e-16 -6.38394e-15 0)
(1.84798e-15 3.35988e-16 0)
(2.01598e-15 -4.03196e-15 0)
(8.39992e-16 -2.68797e-15 0)
(-2.01598e-15 -6.71994e-16 0)
(1.51199e-15 1.008e-15 0)
(5.06554e-21 4.70396e-15 0)
(-1.84799e-15 1.008e-15 0)
(-3.02398e-15 2.68799e-15 0)
(-5.42964e-21 1.67998e-15 0)
(1.67998e-15 4.36797e-15 0)
(1.17599e-15 3.35999e-16 0)
(-5.03994e-16 -2.01598e-15 0)
(1.008e-15 -4.81863e-21 0)
(2.68797e-15 -1.34398e-15 0)
(-3.35997e-15 3.02397e-15 0)
(-8.39996e-16 6.71998e-16 0)
(-3.19197e-15 3.35997e-15 0)
(1.67992e-16 5.57353e-21 0)
(-2.35198e-15 1.67999e-15 0)
(-3.35998e-16 -1.00799e-15 0)
(1.00799e-15 1.34398e-15 0)
(6.71994e-16 -2.01598e-15 0)
(1.34399e-15 3.35989e-16 0)
(-3.02396e-15 6.71998e-16 0)
(1.67998e-15 3.35989e-16 0)
(-1.34399e-15 -1.008e-15 0)
(-3.02398e-15 -3.35997e-15 0)
(-1.55186e-21 -1.07605e-20 0)
(-8.35749e-22 1.00798e-15 0)
(-3.35996e-16 1.67998e-15 0)
(1.67999e-15 1.01703e-20 0)
(-6.71993e-16 -6.71991e-16 0)
(2.35198e-15 2.68797e-15 0)
(8.39995e-16 1.008e-15 0)
(5.20795e-15 4.36796e-15 0)
(6.71995e-16 6.72001e-16 0)
(-2.18398e-15 4.03197e-15 0)
(-3.35997e-15 2.68798e-15 0)
(-6.72002e-16 2.35199e-15 0)
(-2.85597e-15 3.69596e-15 0)
(3.35993e-16 -1.67999e-15 0)
(1.34399e-15 -1.67998e-15 0)
(2.68798e-15 3.35997e-15 0)
(-6.7199e-16 -2.01598e-15 0)
(-3.86396e-15 1.67999e-15 0)
(1.67996e-16 2.01599e-15 0)
(-1.00799e-15 -3.35991e-16 0)
(-3.02397e-15 3.36001e-16 0)
(-3.19198e-15 1.00799e-15 0)
(-2.35198e-15 -1.47683e-21 0)
(-3.35992e-16 -2.01598e-15 0)
(1.67999e-16 1.00798e-15 0)
(1.34399e-15 6.25609e-21 0)
(1.34398e-15 1.00799e-15 0)
(-6.72e-16 -6.04794e-15 0)
(3.35993e-16 6.7198e-16 0)
(-4.70395e-15 -3.36012e-16 0)
(1.34399e-15 -4.36796e-15 0)
(3.35998e-16 -3.35996e-15 0)
(1.78849e-21 1.34399e-15 0)
(3.02398e-15 9.7439e-15 0)
(1.67999e-15 6.04795e-15 0)
(3.35996e-16 2.35199e-15 0)
(2.18398e-15 4.36796e-15 0)
(3.86397e-15 1.008e-15 0)
(6.71994e-16 3.69597e-15 0)
(-2.51998e-15 3.69597e-15 0)
(-2.85598e-15 1.344e-15 0)
(-3.02398e-15 4.44012e-22 0)
(-1.512e-15 -1.00798e-15 0)
(-2.35197e-15 4.59023e-21 0)
(1.68002e-16 -2.01598e-15 0)
(3.02398e-15 2.68797e-15 0)
(1.32206e-21 1.34399e-15 0)
(-6.71998e-16 -6.71987e-16 0)
(-1.51199e-15 2.01598e-15 0)
(-2.01599e-15 3.02397e-15 0)
(-1.67999e-15 3.35997e-15 0)
(-2.35198e-15 2.01598e-15 0)
(-1.00799e-15 3.35999e-16 0)
(1.67998e-15 -4.97002e-21 0)
(1.84799e-15 -3.35991e-16 0)
(-6.71993e-16 3.35997e-15 0)
(-3.02397e-15 -3.36e-16 0)
(-6.71994e-16 2.01597e-15 0)
(-6.71997e-16 -5.37595e-15 0)
(-1.34399e-15 -5.71193e-15 0)
(5.03995e-16 4.03196e-15 0)
(5.22413e-21 3.35998e-16 0)
(2.51998e-15 4.70396e-15 0)
(5.87994e-15 2.016e-15 0)
(-1.00799e-15 4.70396e-15 0)
(-1.84798e-15 6.71995e-16 0)
(6.71997e-16 1.34399e-15 0)
(4.19996e-15 3.35994e-16 0)
(1.51199e-15 -1.00799e-15 0)
(-1.17599e-15 3.02397e-15 0)
(-2.35198e-15 2.01598e-15 0)
(-4.19997e-15 6.71987e-16 0)
(-6.04795e-15 6.71989e-16 0)
(6.7199e-16 -3.35991e-16 0)
(1.00799e-15 1.34398e-15 0)
(4.70396e-15 -1.00799e-15 0)
(4.88221e-21 2.35197e-15 0)
(-1.67999e-16 -1.34399e-15 0)
(-1.17599e-15 6.71994e-16 0)
(-2.68797e-15 6.92619e-21 0)
(-1.68004e-16 3.02397e-15 0)
(-2.68798e-15 2.01599e-15 0)
(-1.67999e-15 1.67999e-15 0)
(-2.68797e-15 -2.01597e-15 0)
(3.69596e-15 3.35994e-16 0)
(-6.71992e-16 2.48611e-21 0)
(-1.34399e-15 -2.93165e-22 0)
(-2.51998e-15 -2.01598e-15 0)
(-1.51198e-15 -2.35199e-15 0)
(1.17599e-15 -1.67999e-15 0)
(1.34399e-15 1.344e-15 0)
(5.20795e-15 3.02398e-15 0)
(2.01599e-15 2.01599e-15 0)
(2.35198e-15 2.68797e-15 0)
(-2.85597e-15 1.67999e-15 0)
(-1.17599e-15 2.59982e-21 0)
(1.17599e-15 2.46888e-21 0)
(2.51998e-15 -1.00799e-15 0)
(1.84799e-15 -1.34399e-15 0)
(1.67995e-16 3.35996e-16 0)
(-5.71196e-15 1.18257e-21 0)
(-3.69598e-15 -6.71991e-16 0)
(-3.86397e-15 -1.00799e-15 0)
(-3.35999e-16 -9.22161e-22 0)
(1.51199e-15 -3.35996e-16 0)
(3.86397e-15 -2.01598e-15 0)
(2.01598e-15 -2.35198e-15 0)
(8.39991e-16 3.36e-16 0)
(3.69596e-15 2.01599e-15 0)
(-5.40827e-21 1.67998e-15 0)
(-6.71994e-16 1.008e-15 0)
(-2.85597e-15 3.35997e-15 0)
(-3.86397e-15 3.35997e-15 0)
(-2.35198e-15 1.67999e-15 0)
(6.71991e-16 3.35998e-16 0)
(1.00799e-15 -8.87068e-22 0)
(-3.35997e-15 -1.34399e-15 0)
(-5.54395e-15 -1.89174e-21 0)
(3.3599e-16 -2.01598e-15 0)
(6.72001e-16 2.68796e-15 0)
(5.20796e-15 6.38394e-15 0)
(6.72002e-16 4.36796e-15 0)
(4.70396e-15 8.8075e-22 0)
(2.01599e-15 -6.71992e-16 0)
(8.39985e-16 -1.00799e-15 0)
(-3.52797e-15 2.35198e-15 0)
(3.35999e-16 1.34399e-15 0)
(1.67999e-15 2.01598e-15 0)
(1.17599e-15 1.00799e-15 0)
(-1.00799e-15 -2.01598e-15 0)
(-3.86397e-15 -1.67998e-15 0)
(-2.68799e-15 -2.57564e-21 0)
(-3.86397e-15 -3.35997e-15 0)
(-1.67999e-15 1.34398e-15 0)
(-1.67993e-16 1.34399e-15 0)
(3.52797e-15 1.00798e-15 0)
(2.571e-21 -2.68797e-15 0)
(-5.03994e-16 4.70395e-15 0)
(-1.67998e-15 6.71995e-16 0)
(3.35999e-16 -2.35198e-15 0)
(-6.71994e-16 3.36002e-16 0)
(-2.01599e-15 -2.01598e-15 0)
(-2.68798e-15 1.67999e-15 0)
(-8.39994e-16 4.18482e-21 0)
(-1.66288e-21 2.68798e-15 0)
(6.71992e-16 -1.67998e-15 0)
(-4.36796e-15 1.34399e-15 0)
(-1.68e-15 3.52182e-21 0)
(2.43162e-21 2.68797e-15 0)
(1.67999e-15 1.38653e-20 0)
(4.19997e-15 2.01599e-15 0)
(3.36002e-16 -6.7199e-16 0)
(1.67999e-15 -6.42253e-22 0)
(2.85598e-15 -3.35997e-15 0)
(-1.67995e-16 -6.72001e-16 0)
(-2.51998e-15 -1.34399e-15 0)
(3.19196e-15 -6.71989e-16 0)
(5.04003e-16 6.71995e-16 0)
(8.3999e-16 -1.51611e-22 0)
(-2.68798e-15 -2.01599e-15 0)
(-2.51998e-15 -5.16665e-21 0)
(-2.35199e-15 -1.33457e-21 0)
(-6.38394e-15 -1.34398e-15 0)
(-2.53618e-21 3.35997e-16 0)
(4.03196e-15 -1.67998e-15 0)
(1.67999e-15 -2.35198e-15 0)
(-1.00799e-15 -3.35997e-15 0)
(-5.30055e-21 1.00799e-15 0)
(4.49051e-21 -4.03196e-15 0)
(8.39991e-16 2.01598e-15 0)
(-3.36002e-16 -6.71994e-16 0)
(-2.01599e-15 2.01598e-15 0)
(-2.51998e-15 1.344e-15 0)
(-1.51199e-15 2.68798e-15 0)
(-5.03998e-16 2.01599e-15 0)
(5.03996e-16 1.67999e-15 0)
(-1.00799e-15 1.67999e-15 0)
(-4.36797e-15 4.03197e-15 0)
(-2.0425e-21 4.03197e-15 0)
(1.008e-15 2.68798e-15 0)
(2.35198e-15 3.35992e-16 0)
(1.29747e-22 -3.36002e-16 0)
(1.344e-15 -2.68798e-15 0)
(2.01598e-15 -3.36002e-16 0)
(1.67998e-16 -2.01598e-15 0)
(-1.00799e-15 -6.71995e-16 0)
(2.68797e-15 -3.36e-16 0)
(1.17599e-15 2.35198e-15 0)
(-5.03994e-16 1.00799e-15 0)
(-2.85598e-15 -1.67998e-15 0)
(-4.70396e-15 -2.68798e-15 0)
(3.35992e-16 1.00799e-15 0)
(-3.52798e-15 4.03196e-15 0)
(-3.35999e-16 3.02398e-15 0)
(3.36e-16 1.34399e-15 0)
(3.38444e-22 -2.35197e-15 0)
(-1.17599e-15 -3.36001e-16 0)
(-5.03995e-15 1.008e-15 0)
(6.71992e-16 8.73592e-15 0)
(-1.84798e-15 6.72e-16 0)
(-6.64803e-22 -6.11984e-21 0)
(-8.4e-16 -1.34398e-15 0)
(-2.68798e-15 -6.71988e-16 0)
(-2.35198e-15 2.01598e-15 0)
(6.71994e-16 -2.01598e-15 0)
(-6.71994e-16 3.35997e-16 0)
(-2.18398e-15 -3.35998e-16 0)
(-2.18399e-15 3.36e-16 0)
(-1.00799e-15 -1.00799e-15 0)
(6.71995e-16 -2.01598e-15 0)
(2.01598e-15 -5.37595e-15 0)
(-8.39986e-16 -5.03996e-15 0)
(4.19996e-15 -3.35997e-15 0)
(3.36005e-16 -2.68798e-15 0)
(5.03995e-16 -2.76423e-21 0)
(-1.67995e-16 -1.34399e-15 0)
(1.34399e-15 -6.7199e-16 0)
(2.51998e-15 -2.14029e-21 0)
(1.1866e-22 -2.01598e-15 0)
(-3.86397e-15 3.36e-16 0)
(-5.57677e-21 2.35197e-15 0)
(-2.01598e-15 2.35198e-15 0)
(-3.19197e-15 2.01599e-15 0)
(-1.008e-15 1.34399e-15 0)
(-1.84799e-15 1.34399e-15 0)
(-1.00799e-15 -1.34399e-15 0)
(-3.35998e-16 3.35997e-15 0)
(-5.04001e-16 6.71996e-16 0)
(-8.39989e-16 -5.03995e-15 0)
(-1.176e-15 3.35994e-16 0)
(-8.39995e-16 -6.71995e-16 0)
(-1.67998e-15 -6.71994e-16 0)
(-2.51998e-15 1.00798e-15 0)
(-2.85598e-15 1.67999e-15 0)
(1.67998e-15 3.36002e-16 0)
(-8.39992e-16 -1.344e-15 0)
(3.35993e-16 -3.35996e-16 0)
(-5.20795e-15 2.68797e-15 0)
(-2.01599e-15 -1.34398e-15 0)
(-1.17599e-15 2.01598e-15 0)
(1.51199e-15 -4.70396e-15 0)
(1.34399e-15 -6.72e-16 0)
(3.19198e-15 2.01597e-15 0)
(4.70396e-15 -2.35198e-15 0)
(-1.67993e-16 -1.34399e-15 0)
(-1.84798e-15 1.67998e-15 0)
(3.69596e-15 1.34398e-15 0)
(4.73271e-21 -3.35994e-16 0)
(2.76595e-22 -1.008e-15 0)
(-8.39995e-16 1.67998e-15 0)
(-2.51998e-15 -1.00798e-15 0)
(-8.39999e-16 3.02397e-15 0)
(-3.69597e-15 -1.28638e-21 0)
(-8.39997e-16 6.71997e-16 0)
(-8.39994e-16 6.71998e-16 0)
(3.02397e-15 3.02398e-15 0)
(1.32849e-21 3.02398e-15 0)
(-1.51199e-15 1.67999e-15 0)
(-1.00799e-15 3.69597e-15 0)
(-1.84799e-15 6.71996e-16 0)
(-1.67998e-15 2.56402e-21 0)
(-8.39992e-16 1.34399e-15 0)
(1.67997e-15 -1.00799e-15 0)
(-2.18398e-15 3.69597e-15 0)
(-4.36796e-15 2.68797e-15 0)
(-3.38374e-21 -1.34398e-15 0)
(-6.44127e-22 6.71995e-16 0)
(-2.51998e-15 -3.35993e-16 0)
(-2.51998e-15 -1.00798e-15 0)
(-1.84799e-15 -1.34398e-15 0)
(-5.03991e-16 -6.72005e-16 0)
(3.35997e-15 -6.04793e-15 0)
(1.17599e-15 -5.71194e-15 0)
(2.18399e-15 -2.68798e-15 0)
(3.02397e-15 -1.67999e-15 0)
(2.35197e-15 -3.35998e-16 0)
(1.68008e-16 -6.71995e-16 0)
(-8.39989e-16 -2.68799e-15 0)
(8.39989e-16 -1.00799e-15 0)
(8.39994e-16 -1.00799e-15 0)
(-8.4e-16 1.67998e-15 0)
(-2.51998e-15 -2.35198e-15 0)
(-2.85598e-15 -1.34398e-15 0)
(-2.34421e-21 2.01598e-15 0)
(-2.51997e-15 3.02398e-15 0)
(3.35997e-15 3.35998e-15 0)
(2.06215e-21 3.35997e-15 0)
(5.03991e-16 -1.008e-15 0)
(-1.51198e-15 -3.35996e-15 0)
(-2.18399e-15 -2.35198e-15 0)
(-6.71994e-16 -3.35997e-16 0)
(5.03988e-16 -2.13858e-21 0)
(3.09719e-21 6.71997e-16 0)
(-1.84799e-15 3.36003e-16 0)
(-3.86397e-15 -3.35991e-16 0)
(-5.03996e-16 3.02397e-15 0)
(1.51199e-15 4.03196e-15 0)
(-3.19198e-15 6.72004e-16 0)
(-2.18399e-15 7.05593e-15 0)
(-2.01599e-15 6.38394e-15 0)
(-1.34399e-15 7.15033e-21 0)
(1.51199e-15 4.03195e-15 0)
(1.84799e-15 4.36795e-15 0)
(4.87195e-15 1.00799e-15 0)
(1.67999e-15 -1.67999e-15 0)
(-1.34398e-15 -1.34399e-15 0)
(2.68797e-15 -2.01598e-15 0)
(1.34399e-15 -2.68798e-15 0)
(-1.00799e-15 -1.00799e-15 0)
(-1.34398e-15 -2.01598e-15 0)
(-1.67999e-15 -1.008e-15 0)
(-6.71998e-16 -1.34399e-15 0)
(-1.51198e-15 4.36796e-15 0)
(-1.19412e-21 4.03197e-15 0)
(1.00799e-15 5.37596e-15 0)
(3.19197e-15 7.05594e-15 0)
(1.9523e-21 2.68798e-15 0)
(-3.52796e-15 -1.34399e-15 0)
(-5.03996e-16 -5.451e-21 0)
(-5.04e-16 -6.71996e-16 0)
(8.39992e-16 -3.36e-16 0)
(-2.01598e-15 -3.35996e-16 0)
(1.67997e-16 1.67998e-15 0)
(-1.51199e-15 -1.00799e-15 0)
(-1.344e-15 1.34399e-15 0)
(1.00799e-15 3.36003e-16 0)
(-5.03991e-16 6.71993e-16 0)
(-3.35997e-15 1.34399e-15 0)
(-1.00799e-15 1.344e-15 0)
(-1.84799e-15 1.344e-15 0)
(-4.03196e-15 -3.35992e-16 0)
(3.35997e-15 6.72003e-16 0)
(1.17599e-15 1.67999e-15 0)
(3.02397e-15 3.74169e-21 0)
(3.36001e-16 -6.26111e-22 0)
(6.71999e-16 -3.35997e-16 0)
(-4.49331e-21 -1.67999e-15 0)
(1.008e-15 -3.36003e-16 0)
(1.34399e-15 -1.00799e-15 0)
(-5.03997e-16 -2.01599e-15 0)
(-2.51998e-15 -6.71998e-16 0)
(-1.67998e-16 -6.71993e-16 0)
(3.69597e-15 1.67999e-15 0)
(1.34399e-15 1.34399e-15 0)
(-2.18398e-15 3.17283e-21 0)
(8.39996e-16 2.35198e-15 0)
(-3.35995e-16 1.00799e-15 0)
(-1.68007e-16 -3.02398e-15 0)
(-1.67998e-15 -2.01599e-15 0)
(-1.67999e-15 -3.35997e-15 0)
(1.00799e-15 -3.02397e-15 0)
(2.35197e-15 -1.008e-15 0)
(-6.71991e-16 2.35198e-15 0)
(-2.01598e-15 3.69597e-15 0)
(-2.35198e-15 5.37595e-15 0)
(8.3999e-16 3.35997e-15 0)
(1.51198e-15 3.36006e-16 0)
(-1.17599e-15 7.05593e-15 0)
(-5.95818e-21 4.70397e-15 0)
(-5.03996e-15 2.35198e-15 0)
(-2.01598e-15 4.70396e-15 0)
(2.35198e-15 6.04795e-15 0)
(1.34399e-15 1.67999e-15 0)
(3.35997e-16 2.68798e-15 0)
(3.36e-16 6.71999e-16 0)
(2.51997e-15 1.67998e-15 0)
(-2.35197e-15 2.01598e-15 0)
(3.35997e-16 -1.00798e-15 0)
(1.67998e-16 -3.35998e-16 0)
(-1.34399e-15 -2.01598e-15 0)
(3.35994e-16 -3.35997e-15 0)
(-1.00799e-15 -1.00799e-15 0)
(4.53596e-15 2.35197e-15 0)
(5.04003e-16 -1.34399e-15 0)
(-5.03996e-16 6.72e-16 0)
(2.51997e-15 1.34399e-15 0)
(1.68e-16 -1.00798e-15 0)
(-5.71194e-15 -6.38394e-15 0)
(1.34398e-15 -6.71998e-16 0)
(-1.84798e-15 -8.8298e-21 0)
(-8.39988e-16 1.00798e-15 0)
(3.35997e-15 -2.35198e-15 0)
(8.39995e-16 -3.35995e-16 0)
(-6.71997e-16 -3.35995e-16 0)
(1.68e-16 -3.35992e-16 0)
(-1.00799e-15 7.7738e-21 0)
(-8.39989e-16 6.72e-16 0)
(-3.29714e-21 3.02398e-15 0)
(-3.69597e-15 3.35997e-15 0)
(-8.4e-16 3.35997e-15 0)
(-1.84799e-15 2.35199e-15 0)
(1.51199e-15 4.03196e-15 0)
(4.97795e-21 -6.7199e-16 0)
(-2.35198e-15 -2.87739e-21 0)
(1.00799e-15 -3.35997e-16 0)
(3.36003e-16 -3.35999e-16 0)
(1.17599e-15 -1.6237e-21 0)
(1.51198e-15 1.67998e-15 0)
(3.35998e-16 1.00799e-15 0)
(-2.18398e-15 2.68798e-15 0)
(-8.39998e-16 1.34399e-15 0)
(5.03996e-16 6.71995e-16 0)
(3.19198e-15 3.35997e-16 0)
(3.36001e-16 -2.35198e-15 0)
(8.39991e-16 -2.68798e-15 0)
(-3.19197e-15 -1.67999e-15 0)
(2.08551e-22 -1.00799e-15 0)
(1.34398e-15 -4.03197e-15 0)
(1.84798e-15 -2.35198e-15 0)
(-1.17599e-15 -4.03196e-15 0)
(-6.71994e-16 -2.35198e-15 0)
(2.01599e-15 6.71989e-16 0)
(1.51199e-15 -3.35993e-16 0)
(-1.51199e-15 -6.71993e-16 0)
(3.35995e-16 -4.82489e-21 0)
(3.35997e-16 3.35989e-16 0)
(1.67997e-16 -6.71993e-16 0)
(1.84798e-15 -6.71994e-16 0)
(-3.02397e-15 -1.67998e-15 0)
(-2.85598e-15 -6.7199e-16 0)
(-1.84799e-15 1.34399e-15 0)
(-1.34399e-15 -1.34398e-15 0)
(1.00799e-15 -6.72004e-16 0)
(-2.01598e-15 -6.38395e-15 0)
(1.34399e-15 -5.37596e-15 0)
(2.35198e-15 -2.68798e-15 0)
(6.63055e-21 -2.35198e-15 0)
(1.67999e-16 -3.35997e-16 0)
(3.35998e-16 -1.67999e-15 0)
(-3.35999e-16 2.01598e-15 0)
(-1.17599e-15 6.71997e-16 0)
(2.14334e-21 -8.08292e-22 0)
(3.02397e-15 -2.35197e-15 0)
(-2.18397e-15 1.00799e-15 0)
(-1.17599e-15 2.01597e-15 0)
(3.69595e-15 -1.34399e-15 0)
(2.74702e-21 1.00799e-15 0)
(2.74901e-21 -4.36797e-15 0)
(-5.03996e-16 -4.03198e-15 0)
(-1.68001e-16 -4.03197e-15 0)
(8.39996e-16 -3.35998e-15 0)
(4.87196e-15 -3.69596e-15 0)
(3.19198e-15 6.71992e-16 0)
(-3.36005e-16 3.35996e-16 0)
(-3.52797e-15 -3.35999e-16 0)
(-1.51198e-15 -2.01598e-15 0)
(1.67998e-15 -1.34399e-15 0)
(2.35198e-15 -1.00799e-15 0)
(-2.85597e-15 1.34399e-15 0)
(-2.01599e-15 -5.83216e-22 0)
(-2.01599e-15 1.69161e-21 0)
(-1.008e-15 1.00799e-15 0)
(-2.68797e-15 -6.72003e-16 0)
(-4.03197e-15 -5.03995e-15 0)
(1.008e-15 -1.68e-15 0)
(3.35997e-15 -5.37596e-15 0)
(2.18399e-15 -2.35199e-15 0)
(2.35197e-15 -2.35198e-15 0)
(1.68001e-16 3.3599e-16 0)
(6.71996e-16 6.71986e-16 0)
(-1.34399e-15 3.35994e-16 0)
(1.12323e-21 6.71992e-16 0)
(1.176e-15 -2.01598e-15 0)
(1.51198e-15 3.02397e-15 0)
(-6.71999e-16 -1.67998e-15 0)
(-1.34397e-15 -6.72001e-16 0)
(-1.56148e-21 -2.01597e-15 0)
(1.00799e-15 -2.68799e-15 0)
(-2.01598e-15 -3.02397e-15 0)
(5.03998e-16 -1.008e-15 0)
(2.01599e-15 -1.00799e-15 0)
(4.36797e-15 1.34398e-15 0)
(3.02397e-15 -8.1473e-21 0)
(-1.34399e-15 1.68592e-21 0)
(-2.68798e-15 -1.67999e-15 0)
(-2.97807e-21 -1.67999e-15 0)
(6.71998e-16 -1.008e-15 0)
(2.85598e-15 -3.35996e-15 0)
(-2.18398e-15 -4.98758e-21 0)
(-2.35199e-15 -1.67999e-15 0)
(-4.87196e-15 -9.71772e-21 0)
(-2.35198e-15 -3.02397e-15 0)
(1.00798e-15 -5.71194e-15 0)
(-5.03995e-15 -1.008e-15 0)
(2.01598e-15 -6.04795e-15 0)
(1.008e-15 -7.05593e-15 0)
(6.04794e-15 -5.03996e-15 0)
(1.1734e-20 -2.68798e-15 0)
(2.68797e-15 -2.01598e-15 0)
(-1.51198e-15 -4.03195e-15 0)
(5.03995e-16 -1.34399e-15 0)
(2.01598e-15 -6.71989e-16 0)
(2.18398e-15 3.35991e-16 0)
(-4.19995e-15 -2.35197e-15 0)
(-6.71997e-16 3.35996e-16 0)
(-3.36001e-16 -1.67998e-15 0)
(5.03997e-16 2.01597e-15 0)
(1.55778e-21 2.01598e-15 0)
(-6.58384e-21 -3.35997e-16 0)
(1.67999e-15 -1.00799e-15 0)
(2.68798e-15 2.01597e-15 0)
(4.03197e-15 1.67999e-15 0)
(1.51199e-15 -2.01598e-15 0)
(-1.67998e-15 -6.71996e-16 0)
(-5.03996e-15 -2.01598e-15 0)
(-1.71986e-21 -3.02397e-15 0)
(1.34399e-15 -3.02397e-15 0)
(1.84798e-15 -1.008e-15 0)
(-1.34399e-15 -4.36796e-15 0)
(-2.68798e-15 -1.00799e-15 0)
(-2.35198e-15 -2.01598e-15 0)
(-5.37595e-15 -1.008e-15 0)
(3.35997e-16 3.35991e-16 0)
(-1.51199e-15 1.34399e-15 0)
(-5.15285e-22 -2.68797e-15 0)
(8.39998e-16 -1.34399e-15 0)
(3.69597e-15 -6.71991e-16 0)
(3.19197e-15 3.35997e-16 0)
(1.008e-15 -6.71996e-16 0)
(-1.84798e-15 -6.97873e-21 0)
(1.00799e-15 -1.00799e-15 0)
(1.67999e-15 1.34398e-15 0)
(1.00799e-15 3.36003e-16 0)
(1.00799e-15 1.00799e-15 0)
(-3.35996e-16 -3.35999e-16 0)
(-1.17599e-15 -6.71997e-16 0)
(1.67998e-15 3.36e-16 0)
(3.35996e-16 6.71992e-16 0)
(-1.34398e-15 4.45515e-21 0)
(-8.39992e-16 2.01598e-15 0)
(-3.3599e-16 -1.67997e-15 0)
(6.55194e-15 6.71985e-16 0)
(1.51199e-15 3.35994e-16 0)
(-1.51199e-15 -1.34399e-15 0)
(-5.54395e-15 6.71988e-16 0)
(1.67993e-16 1.00799e-15 0)
(1.17599e-15 -6.71996e-16 0)
(-1.17599e-15 -5.71195e-15 0)
(6.71994e-16 -2.35199e-15 0)
(-1.008e-15 -2.01599e-15 0)
(-2.01598e-15 -1.00799e-15 0)
(-2.35198e-15 -1.00799e-15 0)
(1.17599e-15 3.35998e-16 0)
(-2.85597e-15 4.03197e-15 0)
(-8.39993e-16 5.71195e-15 0)
(1.17599e-15 8.39992e-15 0)
(3.52797e-15 4.70396e-15 0)
(1.84799e-15 3.35998e-15 0)
(1.51199e-15 4.03197e-15 0)
(3.52796e-15 1.008e-15 0)
(-5.03991e-16 5.37595e-15 0)
(1.00799e-15 2.35198e-15 0)
(-2.18398e-15 -6.72e-16 0)
(-1.68e-16 -2.35198e-15 0)
(-3.35995e-16 -3.35999e-16 0)
(4.36796e-15 -1.34399e-15 0)
(5.04e-16 1.67997e-15 0)
(8.39994e-16 -2.35197e-15 0)
(3.35997e-15 1.00799e-15 0)
(1.84798e-15 4.70397e-15 0)
(-3.35995e-16 3.02397e-15 0)
(6.04795e-15 3.02397e-15 0)
(-8.39987e-16 -1.00798e-15 0)
(-5.04005e-16 6.71991e-16 0)
(-4.19997e-15 -3.35997e-16 0)
(-2.01598e-15 -1.00799e-15 0)
(1.09553e-21 1.00798e-15 0)
(1.17598e-15 -3.36e-16 0)
(-1.67997e-16 -2.01599e-15 0)
(-1.51199e-15 -1.34399e-15 0)
(-3.35997e-15 1.00799e-15 0)
(-2.35198e-15 -2.35198e-15 0)
(5.03997e-16 -1.34399e-15 0)
(8.39992e-16 1.008e-15 0)
(6.71992e-16 5.37595e-15 0)
(2.01599e-15 2.68799e-15 0)
(1.84799e-15 7.05593e-15 0)
(3.02398e-15 1.344e-15 0)
(1.67999e-15 6.72e-16 0)
(1.00799e-15 1.67999e-15 0)
(-1.51199e-15 1.67999e-15 0)
(6.71989e-16 6.72e-16 0)
(-5.03995e-15 1.14912e-21 0)
(1.84798e-15 -6.71995e-16 0)
(-2.18398e-15 -2.68798e-15 0)
(5.37595e-15 -3.35997e-15 0)
(1.51199e-15 -3.35993e-16 0)
(8.39994e-16 -3.35997e-16 0)
(4.36797e-15 -3.69597e-15 0)
(2.18398e-15 -1.344e-15 0)
(2.35197e-15 -6.71991e-16 0)
(1.67999e-15 -3.69596e-15 0)
(1.00799e-15 -6.72002e-16 0)
(-3.02397e-15 -1.67998e-15 0)
(-5.03996e-15 -3.69597e-15 0)
(-6.03714e-21 -1.34399e-15 0)
(6.71993e-16 -3.35996e-16 0)
(-3.69596e-15 -2.68797e-15 0)
(-3.35999e-16 -2.35198e-15 0)
(3.35994e-16 -3.35997e-15 0)
(-1.008e-15 -4.03195e-15 0)
(-1.00799e-15 1.67998e-15 0)
(1.51199e-15 5.03996e-15 0)
(1.68003e-16 9.74391e-15 0)
(-1.00799e-15 6.71995e-15 0)
(2.68797e-15 4.70397e-15 0)
(5.03995e-15 3.02399e-15 0)
(-5.03987e-16 3.69597e-15 0)
(1.34399e-15 1.67999e-15 0)
(2.35198e-15 3.69597e-15 0)
(3.35997e-16 4.36796e-15 0)
(-2.18398e-15 4.70396e-15 0)
(-2.35198e-15 3.69598e-15 0)
(-2.68798e-15 2.01598e-15 0)
(-1.51199e-15 1.34399e-15 0)
(5.03996e-15 2.35198e-15 0)
(2.01598e-15 -3.35987e-16 0)
(-1.17599e-15 -6.71998e-16 0)
(2.35198e-15 -3.36002e-16 0)
(2.51998e-15 -4.36796e-15 0)
(1.008e-15 -1.344e-15 0)
(1.34399e-15 -6.91956e-21 0)
(1.17599e-15 -3.69596e-15 0)
(-1.008e-15 -1.008e-15 0)
(-4.53596e-15 -1.67999e-15 0)
(-3.36e-16 -2.03884e-21 0)
(-3.35995e-16 -1.34399e-15 0)
(-5.03983e-21 -6.71994e-16 0)
(-1.34399e-15 6.71992e-16 0)
(-6.7199e-16 3.35993e-16 0)
(1.00798e-15 -6.71998e-16 0)
(-1.67995e-16 -1.00799e-15 0)
(1.176e-15 -6.71992e-16 0)
(4.70395e-15 3.36007e-16 0)
(2.18398e-15 3.69597e-15 0)
(-1.34398e-15 3.02398e-15 0)
(1.008e-15 2.01599e-15 0)
(1.51198e-15 1.00799e-15 0)
(3.34498e-21 1.67999e-15 0)
(2.35198e-15 1.00799e-15 0)
(2.51998e-15 5.66135e-21 0)
(-3.02397e-15 1.008e-15 0)
(-2.85598e-15 2.35198e-15 0)
(-1.34399e-15 1.34399e-15 0)
(-2.18398e-15 1.67999e-15 0)
(3.19198e-15 1.67999e-15 0)
(8.39996e-16 3.35998e-16 0)
(-3.35997e-16 -2.01598e-15 0)
(3.35999e-16 -1.00799e-15 0)
(1.67999e-15 -4.03197e-15 0)
(2.01598e-15 -5.37594e-15 0)
(2.85598e-15 -2.68798e-15 0)
(1.34399e-15 -1.00799e-15 0)
(-1.00799e-15 6.20821e-21 0)
(-3.52798e-15 2.13328e-21 0)
(-1.34399e-15 -6.2486e-22 0)
(3.35992e-16 -2.68797e-15 0)
(-6.71995e-16 2.35197e-15 0)
(-2.68798e-15 -1.00799e-15 0)
(1.34398e-15 -3.35999e-16 0)
(-1.34398e-15 1.67997e-15 0)
(3.35995e-16 -4.70394e-15 0)
(4.36797e-15 6.7199e-16 0)
(3.86397e-15 3.35992e-16 0)
(1.84799e-15 -1.67998e-15 0)
(-6.7199e-16 -4.47124e-22 0)
(1.34399e-15 -6.72004e-16 0)
(8.39997e-16 3.35998e-16 0)
(1.15431e-21 3.35997e-16 0)
(2.85598e-15 -1.00799e-15 0)
(6.1948e-21 2.01598e-15 0)
(-1.84798e-15 4.21548e-21 0)
(-2.51998e-15 3.36001e-16 0)
(-2.01599e-15 2.68797e-15 0)
(-3.36e-16 8.02762e-22 0)
(1.34399e-15 -3.35991e-16 0)
(1.17599e-15 -1.00799e-15 0)
(-2.95598e-23 3.35998e-16 0)
(6.71994e-16 3.36003e-16 0)
(2.35198e-15 -6.71989e-16 0)
(2.35198e-15 3.35995e-15 0)
(3.35998e-15 -2.01598e-15 0)
(1.008e-15 1.00798e-15 0)
(5.03988e-16 1.34398e-15 0)
(-4.87196e-15 3.35997e-15 0)
(6.71992e-16 1.67999e-15 0)
(-8.39997e-16 1.34399e-15 0)
(-1.51199e-15 3.02397e-15 0)
(-3.36007e-16 -3.35996e-16 0)
(-4.36796e-15 -2.01598e-15 0)
(1.34399e-15 -3.35997e-15 0)
(1.176e-15 -1.67999e-15 0)
(5.87995e-15 1.67998e-15 0)
(3.35998e-15 4.70396e-15 0)
(-3.35994e-16 -6.71996e-16 0)
(3.35996e-16 -1.67999e-15 0)
(1.84798e-15 -4.03195e-15 0)
(5.04001e-16 -6.71996e-16 0)
(6.71997e-16 -3.35997e-16 0)
(2.35198e-15 3.36005e-16 0)
(-1.67998e-16 -3.35997e-16 0)
(3.35991e-16 3.35993e-16 0)
(-2.35198e-15 2.35197e-15 0)
(-3.69597e-15 -4.14427e-21 0)
(-1.34399e-15 3.36001e-16 0)
(8.39994e-16 3.02396e-15 0)
(8.39993e-16 -2.65645e-22 0)
(-1.02074e-21 6.38395e-15 0)
(3.36003e-16 6.38394e-15 0)
(6.7199e-16 5.03996e-15 0)
(1.00799e-15 1.16896e-20 0)
(3.35997e-15 2.01597e-15 0)
(6.71995e-16 -1.67998e-15 0)
(1.84798e-15 -2.35198e-15 0)
(-2.51998e-15 2.35198e-15 0)
(-3.36003e-16 1.67999e-15 0)
(-3.35997e-15 1.93356e-21 0)
(2.01597e-15 1.16168e-20 0)
(-4.70395e-15 2.35198e-15 0)
(-6.72006e-16 2.35198e-15 0)
(-2.68797e-15 -4.03196e-15 0)
(5.03996e-15 -3.36003e-16 0)
(2.68798e-15 3.35997e-16 0)
(3.02398e-15 -4.70395e-15 0)
(-1.00799e-15 -2.01598e-15 0)
(-5.03994e-16 -2.35198e-15 0)
(3.02398e-15 -1.34399e-15 0)
(1.17599e-15 -2.01598e-15 0)
(1.84799e-15 -1.67998e-15 0)
(2.18398e-15 6.7198e-16 0)
(1.17599e-15 -1.00799e-15 0)
(-1.34399e-15 -6.71992e-16 0)
(-1.84799e-15 -2.01598e-15 0)
(-3.19197e-15 -1.67998e-15 0)
(-1.00799e-15 -5.10229e-21 0)
(6.71989e-16 -2.35197e-15 0)
(5.03997e-16 -1.67999e-15 0)
(6.71994e-16 3.02398e-15 0)
(-6.71996e-16 2.68799e-15 0)
(-4.36796e-15 3.35998e-15 0)
(-8.39992e-16 1.73852e-22 0)
(3.35997e-15 -6.71991e-16 0)
(6.69683e-21 -3.36e-16 0)
(3.86396e-15 -1.00799e-15 0)
(-2.51997e-15 1.34399e-15 0)
(-1.84798e-15 1.00799e-15 0)
(-2.35198e-15 7.25235e-21 0)
(-2.58511e-22 1.00799e-15 0)
(1.00798e-15 1.34862e-21 0)
(-4.03196e-15 6.02407e-22 0)
(-1.51199e-15 -6.7198e-16 0)
(1.17599e-15 2.68797e-15 0)
(3.35998e-15 3.37402e-21 0)
(1.008e-15 1.67998e-15 0)
(3.35994e-16 -1.67998e-15 0)
(-6.71991e-16 2.35197e-15 0)
(2.85597e-15 6.71991e-16 0)
(3.36005e-16 -2.01598e-15 0)
(3.35997e-15 1.67998e-15 0)
(3.19197e-15 6.71988e-16 0)
(3.36002e-16 -2.68798e-15 0)
(-6.71996e-16 6.71986e-16 0)
(-2.18398e-15 -1.008e-15 0)
(-3.35997e-15 -1.67998e-15 0)
(-2.01598e-15 -1.34399e-15 0)
(-8.3999e-16 -1.46162e-21 0)
(5.03994e-16 -3.02396e-15 0)
(-2.15448e-22 2.01599e-15 0)
(-5.03995e-16 2.35199e-15 0)
(-1.51199e-15 4.70395e-15 0)
(-1.51199e-15 1.008e-15 0)
(-1.5477e-22 -6.71991e-16 0)
(2.68798e-15 6.7199e-16 0)
(8.39996e-16 -6.71988e-16 0)
(1.00798e-15 2.35198e-15 0)
(-1.67999e-15 3.69597e-15 0)
(-1.51199e-15 4.03196e-15 0)
(-1.68e-16 2.68798e-15 0)
(-1.34399e-15 -3.35986e-16 0)
(-3.35998e-15 4.03197e-15 0)
(-1.00799e-15 6.38393e-15 0)
(3.36004e-16 5.03996e-15 0)
(7.05593e-15 2.01598e-15 0)
(1.84799e-15 2.35198e-15 0)
(-1.00799e-15 4.36795e-15 0)
(-5.07258e-21 6.72002e-16 0)
(-1.67984e-16 -1.00799e-15 0)
(2.18397e-15 2.01597e-15 0)
(2.51998e-15 -3.35997e-16 0)
(-5.03992e-16 -2.68797e-15 0)
(1.93332e-21 -2.68797e-15 0)
(-1.00799e-15 -2.35198e-15 0)
(-3.19197e-15 -4.03196e-15 0)
(-6.90046e-21 -3.36006e-16 0)
(-6.71996e-16 -6.71995e-16 0)
(-1.67999e-15 1.00798e-15 0)
(-7.05465e-22 -3.36e-16 0)
(7.30028e-22 1.67998e-15 0)
(1.67991e-16 1.67998e-15 0)
(-3.35997e-15 -1.67997e-15 0)
(-2.01357e-21 1.00799e-15 0)
(3.36e-16 -3.35999e-16 0)
(5.37595e-15 -1.34399e-15 0)
(-6.71987e-16 3.02396e-15 0)
(1.51199e-15 6.71993e-16 0)
(-1.84799e-15 -1.00798e-15 0)
(-1.51199e-15 4.03197e-15 0)
(8.39989e-16 2.68798e-15 0)
(-2.68798e-15 6.38394e-15 0)
(-2.01599e-15 2.352e-15 0)
(-2.35197e-15 3.02399e-15 0)
(3.19197e-15 4.03197e-15 0)
(2.01599e-15 2.35199e-15 0)
(3.02397e-15 -2.68796e-15 0)
(-6.71994e-16 6.72006e-16 0)
(-2.01598e-15 1.34399e-15 0)
(-8.74749e-21 3.35995e-16 0)
(1.008e-15 -1.67998e-15 0)
(3.02397e-15 -6.71993e-16 0)
(-2.01598e-15 -3.36001e-16 0)
(1.51198e-15 3.35991e-16 0)
(-3.36001e-16 -3.02397e-15 0)
(-4.19996e-15 -1.67999e-15 0)
(-1.00799e-15 -3.35997e-15 0)
(-1.49972e-21 -1.34399e-15 0)
(-3.35998e-16 -2.35198e-15 0)
(-2.54756e-22 -1.34399e-15 0)
(-1.32459e-21 6.71991e-16 0)
(-1.84798e-15 -5.03996e-15 0)
(-1.176e-15 6.71988e-16 0)
(-3.35999e-16 1.34398e-15 0)
(3.35998e-16 -3.35997e-15 0)
(3.69597e-15 -1.344e-15 0)
(2.18398e-15 -2.68797e-15 0)
(1.176e-15 -3.02397e-15 0)
(-1.00799e-15 2.68797e-15 0)
(-1.67999e-15 -6.71983e-16 0)
(-1.17599e-15 2.35198e-15 0)
(-2.35198e-15 2.01599e-15 0)
(-2.01599e-15 3.02397e-15 0)
(-1.68008e-16 7.05593e-15 0)
(6.03211e-21 6.72005e-16 0)
(3.86397e-15 6.72001e-16 0)
(1.17599e-15 3.35996e-15 0)
(-5.03997e-16 -6.71992e-16 0)
(-5.04002e-16 -3.78201e-21 0)
(-1.34398e-15 6.04794e-15 0)
(2.01598e-15 1.34399e-15 0)
(1.00799e-15 -2.35198e-15 0)
(-1.67997e-16 1.34398e-15 0)
(-1.68e-16 8.20686e-22 0)
(-2.18398e-15 -2.01599e-15 0)
(-3.02398e-15 -1.008e-15 0)
(-8.39996e-16 -2.35198e-15 0)
(-7.05017e-23 -2.01598e-15 0)
(-3.35993e-16 -2.01598e-15 0)
(3.35998e-16 2.35197e-15 0)
(-1.53532e-21 -4.03197e-15 0)
(-2.68797e-15 -4.36796e-15 0)
(-3.36001e-16 -4.70396e-15 0)
(-3.02397e-15 -4.03196e-15 0)
(-1.008e-15 -8.3191e-21 0)
(1.34399e-15 -5.37595e-15 0)
(2.51998e-15 -1.008e-15 0)
(1.344e-15 -1.67999e-15 0)
(3.02397e-15 -3.35997e-15 0)
(-3.35996e-16 3.02396e-15 0)
(2.18397e-15 1.34399e-15 0)
(-8.39995e-16 4.70396e-15 0)
(-3.02397e-15 6.72e-16 0)
(-1.84798e-15 2.68799e-15 0)
(2.68062e-21 5.37595e-15 0)
(2.35198e-15 3.69596e-15 0)
(-5.03996e-16 1.34399e-15 0)
(-3.35999e-16 -3.36003e-16 0)
(1.51198e-15 -2.68797e-15 0)
(-8.3999e-16 -2.35197e-15 0)
(-1.67996e-16 -3.35998e-16 0)
(-1.84798e-15 -3.36003e-16 0)
(1.67996e-16 -5.03995e-15 0)
(-1.67999e-16 -6.71999e-16 0)
(-1.176e-15 -1.67999e-15 0)
(-4.53596e-15 -1.67998e-15 0)
(-4.79885e-21 2.01598e-15 0)
(3.36e-16 1.00799e-15 0)
(2.85597e-15 -6.71992e-16 0)
(1.00799e-15 1.34399e-15 0)
(7.52543e-23 -6.72004e-16 0)
(3.3599e-16 -1.24989e-20 0)
(-1.34399e-15 -3.02398e-15 0)
(-1.34399e-15 -2.01599e-15 0)
(-4.36795e-15 -2.68798e-15 0)
(1.51199e-15 -2.35199e-15 0)
(6.04795e-15 -4.03196e-15 0)
(2.68798e-15 -1.008e-15 0)
(1.17599e-15 2.68797e-15 0)
(1.00799e-15 5.51954e-21 0)
(2.68798e-15 -2.61416e-21 0)
(-5.03996e-16 -3.35996e-15 0)
(-3.35997e-15 -1.00799e-15 0)
(3.35994e-16 1.00799e-15 0)
(6.71989e-16 6.71998e-16 0)
(5.03996e-16 2.01598e-15 0)
(-3.35997e-15 1.00799e-15 0)
(-1.67999e-15 -1.67999e-15 0)
(8.40193e-22 -1.67999e-15 0)
(9.1855e-21 6.71989e-16 0)
(8.3999e-16 1.00799e-15 0)
(3.35993e-16 -1.00799e-15 0)
(2.18398e-15 -6.72004e-16 0)
(-1.34399e-15 -1.00799e-15 0)
(-3.02398e-15 -3.35999e-16 0)
(-1.68001e-16 3.35993e-16 0)
(-1.51199e-15 -6.71986e-16 0)
(-4.35811e-22 2.01599e-15 0)
(2.68798e-15 1.34399e-15 0)
(-5.03994e-16 -1.34398e-15 0)
(-2.72756e-21 -1.24319e-14 0)
(-1.84798e-15 -8.39993e-15 0)
(-1.34399e-15 -4.36797e-15 0)
(-2.01599e-15 -6.71993e-15 0)
(6.71988e-16 -3.35998e-15 0)
(3.19198e-15 -3.02398e-15 0)
(2.18399e-15 -6.72008e-16 0)
(4.19996e-15 -5.37596e-15 0)
(2.68798e-15 -4.03197e-15 0)
(-1.67991e-16 -2.68798e-15 0)
(6.72001e-16 -3.02397e-15 0)
(-5.03998e-16 -1.34399e-15 0)
(-1.84799e-15 1.34398e-15 0)
(2.35197e-15 -2.01598e-15 0)
(-3.35991e-16 -6.71997e-16 0)
(2.01598e-15 -2.01598e-15 0)
(-6.38394e-15 -5.71194e-15 0)
(-3.19197e-15 -6.71996e-16 0)
(1.67996e-16 -1.67998e-15 0)
(7.72792e-15 -1.00799e-15 0)
(-3.69596e-15 -3.36002e-16 0)
(-8.39993e-16 -2.35198e-15 0)
(3.35999e-16 -3.69597e-15 0)
(-1.008e-15 -4.36796e-15 0)
(3.35995e-16 -2.01598e-15 0)
(-1.34399e-15 -1.05546e-21 0)
(-5.03995e-16 3.02397e-15 0)
(-1.67996e-16 2.35198e-15 0)
(2.51998e-15 1.34399e-15 0)
(-5.03994e-16 3.35999e-16 0)
(-3.35997e-16 -1.05606e-20 0)
(1.67998e-15 -8.62687e-21 0)
(-6.71998e-16 -3.35997e-15 0)
(-2.51998e-15 -1.34401e-15 0)
(-1.67997e-16 -5.71195e-15 0)
(3.19198e-15 -5.03996e-15 0)
(3.69598e-15 -5.03996e-15 0)
(4.53596e-15 -2.35198e-15 0)
(1.008e-15 -1.34399e-15 0)
(1.67999e-15 -1.008e-15 0)
(1.51199e-15 -1.08122e-20 0)
(-8.39997e-16 -1.34399e-15 0)
(-1.51199e-15 -2.01598e-15 0)
(-3.35994e-16 -2.68797e-15 0)
(1.00799e-15 -1.67999e-15 0)
(-6.71986e-16 -1.34399e-15 0)
(-1.67999e-15 -3.69596e-15 0)
(-8.39998e-16 1.34398e-15 0)
(-2.18398e-15 2.68797e-15 0)
(4.03197e-15 -1.34398e-15 0)
(-1.17599e-15 -1.00799e-15 0)
(-8.39994e-16 3.35995e-16 0)
(-5.03992e-16 -1.008e-15 0)
(-2.35198e-15 -2.01598e-15 0)
(-1.56536e-21 -3.02397e-15 0)
(2.68797e-15 1.19046e-21 0)
(6.71995e-16 -3.35991e-16 0)
(8.39992e-16 1.16831e-21 0)
(-1.67998e-15 -3.02397e-15 0)
(8.39991e-16 6.71992e-16 0)
(-1.34399e-15 -1.83653e-21 0)
(-8.39988e-16 -2.68798e-15 0)
(-6.71998e-16 -1.68e-15 0)
(-2.68798e-15 -4.70396e-15 0)
(-1.34399e-15 -5.03997e-15 0)
(1.67999e-15 -5.03997e-15 0)
(6.04795e-15 -7.05595e-15 0)
(4.03198e-15 -3.35998e-15 0)
(4.51665e-21 -5.37595e-15 0)
(3.52797e-15 -5.37595e-15 0)
(3.19197e-15 -3.35998e-15 0)
(-2.18398e-15 -4.03197e-15 0)
(-1.51198e-15 -1.67999e-15 0)
(-1.68002e-16 -1.344e-15 0)
(-1.67994e-16 -4.03197e-15 0)
(3.69597e-15 -4.03196e-15 0)
(-2.51998e-15 1.67997e-15 0)
(-1.00799e-15 -1.34399e-15 0)
(8.39995e-16 -3.35998e-16 0)
(2.68798e-15 -4.62211e-21 0)
(-2.35198e-15 3.35997e-16 0)
(-2.01598e-15 -1.00799e-15 0)
(1.84798e-15 -3.69597e-15 0)
(-3.52797e-15 1.34397e-15 0)
(-3.35995e-16 1.00799e-15 0)
(6.38394e-15 2.35198e-15 0)
(1.32206e-21 6.71994e-15 0)
(-2.85597e-15 2.68798e-15 0)
(1.17599e-15 5.95929e-22 0)
(1.00799e-15 -3.35997e-16 0)
(-1.72055e-21 -1.00799e-15 0)
(-2.85598e-15 1.00799e-15 0)
(-1.17599e-15 -2.35198e-15 0)
(-1.344e-15 1.34398e-15 0)
(-1.34399e-15 2.68798e-15 0)
(-1.67992e-16 -3.35997e-15 0)
(3.69598e-15 -5.37596e-15 0)
(7.55994e-15 -3.35993e-16 0)
(7.82648e-21 -3.36001e-16 0)
(6.38394e-15 1.67998e-15 0)
(-2.35198e-15 -2.68798e-15 0)
(-1.67998e-15 -3.35997e-15 0)
(1.00798e-15 -2.01599e-15 0)
(-1.34398e-15 -3.02397e-15 0)
(2.51997e-15 -6.72e-16 0)
(-1.00798e-15 -2.35199e-15 0)
(-5.04e-16 -2.68798e-15 0)
(-6.71994e-16 -3.35998e-15 0)
(1.17599e-15 -1.67999e-15 0)
(1.67999e-15 -2.01598e-15 0)
(-8.4e-16 -1.67999e-15 0)
(-1.67998e-15 -3.6697e-21 0)
(-3.36e-16 6.71988e-16 0)
(3.35998e-16 -3.35987e-16 0)
(-1.00799e-15 6.71993e-15 0)
(7.22394e-15 -1.34398e-15 0)
(-8.39991e-16 7.2671e-21 0)
(-2.51998e-15 -3.35993e-16 0)
(-1.68002e-16 1.67998e-15 0)
(1.34399e-15 3.02397e-15 0)
(1.37727e-21 1.67999e-15 0)
(1.00798e-15 3.98533e-21 0)
(-1.34399e-15 4.03197e-15 0)
(-1.17599e-15 3.02398e-15 0)
(-2.01598e-15 3.35998e-15 0)
(3.36e-16 4.36796e-15 0)
(2.85598e-15 3.35997e-16 0)
(5.54396e-15 1.34399e-15 0)
(1.34399e-15 6.71995e-16 0)
(3.02397e-15 -2.35198e-15 0)
(-3.02397e-15 -6.38395e-15 0)
(-1.008e-15 -3.02399e-15 0)
(3.36e-16 -5.03996e-15 0)
(-3.35997e-16 -3.35998e-15 0)
(3.09872e-21 -2.68798e-15 0)
(3.02397e-15 -1.008e-15 0)
(-1.34398e-15 1.34399e-15 0)
(5.03995e-16 -6.71993e-16 0)
(1.51199e-15 -6.71995e-16 0)
(1.67999e-15 -3.36e-16 0)
(-1.34399e-15 -1.34399e-15 0)
(-1.34399e-15 -3.35998e-16 0)
(-1.67991e-16 -4.0626e-21 0)
(4.87195e-15 -2.35197e-15 0)
(-3.35994e-16 -3.35992e-16 0)
(1.51199e-15 4.03196e-15 0)
(-3.36e-16 3.35994e-16 0)
(-1.00799e-15 -3.35998e-16 0)
(1.67994e-16 1.00799e-15 0)
(2.01598e-15 -1.34398e-15 0)
(-1.73099e-22 6.71993e-16 0)
(-2.35198e-15 4.36796e-15 0)
(-1.17599e-15 2.01599e-15 0)
(-6.71995e-16 5.71196e-15 0)
(-2.51998e-15 4.36797e-15 0)
(1.67996e-16 4.36797e-15 0)
(2.85598e-15 3.02398e-15 0)
(4.36797e-15 1.67998e-15 0)
(1.67999e-15 2.01598e-15 0)
(-6.71997e-16 -1.67999e-15 0)
(-2.35198e-15 -2.68798e-15 0)
(-1.08166e-21 -5.71195e-15 0)
(2.01598e-15 1.34398e-15 0)
(3.36003e-16 3.35997e-16 0)
(5.42589e-21 -1.62852e-21 0)
(4.03196e-15 -1.00799e-15 0)
(-1.34398e-15 1.67997e-15 0)
(-1.34399e-15 2.01598e-15 0)
(-6.71989e-16 -2.35198e-15 0)
(2.18397e-15 -3.36004e-16 0)
(-1.00799e-15 -4.03197e-15 0)
(-5.03993e-16 -3.35997e-15 0)
(1.34399e-15 1.04313e-20 0)
(3.69597e-15 3.35996e-15 0)
(1.84798e-15 3.36e-16 0)
(1.17599e-15 6.72002e-16 0)
(-1.67999e-15 -2.01598e-15 0)
(-6.71998e-16 -4.03197e-15 0)
(-1.67998e-15 -1.344e-15 0)
(1.42021e-21 -4.03196e-15 0)
(4.44313e-22 1.008e-15 0)
(1.67997e-16 7.67022e-21 0)
(-2.01598e-15 3.40665e-21 0)
(-2.89771e-21 6.49484e-21 0)
(-1.67999e-15 2.01599e-15 0)
(-2.01598e-15 2.01599e-15 0)
(2.51998e-15 6.72002e-16 0)
(7.89593e-15 -1.67998e-15 0)
(3.88281e-21 6.71996e-16 0)
(-3.02397e-15 -3.95279e-21 0)
(-4.03197e-15 -2.35197e-15 0)
(-3.35998e-16 -3.02398e-15 0)
(2.01598e-15 -5.37595e-15 0)
(2.01598e-15 -2.01599e-15 0)
(2.35197e-15 -1.65918e-21 0)
(6.64582e-21 -6.10213e-21 0)
(3.36001e-16 -1.34398e-15 0)
(-3.35996e-16 -3.35998e-16 0)
(-1.17599e-15 2.01598e-15 0)
(-1.84798e-15 -1.67999e-15 0)
(-1.29388e-22 -1.34399e-15 0)
(1.34399e-15 -2.01598e-15 0)
(3.86397e-15 -1.34399e-15 0)
(1.51199e-15 -2.35198e-15 0)
(1.67999e-15 -5.39812e-21 0)
(5.03996e-16 -2.40797e-21 0)
(-1.17599e-15 -1.67999e-15 0)
(-3.02397e-15 -5.57314e-21 0)
(2.01597e-15 -3.35999e-16 0)
(1.09128e-21 6.71985e-16 0)
(-5.03996e-16 3.35998e-15 0)
(1.84799e-15 5.03995e-15 0)
(6.71994e-16 4.70397e-15 0)
(-2.01599e-15 5.03996e-15 0)
(-3.02398e-15 3.69598e-15 0)
(6.71991e-16 7.39194e-15 0)
(5.04002e-16 6.71994e-15 0)
(4.87196e-15 5.03995e-15 0)
(2.60201e-21 1.34399e-15 0)
(-3.69597e-15 -6.71984e-16 0)
(-1.344e-15 4.03195e-15 0)
(-1.00799e-15 -6.71986e-16 0)
(1.17599e-15 -1.67999e-15 0)
(1.51199e-15 -3.35997e-15 0)
(5.07976e-21 -1.00799e-15 0)
(1.67999e-15 -1.34398e-15 0)
(3.35997e-15 6.33083e-21 0)
(1.34399e-15 1.34399e-15 0)
(-2.35198e-15 3.35997e-15 0)
(-4.03196e-15 -4.03195e-15 0)
(-6.71998e-16 -1.34399e-15 0)
(1.34399e-15 3.35988e-16 0)
(2.01599e-15 -2.35199e-15 0)
(2.68797e-15 -3.36002e-16 0)
(6.73512e-21 -5.03995e-15 0)
(-3.35993e-16 -3.02399e-15 0)
(-2.11004e-21 -6.38395e-15 0)
(-3.36008e-16 -4.03197e-15 0)
(-4.03195e-15 -3.02397e-15 0)
(-2.6355e-21 -4.36795e-15 0)
(-1.00799e-15 3.02398e-15 0)
(5.03998e-16 1.008e-15 0)
(2.01598e-15 8.06392e-15 0)
(-1.00799e-15 8.06393e-15 0)
(-3.35997e-15 5.71195e-15 0)
(-3.36e-16 4.36797e-15 0)
(2.68798e-15 4.36798e-15 0)
(1.67999e-15 -6.71986e-16 0)
(1.34399e-15 3.3054e-21 0)
(-2.35198e-15 6.04794e-15 0)
(-5.71195e-15 4.36797e-15 0)
(-1.344e-15 6.04794e-15 0)
(3.35999e-16 3.69597e-15 0)
(3.35998e-15 2.35197e-15 0)
(3.02398e-15 1.67998e-15 0)
(1.00799e-15 2.35198e-15 0)
(2.01599e-15 3.35996e-15 0)
(1.67998e-15 4.70396e-15 0)
(-4.70396e-15 6.72003e-16 0)
(-4.36797e-15 1.67998e-15 0)
(-8.39999e-16 -6.71995e-16 0)
(5.03997e-16 -2.35197e-15 0)
(2.01599e-15 -3.69597e-15 0)
(1.176e-15 -2.01598e-15 0)
(3.52796e-15 -1.67998e-15 0)
(-3.35996e-16 -2.01599e-15 0)
(-2.68797e-15 -2.68798e-15 0)
(3.35996e-16 -6.72003e-16 0)
(6.71992e-16 -7.53141e-21 0)
(3.35996e-16 2.35197e-15 0)
(-1.34399e-15 -1.34399e-15 0)
(4.19996e-15 3.35995e-16 0)
(1.344e-15 1.34399e-15 0)
(-3.35999e-16 -6.71986e-16 0)
(-1.67999e-15 2.01599e-15 0)
(-3.19197e-15 2.35198e-15 0)
(-1.17599e-15 -3.35987e-16 0)
(2.51998e-15 1.00799e-15 0)
(1.17599e-15 3.35999e-16 0)
(-4.4992e-21 2.35199e-15 0)
(-4.53596e-15 3.02398e-15 0)
(-2.01598e-15 2.35199e-15 0)
(-6.71995e-16 7.4209e-21 0)
(4.36796e-15 4.71688e-21 0)
(1.84799e-15 1.20543e-21 0)
(5.04001e-16 4.58702e-21 0)
(2.85597e-15 -1.34398e-15 0)
(-6.7199e-16 3.35999e-16 0)
(-1.008e-15 3.35996e-16 0)
(-6.21595e-15 3.28114e-21 0)
(-2.51998e-15 3.35997e-16 0)
(-5.03994e-16 -3.36001e-16 0)
(3.35997e-15 -3.35997e-16 0)
(2.35198e-15 3.35994e-16 0)
(5.04e-16 -3.36003e-16 0)
(-1.00799e-15 -4.70396e-15 0)
(1.34398e-15 -1.008e-15 0)
(-1.68e-16 -2.01598e-15 0)
(-2.01597e-15 -2.68798e-15 0)
(1.17599e-15 -2.01598e-15 0)
(3.35999e-16 -3.02398e-15 0)
(6.71995e-15 -6.71993e-16 0)
(3.19197e-15 -2.68796e-15 0)
(3.35996e-16 1.67998e-15 0)
(-3.19197e-15 2.35199e-15 0)
(-1.176e-15 2.35198e-15 0)
(8.39992e-16 6.38393e-15 0)
(2.51997e-15 3.69597e-15 0)
(9.24209e-21 2.35198e-15 0)
(1.34399e-15 1.34399e-15 0)
(-4.03197e-15 3.35997e-15 0)
(-3.02397e-15 1.00799e-15 0)
(1.34398e-15 5.03996e-15 0)
(-1.34398e-15 3.35997e-15 0)
(3.36003e-16 1.344e-15 0)
(1.84798e-15 3.02397e-15 0)
(2.85598e-15 -1.67998e-15 0)
(1.34399e-15 -3.35997e-16 0)
(-3.02398e-15 -6.71992e-16 0)
(-6.04795e-15 -2.01598e-15 0)
(-1.344e-15 3.35997e-16 0)
(-1.00799e-15 -6.7199e-16 0)
(2.51998e-15 -2.12969e-21 0)
(1.67998e-16 1.63859e-22 0)
(-1.00799e-15 -3.35999e-16 0)
(-6.71996e-16 -3.02397e-15 0)
(1.00799e-15 -2.68798e-15 0)
(-6.71995e-16 -2.35198e-15 0)
(3.35996e-16 -2.68798e-15 0)
(2.01598e-15 -1.68e-15 0)
(6.71996e-16 -2.35198e-15 0)
(6.04796e-15 2.16377e-21 0)
(3.19197e-15 -8.45777e-21 0)
(5.03996e-16 -3.3599e-16 0)
(-2.51998e-15 1.34399e-15 0)
(-1.34399e-15 -2.01598e-15 0)
(-3.35994e-16 -3.35992e-16 0)
(5.03995e-16 -1.34398e-15 0)
(2.68797e-15 -1.67998e-15 0)
(-4.10894e-21 -1.008e-15 0)
(-3.69597e-15 -2.35198e-15 0)
(-2.68798e-15 1.81726e-21 0)
(-1.00799e-15 -1.34455e-21 0)
(6.71994e-16 -2.68796e-15 0)
(5.03995e-15 1.34399e-15 0)
(1.008e-15 6.71998e-16 0)
(3.36001e-16 4.03197e-15 0)
(1.67998e-15 -6.7199e-16 0)
(-4.36796e-15 1.00799e-15 0)
(-7.05595e-15 2.01598e-15 0)
(-1.34399e-15 -1.00799e-15 0)
(1.00799e-15 3.02397e-15 0)
(2.35199e-15 2.35198e-15 0)
(1.00799e-15 -6.71987e-16 0)
(5.03994e-16 6.71993e-16 0)
(-3.69597e-15 1.34398e-15 0)
(-5.03995e-16 -2.03525e-21 0)
(3.35997e-16 1.00799e-15 0)
(1.17599e-15 -9.78087e-22 0)
(5.03996e-16 -1.34399e-15 0)
(5.86661e-21 6.71994e-16 0)
(8.73592e-15 1.00799e-15 0)
(8.40005e-16 -1.67999e-15 0)
(1.67998e-15 2.01598e-15 0)
(-3.69597e-15 -3.36005e-16 0)
(-2.18398e-15 6.71992e-16 0)
(8.39987e-16 1.00798e-15 0)
(-1.67998e-15 -2.016e-15 0)
(1.92508e-21 -1.67999e-15 0)
(-5.03996e-16 -4.36796e-15 0)
(-1.00799e-15 -3.02397e-15 0)
(-6.72001e-16 2.35197e-15 0)
(-3.35996e-16 -2.35197e-15 0)
(8.39995e-16 2.35197e-15 0)
(5.04005e-16 -1.34399e-15 0)
(5.71195e-15 -6.71991e-16 0)
(1.34399e-15 2.35197e-15 0)
(-3.36001e-16 3.69597e-15 0)
(-1.68e-15 -6.71994e-16 0)
(-9.40792e-15 3.36005e-16 0)
(-6.71996e-16 -6.71992e-16 0)
(1.17599e-15 3.36006e-16 0)
(5.54394e-15 1.344e-15 0)
(-2.01597e-15 3.35996e-15 0)
(-1.16939e-21 -1.67998e-15 0)
(-4.70396e-15 -2.77962e-22 0)
(1.17598e-15 -6.71989e-16 0)
(-1.67996e-16 1.00799e-15 0)
(-2.01598e-15 -3.69597e-15 0)
(-1.7126e-21 -1.34399e-15 0)
(8.39998e-16 -1.00798e-15 0)
(5.71195e-15 1.00799e-15 0)
(3.19197e-15 1.34399e-15 0)
(3.35997e-16 -2.68798e-15 0)
(-1.34399e-15 -1.00799e-15 0)
(-1.67999e-15 2.01598e-15 0)
(-8.39995e-16 -1.34398e-15 0)
(-1.67998e-15 -1.00799e-15 0)
(6.71993e-16 -3.36001e-16 0)
(-1.67998e-15 -1.00799e-15 0)
(6.71984e-16 1.34398e-15 0)
(-5.71195e-15 -3.36003e-16 0)
(-3.7602e-21 -1.344e-15 0)
(3.52797e-15 6.71989e-16 0)
(2.35198e-15 -3.02397e-15 0)
(4.03197e-15 -1.00799e-15 0)
(1.67999e-15 -6.71996e-16 0)
(-1.84798e-15 -2.68798e-15 0)
(-2.01598e-15 -6.71994e-16 0)
(-8.90393e-15 3.36005e-16 0)
(1.17598e-15 2.35199e-15 0)
(5.03999e-16 5.03996e-15 0)
(-5.03989e-16 8.06393e-15 0)
(-1.008e-15 1.20213e-20 0)
(3.35997e-15 1.00799e-15 0)
(-1.84798e-15 3.35993e-16 0)
(1.67999e-16 -1.00798e-15 0)
(1.67991e-16 -6.71991e-16 0)
(-2.18398e-15 -3.35997e-16 0)
(-9.03054e-22 -7.58771e-22 0)
(3.02397e-15 2.01598e-15 0)
(3.69597e-15 2.01598e-15 0)
(1.008e-15 2.01598e-15 0)
(-5.03994e-16 -3.69596e-15 0)
(-1.67999e-15 -2.01599e-15 0)
(-2.35198e-15 -2.35197e-15 0)
(-1.34399e-15 3.36004e-16 0)
(8.39982e-16 -3.36001e-16 0)
(3.35997e-16 -1.34399e-15 0)
(-3.36e-16 -6.72e-16 0)
(-1.67999e-15 -3.35997e-15 0)
(-3.35997e-15 -6.04794e-15 0)
(1.68002e-16 -6.38393e-15 0)
(3.19197e-15 -1.00798e-15 0)
(3.36003e-16 1.67997e-15 0)
(3.35997e-15 -1.67999e-15 0)
(1.176e-15 -5.71194e-15 0)
(1.67992e-16 -2.68798e-15 0)
(-1.68005e-16 -6.71994e-16 0)
(-3.69596e-15 6.04795e-15 0)
(-1.67994e-16 6.04795e-15 0)
(1.34398e-15 6.04796e-15 0)
(2.01598e-15 6.04795e-15 0)
(-1.00799e-15 2.35198e-15 0)
(-2.85598e-15 2.35198e-15 0)
(-3.02397e-15 1.008e-15 0)
(1.51198e-15 2.68797e-15 0)
(-3.52797e-15 -1.00799e-15 0)
(-3.36e-16 3.36e-16 0)
(5.03994e-16 1.8063e-22 0)
(6.72002e-16 -2.02347e-21 0)
(6.04794e-15 -4.03195e-15 0)
(-3.3599e-16 -5.03995e-15 0)
(-1.68001e-16 -2.35199e-15 0)
(-1.00799e-15 -3.69596e-15 0)
(-5.04e-16 3.02397e-15 0)
(-6.71995e-16 2.35197e-15 0)
(-3.35999e-16 6.72e-16 0)
(-1.00799e-15 1.00799e-15 0)
(-2.01598e-15 -1.67998e-15 0)
(-3.52797e-15 -1.34399e-15 0)
(-1.17599e-15 6.71997e-16 0)
(1.51198e-15 4.70395e-15 0)
(1.51198e-15 3.35989e-16 0)
(7.66059e-21 -3.02397e-15 0)
(4.36796e-15 -1.34399e-15 0)
(5.04004e-16 2.01596e-15 0)
(1.68e-16 -6.72e-16 0)
(-8.39987e-16 3.36005e-16 0)
(3.19196e-15 3.69596e-15 0)
(2.35198e-15 4.70397e-15 0)
(1.008e-15 4.36797e-15 0)
(-1.00799e-15 2.68798e-15 0)
(-1.67999e-15 4.03197e-15 0)
(-3.02398e-15 4.03197e-15 0)
(-5.71195e-15 3.35997e-15 0)
(-1.67999e-15 3.35994e-16 0)
(1.03204e-21 4.14769e-21 0)
(-1.83435e-22 2.68796e-15 0)
(-7.07529e-22 2.61907e-21 0)
(2.01598e-15 6.71994e-16 0)
(1.008e-15 1.67998e-15 0)
(1.84798e-15 4.13561e-24 0)
(1.67999e-16 -1.92069e-21 0)
(1.51199e-15 -3.36e-16 0)
(1.17599e-15 3.36e-16 0)
(-8.3999e-16 3.98033e-21 0)
(-5.04006e-16 3.35996e-16 0)
(-1.008e-15 -1.00799e-15 0)
(-2.35198e-15 3.35996e-15 0)
(-1.67999e-15 -3.35996e-15 0)
(-1.00799e-15 4.8178e-21 0)
(-1.00799e-15 3.69597e-15 0)
(9.77929e-22 4.48126e-21 0)
(4.03196e-15 3.35991e-16 0)
(1.008e-15 -1.17404e-20 0)
(2.51998e-15 -5.71193e-15 0)
(5.03997e-16 -3.75525e-21 0)
(1.84798e-15 1.34398e-15 0)
(6.71998e-16 3.58e-21 0)
(6.72001e-16 -6.7199e-16 0)
(2.18398e-15 -6.01532e-22 0)
(-8.39994e-16 3.36001e-16 0)
(-1.51199e-15 3.35997e-15 0)
(-2.68798e-15 3.36003e-16 0)
(-6.71995e-15 -1.34398e-15 0)
(-3.35997e-15 2.71875e-21 0)
(1.00799e-15 -2.119e-21 0)
(-2.48476e-27 -2.68797e-15 0)
(-1.00799e-15 -4.60846e-21 0)
(8.39995e-16 -6.71991e-16 0)
(3.02398e-15 -1.67999e-15 0)
(2.18398e-15 -1.67999e-15 0)
(-1.17599e-15 6.71995e-16 0)
(3.36005e-16 3.69596e-15 0)
(1.51199e-15 2.01598e-15 0)
(-3.36007e-16 1.00799e-15 0)
(-5.20795e-15 -1.34399e-15 0)
(1.00799e-15 -1.00799e-15 0)
(-5.03997e-16 4.44748e-21 0)
(-8.39996e-16 3.02397e-15 0)
(1.17598e-15 5.37594e-15 0)
(5.03992e-16 4.36797e-15 0)
(-2.68797e-15 1.00799e-15 0)
(2.01599e-15 -2.68797e-15 0)
(6.71995e-16 -5.03995e-15 0)
(2.35198e-15 -1.344e-15 0)
(1.00799e-15 -1.67999e-15 0)
(2.56656e-21 -2.68797e-15 0)
(2.18398e-15 -2.35198e-15 0)
(2.18398e-15 -3.35998e-16 0)
(1.67999e-15 -1.34399e-15 0)
(3.35995e-16 1.67999e-15 0)
(-2.51998e-15 -3.35991e-16 0)
(-6.55194e-15 3.35994e-16 0)
(-4.36797e-15 -1.34398e-15 0)
(-2.01599e-15 2.35198e-15 0)
(-3.35996e-16 6.71995e-16 0)
(-3.2494e-21 3.02398e-15 0)
(3.35994e-16 7.34314e-21 0)
(-3.35997e-16 3.35993e-16 0)
(2.35198e-15 -1.00799e-15 0)
(3.02398e-15 -6.71996e-16 0)
(1.68002e-16 8.40194e-22 0)
(5.03995e-15 3.36e-16 0)
(-1.34399e-15 6.71995e-16 0)
(-3.19197e-15 -3.35993e-16 0)
(-1.512e-15 1.34399e-15 0)
(6.71994e-16 -1.79549e-21 0)
(-3.35996e-16 1.34399e-15 0)
(-2.51998e-15 1.34399e-15 0)
(2.64236e-21 3.36003e-16 0)
(1.67998e-15 1.008e-15 0)
(-4.53596e-15 -3.3599e-16 0)
(6.71991e-16 -6.71998e-16 0)
(-1.17599e-15 -2.35199e-15 0)
(4.53596e-15 -3.02398e-15 0)
(6.72001e-16 -1.34399e-15 0)
(-9.97489e-22 -3.36001e-16 0)
(3.19198e-15 -3.36003e-16 0)
(2.35198e-15 -3.63063e-21 0)
(1.00799e-15 -1.67999e-15 0)
(8.39991e-16 -2.68798e-15 0)
(-8.39997e-16 -6.72001e-16 0)
(-5.20796e-15 -1.34399e-15 0)
(-3.86397e-15 1.34399e-15 0)
(-1.68003e-16 2.56301e-21 0)
(-2.01598e-15 1.00799e-15 0)
(-1.51198e-15 2.35198e-15 0)
(-3.35997e-16 1.34399e-15 0)
(1.80771e-21 -3.69596e-15 0)
(2.35198e-15 3.35995e-16 0)
(1.84799e-15 -2.01598e-15 0)
(4.03197e-15 -1.00975e-21 0)
(2.51999e-15 2.35198e-15 0)
(-1.84798e-15 -1.00799e-15 0)
(-1.344e-15 -3.36003e-16 0)
(-1.67999e-15 1.34398e-15 0)
(1.00959e-21 -3.35988e-16 0)
(2.35197e-15 5.13031e-21 0)
(-4.36795e-15 3.02397e-15 0)
(2.01598e-15 -1.34398e-15 0)
(6.71993e-16 1.00799e-15 0)
(-3.52797e-15 3.35997e-15 0)
(-2.51998e-15 1.00799e-15 0)
(3.36e-16 -4.73965e-21 0)
(4.36796e-15 -2.35198e-15 0)
(-3.35996e-16 1.34398e-15 0)
(1.344e-15 -1.67999e-15 0)
(8.39996e-16 -3.69596e-15 0)
(1.51199e-15 -2.01599e-15 0)
(3.9482e-21 -2.68798e-15 0)
(-1.68003e-16 -4.03197e-15 0)
(-8.39994e-16 -3.69597e-15 0)
(-2.18398e-15 -2.35198e-15 0)
(-1.67999e-15 1.00799e-15 0)
(-2.51998e-15 1.00799e-15 0)
(3.35993e-16 3.36006e-16 0)
(3.35997e-16 2.35197e-15 0)
(1.00799e-15 1.00799e-15 0)
(5.03997e-16 2.01597e-15 0)
(2.35198e-15 -1.67998e-15 0)
(2.35198e-15 -2.35198e-15 0)
(1.67999e-15 -1.67999e-15 0)
(4.03196e-15 -5.03996e-15 0)
(1.67996e-16 -4.70396e-15 0)
(-3.69597e-15 -1.67999e-15 0)
(-2.85597e-15 -1.34399e-15 0)
(4.04444e-21 1.34398e-15 0)
(1.67999e-15 -1.00798e-15 0)
(6.71989e-16 2.68798e-15 0)
(-2.61877e-21 4.36796e-15 0)
(1.34398e-15 -1.34399e-15 0)
(-6.71994e-15 -6.71999e-16 0)
(-2.51998e-15 -2.35197e-15 0)
(1.67998e-16 -1.34399e-15 0)
(2.68798e-15 2.01598e-15 0)
(8.39995e-16 -1.67997e-15 0)
(2.35198e-15 3.35998e-16 0)
(2.01598e-15 2.35197e-15 0)
(-1.67996e-16 -3.35999e-16 0)
(2.68797e-15 -6.71999e-16 0)
(-5.0399e-16 -4.03196e-15 0)
(-1.51199e-15 3.35994e-16 0)
(-1.17599e-15 1.00799e-15 0)
(-2.85598e-15 3.36005e-16 0)
(-1.67999e-15 2.01598e-15 0)
(-8.39991e-16 3.02396e-15 0)
(1.34399e-15 -3.69595e-15 0)
(5.03995e-16 6.71984e-16 0)
(5.56387e-22 3.36002e-16 0)
(1.67999e-15 -3.35995e-16 0)
(2.68798e-15 1.34399e-15 0)
(1.4908e-21 -6.71993e-16 0)
(5.04002e-16 -2.68798e-15 0)
(3.35993e-16 -2.35198e-15 0)
(-3.02397e-15 -4.36796e-15 0)
(8.39987e-16 -6.38394e-15 0)
(2.18398e-15 3.35993e-16 0)
(4.03197e-15 2.01598e-15 0)
(-1.51198e-15 3.0173e-21 0)
(1.45608e-22 1.34399e-15 0)
(-2.01599e-15 -1.34398e-15 0)
(-3.69597e-15 8.93071e-22 0)
(-1.17599e-15 2.68797e-15 0)
(3.35998e-16 -6.71982e-16 0)
(3.35997e-15 1.67998e-15 0)
(5.03998e-16 6.7199e-16 0)
(1.008e-15 2.01598e-15 0)
(2.18398e-15 -6.71988e-16 0)
(-8.39992e-16 3.35998e-16 0)
(3.36002e-16 -1.34399e-15 0)
(6.7199e-16 1.00799e-15 0)
(3.35996e-16 -3.35995e-16 0)
(-2.35198e-15 3.35999e-16 0)
(-1.17599e-15 3.69596e-15 0)
(-8.39998e-16 6.72001e-16 0)
(-6.72001e-16 1.67999e-15 0)
(-2.68797e-15 3.35994e-16 0)
(-2.10809e-21 -1.00799e-15 0)
(9.11788e-22 4.03198e-15 0)
(1.67998e-15 6.04795e-15 0)
(-6.71995e-16 5.71195e-15 0)
(-1.00799e-15 -6.11439e-21 0)
(2.35197e-15 -2.68798e-15 0)
(-3.69596e-15 6.71983e-16 0)
(5.03988e-16 -2.68798e-15 0)
(5.04e-16 -2.01598e-15 0)
(2.68798e-15 -2.01598e-15 0)
(1.51199e-15 -2.01598e-15 0)
(2.18397e-15 -6.71996e-16 0)
(-2.01598e-15 -3.35997e-16 0)
(-2.01598e-15 -6.72002e-16 0)
(-3.02397e-15 -3.02397e-15 0)
(-1.67999e-15 3.69596e-15 0)
(1.84798e-15 3.35997e-15 0)
(2.68798e-15 1.00798e-15 0)
(1.34399e-15 1.44393e-20 0)
(2.01598e-15 4.36796e-15 0)
(-1.67998e-16 5.03995e-15 0)
(1.67998e-16 6.71997e-16 0)
(1.34399e-15 6.71988e-16 0)
(-1.51198e-15 3.35997e-15 0)
(-3.36e-16 1.00799e-15 0)
(-6.71992e-16 3.36e-16 0)
(2.01597e-15 1.008e-15 0)
(-2.68798e-15 4.03196e-15 0)
(-2.68798e-15 -1.00799e-15 0)
(-4.03197e-15 1.34399e-15 0)
(-2.14521e-21 -3.35997e-16 0)
(5.03995e-16 5.03995e-15 0)
(-8.39993e-16 8.48499e-21 0)
(6.71991e-16 -6.71989e-16 0)
(-6.71996e-16 3.02397e-15 0)
(-3.35999e-16 -6.71994e-16 0)
(-2.35198e-15 3.81447e-22 0)
(-2.51997e-15 -1.00799e-15 0)
(3.52797e-15 6.38394e-15 0)
(1.67999e-15 3.36007e-16 0)
(2.18398e-15 3.35997e-16 0)
(-3.19197e-15 1.5138e-21 0)
(6.71983e-16 1.00799e-15 0)
(3.35992e-16 6.71996e-16 0)
(-2.01598e-15 -3.91638e-21 0)
(-1.34398e-15 1.00799e-15 0)
(3.36002e-16 2.68798e-15 0)
(3.69597e-15 -6.71973e-16 0)
(2.35198e-15 3.35996e-15 0)
(1.34399e-15 3.36003e-16 0)
(-6.71994e-16 3.3601e-16 0)
(-1.67997e-16 1.00799e-15 0)
(5.03998e-16 6.72004e-16 0)
(8.39988e-16 1.00799e-15 0)
(-3.35997e-16 1.008e-15 0)
(-5.03996e-16 3.35997e-15 0)
(-1.34399e-15 1.34399e-15 0)
(-2.35198e-15 -3.35996e-15 0)
(-3.35998e-15 -3.36001e-16 0)
(-2.68798e-15 2.01599e-15 0)
(3.35996e-16 3.35998e-16 0)
(1.34399e-15 -1.67999e-15 0)
(-4.53595e-15 -1.008e-15 0)
(1.51198e-15 -2.68797e-15 0)
(-2.51997e-15 -2.68797e-15 0)
(-1.68004e-16 -6.71993e-16 0)
(-2.68798e-15 -1.67998e-15 0)
(1.00799e-15 1.00799e-15 0)
(3.35998e-15 1.67999e-15 0)
(1.176e-15 3.69596e-15 0)
(1.67999e-15 2.01599e-15 0)
(2.18397e-15 3.35997e-15 0)
(-3.02397e-15 -7.79433e-22 0)
(-3.69597e-15 -1.34399e-15 0)
(-1.68e-15 -2.35198e-15 0)
(1.58239e-21 -3.35997e-15 0)
(2.01599e-15 3.35997e-15 0)
(2.51998e-15 2.68797e-15 0)
(1.67999e-15 -3.35988e-16 0)
(3.86397e-15 6.71996e-16 0)
(3.35998e-16 1.67998e-15 0)
(-8.39993e-16 2.68798e-15 0)
(6.71991e-16 2.01598e-15 0)
(1.68001e-16 1.00799e-15 0)
(1.00799e-15 3.35996e-16 0)
(-8.39994e-16 4.36796e-15 0)
(-5.54395e-15 -3.3599e-16 0)
(-1.008e-15 2.35197e-15 0)
(-1.67999e-15 6.72003e-16 0)
(-2.35198e-15 1.00799e-15 0)
(-3.35999e-16 1.00799e-15 0)
(-6.56527e-22 -4.70395e-15 0)
(-2.68797e-15 -2.01599e-15 0)
(2.01598e-15 -2.01599e-15 0)
(-1.008e-15 1.00798e-15 0)
(-3.35997e-16 6.71988e-16 0)
(-2.01598e-15 -1.34399e-15 0)
(-2.56979e-22 2.01598e-15 0)
(3.52798e-15 3.36005e-16 0)
(4.36796e-15 1.008e-15 0)
(2.35198e-15 3.35997e-15 0)
(-2.51997e-15 4.36797e-15 0)
(-3.35998e-15 1.86881e-21 0)
(-5.03996e-15 -3.02398e-15 0)
(-1.00799e-15 -3.69596e-15 0)
(3.02398e-15 1.34399e-15 0)
(4.03196e-15 2.35199e-15 0)
(2.68799e-15 2.68798e-15 0)
(2.9307e-21 3.35997e-16 0)
(1.17599e-15 3.35995e-16 0)
(1.84799e-15 -1.67998e-15 0)
(-8.39994e-16 3.02397e-15 0)
(-2.51998e-15 1.34399e-15 0)
(6.71993e-16 1.00799e-15 0)
(2.18398e-15 -1.67998e-15 0)
(1.67999e-15 -1.00798e-15 0)
(-3.35998e-15 3.69597e-15 0)
(-2.01598e-15 -3.35984e-16 0)
(-1.84799e-15 4.36796e-15 0)
(-5.03995e-15 2.68799e-15 0)
(-2.45207e-21 3.35997e-15 0)
(1.34398e-15 -1.34399e-15 0)
(-2.01599e-15 -1.00799e-15 0)
(1.34399e-15 -2.68798e-15 0)
(-6.7199e-16 -1.00799e-15 0)
(-1.67992e-16 1.00799e-15 0)
(1.00799e-15 -2.35197e-15 0)
(3.35999e-16 1.67999e-15 0)
(3.02398e-15 1.34399e-15 0)
(3.52798e-15 1.00799e-15 0)
(2.68797e-15 3.69596e-15 0)
(-1.34399e-15 -2.35197e-15 0)
(-5.20796e-15 2.35198e-15 0)
(-2.35198e-15 4.03196e-15 0)
(-1.00799e-15 3.36004e-16 0)
(2.35198e-15 3.69597e-15 0)
(6.72002e-16 3.35999e-16 0)
(2.18398e-15 1.00799e-15 0)
(1.67999e-15 1.34399e-15 0)
(2.18399e-15 2.01598e-15 0)
(1.34399e-15 1.34399e-15 0)
(-8.39992e-16 6.71999e-16 0)
(-6.72e-16 1.34399e-15 0)
(-1.68002e-16 1.1077e-21 0)
(-8.39983e-16 1.34398e-15 0)
(2.68797e-15 1.67998e-15 0)
(-3.52797e-15 -1.67998e-15 0)
(-1.34399e-15 3.69596e-15 0)
(-2.18398e-15 1.67999e-15 0)
(-1.34399e-15 5.37595e-15 0)
(8.3999e-16 3.02398e-15 0)
(4.13546e-22 -2.68798e-15 0)
(-3.52797e-15 -4.03196e-15 0)
(3.86397e-15 3.20779e-22 0)
(1.67998e-15 1.008e-15 0)
(1.008e-15 1.008e-15 0)
(1.67997e-16 7.05593e-15 0)
(4.58254e-21 1.00799e-15 0)
(3.86397e-15 -6.71991e-16 0)
(3.86396e-15 3.35994e-16 0)
(-5.0399e-16 -2.01597e-15 0)
(-2.35197e-15 -1.00799e-15 0)
(-3.52798e-15 -2.01598e-15 0)
(-2.35198e-15 -1.67998e-15 0)
(6.71991e-16 7.05592e-15 0)
(1.34399e-15 1.344e-15 0)
(1.34399e-15 -1.00799e-15 0)
(3.35997e-15 -6.71991e-16 0)
(1.17599e-15 1.67999e-15 0)
(1.51199e-15 5.26079e-21 0)
(2.01599e-15 1.67998e-15 0)
(5.03994e-16 -6.7199e-16 0)
(-2.68798e-15 3.35997e-15 0)
(-3.86396e-15 3.34673e-21 0)
(4.53595e-15 -1.34398e-15 0)
(-6.71986e-16 -2.01598e-15 0)
(-1.008e-15 -1.00799e-15 0)
(3.35995e-16 -3.3599e-16 0)
(-2.18398e-15 6.72004e-16 0)
(3.35998e-16 4.03197e-15 0)
(-3.35994e-16 5.71195e-15 0)
(2.70941e-22 -1.65091e-21 0)
(1.00799e-15 -3.7735e-21 0)
(4.36796e-15 -1.49368e-21 0)
(2.8752e-21 -3.71664e-21 0)
(-6.71988e-16 1.00799e-15 0)
(-6.71994e-16 -3.35992e-16 0)
(8.39991e-16 1.00799e-15 0)
(3.69597e-15 3.35997e-16 0)
(-1.67987e-16 -1.65013e-21 0)
(6.71991e-16 -3.02397e-15 0)
(-1.34399e-15 -3.36001e-16 0)
(-1.67999e-15 -3.35998e-16 0)
(-6.72002e-16 1.67998e-15 0)
(-1.84798e-15 3.3601e-16 0)
(1.34399e-15 -6.71994e-16 0)
(3.56196e-21 3.35999e-16 0)
(2.35199e-15 1.00637e-20 0)
(4.36796e-15 1.00799e-15 0)
(1.00799e-15 1.73171e-21 0)
(1.84799e-15 2.01442e-21 0)
(-1.67999e-16 6.71991e-16 0)
(-1.00799e-15 -6.71992e-16 0)
(-3.35997e-15 -1.67998e-15 0)
(3.35998e-16 -6.72e-16 0)
(1.00799e-15 -3.02397e-15 0)
(-1.67998e-15 -2.01598e-15 0)
(5.03995e-16 -4.64926e-21 0)
(-4.46505e-23 -6.71996e-16 0)
(1.84798e-15 -6.71981e-16 0)
(-6.6241e-22 1.34399e-15 0)
(9.03146e-23 3.35999e-16 0)
(3.35999e-16 1.34399e-15 0)
(3.02398e-15 -3.35997e-16 0)
(6.71995e-16 -1.67998e-15 0)
(1.51199e-15 -1.34399e-15 0)
(6.7199e-16 -2.01598e-15 0)
(1.67998e-15 2.68797e-15 0)
(9.8035e-21 -3.35996e-16 0)
(2.51997e-15 -3.36e-16 0)
(-1.00799e-15 6.71988e-16 0)
(-1.51199e-15 -6.72e-16 0)
(-1.17599e-15 -2.01598e-15 0)
(-2.01598e-15 2.35198e-15 0)
(-6.71996e-16 2.35198e-15 0)
(1.67998e-15 1.67998e-15 0)
(8.39998e-16 3.78862e-21 0)
(5.87995e-15 6.04793e-15 0)
(6.85815e-21 2.01599e-15 0)
(-5.03996e-16 6.71992e-16 0)
(2.18398e-15 -3.35995e-16 0)
(1.67998e-16 -3.35994e-16 0)
(-1.51199e-15 -6.71993e-16 0)
(-3.86397e-15 -1.00799e-15 0)
(-1.17599e-15 -1.00799e-15 0)
(8.39995e-16 -1.00799e-15 0)
(1.84797e-15 -3.36002e-16 0)
(5.04e-16 -2.35198e-15 0)
(2.01599e-15 1.67998e-15 0)
(6.71997e-16 4.03196e-15 0)
(4.96725e-22 3.35997e-15 0)
(1.53329e-21 2.35198e-15 0)
(9.4751e-22 4.70395e-15 0)
(-6.71996e-16 5.03996e-15 0)
(1.52752e-21 -2.01599e-15 0)
(1.67998e-15 -2.68798e-15 0)
(-1.67991e-16 -4.70396e-15 0)
(2.18399e-15 -4.03195e-15 0)
(2.35198e-15 -5.14792e-21 0)
(3.36001e-16 -3.02397e-15 0)
(3.35999e-16 -6.71992e-16 0)
(1.00799e-15 4.50357e-21 0)
(-1.34399e-15 4.03196e-15 0)
(1.00799e-15 2.01599e-15 0)
(5.03998e-16 2.35198e-15 0)
(-6.71997e-16 2.35198e-15 0)
(-6.71994e-16 2.35197e-15 0)
(4.53597e-15 3.36005e-16 0)
(1.34399e-15 1.00798e-15 0)
(6.71994e-16 -1.34399e-15 0)
(-1.6799e-16 1.00799e-15 0)
(-3.35998e-16 2.01598e-15 0)
(-5.16045e-21 -1.00799e-15 0)
(-3.35998e-15 2.68797e-15 0)
(-1.00799e-15 -1.00799e-15 0)
(-8.39994e-16 6.71993e-16 0)
(-3.69596e-15 -1.00799e-15 0)
(1.17599e-15 -5.37595e-15 0)
(7.22394e-15 3.36003e-16 0)
(1.17599e-15 2.01598e-15 0)
(1.68585e-21 -6.71992e-16 0)
(1.67998e-15 6.72001e-16 0)
(1.67998e-16 2.68798e-15 0)
(-3.69597e-15 3.35997e-16 0)
(-6.71996e-16 -5.03994e-15 0)
(-5.03997e-16 -3.36002e-16 0)
(6.71995e-16 -3.36e-16 0)
(4.19997e-15 -6.72001e-16 0)
(1.67999e-15 -2.01598e-15 0)
(8.39994e-16 -4.96098e-21 0)
(2.85598e-15 -3.36001e-16 0)
(-5.03993e-16 -2.01597e-15 0)
(-1.34399e-15 -3.35994e-16 0)
(1.00798e-15 -1.34399e-15 0)
(-5.03989e-16 6.71991e-16 0)
(-1.34399e-15 -3.35996e-15 0)
(3.35998e-16 -1.00798e-15 0)
(1.67999e-15 -4.93446e-21 0)
(3.36003e-16 -6.04794e-15 0)
(2.35198e-15 -2.01598e-15 0)
(2.68798e-15 1.34399e-15 0)
(-1.51199e-15 -6.71994e-16 0)
(-1.67999e-15 -6.71997e-16 0)
(-2.68798e-15 -1.00799e-15 0)
(-1.17599e-15 9.18178e-22 0)
(8.3999e-16 1.34398e-15 0)
(-2.01598e-15 -3.3599e-16 0)
(3.86397e-15 3.69596e-15 0)
(2.68798e-15 -3.35995e-16 0)
(2.35197e-15 -6.71994e-16 0)
(3.56581e-21 -3.35997e-16 0)
(6.71995e-16 8.06394e-15 0)
(-2.18398e-15 2.01598e-15 0)
(-4.19997e-15 1.54529e-21 0)
(-1.67999e-15 1.34397e-15 0)
(3.35996e-16 -6.71993e-16 0)
(1.51446e-21 -3.36002e-16 0)
(3.02398e-15 -1.00799e-15 0)
(2.68798e-15 1.00798e-15 0)
(1.67999e-15 -1.00799e-15 0)
(3.35997e-15 -1.34398e-15 0)
(1.67999e-15 3.69595e-15 0)
(-2.68798e-15 1.008e-15 0)
(-3.35996e-16 -3.35982e-16 0)
(-1.84799e-15 1.34398e-15 0)
(-1.68e-16 -3.35997e-15 0)
(1.84799e-15 -2.82052e-21 0)
(2.18398e-15 -2.01598e-15 0)
(1.00799e-15 1.00799e-15 0)
(8.39994e-16 3.35992e-16 0)
(1.344e-15 -3.35999e-16 0)
(-1.67999e-15 -2.01598e-15 0)
(-1.00799e-15 -1.00799e-15 0)
(-3.52797e-15 -6.71998e-16 0)
(2.35197e-15 -6.71998e-16 0)
(1.176e-15 -3.35995e-16 0)
(-2.68797e-15 4.03196e-15 0)
(1.00799e-15 3.02398e-15 0)
(2.01598e-15 1.67998e-15 0)
(8.39994e-16 -2.01598e-15 0)
(2.01598e-15 -4.03196e-15 0)
(1.00799e-15 1.00799e-15 0)
(-9.12647e-21 3.36004e-16 0)
(-6.38395e-15 -6.72004e-16 0)
(-2.01598e-15 -1.34398e-15 0)
(1.008e-15 -2.66812e-21 0)
(1.34399e-15 -1.00798e-15 0)
(3.36e-16 1.67998e-15 0)
(1.84798e-15 1.008e-15 0)
(1.34399e-15 1.34399e-15 0)
(3.52797e-15 1.67999e-15 0)
(1.84799e-15 4.56463e-21 0)
(-3.35998e-16 3.02397e-15 0)
(5.03991e-16 3.69595e-15 0)
(-3.35997e-15 -3.35996e-16 0)
(-1.51199e-15 3.69595e-15 0)
(2.85598e-15 -2.35197e-15 0)
(3.35998e-16 -3.02398e-15 0)
(-5.03989e-16 -1.34399e-15 0)
(-9.31905e-22 -2.68797e-15 0)
(4.03196e-15 -2.35198e-15 0)
(-1.84798e-15 -2.01599e-15 0)
(-7.53012e-21 3.35992e-16 0)
(-3.02398e-15 3.35991e-16 0)
(-6.71988e-16 -2.01597e-15 0)
(4.03196e-15 -3.5396e-21 0)
(6.71997e-16 -3.02397e-15 0)
(8.39992e-16 3.35997e-15 0)
(3.35996e-16 -6.71991e-16 0)
(-1.17599e-15 -1.09339e-20 0)
(-1.84798e-15 -3.02398e-15 0)
(-6.71992e-16 5.03995e-15 0)
(-4.03197e-15 -4.36796e-15 0)
(-6.71994e-15 -1.34399e-15 0)
(-6.87172e-21 3.35996e-15 0)
(2.01598e-15 6.01925e-22 0)
(1.67999e-15 6.71993e-16 0)
(2.68798e-15 3.35996e-16 0)
(-5.03988e-16 2.35198e-15 0)
(3.19197e-15 2.68798e-15 0)
(2.85598e-15 2.35198e-15 0)
(2.18398e-15 2.01598e-15 0)
(-3.35996e-15 -3.36e-16 0)
(-3.36002e-16 -4.03196e-15 0)
(-3.69597e-15 -6.71998e-16 0)
(-1.84798e-15 -1.34398e-15 0)
(1.34399e-15 1.00798e-15 0)
(2.01599e-15 -3.69597e-15 0)
(3.35991e-16 -2.35198e-15 0)
(3.36004e-16 1.00798e-15 0)
(3.69597e-15 -4.03196e-15 0)
(1.67995e-16 -3.69294e-21 0)
(-3.02397e-15 -2.12727e-21 0)
(-3.35997e-15 -4.36795e-15 0)
(2.35197e-15 2.35197e-15 0)
(-1.00798e-15 -2.35198e-15 0)
(1.34398e-15 -2.01599e-15 0)
(5.03998e-16 -5.37595e-15 0)
(-1.67997e-16 -1.67999e-15 0)
(-1.34399e-15 -5.71194e-15 0)
(3.35992e-16 -1.34399e-15 0)
(5.03991e-16 -8.39992e-15 0)
(-3.69597e-15 -1.008e-15 0)
(-1.176e-15 -2.01598e-15 0)
(-2.01598e-15 -2.35198e-15 0)
(2.51998e-15 -1.00799e-15 0)
(3.02398e-15 2.35197e-15 0)
(1.84799e-15 -1.67997e-15 0)
(2.19498e-21 1.46316e-22 0)
(1.008e-15 -3.35997e-16 0)
(2.68797e-15 -2.35198e-15 0)
(-1.84798e-15 -4.03197e-15 0)
(-6.71999e-16 -4.70396e-15 0)
(-3.35999e-16 1.34398e-15 0)
(-3.0625e-21 -1.67998e-15 0)
(-1.51198e-15 2.01598e-15 0)
(-1.00799e-15 6.71997e-16 0)
(8.39992e-16 -3.35995e-16 0)
(1.008e-15 -5.78261e-21 0)
(3.52796e-15 -2.35197e-15 0)
(1.68008e-16 -3.36e-16 0)
(3.02779e-21 -1.34399e-15 0)
(-6.71998e-16 4.70167e-21 0)
(-2.18399e-15 2.35198e-15 0)
(8.3999e-16 6.72e-16 0)
(-6.71994e-16 -1.00799e-15 0)
(-1.67998e-15 -1.67999e-15 0)
(2.51998e-15 -1.008e-15 0)
(-5.03999e-16 -1.34399e-15 0)
(-1.34399e-15 -1.14179e-20 0)
(2.58976e-21 -1.34399e-15 0)
(1.83248e-24 -5.37596e-15 0)
(-4.03196e-15 3.35993e-16 0)
(-1.84799e-15 1.00798e-15 0)
(-1.17599e-15 -4.70395e-15 0)
(-3.35994e-16 1.34398e-15 0)
(2.35198e-15 -2.68797e-15 0)
(4.53597e-15 3.35983e-16 0)
(2.85597e-15 -1.008e-15 0)
(-2.74074e-21 -2.01599e-15 0)
(-8.39986e-16 -5.03997e-15 0)
(1.17598e-15 -6.71994e-15 0)
(-1.68e-16 -3.02398e-15 0)
(-1.51198e-15 -2.01598e-15 0)
(-8.39993e-16 -5.03995e-15 0)
(-6.71998e-16 -2.01598e-15 0)
(-1.68e-16 -3.36004e-16 0)
(-6.7199e-16 -3.35999e-16 0)
(1.00799e-15 -3.35997e-15 0)
(2.18399e-15 -3.02398e-15 0)
(2.01599e-15 3.35993e-16 0)
(2.01598e-15 1.34399e-15 0)
(8.39992e-16 3.69597e-15 0)
(-3.02397e-15 1.00799e-14 0)
(-1.00799e-15 4.03197e-15 0)
(1.17598e-15 2.35198e-15 0)
(-4.19996e-15 6.71996e-16 0)
(1.00799e-15 6.71993e-16 0)
(1.68002e-16 -1.00799e-15 0)
(2.01598e-15 -2.01598e-15 0)
(6.71995e-16 6.71989e-16 0)
(8.39993e-16 -2.35199e-15 0)
(-3.36002e-16 -1.34399e-15 0)
(-2.51998e-15 -1.67999e-15 0)
(-1.34398e-15 -4.30375e-21 0)
(1.67998e-15 6.71995e-16 0)
(2.01599e-15 -6.70714e-22 0)
(3.35997e-15 -3.02397e-15 0)
(1.00799e-15 -3.35998e-15 0)
(-3.02397e-15 -5.71196e-15 0)
(1.34399e-15 -3.69597e-15 0)
(1.83134e-21 -3.69598e-15 0)
(3.36004e-16 -3.35998e-15 0)
(1.51198e-15 -3.35996e-15 0)
(-8.39992e-16 3.35988e-16 0)
(-1.68005e-16 -5.19582e-22 0)
(-6.71994e-16 -3.02397e-15 0)
(1.67996e-16 -1.00799e-15 0)
(-1.67998e-15 -6.71996e-16 0)
(4.03197e-15 -6.71996e-16 0)
(5.54396e-15 -6.71995e-16 0)
(1.84799e-15 1.2746e-21 0)
(2.85597e-15 2.70917e-21 0)
(-3.69597e-15 1.02466e-20 0)
(-4.03197e-15 6.71997e-16 0)
(-1.17599e-15 3.35996e-16 0)
(-1.67998e-16 5.9156e-22 0)
(3.35997e-16 -1.34399e-15 0)
(8.39992e-16 -1.34399e-15 0)
(-1.67998e-16 -1.34399e-15 0)
(-3.35996e-16 6.71995e-16 0)
(6.71996e-16 -2.01598e-15 0)
(1.00799e-15 -1.67999e-15 0)
(-2.01598e-15 1.00799e-15 0)
(-3.35999e-16 1.00799e-15 0)
(5.03995e-16 1.00799e-15 0)
(2.70277e-21 1.74839e-21 0)
(2.01598e-15 -2.35199e-15 0)
(-5.03998e-16 -6.71994e-15 0)
(-1.67998e-15 -6.04796e-15 0)
(1.00799e-15 -6.04796e-15 0)
(8.39995e-16 -6.38395e-15 0)
(2.35198e-15 -3.02398e-15 0)
(2.01599e-15 -3.36014e-16 0)
(1.67998e-15 3.35988e-16 0)
(-1.34398e-15 -3.36004e-16 0)
(-3.35997e-16 4.02887e-22 0)
(-1.34399e-15 3.3599e-16 0)
(-8.39989e-16 -1.00799e-15 0)
(3.35997e-15 -1.00799e-15 0)
(5.54396e-15 -2.01598e-15 0)
(1.84799e-15 1.00799e-15 0)
(1.51199e-15 6.71993e-16 0)
(-3.02398e-15 -1.00799e-15 0)
(-3.36006e-16 6.71994e-16 0)
(-2.51998e-15 -2.68797e-15 0)
(-2.18398e-15 1.34399e-15 0)
(1.67995e-16 -3.35999e-16 0)
(3.35997e-16 -3.35996e-16 0)
(-1.34399e-15 -1.15343e-20 0)
(3.35997e-16 -2.01599e-15 0)
(6.71993e-16 7.39194e-15 0)
(1.67999e-16 2.01599e-15 0)
(-1.67999e-15 3.02398e-15 0)
(1.67995e-16 2.35198e-15 0)
(-1.00799e-15 7.56844e-21 0)
(-1.3067e-21 1.34399e-15 0)
(-6.71997e-16 -7.17686e-21 0)
(-1.34399e-15 -6.72007e-16 0)
(-8.39998e-16 -6.71994e-15 0)
(-1.67999e-15 -5.03997e-15 0)
(2.51998e-15 -5.03996e-15 0)
(6.71995e-16 -1.67999e-15 0)
(2.68798e-15 -4.36797e-15 0)
(2.35198e-15 -5.03996e-15 0)
(-2.12177e-21 -4.36796e-15 0)
(-3.35999e-16 -9.33181e-21 0)
(-1.00798e-15 -3.69596e-15 0)
(2.85597e-15 -1.97527e-21 0)
(1.008e-15 1.67999e-15 0)
(5.03996e-15 -1.34398e-15 0)
(4.36796e-15 3.35994e-16 0)
(1.67998e-15 -2.01598e-15 0)
(-3.69597e-15 -2.68797e-15 0)
(-3.52797e-15 -3.35999e-16 0)
(-1.51199e-15 3.02398e-15 0)
(-3.36e-16 2.35198e-15 0)
(-1.84798e-15 2.01599e-15 0)
(-5.03997e-16 3.35991e-16 0)
(-9.5147e-21 -4.03196e-15 0)
(1.00799e-15 -1.67999e-15 0)
(-1.00799e-15 3.69598e-15 0)
(-6.08783e-21 4.03198e-15 0)
(-2.18399e-15 4.36797e-15 0)
(-1.17599e-15 4.36796e-15 0)
(-3.36001e-16 3.02397e-15 0)
(-2.68798e-15 -1.13383e-21 0)
(-3.2388e-21 -6.04794e-15 0)
(-3.69597e-15 -2.35198e-15 0)
(-3.36e-16 -1.344e-15 0)
(-5.03993e-16 -6.38394e-15 0)
(3.19197e-15 -1.344e-15 0)
(-6.71988e-16 -7.72794e-15 0)
(2.06894e-21 -7.05595e-15 0)
(5.03996e-15 -7.05595e-15 0)
(6.71997e-16 -2.01599e-15 0)
(-6.71992e-16 -3.69596e-15 0)
(8.39992e-16 -3.02398e-15 0)
(1.344e-15 -6.71992e-16 0)
(3.69597e-15 2.01598e-15 0)
(7.05594e-15 2.35198e-15 0)
(-5.03984e-16 6.71995e-16 0)
(-6.71993e-16 -3.35996e-16 0)
(-1.008e-15 -1.34399e-15 0)
(-5.03998e-16 -6.71995e-16 0)
(-1.17599e-15 1.00799e-15 0)
(1.51198e-15 2.68798e-15 0)
(-1.00799e-15 2.01598e-15 0)
(-3.86397e-15 2.85835e-21 0)
(-3.69597e-15 1.00798e-15 0)
(-2.60828e-21 -4.70395e-15 0)
(-3.36e-16 8.06393e-15 0)
(-4.19996e-15 4.03196e-15 0)
(-2.51998e-15 2.68798e-15 0)
(-1.34399e-15 2.68798e-15 0)
(-4.70396e-15 6.71998e-16 0)
(-8.39994e-16 -1.34399e-15 0)
(-1.17599e-15 6.71989e-16 0)
(-2.35198e-15 8.97346e-24 0)
(-1.00799e-15 -3.35996e-15 0)
(3.35994e-16 -3.36003e-16 0)
(1.00799e-15 -2.01598e-15 0)
(6.71993e-16 -1.008e-15 0)
(-1.17599e-15 -6.04794e-15 0)
(3.02397e-15 -3.69598e-15 0)
(1.84799e-15 -4.03197e-15 0)
(4.20167e-21 -1.344e-15 0)
(2.68798e-15 -1.34399e-15 0)
(5.37596e-15 -3.36001e-16 0)
(2.01599e-15 3.02397e-15 0)
(3.19199e-15 4.70395e-15 0)
(2.35198e-15 6.72003e-16 0)
(1.67999e-16 2.68797e-15 0)
(-6.08155e-21 1.34399e-15 0)
(-1.00799e-15 2.01598e-15 0)
(-1.51199e-15 1.34399e-15 0)
(-3.69596e-15 2.01598e-15 0)
(-3.36005e-16 -2.35197e-15 0)
(-1.67999e-15 2.78623e-21 0)
(-4.03197e-15 -2.35197e-15 0)
(-2.01598e-15 -1.67999e-15 0)
(3.35994e-16 2.01599e-15 0)
(-5.03996e-15 2.01598e-15 0)
(-2.68798e-15 -1.34399e-15 0)
(-2.35198e-15 3.02397e-15 0)
(-5.03996e-15 -3.76458e-22 0)
(-3.26177e-21 1.67999e-15 0)
(-1.00799e-15 6.71992e-16 0)
(-2.18398e-15 -3.35986e-16 0)
(-1.51199e-15 8.06391e-15 0)
(3.35996e-16 2.35198e-15 0)
(8.39993e-16 2.35198e-15 0)
(-1.67997e-16 -6.71993e-16 0)
(-2.68798e-15 -3.02397e-15 0)
(2.01598e-15 -3.69597e-15 0)
(3.52797e-15 -4.36795e-15 0)
(8.39992e-16 -6.71998e-16 0)
(5.94804e-21 -1.50249e-21 0)
(7.72793e-15 -2.35198e-15 0)
(1.17599e-15 -4.36796e-15 0)
(4.19997e-15 -1.34399e-15 0)
(1.67999e-15 -2.01599e-15 0)
(8.3999e-16 -2.01598e-15 0)
(-1.84798e-15 -3.36001e-16 0)
(-5.03996e-16 -2.35198e-15 0)
(-1.67999e-16 -1.99906e-21 0)
(-1.17599e-15 -1.00799e-15 0)
(-3.19197e-15 1.67998e-15 0)
(-2.18399e-15 1.00799e-15 0)
(-5.20797e-15 -1.34399e-15 0)
(-2.59893e-21 1.00799e-15 0)
(-1.97988e-21 6.71989e-16 0)
(-3.35998e-15 1.34399e-15 0)
(-4.36796e-15 -1.74987e-21 0)
(-5.04006e-16 -3.69596e-15 0)
(-5.37596e-15 -1.00799e-15 0)
(-3.35999e-16 1.19927e-21 0)
(-2.85598e-15 1.34399e-15 0)
(-8.39996e-16 5.03995e-15 0)
(-1.34399e-15 2.016e-15 0)
(-1.00799e-15 -1.34397e-15 0)
(6.71995e-16 4.36796e-15 0)
(1.51198e-15 4.36796e-15 0)
(-1.84798e-15 5.03996e-15 0)
(-8.9689e-23 2.01599e-15 0)
(3.69597e-15 4.03195e-15 0)
(6.71996e-16 6.71998e-16 0)
(2.43917e-21 -1.34399e-15 0)
(2.35199e-15 1.34398e-15 0)
(1.344e-15 -4.36796e-15 0)
(5.87995e-15 -4.03196e-15 0)
(3.86397e-15 -4.03197e-15 0)
(-3.35999e-16 -3.69597e-15 0)
(-3.52797e-15 -2.68798e-15 0)
(1.67998e-15 -7.39194e-15 0)
(2.51997e-15 -1.05429e-20 0)
(-1.17599e-15 -6.72003e-16 0)
(-2.51998e-15 -1.00799e-15 0)
(-1.84799e-15 6.71994e-16 0)
(-6.71995e-15 5.71194e-15 0)
(-3.32139e-21 3.35998e-15 0)
(5.03993e-16 -6.71995e-15 0)
(-4.36796e-15 -6.38395e-15 0)
(-2.18399e-15 3.35994e-16 0)
(-6.71995e-16 3.35997e-16 0)
(-3.69597e-15 1.34398e-15 0)
(-4.01321e-21 1.00799e-15 0)
(-4.39973e-21 3.02398e-15 0)
(-2.68798e-15 1.19281e-21 0)
(-5.82669e-22 4.70396e-15 0)
(8.3999e-16 1.10879e-14 0)
(5.03993e-16 1.344e-15 0)
(-1.67998e-15 3.02398e-15 0)
(-3.02397e-15 4.03196e-15 0)
(7.38803e-22 3.35997e-15 0)
(3.35997e-15 -3.35984e-16 0)
(1.27492e-21 2.15941e-21 0)
(1.34399e-15 -2.79281e-22 0)
(5.37595e-15 6.71999e-16 0)
(1.00799e-15 2.68797e-15 0)
(6.72014e-16 -1.00799e-15 0)
(4.19995e-15 -1.34399e-15 0)
(-1.00799e-15 -3.69597e-15 0)
(-2.18398e-15 -3.35997e-15 0)
(2.01598e-15 -1.47566e-20 0)
(1.68002e-16 -5.37595e-15 0)
(-3.35998e-16 -3.69597e-15 0)
(-2.01598e-15 3.35997e-16 0)
(-6.72002e-16 2.09304e-21 0)
(-2.18399e-15 3.36002e-16 0)
(-1.17599e-15 1.344e-15 0)
(1.51199e-15 -6.71995e-15 0)
(6.7199e-16 -4.36797e-15 0)
(-3.86396e-15 -2.01599e-15 0)
(1.00799e-15 2.01597e-15 0)
(-1.17599e-15 -3.35992e-16 0)
(-4.70396e-15 -6.71993e-16 0)
(-1.2094e-21 3.35991e-16 0)
(-6.71997e-16 -4.70394e-15 0)
(-6.71995e-16 -8.18024e-22 0)
(-1.34399e-15 -3.02397e-15 0)
(2.85598e-15 1.34399e-15 0)
(1.84798e-15 -6.71988e-16 0)
(3.36e-16 6.71995e-15 0)
(-1.008e-15 3.02398e-15 0)
(-2.01597e-15 6.38394e-15 0)
(6.71995e-16 1.67999e-15 0)
(2.01598e-15 2.01599e-15 0)
(8.11637e-21 1.00799e-15 0)
(3.02397e-15 -1.00799e-15 0)
(2.68797e-15 -2.57852e-21 0)
(-1.51197e-15 -1.34399e-15 0)
(-3.2666e-21 -3.35997e-15 0)
(-1.34399e-15 -8.73799e-21 0)
(1.17599e-15 -3.35996e-15 0)
(2.35198e-15 -1.68e-15 0)
(8.39989e-16 -1.67999e-15 0)
(1.84798e-15 6.7199e-16 0)
(-1.51198e-15 5.9936e-22 0)
(-3.52796e-15 1.34399e-15 0)
(-6.71997e-16 1.67999e-15 0)
(-1.67995e-16 -6.71994e-15 0)
(3.19197e-15 -6.38395e-15 0)
(-3.35997e-15 -6.71995e-15 0)
(5.09352e-22 -2.01598e-15 0)
(-1.34399e-15 -8.36837e-22 0)
(-5.13693e-21 -1.00799e-15 0)
(-3.42304e-22 4.83471e-21 0)
(-2.01598e-15 3.35995e-15 0)
(-8.39995e-16 -2.01598e-15 0)
(-1.67999e-15 -2.01599e-15 0)
(1.34399e-15 -4.36796e-15 0)
(8.39998e-16 -2.01598e-15 0)
(3.52797e-15 -9.55761e-22 0)
(-8.39992e-16 2.016e-15 0)
(3.35993e-16 6.72005e-16 0)
(-3.35996e-16 1.67998e-15 0)
(6.72001e-16 1.48853e-21 0)
(2.68797e-15 1.34399e-15 0)
(7.28811e-21 6.71988e-16 0)
(2.35198e-15 1.34399e-15 0)
(-2.80083e-21 1.34399e-15 0)
(1.67998e-15 1.00799e-15 0)
(-1.67999e-15 6.71997e-16 0)
(-6.71991e-16 2.35197e-15 0)
(-1.34399e-15 -3.02397e-15 0)
(1.51199e-15 -3.35997e-16 0)
(2.01599e-15 -1.67998e-15 0)
(-3.35999e-16 3.35998e-16 0)
(2.85597e-15 3.69598e-15 0)
(3.35996e-16 5.03995e-15 0)
(-1.51199e-15 -2.01599e-15 0)
(4.70395e-15 -4.77312e-21 0)
(-3.35987e-16 -1.00799e-15 0)
(2.68797e-15 -7.68288e-22 0)
(-3.52797e-15 -3.22319e-21 0)
(-1.51199e-15 6.28915e-22 0)
(-3.36e-16 5.75619e-27 0)
(-1.34399e-15 4.17381e-21 0)
(-1.84799e-15 -6.71996e-16 0)
(-6.71996e-16 -1.67999e-15 0)
(8.39996e-16 -1.344e-15 0)
(3.02397e-15 -1.23385e-20 0)
(-1.00798e-15 -2.06973e-21 0)
(3.35998e-15 1.00799e-15 0)
(6.7199e-16 1.67999e-15 0)
(-2.6991e-21 -3.35993e-16 0)
(-1.67993e-16 2.8586e-21 0)
(5.04003e-16 4.93315e-21 0)
(2.85597e-15 6.71999e-16 0)
(3.35997e-15 1.00799e-15 0)
(-2.01598e-15 3.35998e-16 0)
(-3.35997e-16 -6.71985e-16 0)
(-1.51199e-15 -6.71984e-16 0)
(-1.17599e-15 6.47493e-21 0)
(1.34398e-15 1.00799e-15 0)
(1.84799e-15 1.00799e-15 0)
(3.69597e-15 1.00799e-15 0)
(-1.00799e-15 2.68798e-15 0)
(2.18398e-15 4.70395e-15 0)
(-5.03996e-16 1.008e-15 0)
(-1.00799e-15 -1.34399e-15 0)
(1.67999e-15 -3.35997e-16 0)
(2.68798e-15 6.71993e-16 0)
(-5.03992e-16 -1.00799e-15 0)
(-8.39995e-16 -1.34398e-15 0)
(-2.93401e-21 2.01598e-15 0)
(-3.02397e-15 -4.51573e-22 0)
(-1.67999e-15 -5.37596e-15 0)
(-6.71996e-16 -1.008e-15 0)
(-8.39993e-16 -1.008e-15 0)
(3.35996e-16 -4.70396e-15 0)
(6.71997e-16 -1.04159e-14 0)
(5.03997e-16 -6.71995e-15 0)
(5.71195e-15 3.02396e-15 0)
(4.52904e-21 3.35989e-16 0)
(-1.00799e-15 1.34399e-15 0)
(3.02398e-15 5.37595e-15 0)
(3.02397e-15 4.36796e-15 0)
(-6.71993e-16 4.03196e-15 0)
(8.4e-16 -2.01598e-15 0)
(1.17599e-15 6.71998e-16 0)
(-1.00799e-15 5.71194e-15 0)
(-1.008e-15 3.02396e-15 0)
(1.17598e-15 3.02397e-15 0)
(-2.68796e-15 2.01598e-15 0)
(5.37595e-15 6.71996e-16 0)
(5.03999e-16 2.01597e-15 0)
(3.35995e-16 -1.67998e-15 0)
(8.39991e-16 -2.68798e-15 0)
(-1.67998e-15 -2.68798e-15 0)
(2.32443e-21 1.34398e-15 0)
(3.35996e-15 1.23818e-21 0)
(-1.34398e-15 -1.34399e-15 0)
(1.67998e-15 -1.34399e-15 0)
(6.71994e-16 -6.71997e-16 0)
(-1.00799e-15 3.35997e-15 0)
(-1.68e-15 -2.98033e-21 0)
(-3.35997e-15 -3.35996e-15 0)
(-6.71998e-16 -7.05594e-15 0)
(-2.68798e-15 -5.71195e-15 0)
(-3.35995e-16 -1.008e-15 0)
(2.68798e-15 6.71973e-16 0)
(4.34096e-21 -4.70396e-15 0)
(4.53596e-15 -7.39194e-15 0)
(5.03999e-16 -3.02397e-15 0)
(-6.71992e-16 -2.35198e-15 0)
(6.71995e-15 -1.67998e-15 0)
(2.35198e-15 -6.71987e-16 0)
(-6.7199e-16 1.68e-15 0)
(-3.35994e-16 -1.00799e-15 0)
(1.84798e-15 1.00799e-15 0)
(1.17599e-15 -1.34398e-15 0)
(-3.52797e-15 -1.67998e-15 0)
(-8.39989e-16 -1.34398e-15 0)
(-1.00799e-15 8.95964e-22 0)
(5.03995e-15 3.35995e-16 0)
(-3.35991e-16 1.00799e-15 0)
(-6.71996e-16 3.32505e-21 0)
(-3.19197e-15 -3.36e-16 0)
(-6.49494e-21 -4.03196e-15 0)
(-1.58047e-21 1.67998e-15 0)
(-2.01597e-15 1.95677e-22 0)
(2.35198e-15 -2.35198e-15 0)
(1.83254e-21 3.35995e-16 0)
(2.35198e-15 -1.00799e-15 0)
(-1.67999e-15 2.01598e-15 0)
(-3.02398e-15 -2.98783e-21 0)
(-5.37596e-15 -2.68798e-15 0)
(-1.00799e-15 -2.35199e-15 0)
(-2.51998e-15 -2.01598e-15 0)
(1.34398e-15 -2.35198e-15 0)
(8.39993e-16 -3.69597e-15 0)
(3.36003e-16 -3.35997e-15 0)
(4.70396e-15 -2.68798e-15 0)
(1.67999e-15 -4.36797e-15 0)
(1.67999e-15 -2.01598e-15 0)
(3.35998e-15 6.71991e-16 0)
(4.19997e-15 2.61705e-21 0)
(2.85598e-15 1.34399e-15 0)
(-1.51199e-15 2.35198e-15 0)
(-5.03994e-16 1.34399e-15 0)
(-1.34399e-15 3.35994e-16 0)
(-2.68798e-15 -4.36796e-15 0)
(-3.35996e-16 -2.35198e-15 0)
(1.84798e-15 -3.69596e-15 0)
(2.35198e-15 -3.36001e-16 0)
(2.81032e-21 -1.33527e-21 0)
(-1.00799e-15 -3.35999e-16 0)
(-1.84799e-15 -1.67999e-15 0)
(-1.00799e-15 -6.72002e-16 0)
(-1.87492e-27 -2.01597e-15 0)
(-5.83988e-22 -1.58047e-21 0)
(3.02397e-15 -1.48151e-21 0)
(1.25686e-21 6.7199e-16 0)
(2.85599e-15 6.71995e-16 0)
(-1.17599e-15 1.00799e-15 0)
(-5.54395e-15 -4.36796e-15 0)
(-4.70396e-15 -4.60902e-21 0)
(-2.18398e-15 -2.35198e-15 0)
(-8.39997e-16 -2.35199e-15 0)
(-2.01597e-15 -3.69597e-15 0)
(8.70925e-22 -3.35997e-15 0)
(2.35197e-15 -5.03995e-15 0)
(4.19996e-15 -3.02398e-15 0)
(2.68798e-15 -3.69597e-15 0)
(3.35998e-15 -3.30337e-21 0)
(5.87995e-15 2.70447e-21 0)
(2.85598e-15 2.35197e-15 0)
(3.35997e-15 2.01599e-15 0)
(-2.85598e-15 1.67999e-15 0)
(3.35991e-16 6.71994e-16 0)
(1.67993e-16 6.7199e-16 0)
(-6.55193e-15 -2.01598e-15 0)
(1.00799e-15 -1.34399e-15 0)
(-3.35992e-16 2.35196e-15 0)
(5.20794e-15 -5.03995e-15 0)
(6.71995e-16 -1.67998e-15 0)
(-1.00799e-15 -1.34399e-15 0)
(-5.54394e-15 -2.01598e-15 0)
(-1.00799e-15 -3.02397e-15 0)
)
;

boundaryField
{
    outerWall
    {
        type            noSlip;
    }
    axis
    {
        type            symmetryPlane;
    }
    nozzle
    {
        type            zeroGradient;
    }
    back
    {
        type            empty;
    }
    front
    {
        type            empty;
    }
}


// ************************************************************************* //
