/*--------------------------------*- C++ -*----------------------------------*\
| =========                 |                                                 |
| \\      /  F ield         | OpenFOAM: The Open Source CFD Toolbox           |
|  \\    /   O peration     | Version:  2412                                  |
|   \\  /    A nd           | Website:  www.openfoam.com                      |
|    \\/     M anipulation  |                                                 |
\*---------------------------------------------------------------------------*/
FoamFile
{
    version     2.0;
    format      ascii;
    arch        "LSB;label=32;scalar=64";
    class       volVectorField;
    location    "2.5e-05";
    object      U;
}
// * * * * * * * * * * * * * * * * * * * * * * * * * * * * * * * * * * * * * //

dimensions      [0 1 -1 0 0 0 0];

internalField   nonuniform List<vector> 
3725
(
(1.0186e-15 -1.28779e-21 0)
(-4.92321e-15 1.22073e-20 0)
(-3.56507e-15 3.39529e-16 0)
(5.09286e-16 -4.43471e-21 0)
(1.69767e-15 -1.66371e-14 0)
(8.48824e-16 -6.7907e-16 0)
(1.69768e-15 -1.35812e-15 0)
(-5.09257e-16 1.69763e-15 0)
(3.39536e-16 5.38279e-21 0)
(-3.3956e-16 1.0186e-15 0)
(-3.39554e-16 7.92131e-21 0)
(3.22555e-15 3.3953e-16 0)
(-2.5465e-15 -3.39528e-16 0)
(2.88601e-15 3.39547e-16 0)
(-5.09274e-16 -7.97369e-21 0)
(-1.18836e-15 6.79059e-16 0)
(3.39532e-15 2.03719e-15 0)
(2.37671e-15 -6.79067e-16 0)
(1.86744e-15 -6.79065e-16 0)
(-2.20695e-15 6.79072e-16 0)
(5.09298e-16 1.5958e-14 0)
(8.48841e-16 6.79093e-16 0)
(4.24417e-15 3.73487e-15 0)
(8.99767e-15 -2.71614e-15 0)
(2.4786e-14 3.70092e-14 0)
(5.50046e-14 9.43906e-14 0)
(9.94836e-14 2.19679e-13 0)
(1.48037e-13 4.32567e-13 0)
(1.55507e-13 7.09967e-13 0)
(6.79069e-14 9.65636e-13 0)
(1.3072e-14 -3.39527e-16 0)
(-2.37675e-15 4.75345e-15 0)
(-3.39532e-15 6.79089e-16 0)
(-5.54003e-21 5.43251e-15 0)
(8.48846e-16 5.77206e-15 0)
(-2.37672e-15 2.37676e-15 0)
(3.56508e-15 5.90521e-21 0)
(-1.52789e-15 -2.71621e-15 0)
(1.35811e-15 1.01859e-15 0)
(-2.20696e-15 2.03718e-15 0)
(-1.35812e-15 3.39526e-16 0)
(3.22557e-15 1.01861e-15 0)
(8.48832e-16 6.79066e-16 0)
(5.09314e-16 1.01859e-15 0)
(1.35812e-15 -1.35812e-15 0)
(-2.54648e-15 1.69769e-15 0)
(1.86742e-15 6.79083e-16 0)
(6.79079e-16 -3.05577e-15 0)
(2.03719e-15 -1.35814e-15 0)
(-5.09297e-15 -3.39527e-16 0)
(4.41392e-15 -5.77201e-15 0)
(4.24418e-15 6.11162e-15 0)
(1.73162e-14 1.9693e-14 0)
(3.27651e-14 6.85859e-14 0)
(8.6072e-14 1.85725e-13 0)
(1.89121e-13 4.92325e-13 0)
(3.51758e-13 1.1388e-12 0)
(5.20846e-13 2.2922e-12 0)
(5.41388e-13 3.8381e-12 0)
(2.43616e-13 5.13682e-12 0)
(6.69231e-22 -3.39535e-16 0)
(-5.94181e-15 1.69768e-15 0)
(1.35811e-15 -6.79066e-16 0)
(-1.69763e-16 -1.01857e-15 0)
(2.03718e-15 -1.69767e-15 0)
(-1.69766e-15 4.41388e-15 0)
(-3.39533e-16 1.01861e-15 0)
(-2.71625e-15 2.71622e-15 0)
(8.48824e-16 6.79074e-16 0)
(-2.88603e-15 -2.03716e-15 0)
(3.05578e-15 1.5966e-20 0)
(5.09316e-16 -4.98899e-21 0)
(6.79067e-16 2.37674e-15 0)
(4.07439e-15 -1.40798e-20 0)
(6.7909e-16 -1.35811e-15 0)
(-3.39539e-16 3.3953e-16 0)
(-3.39528e-16 6.79063e-15 0)
(-1.01859e-15 6.79068e-16 0)
(3.56509e-15 -3.39521e-16 0)
(1.52789e-15 -1.69766e-15 0)
(2.7163e-15 1.22232e-14 0)
(1.46e-14 2.20698e-14 0)
(5.04209e-14 7.84325e-14 0)
(1.35814e-13 2.49558e-13 0)
(3.42081e-13 7.35432e-13 0)
(7.72441e-13 1.94791e-12 0)
(1.45151e-12 4.58541e-12 0)
(2.16912e-12 9.33516e-12 0)
(2.2888e-12 1.58053e-11 0)
(1.04254e-12 2.13798e-11 0)
(-8.31856e-15 -1.0186e-15 0)
(-6.79095e-16 2.37672e-15 0)
(-3.39521e-16 2.37674e-15 0)
(8.48824e-16 1.35813e-15 0)
(-3.39533e-15 6.79069e-16 0)
(6.7905e-16 -3.39507e-16 0)
(-1.01858e-15 2.71625e-15 0)
(1.86743e-15 -1.01856e-15 0)
(1.69762e-16 4.07439e-15 0)
(-5.77205e-15 3.05579e-15 0)
(4.75344e-15 5.09299e-15 0)
(9.22017e-21 -1.69765e-15 0)
(2.55478e-20 -2.4674e-21 0)
(3.0558e-15 6.79099e-16 0)
(2.88604e-15 3.39534e-16 0)
(8.48821e-16 3.0558e-15 0)
(8.48843e-16 4.75347e-15 0)
(-5.09291e-16 -6.79051e-16 0)
(-1.01859e-15 3.39527e-16 0)
(6.6209e-15 3.39536e-15 0)
(1.57884e-14 2.13907e-14 0)
(5.95883e-14 8.72604e-14 0)
(1.88611e-13 3.03204e-13 0)
(5.26958e-13 9.56469e-13 0)
(1.35271e-12 2.79709e-12 0)
(3.07652e-12 7.46161e-12 0)
(5.89143e-12 1.78232e-11 0)
(8.93808e-12 3.68022e-11 0)
(9.57708e-12 6.31687e-11 0)
(4.42057e-12 8.63348e-11 0)
(-8.65808e-15 3.39535e-16 0)
(-2.0372e-15 -2.71623e-15 0)
(-1.86745e-15 3.39532e-15 0)
(-1.69771e-16 -1.35812e-15 0)
(-1.01859e-15 4.59362e-21 0)
(8.48818e-16 6.79073e-16 0)
(-5.09284e-16 -3.05578e-15 0)
(-5.09299e-16 1.35812e-15 0)
(-1.18838e-15 2.0372e-15 0)
(3.3952e-16 4.41393e-15 0)
(3.00163e-20 1.69768e-15 0)
(-6.79062e-16 2.71628e-15 0)
(5.09299e-15 1.35814e-15 0)
(3.39547e-16 2.03719e-15 0)
(4.24417e-15 3.73486e-15 0)
(-3.39532e-15 1.0186e-15 0)
(5.09299e-15 -2.37671e-15 0)
(-6.29203e-21 3.05579e-15 0)
(3.22559e-15 4.41395e-15 0)
(1.78256e-14 2.34279e-14 0)
(6.48511e-14 8.8958e-14 0)
(2.23074e-13 3.21879e-13 0)
(6.99441e-13 1.10077e-12 0)
(2.00461e-12 3.49517e-12 0)
(5.2251e-12 1.03344e-11 0)
(1.20424e-11 2.79573e-11 0)
(2.3453e-11 6.7747e-11 0)
(3.61762e-11 1.42106e-10 0)
(3.9441e-11 2.47476e-10 0)
(1.84231e-11 3.42278e-10 0)
(-1.03736e-20 3.73484e-15 0)
(6.79053e-16 3.39537e-16 0)
(-5.60229e-15 3.05581e-15 0)
(-3.39529e-16 1.69767e-15 0)
(3.05577e-15 1.35813e-15 0)
(-1.52788e-15 1.0186e-15 0)
(-8.48834e-16 3.39533e-15 0)
(1.0186e-15 4.07439e-15 0)
(1.18835e-15 3.01186e-20 0)
(-8.48819e-16 2.53155e-20 0)
(1.35812e-15 3.05583e-15 0)
(-1.69765e-15 1.69766e-15 0)
(2.71628e-15 -3.3951e-16 0)
(1.35812e-15 6.79059e-16 0)
(4.41394e-15 -1.35814e-15 0)
(-1.69767e-15 4.35695e-21 0)
(1.35815e-15 -1.01859e-15 0)
(1.35816e-15 4.07442e-15 0)
(1.69767e-14 1.90139e-14 0)
(6.6379e-14 7.8772e-14 0)
(2.42428e-13 3.07279e-13 0)
(8.14034e-13 1.1242e-12 0)
(2.56756e-12 3.85847e-12 0)
(7.45618e-12 1.24433e-11 0)
(1.97015e-11 3.72755e-11 0)
(4.6136e-11 1.02263e-10 0)
(9.15059e-11 2.51742e-10 0)
(1.43731e-10 5.37134e-10 0)
(1.597e-10 9.50282e-10 0)
(7.55254e-11 1.33178e-09 0)
(1.0186e-15 -5.4325e-15 0)
(1.69771e-16 6.79029e-16 0)
(-3.39532e-15 1.69766e-15 0)
(1.69762e-16 2.37673e-15 0)
(2.0372e-15 1.69767e-15 0)
(8.48831e-16 3.39537e-16 0)
(1.01859e-15 -1.01859e-15 0)
(-8.4881e-16 -3.39519e-16 0)
(1.29619e-20 1.35815e-15 0)
(1.6977e-16 5.09301e-15 0)
(3.39529e-16 5.4325e-15 0)
(1.35812e-15 6.79066e-15 0)
(8.48829e-16 2.71626e-15 0)
(-6.7906e-16 -1.69764e-15 0)
(2.71627e-15 -3.39519e-16 0)
(-2.37674e-15 -4.40095e-21 0)
(5.09321e-16 1.01859e-15 0)
(1.37511e-14 1.62976e-14 0)
(5.99279e-14 6.3493e-14 0)
(2.38353e-13 2.65856e-13 0)
(8.48667e-13 1.03762e-12 0)
(2.88995e-12 3.80754e-12 0)
(9.19001e-12 1.32177e-11 0)
(2.70657e-11 4.31375e-11 0)
(7.25898e-11 1.30998e-10 0)
(1.72893e-10 3.64886e-10 0)
(3.49608e-10 9.13388e-10 0)
(5.60079e-10 1.98502e-09 0)
(6.35432e-10 3.57325e-09 0)
(3.04548e-10 5.08262e-09 0)
(1.35813e-15 -1.29138e-20 0)
(1.0186e-15 -8.48829e-15 0)
(2.20695e-15 2.71625e-15 0)
(-2.45228e-21 1.01861e-15 0)
(-6.79063e-16 6.79077e-16 0)
(-3.39521e-16 1.69766e-15 0)
(1.86744e-15 3.39533e-15 0)
(3.0558e-15 1.69767e-15 0)
(-3.39535e-16 2.03719e-15 0)
(5.26275e-15 4.07439e-15 0)
(-5.09297e-16 -2.03715e-15 0)
(-5.26274e-15 -1.69764e-15 0)
(-1.18837e-15 6.79053e-16 0)
(1.69762e-16 -1.35813e-15 0)
(-2.88603e-15 -3.39556e-16 0)
(3.22558e-15 2.71625e-15 0)
(1.32418e-14 6.79074e-15 0)
(5.19488e-14 4.58372e-14 0)
(2.044e-13 2.12549e-13 0)
(7.95699e-13 8.62757e-13 0)
(2.89453e-12 3.36037e-12 0)
(9.95193e-12 1.24881e-11 0)
(3.20689e-11 4.39205e-11 0)
(9.57871e-11 1.45317e-10 0)
(2.61011e-10 4.47837e-10 0)
(6.32935e-10 1.26781e-09 0)
(1.30661e-09 3.23095e-09 0)
(2.13862e-09 7.16316e-09 0)
(2.4829e-09 1.31435e-08 0)
(1.20755e-09 1.90124e-08 0)
(8.48846e-16 1.01857e-15 0)
(6.9604e-15 2.71625e-15 0)
(-2.20695e-15 2.71628e-15 0)
(-1.69766e-15 6.79074e-16 0)
(3.39529e-16 1.0186e-15 0)
(-3.39541e-16 -6.79047e-16 0)
(1.5279e-15 -1.01858e-15 0)
(2.71629e-15 1.0186e-15 0)
(1.69772e-16 -3.39517e-16 0)
(1.86745e-15 -2.37671e-15 0)
(-1.69767e-15 2.03717e-15 0)
(-8.48857e-16 6.79056e-16 0)
(-2.54649e-15 -3.39529e-16 0)
(-1.86744e-15 3.39519e-16 0)
(4.41393e-15 -3.05578e-15 0)
(1.0186e-14 -1.6976e-15 0)
(3.37837e-14 3.22557e-14 0)
(1.65693e-13 1.48716e-13 0)
(6.73127e-13 6.50888e-13 0)
(2.60202e-12 2.67825e-12 0)
(9.57063e-12 1.05619e-11 0)
(3.33027e-11 3.9675e-11 0)
(1.08816e-10 1.41427e-10 0)
(3.30004e-10 4.74775e-10 0)
(9.14457e-10 1.48643e-09 0)
(2.26023e-09 4.28151e-09 0)
(4.77112e-09 1.11232e-08 0)
(7.99447e-09 2.52021e-08 0)
(9.52235e-09 4.72353e-08 0)
(4.70624e-09 6.96498e-08 0)
(1.35812e-15 -1.35811e-15 0)
(3.39562e-16 4.41392e-15 0)
(-1.0186e-15 -4.41392e-15 0)
(-8.48841e-16 2.03718e-15 0)
(2.37673e-15 1.35813e-15 0)
(-1.35812e-15 1.35812e-15 0)
(-5.09285e-16 -1.35812e-15 0)
(4.75345e-15 1.35813e-15 0)
(-1.69755e-16 -1.69768e-15 0)
(2.20695e-15 2.37672e-15 0)
(-3.0558e-15 -6.79073e-16 0)
(-1.35811e-15 -1.35813e-15 0)
(-1.1884e-15 3.05579e-15 0)
(-1.69764e-15 3.05578e-15 0)
(3.90466e-15 4.07441e-15 0)
(2.56349e-14 2.27488e-14 0)
(1.20874e-13 9.60883e-14 0)
(5.13716e-13 4.43432e-13 0)
(2.10087e-12 1.92312e-12 0)
(8.23066e-12 8.01132e-12 0)
(3.06401e-11 3.19505e-11 0)
(1.08101e-10 1.21678e-10 0)
(3.58394e-10 4.40063e-10 0)
(1.10454e-09 1.5005e-09 0)
(3.11607e-09 4.77822e-09 0)
(7.8605e-09 1.40225e-08 0)
(1.6997e-08 3.71952e-08 0)
(2.92227e-08 8.63013e-08 0)
(3.58187e-08 1.65648e-07 0)
(1.80184e-08 2.49717e-07 0)
(-8.48819e-16 -1.69768e-15 0)
(3.22555e-15 -1.01859e-15 0)
(2.71626e-15 -6.79117e-16 0)
(-2.71625e-15 -5.43251e-15 0)
(1.5279e-15 -4.75345e-15 0)
(1.5279e-15 -6.79076e-16 0)
(-1.18837e-15 6.79039e-16 0)
(-1.35812e-15 -3.39526e-16 0)
(-9.7154e-23 1.35813e-15 0)
(3.0558e-15 -3.0558e-15 0)
(-6.79065e-16 -3.3953e-16 0)
(6.79062e-16 3.39514e-16 0)
(-5.26276e-15 -4.07438e-15 0)
(5.26276e-15 -1.35811e-15 0)
(1.57884e-14 7.13025e-15 0)
(7.60557e-14 5.50046e-14 0)
(3.54135e-13 2.75023e-13 0)
(1.54047e-12 1.24541e-12 0)
(6.34573e-12 5.46107e-12 0)
(2.51222e-11 2.29953e-11 0)
(9.48227e-11 9.29486e-11 0)
(3.39387e-10 3.59087e-10 0)
(1.14293e-09 1.31894e-09 0)
(3.58362e-09 4.57347e-09 0)
(1.0306e-08 1.48335e-08 0)
(2.65729e-08 4.44208e-08 0)
(5.89802e-08 1.2052e-07 0)
(1.04334e-07 2.87029e-07 0)
(1.32084e-07 5.65905e-07 0)
(6.77579e-08 8.75256e-07 0)
(-5.09295e-16 -2.37673e-15 0)
(1.18836e-15 -3.0558e-15 0)
(2.71626e-15 -8.48831e-15 0)
(-2.03719e-15 1.01855e-15 0)
(3.05579e-15 -1.35816e-15 0)
(6.79078e-16 -2.03721e-15 0)
(-1.69766e-15 -6.79073e-16 0)
(-1.5279e-15 -6.79071e-16 0)
(1.35813e-15 -2.0372e-15 0)
(3.73488e-15 -3.05579e-15 0)
(-3.39543e-16 -2.0372e-15 0)
(-1.35813e-15 -6.46455e-21 0)
(6.79067e-16 1.35811e-15 0)
(6.45117e-15 4.07442e-15 0)
(4.77046e-14 3.39534e-14 0)
(2.23074e-13 1.51093e-13 0)
(1.01045e-12 7.28981e-13 0)
(4.40886e-12 3.34306e-12 0)
(1.84135e-11 1.47935e-11 0)
(7.38401e-11 6.31025e-11 0)
(2.82704e-10 2.58756e-10 0)
(1.0276e-09 1.01535e-09 0)
(3.51918e-09 3.79271e-09 0)
(1.12404e-08 1.33933e-08 0)
(3.30016e-08 4.43163e-08 0)
(8.71256e-08 1.35676e-07 0)
(1.98953e-07 3.77342e-07 0)
(3.63262e-07 9.25006e-07 0)
(4.76989e-07 1.88057e-06 0)
(2.50032e-07 2.99817e-06 0)
(-4.35359e-21 1.35812e-15 0)
(-6.79063e-16 -3.39552e-16 0)
(1.69784e-16 -5.77204e-15 0)
(1.69759e-16 -6.11159e-15 0)
(5.09293e-16 -4.41391e-15 0)
(1.86743e-15 -6.11159e-15 0)
(-1.69765e-15 -4.75347e-15 0)
(1.5279e-15 -3.0558e-15 0)
(2.39617e-20 -1.5939e-20 0)
(5.26274e-15 3.3952e-16 0)
(-1.69766e-15 -1.69768e-15 0)
(-5.09303e-16 -4.41392e-15 0)
(3.56511e-15 -2.03718e-15 0)
(2.10512e-14 1.59581e-14 0)
(1.314e-13 7.67348e-14 0)
(6.03353e-13 3.83674e-13 0)
(2.74446e-12 1.82432e-12 0)
(1.20827e-11 8.47512e-12 0)
(5.11699e-11 3.80146e-11 0)
(2.08097e-10 1.64614e-10 0)
(8.0901e-10 6.85738e-10 0)
(2.98985e-09 2.73682e-09 0)
(1.04264e-08 1.04121e-08 0)
(3.39763e-08 3.7509e-08 0)
(1.02018e-07 1.26862e-07 0)
(2.76343e-07 3.97947e-07 0)
(6.50978e-07 1.13747e-06 0)
(1.23176e-06 2.87905e-06 0)
(1.68696e-06 6.06264e-06 0)
(9.05956e-07 1.00162e-05 0)
(-8.48829e-16 2.10748e-21 0)
(-1.0186e-15 6.79059e-16 0)
(2.5465e-15 -3.24475e-20 0)
(-1.69767e-15 -2.03719e-15 0)
(-1.69766e-15 3.39528e-15 0)
(4.24415e-15 -2.71627e-15 0)
(-3.39534e-16 3.39518e-16 0)
(2.54649e-15 -3.05581e-15 0)
(2.71626e-15 1.01859e-15 0)
(-6.79045e-16 1.3581e-15 0)
(-2.37673e-15 -4.41393e-15 0)
(3.39532e-15 -2.03722e-15 0)
(8.65814e-15 5.77206e-15 0)
(6.38325e-14 3.05581e-14 0)
(3.24935e-13 1.73842e-13 0)
(1.53639e-12 8.88901e-13 0)
(7.0849e-12 4.30666e-12 0)
(3.15472e-11 2.02305e-11 0)
(1.35517e-10 9.21422e-11 0)
(5.59634e-10 4.05423e-10 0)
(2.21186e-09 1.71821e-09 0)
(8.32239e-09 6.98575e-09 0)
(2.95983e-08 2.71182e-08 0)
(9.85777e-08 9.98628e-08 0)
(3.0333e-07 3.46068e-07 0)
(8.45079e-07 1.11533e-06 0)
(2.05978e-06 3.28729e-06 0)
(4.05715e-06 8.6257e-06 0)
(5.82983e-06 1.89333e-05 0)
(3.21517e-06 3.26884e-05 0)
(-7.86385e-21 -2.0372e-15 0)
(-8.48823e-16 -4.32664e-22 0)
(4.07437e-15 -1.35812e-15 0)
(-3.22555e-15 2.03717e-15 0)
(-1.52791e-15 -5.77203e-15 0)
(-6.79038e-16 -3.39559e-16 0)
(4.41391e-15 -2.37675e-15 0)
(1.01623e-20 -4.07441e-15 0)
(3.39541e-16 -2.03721e-15 0)
(5.09293e-16 -5.43252e-15 0)
(-1.52789e-15 -5.093e-15 0)
(2.20698e-15 -6.79063e-16 0)
(2.80116e-14 9.84654e-15 0)
(1.56865e-13 6.99441e-14 0)
(7.70234e-13 3.78242e-13 0)
(3.70008e-12 1.92177e-12 0)
(1.7255e-11 9.43668e-12 0)
(7.79583e-11 4.50661e-11 0)
(3.40059e-10 2.08578e-10 0)
(1.42765e-09 9.33937e-10 0)
(5.74426e-09 4.03362e-09 0)
(2.20398e-08 1.67382e-08 0)
(8.00842e-08 6.64447e-08 0)
(2.73188e-07 2.50742e-07 0)
(8.63618e-07 8.92908e-07 0)
(2.48226e-06 2.96635e-06 0)
(6.28376e-06 9.05094e-06 0)
(1.29662e-05 2.47266e-05 0)
(1.9734e-05 5.69522e-05 0)
(1.12223e-05 0.000103543 0)
(-1.35813e-15 -3.39528e-16 0)
(-5.09294e-16 -1.35814e-15 0)
(-1.86742e-15 1.35811e-15 0)
(-2.44341e-20 -2.71625e-15 0)
(-2.20696e-15 -6.79102e-16 0)
(3.90461e-15 -6.45112e-15 0)
(-5.09272e-16 -4.75347e-15 0)
(1.01859e-15 -5.77207e-15 0)
(-8.4882e-16 -5.43253e-15 0)
(1.35813e-15 -4.07441e-15 0)
(2.0372e-15 -1.60421e-20 0)
(1.17139e-14 4.0744e-15 0)
(6.31534e-14 2.44465e-14 0)
(3.431e-13 1.41925e-13 0)
(1.71584e-12 7.50032e-13 0)
(8.33439e-12 3.82146e-12 0)
(3.9439e-11 1.90442e-11 0)
(1.80891e-10 9.23789e-11 0)
(8.02178e-10 4.35272e-10 0)
(3.42842e-09 1.98682e-09 0)
(1.40651e-08 8.76207e-09 0)
(5.51307e-08 3.71955e-08 0)
(2.05101e-07 1.514e-07 0)
(7.18425e-07 5.87315e-07 0)
(2.34003e-06 2.15738e-06 0)
(6.96361e-06 7.42055e-06 0)
(1.838e-05 2.35737e-05 0)
(3.99831e-05 6.75085e-05 0)
(6.4942e-05 0.000165116 0)
(3.81582e-05 0.00032204 0)
(3.3953e-16 4.75344e-15 0)
(1.86742e-15 -2.03718e-15 0)
(-1.86742e-15 1.01862e-15 0)
(-2.71628e-15 -1.35815e-15 0)
(-2.71627e-15 -2.71628e-15 0)
(8.48836e-16 -3.39534e-15 0)
(-6.79067e-16 -2.7163e-15 0)
(2.03719e-15 -4.07441e-15 0)
(1.69771e-16 -2.03722e-15 0)
(3.22557e-15 -3.39535e-15 0)
(3.22559e-15 -1.69764e-15 0)
(2.12209e-14 4.7535e-15 0)
(1.33437e-13 4.71953e-14 0)
(6.96385e-13 2.47181e-13 0)
(3.5315e-12 1.3157e-12 0)
(1.74202e-11 6.83551e-12 0)
(8.36771e-11 3.46502e-11 0)
(3.90131e-10 1.71128e-10 0)
(1.76089e-09 8.22071e-10 0)
(7.67274e-09 3.83214e-09 0)
(3.21508e-08 1.72959e-08 0)
(1.29018e-07 7.53112e-08 0)
(4.92674e-07 3.15359e-07 0)
(1.77767e-06 1.26235e-06 0)
(5.98854e-06 4.80563e-06 0)
(1.85445e-05 1.72045e-05 0)
(5.13497e-05 5.7282e-05 0)
(0.000119123 0.000173131 0)
(0.000210633 0.000453265 0)
(0.000128915 0.000955006 0)
(5.09293e-16 -3.73486e-15 0)
(-8.48825e-16 -2.37675e-15 0)
(-5.09307e-16 4.75342e-15 0)
(-5.26278e-15 -4.75344e-15 0)
(-5.43253e-15 -4.07439e-15 0)
(1.35813e-15 -6.79094e-16 0)
(-8.48841e-16 -1.0186e-15 0)
(1.01861e-15 3.39503e-16 0)
(-6.79063e-16 -2.37674e-15 0)
(2.88604e-15 -1.01859e-15 0)
(1.15442e-14 3.73484e-15 0)
(4.27814e-14 1.18837e-14 0)
(2.43956e-13 6.58697e-14 0)
(1.29804e-12 3.74167e-13 0)
(6.65284e-12 2.03924e-12 0)
(3.3336e-11 1.07643e-11 0)
(1.6266e-10 5.5466e-11 0)
(7.71457e-10 2.78938e-10 0)
(3.54795e-09 1.36724e-09 0)
(1.57838e-08 6.51751e-09 0)
(6.76743e-08 3.01651e-08 0)
(2.78678e-07 1.35098e-07 0)
(1.09538e-06 5.84256e-07 0)
(4.08613e-06 2.42535e-06 0)
(1.42967e-05 9.63564e-06 0)
(4.63209e-05 3.62092e-05 0)
(0.000135325 0.000127907 0)
(0.00033697 0.000414572 0)
(0.000651348 0.0011981 0)
(0.000414463 0.00288558 0)
(-3.3953e-16 -2.0372e-15 0)
(-3.3954e-16 -1.01861e-15 0)
(-2.0372e-15 -3.73483e-15 0)
(-5.94184e-15 6.79047e-16 0)
(-1.86744e-15 -2.03721e-15 0)
(-1.19505e-20 -2.03721e-15 0)
(2.88604e-15 -4.41391e-15 0)
(4.75345e-15 -3.39531e-15 0)
(-4.07437e-15 1.69768e-15 0)
(4.07439e-15 3.3951e-16 0)
(1.44302e-14 -6.79043e-16 0)
(7.52069e-14 1.39209e-14 0)
(4.05065e-13 8.75999e-14 0)
(2.17676e-12 4.99455e-13 0)
(1.13141e-11 2.70032e-12 0)
(5.74881e-11 1.44431e-11 0)
(2.84812e-10 7.56113e-11 0)
(1.37396e-09 3.86838e-10 0)
(6.43981e-09 1.93312e-09 0)
(2.92712e-08 9.41758e-09 0)
(1.28586e-07 4.46914e-08 0)
(5.44586e-07 2.05948e-07 0)
(2.21036e-06 9.21225e-07 0)
(8.56621e-06 3.97608e-06 0)
(3.13264e-05 1.65715e-05 0)
(0.000107248 6.58241e-05 0)
(0.000335122 0.000249758 0)
(0.000921765 0.000876092 0)
(0.00206389 0.00280184 0)
(0.00139453 0.00748238 0)
(6.79025e-16 -4.07441e-15 0)
(1.0186e-15 -1.69766e-15 0)
(-3.22557e-15 -3.05581e-15 0)
(-4.75348e-15 -1.35815e-15 0)
(-8.48838e-16 3.39517e-16 0)
(1.0186e-15 -2.03719e-15 0)
(5.09323e-16 -4.41394e-15 0)
(-8.48839e-16 -2.37675e-15 0)
(3.73487e-15 -3.05584e-15 0)
(-6.79053e-16 -4.41389e-15 0)
(2.34279e-14 4.4139e-15 0)
(1.09839e-13 1.35814e-14 0)
(6.0556e-13 8.92976e-14 0)
(3.25851e-12 5.2526e-13 0)
(1.71131e-11 2.9037e-12 0)
(8.80157e-11 1.57004e-11 0)
(4.41959e-10 8.32641e-11 0)
(2.16459e-09 4.32241e-10 0)
(1.0321e-08 2.19618e-09 0)
(4.78524e-08 1.09051e-08 0)
(2.15072e-07 5.29329e-08 0)
(9.36078e-07 2.50495e-07 0)
(3.92298e-06 1.15834e-06 0)
(1.58238e-05 5.20426e-06 0)
(6.06827e-05 2.29087e-05 0)
(0.000221211 9.73389e-05 0)
(0.000743026 0.000410643 0)
(0.00225103 0.00164103 0)
(0.00560607 0.00686801 0)
(0.00392487 0.025292 0)
(-1.31568e-14 -4.24431e-16 0)
(6.36608e-16 -8.48855e-16 0)
(-4.24417e-15 -2.12207e-15 0)
(-4.03198e-15 1.27324e-15 0)
(8.48861e-16 -1.27323e-15 0)
(2.12208e-16 -1.69767e-15 0)
(1.06103e-15 -1.27327e-15 0)
(1.48545e-15 -3.81975e-15 0)
(6.15401e-15 -5.94181e-15 0)
(-2.97085e-15 1.27321e-15 0)
(2.58895e-14 1.27329e-15 0)
(1.42392e-13 1.40057e-14 0)
(7.71592e-13 7.72441e-14 0)
(4.17925e-12 4.35029e-13 0)
(2.21419e-11 2.42725e-12 0)
(1.14782e-10 1.3213e-11 0)
(5.81691e-10 7.05892e-11 0)
(2.87925e-09 3.69524e-10 0)
(1.38971e-08 1.89501e-09 0)
(6.53766e-08 9.5065e-09 0)
(2.98958e-07 4.66735e-08 0)
(1.32988e-06 2.23682e-07 0)
(5.72541e-06 1.04901e-06 0)
(2.39734e-05 4.78707e-06 0)
(9.64529e-05 2.14299e-05 0)
(0.000380365 9.27751e-05 0)
(0.0014179 0.000398049 0)
(0.00541341 0.00162539 0)
(0.0183824 0.00679957 0)
(0.0770113 0.0256659 0)
(1.2732e-15 -1.69765e-15 0)
(1.06104e-15 -2.97092e-15 0)
(-4.03196e-15 1.27318e-15 0)
(-3.60756e-15 -2.12207e-15 0)
(1.90988e-15 1.69762e-15 0)
(1.69766e-15 -2.97091e-15 0)
(-1.69767e-15 -2.54649e-15 0)
(-3.1831e-15 2.12205e-15 0)
(2.75874e-15 -4.66856e-15 0)
(6.57843e-15 -2.12208e-15 0)
(3.03459e-14 1.69766e-15 0)
(1.56186e-13 4.66863e-15 0)
(8.77697e-13 4.28663e-14 0)
(4.76834e-12 2.48285e-13 0)
(2.53418e-11 1.3696e-12 0)
(1.31887e-10 7.50923e-12 0)
(6.71272e-10 4.02425e-11 0)
(3.33866e-09 2.11128e-10 0)
(1.62005e-08 1.08456e-09 0)
(7.66667e-08 5.44671e-09 0)
(3.52898e-07 2.67353e-08 0)
(1.58124e-06 1.279e-07 0)
(6.86129e-06 5.96444e-07 0)
(2.89579e-05 2.69664e-06 0)
(0.00011745 1.18219e-05 0)
(0.000464866 4.97457e-05 0)
(0.00173758 0.000199351 0)
(0.00644333 0.000752357 0)
(0.0214495 0.0024287 0)
(0.0757898 0.00734408 0)
(2.33428e-15 2.54647e-15 0)
(3.60753e-15 -1.69766e-15 0)
(-2.97092e-15 -2.12201e-15 0)
(-5.72964e-15 -4.24401e-16 0)
(-2.97089e-15 -5.09297e-15 0)
(1.48544e-15 3.3953e-15 0)
(-1.48544e-15 2.12202e-15 0)
(1.90986e-15 -2.97092e-15 0)
(4.03195e-15 -1.12135e-20 0)
(5.51747e-15 2.12207e-15 0)
(3.22558e-14 -1.69764e-15 0)
(1.61491e-13 1.27328e-15 0)
(9.14621e-13 2.54654e-15 0)
(4.98394e-12 -4.24415e-15 0)
(2.64981e-11 1.69765e-15 0)
(1.38108e-10 -4.66868e-15 0)
(7.03856e-10 -5.22034e-14 0)
(3.50583e-09 -2.52953e-13 0)
(1.70385e-08 -1.1455e-12 0)
(8.0767e-08 -4.9207e-12 0)
(3.7243e-07 -2.01688e-11 0)
(1.67171e-06 -7.69907e-11 0)
(7.26666e-06 -2.66248e-10 0)
(3.07087e-05 -7.69675e-10 0)
(0.000124682 -1.46484e-09 0)
(0.000492882 2.2925e-09 0)
(0.00183947 3.91679e-08 0)
(0.00675101 2.63111e-07 0)
(0.0223372 9.59712e-07 0)
(0.0754754 4.24748e-06 0)
(6.36615e-16 6.26124e-20 0)
(-2.12203e-16 -2.4527e-21 0)
(-5.3052e-15 2.97087e-15 0)
(-3.60756e-15 1.69764e-15 0)
(-1.69768e-15 1.69768e-15 0)
(-8.48832e-16 -1.27324e-15 0)
(1.06103e-15 -1.2732e-15 0)
(1.27325e-15 4.24406e-16 0)
(1.9099e-15 -2.12211e-15 0)
(7.4273e-15 -1.25213e-20 0)
(2.99215e-14 -2.12209e-15 0)
(1.56398e-13 -5.09307e-15 0)
(8.77272e-13 -3.94709e-14 0)
(4.76622e-12 -2.47011e-13 0)
(2.53329e-11 -1.38148e-12 0)
(1.31854e-10 -7.54276e-12 0)
(6.71131e-10 -4.03456e-11 0)
(3.338e-09 -2.11612e-10 0)
(1.61977e-08 -1.08676e-09 0)
(7.66552e-08 -5.45653e-09 0)
(3.52855e-07 -2.67771e-08 0)
(1.58109e-06 -1.28068e-07 0)
(6.86087e-06 -5.97072e-07 0)
(2.89572e-05 -2.69872e-06 0)
(0.000117452 -1.18274e-05 0)
(0.000464891 -4.97512e-05 0)
(0.00173774 -0.000199295 0)
(0.00644388 -0.000751771 0)
(0.0214519 -0.00242551 0)
(0.0757858 -0.00732858 0)
(-1.69766e-15 1.69763e-15 0)
(-1.69768e-15 -8.48841e-16 0)
(-1.06107e-15 -8.48831e-16 0)
(-5.94183e-15 1.27324e-15 0)
(-2.12206e-15 -8.92455e-21 0)
(-4.24457e-16 2.28087e-20 0)
(8.48841e-16 3.3953e-15 0)
(-1.48544e-15 -2.12204e-15 0)
(5.09301e-15 2.12209e-15 0)
(5.51745e-15 -8.48818e-16 0)
(2.88604e-14 -4.24427e-16 0)
(1.43029e-13 -1.48546e-14 0)
(7.69895e-13 -7.63953e-14 0)
(4.17458e-12 -4.34604e-13 0)
(2.213e-11 -2.4281e-12 0)
(1.14724e-10 -1.32249e-11 0)
(5.81411e-10 -7.06699e-11 0)
(2.87798e-09 -3.69933e-10 0)
(1.38915e-08 -1.89707e-09 0)
(6.53528e-08 -9.51663e-09 0)
(2.98863e-07 -4.67226e-08 0)
(1.32953e-06 -2.23916e-07 0)
(5.72426e-06 -1.0501e-06 0)
(2.39705e-05 -4.79201e-06 0)
(9.64509e-05 -2.14514e-05 0)
(0.000380402 -9.2862e-05 0)
(0.00141826 -0.00039835 0)
(0.00541528 -0.00162617 0)
(0.0183913 -0.00679655 0)
(0.0770034 -0.0256297 0)
(0.178331 0.000999464 0)
(0.322393 0.000307282 0)
(0.563326 7.89673e-05 0)
(0.939463 1.20415e-05 0)
(1.48615 -1.0378e-05 0)
(2.221 -1.89351e-05 0)
(3.1241 -2.21436e-05 0)
(4.12298 -2.17457e-05 0)
(5.09748 -1.8329e-05 0)
(5.91305 -1.3082e-05 0)
(6.471 -7.19719e-06 0)
(6.74963 -1.29082e-06 0)
(6.81059 1.88083e-06 0)
(6.76206 2.49819e-06 0)
(6.6999 1.83775e-06 0)
(6.66993 1.13639e-06 0)
(6.67128 9.89858e-07 0)
(6.68369 1.28391e-06 0)
(6.6929 1.71357e-06 0)
(6.69359 2.08217e-06 0)
(6.69716 2.25658e-06 0)
(6.66333 2.41653e-06 0)
(6.81209 2.23591e-06 0)
(6.44987 2.28439e-06 0)
(6.71991 1.57758e-06 0)
(0.174128 0.00136201 0)
(0.321473 0.000427509 0)
(0.563031 0.00010962 0)
(0.939375 1.25767e-05 0)
(1.48612 -2.0427e-05 0)
(2.221 -3.2571e-05 0)
(3.1241 -3.55317e-05 0)
(4.12299 -3.18512e-05 0)
(5.0975 -2.28068e-05 0)
(5.91307 -1.05848e-05 0)
(6.47103 1.21804e-06 0)
(6.74966 9.36282e-06 0)
(6.81062 1.18034e-05 0)
(6.76209 9.73044e-06 0)
(6.69994 5.90947e-06 0)
(6.66997 2.56888e-06 0)
(6.67132 8.00473e-07 0)
(6.68374 6.02496e-07 0)
(6.69296 1.00623e-06 0)
(6.69365 1.35772e-06 0)
(6.69722 1.46547e-06 0)
(6.66339 1.5448e-06 0)
(6.81216 1.36741e-06 0)
(6.44994 1.55109e-06 0)
(6.71999 1.1628e-06 0)
(0.172911 -3.70431e-06 0)
(0.32114 -8.30433e-06 0)
(0.562912 -1.27033e-05 0)
(0.939334 -1.70014e-05 0)
(1.48611 -1.99251e-05 0)
(2.22099 -2.08403e-05 0)
(3.12411 -1.81032e-05 0)
(4.123 -1.13042e-05 0)
(5.09751 -1.65231e-06 0)
(5.91308 8.6398e-06 0)
(6.47104 1.62883e-05 0)
(6.74967 1.82189e-05 0)
(6.81062 1.53057e-05 0)
(6.76208 9.74083e-06 0)
(6.69993 4.09819e-06 0)
(6.66997 2.54124e-08 0)
(6.67132 -1.746e-06 0)
(6.68374 -1.82394e-06 0)
(6.69296 -1.29929e-06 0)
(6.69365 -8.9213e-07 0)
(6.69722 -6.88476e-07 0)
(6.66339 -5.58826e-07 0)
(6.81216 -4.29371e-07 0)
(6.44994 -2.5802e-07 0)
(6.71999 -1.46799e-07 0)
(0.174118 -0.001367 0)
(0.321464 -0.00044124 0)
(0.563023 -0.000131239 0)
(0.939368 -4.18091e-05 0)
(1.48612 -1.50208e-05 0)
(2.221 -4.74989e-06 0)
(3.12411 2.21805e-06 0)
(4.12301 9.05412e-06 0)
(5.09752 1.56125e-05 0)
(5.91309 2.00979e-05 0)
(6.47104 2.11681e-05 0)
(6.74966 1.8395e-05 0)
(6.81061 1.21638e-05 0)
(6.76208 4.70302e-06 0)
(6.69993 -1.30095e-06 0)
(6.66997 -4.1055e-06 0)
(6.67132 -4.48257e-06 0)
(6.68374 -3.97754e-06 0)
(6.69296 -3.3615e-06 0)
(6.69365 -2.91702e-06 0)
(6.69722 -2.59307e-06 0)
(6.66339 -2.34629e-06 0)
(6.81216 -1.92264e-06 0)
(6.44994 -1.86083e-06 0)
(6.71999 -1.47716e-06 0)
(0.178307 -0.00100074 0)
(0.322376 -0.000312708 0)
(0.56331 -8.78827e-05 0)
(0.939449 -2.42725e-05 0)
(1.48614 -5.14478e-06 0)
(2.22101 2.45449e-06 0)
(3.12411 6.93319e-06 0)
(4.12301 1.02529e-05 0)
(5.09751 1.2787e-05 0)
(5.91308 1.39553e-05 0)
(6.47102 1.3295e-05 0)
(6.74963 1.08298e-05 0)
(6.81058 6.78065e-06 0)
(6.76204 2.19444e-06 0)
(6.69989 -1.32743e-06 0)
(6.66993 -2.69843e-06 0)
(6.67127 -2.92596e-06 0)
(6.68369 -2.83502e-06 0)
(6.69291 -2.76955e-06 0)
(6.69359 -2.74935e-06 0)
(6.69716 -2.6957e-06 0)
(6.66333 -2.6592e-06 0)
(6.81209 -2.36177e-06 0)
(6.44987 -2.3361e-06 0)
(6.71991 -1.74515e-06 0)
(-6.71997e-16 -6.71987e-16 0)
(-2.68797e-15 -2.35196e-15 0)
(-6.72013e-16 -4.03193e-15 0)
(-5.71195e-15 -2.35195e-15 0)
(3.19196e-15 2.68796e-15 0)
(-2.51996e-15 3.02397e-15 0)
(-6.72012e-16 -3.35979e-16 0)
(-5.03974e-16 3.36003e-16 0)
(8.2319e-15 3.69595e-15 0)
(3.86399e-15 1.67999e-15 0)
(2.03279e-14 6.71965e-16 0)
(1.06847e-13 -1.34399e-14 0)
(6.0614e-13 -9.07194e-14 0)
(3.24187e-12 -5.27516e-13 0)
(1.70732e-11 -2.90235e-12 0)
(8.77772e-11 -1.56995e-11 0)
(4.40745e-10 -8.32334e-11 0)
(2.1585e-09 -4.32038e-10 0)
(1.02911e-08 -2.19498e-09 0)
(4.77082e-08 -1.08981e-08 0)
(2.14393e-07 -5.28931e-08 0)
(9.32947e-07 -2.50275e-07 0)
(3.90893e-06 -1.15714e-06 0)
(1.57619e-05 -5.19798e-06 0)
(6.04202e-05 -2.28756e-05 0)
(0.000220114 -9.71718e-05 0)
(0.000738742 -0.000409758 0)
(0.00223518 -0.00163674 0)
(0.00555803 -0.0068444 0)
(0.00388929 -0.0251901 0)
(-6.71989e-16 3.02399e-15 0)
(1.00795e-15 4.70395e-15 0)
(-2.68797e-15 2.68796e-15 0)
(-4.70396e-15 4.03194e-15 0)
(-5.04008e-16 2.81783e-20 0)
(-2.01598e-15 3.02394e-15 0)
(3.36017e-16 1.34402e-15 0)
(1.17597e-15 5.37591e-15 0)
(3.19199e-15 1.344e-15 0)
(5.87994e-15 -6.72011e-16 0)
(1.39439e-14 -5.37594e-15 0)
(7.24075e-14 -1.67999e-14 0)
(4.06053e-13 -9.27353e-14 0)
(2.1524e-12 -4.94589e-13 0)
(1.12153e-11 -2.69537e-12 0)
(5.69761e-11 -1.43861e-11 0)
(2.82228e-10 -7.52753e-11 0)
(1.36116e-09 -3.8502e-10 0)
(6.37799e-09 -1.92342e-09 0)
(2.89807e-08 -9.36709e-09 0)
(1.27263e-07 -4.44337e-08 0)
(5.3874e-07 -2.04664e-07 0)
(2.18551e-06 -9.14965e-07 0)
(8.46475e-06 -3.94645e-06 0)
(3.0934e-05 -1.64343e-05 0)
(0.000105824 -6.52169e-05 0)
(0.000330435 -0.000247135 0)
(0.000908289 -0.000865621 0)
(0.00203274 -0.00276273 0)
(0.00137328 -0.00736213 0)
(6.71963e-16 3.69594e-15 0)
(-9.57588e-15 6.72005e-16 0)
(-2.18399e-15 3.35995e-15 0)
(-4.19996e-15 2.68798e-15 0)
(-2.85596e-15 3.35997e-15 0)
(-2.01599e-15 1.68002e-15 0)
(1.34397e-15 5.03992e-15 0)
(4.03196e-15 1.68001e-15 0)
(2.016e-15 -3.35985e-16 0)
(2.68797e-15 -2.35196e-15 0)
(1.09199e-14 -5.71193e-15 0)
(4.35117e-14 -9.74397e-15 0)
(2.3923e-13 -6.38396e-14 0)
(1.27158e-12 -3.74973e-13 0)
(6.54389e-12 -2.01531e-12 0)
(3.27707e-11 -1.064e-11 0)
(1.59844e-10 -5.48221e-11 0)
(7.57807e-10 -2.75563e-10 0)
(3.48359e-09 -1.35003e-09 0)
(1.54899e-08 -6.4319e-09 0)
(6.63782e-08 -2.97504e-08 0)
(2.73175e-07 -1.33148e-07 0)
(1.07305e-06 -5.75363e-07 0)
(3.99984e-06 -2.38631e-06 0)
(1.39836e-05 -9.47081e-06 0)
(4.52666e-05 -3.55497e-05 0)
(0.000132121 -0.000125422 0)
(0.000328622 -0.000406033 0)
(0.000634354 -0.00117203 0)
(0.000403422 -0.00281989 0)
(-9.07187e-15 -4.70392e-15 0)
(-5.04027e-16 2.35197e-15 0)
(-1.68008e-16 6.7201e-16 0)
(-2.18398e-15 1.34399e-15 0)
(-3.86396e-15 2.35197e-15 0)
(-1.68018e-16 6.38391e-15 0)
(-2.01597e-15 2.688e-15 0)
(1.344e-15 6.72003e-16 0)
(3.02395e-15 6.38392e-15 0)
(-5.03969e-16 3.35996e-15 0)
(7.72793e-15 -4.36795e-15 0)
(2.51998e-14 -1.00799e-14 0)
(1.27679e-13 -5.00636e-14 0)
(6.75019e-13 -2.51998e-13 0)
(3.4339e-12 -1.29695e-12 0)
(1.69625e-11 -6.69744e-12 0)
(8.14435e-11 -3.39324e-11 0)
(3.79526e-10 -1.67479e-10 0)
(1.71214e-09 -8.04018e-10 0)
(7.4562e-09 -3.74541e-09 0)
(3.12249e-08 -1.68916e-08 0)
(1.25223e-07 -7.34907e-08 0)
(4.77854e-07 -3.0746e-07 0)
(1.72293e-06 -1.22955e-06 0)
(5.79967e-06 -4.67576e-06 0)
(1.7945e-05 -1.67207e-05 0)
(4.96476e-05 -5.56027e-05 0)
(0.000115072 -0.00016784 0)
(0.00020329 -0.000438768 0)
(0.000124376 -0.000923008 0)
(-2.01601e-15 5.7119e-15 0)
(-1.67997e-15 6.72004e-16 0)
(1.67997e-15 6.72003e-16 0)
(-1.00799e-15 1.008e-15 0)
(-3.35997e-15 2.01599e-15 0)
(-1.51198e-15 1.34402e-15 0)
(-8.39998e-16 3.69596e-15 0)
(1.51197e-15 2.35196e-15 0)
(-1.00797e-15 2.016e-15 0)
(-1.00799e-15 6.71997e-16 0)
(4.70396e-15 2.01594e-15 0)
(1.37759e-14 -3.69597e-15 0)
(5.98076e-14 -2.21759e-14 0)
(3.2827e-13 -1.37087e-13 0)
(1.64857e-12 -7.20379e-13 0)
(8.03135e-12 -3.70102e-12 0)
(3.79913e-11 -1.84523e-11 0)
(1.74161e-10 -8.94628e-11 0)
(7.71903e-10 -4.21254e-10 0)
(3.29717e-09 -1.92142e-09 0)
(1.35186e-08 -8.46711e-09 0)
(5.29555e-08 -3.5914e-08 0)
(1.96878e-07 -1.46056e-07 0)
(6.89132e-07 -5.66061e-07 0)
(2.24295e-06 -2.07726e-06 0)
(6.66938e-06 -7.13765e-06 0)
(1.75882e-05 -2.26506e-05 0)
(3.82234e-05 -6.47931e-05 0)
(6.20156e-05 -0.000158293 0)
(3.64196e-05 -0.000308408 0)
(-9.91185e-15 -1.67994e-15 0)
(8.39963e-16 1.008e-15 0)
(-6.71996e-16 6.71986e-16 0)
(-1.18839e-20 1.00799e-15 0)
(-2.68796e-15 -3.35981e-16 0)
(-5.04002e-16 1.67997e-15 0)
(-1.67997e-15 3.36e-16 0)
(2.51996e-15 3.36016e-16 0)
(5.03978e-16 3.02394e-15 0)
(-3.02395e-15 -2.68796e-15 0)
(2.01597e-15 -3.36001e-16 0)
(5.71195e-15 -4.70396e-15 0)
(2.53678e-14 -1.47839e-14 0)
(1.46663e-13 -7.02235e-14 0)
(7.33315e-13 -3.65566e-13 0)
(3.5273e-12 -1.84429e-12 0)
(1.64429e-11 -9.04607e-12 0)
(7.42476e-11 -4.31626e-11 0)
(3.23714e-10 -1.9964e-10 0)
(1.35828e-09 -8.93299e-10 0)
(5.46209e-09 -3.85525e-09 0)
(2.09448e-08 -1.59856e-08 0)
(7.60582e-08 -6.34052e-08 0)
(2.59285e-07 -2.39066e-07 0)
(8.19101e-07 -8.50558e-07 0)
(2.3526e-06 -2.82298e-06 0)
(5.95081e-06 -8.60491e-06 0)
(1.22688e-05 -2.34832e-05 0)
(1.86559e-05 -5.40269e-05 0)
(1.06046e-05 -9.81143e-05 0)
(-1.68031e-16 8.7359e-15 0)
(-3.19196e-15 1.08941e-22 0)
(-2.01598e-15 -1.00797e-15 0)
(-1.00799e-15 -3.35985e-16 0)
(8.39964e-16 2.35197e-15 0)
(8.3998e-16 -3.35973e-16 0)
(-2.18397e-15 -2.01597e-15 0)
(1.17598e-15 -6.72001e-16 0)
(-3.69595e-15 -6.3839e-15 0)
(-2.18399e-15 -1.68e-15 0)
(-1.34398e-15 -4.03196e-15 0)
(1.344e-15 -4.36795e-15 0)
(8.90395e-15 -8.39992e-15 0)
(6.43436e-14 -3.59517e-14 0)
(3.09622e-13 -1.69343e-13 0)
(1.4458e-12 -8.46714e-13 0)
(6.67863e-12 -4.08036e-12 0)
(2.97121e-11 -1.91596e-11 0)
(1.27586e-10 -8.72042e-11 0)
(5.26603e-10 -3.83431e-10 0)
(2.08023e-09 -1.6239e-09 0)
(7.82288e-09 -6.59758e-09 0)
(2.7806e-08 -2.55922e-08 0)
(9.25531e-08 -9.41702e-08 0)
(2.84612e-07 -3.26074e-07 0)
(7.92394e-07 -1.05e-06 0)
(1.92992e-06 -3.092e-06 0)
(3.79829e-06 -8.10563e-06 0)
(5.453e-06 -1.77747e-05 0)
(3.00593e-06 -3.0661e-05 0)
(-1.848e-15 3.36e-16 0)
(-7.05592e-15 4.70396e-15 0)
(-1.344e-15 3.02395e-15 0)
(-2.35197e-15 3.02396e-15 0)
(-3.69595e-15 5.40537e-22 0)
(-6.71994e-16 1.00798e-15 0)
(-1.008e-15 4.32533e-21 0)
(1.17599e-15 -1.00799e-15 0)
(-3.36003e-16 -1.008e-15 0)
(-1.176e-15 -6.26033e-21 0)
(-2.18398e-15 -2.68796e-15 0)
(1.67998e-15 6.71969e-16 0)
(4.53598e-15 -1.344e-15 0)
(2.65438e-14 -9.07198e-15 0)
(1.21967e-13 -6.85435e-14 0)
(5.60444e-13 -3.56494e-13 0)
(2.56013e-12 -1.71359e-12 0)
(1.12505e-11 -7.92955e-12 0)
(4.76347e-11 -3.5564e-11 0)
(1.9363e-10 -1.53913e-10 0)
(7.52417e-10 -6.40757e-10 0)
(2.77935e-09 -2.55564e-09 0)
(9.68739e-09 -9.71632e-09 0)
(3.15511e-08 -3.49779e-08 0)
(9.46823e-08 -1.18215e-07 0)
(2.56316e-07 -3.7054e-07 0)
(6.03391e-07 -1.05828e-06 0)
(1.1409e-06 -2.67629e-06 0)
(1.56132e-06 -5.63077e-06 0)
(8.38127e-07 -9.29501e-06 0)
(-1.09198e-14 -9.69682e-21 0)
(-2.01601e-15 -2.68796e-15 0)
(-1.68006e-16 -4.03193e-15 0)
(-1.67998e-15 -1.67997e-15 0)
(-2.68797e-15 3.36002e-16 0)
(-2.01598e-15 -3.35995e-15 0)
(-2.85597e-15 2.35196e-15 0)
(1.34396e-15 3.02396e-15 0)
(-1.00798e-15 -1.12228e-20 0)
(-5.54394e-15 -1.67998e-15 0)
(1.84797e-15 -2.30912e-20 0)
(3.19196e-15 3.36014e-16 0)
(1.17601e-15 -1.40697e-20 0)
(1.07519e-14 -1.68e-15 0)
(4.31757e-14 -2.82238e-14 0)
(2.06975e-13 -1.43135e-13 0)
(9.35754e-13 -6.80059e-13 0)
(4.05499e-12 -3.09286e-12 0)
(1.69489e-11 -1.36741e-11 0)
(6.79327e-11 -5.83185e-11 0)
(2.59973e-10 -2.39016e-10 0)
(9.44558e-10 -9.37348e-10 0)
(3.23334e-09 -3.49925e-09 0)
(1.03225e-08 -1.23494e-08 0)
(3.02914e-08 -4.08355e-08 0)
(7.99266e-08 -1.24935e-07 0)
(1.82401e-07 -3.47221e-07 0)
(3.32824e-07 -8.50513e-07 0)
(4.3671e-07 -1.72782e-06 0)
(2.28824e-07 -2.75275e-06 0)
(-1.68043e-16 -1.34399e-15 0)
(-4.53592e-15 -6.71997e-16 0)
(6.71968e-16 -8.53424e-21 0)
(-1.00799e-15 -3.36003e-16 0)
(-1.008e-15 -1.00798e-15 0)
(-1.68008e-16 -3.36017e-16 0)
(-4.19995e-15 -6.7198e-16 0)
(5.03981e-16 3.35999e-16 0)
(-1.512e-15 3.35996e-16 0)
(-3.86396e-15 -6.72e-16 0)
(-6.71975e-16 -6.71981e-16 0)
(2.01599e-15 -3.36e-16 0)
(3.52795e-15 -1.00798e-15 0)
(2.35201e-15 -6.7199e-16 0)
(1.69679e-14 -9.74394e-15 0)
(7.08955e-14 -5.03997e-14 0)
(3.26926e-13 -2.4595e-13 0)
(1.3996e-12 -1.13769e-12 0)
(5.77446e-12 -4.99192e-12 0)
(2.28478e-11 -2.10106e-11 0)
(8.62053e-11 -8.48623e-11 0)
(3.08434e-10 -3.27691e-10 0)
(1.03829e-09 -1.20301e-09 0)
(3.25418e-09 -4.1692e-09 0)
(9.35438e-09 -1.35146e-08 0)
(2.41077e-08 -4.0447e-08 0)
(5.34789e-08 -1.09669e-07 0)
(9.45484e-08 -2.61006e-07 0)
(1.19621e-07 -5.14256e-07 0)
(6.13416e-08 -7.94889e-07 0)
(-9.74386e-15 -3.35995e-15 0)
(8.39974e-16 1.34398e-15 0)
(-1.84797e-15 2.01597e-15 0)
(-3.36007e-16 2.01599e-15 0)
(-3.69597e-15 3.69595e-15 0)
(-1.68002e-16 -6.71968e-16 0)
(-1.00801e-15 3.35988e-16 0)
(-2.01598e-15 6.71994e-16 0)
(-1.51199e-15 -1.34397e-15 0)
(-5.87992e-15 -1.67998e-15 0)
(5.3759e-15 2.68796e-15 0)
(1.84799e-15 6.71975e-16 0)
(2.01598e-15 1.34396e-15 0)
(-5.03946e-16 -3.36007e-16 0)
(3.86398e-15 -4.36797e-15 0)
(2.63758e-14 -1.71359e-14 0)
(1.09703e-13 -8.76954e-14 0)
(4.61829e-13 -3.99165e-13 0)
(1.89352e-12 -1.73812e-12 0)
(7.39413e-12 -7.23336e-12 0)
(2.75379e-11 -2.8835e-11 0)
(9.71227e-11 -1.09761e-10 0)
(3.21884e-10 -3.96768e-10 0)
(9.91674e-10 -1.35225e-09 0)
(2.7966e-09 -4.304e-09 0)
(7.05162e-09 -1.26242e-08 0)
(1.52406e-08 -3.34675e-08 0)
(2.61897e-08 -7.76052e-08 0)
(3.20831e-08 -1.4887e-07 0)
(1.61337e-08 -2.24308e-07 0)
(-1.17602e-15 -1.00798e-15 0)
(-5.04004e-16 -2.68797e-15 0)
(-5.04006e-16 1.34399e-15 0)
(-3.93258e-21 -1.34398e-15 0)
(-1.51199e-15 2.01598e-15 0)
(-5.03998e-16 3.69595e-15 0)
(-4.03194e-15 2.01599e-15 0)
(-4.36796e-15 -3.35996e-16 0)
(-8.39991e-16 -1.34398e-15 0)
(-2.35201e-15 3.3599e-16 0)
(-1.34397e-15 1.67999e-15 0)
(1.84798e-15 -2.35196e-15 0)
(2.18398e-15 -6.3839e-15 0)
(4.70394e-15 -1.00799e-15 0)
(3.69597e-15 3.3599e-16 0)
(6.88797e-15 -6.04792e-15 0)
(3.64558e-14 -2.58719e-14 0)
(1.47503e-13 -1.35743e-13 0)
(5.969e-13 -5.8094e-13 0)
(2.3125e-12 -2.39096e-12 0)
(8.50058e-12 -9.41432e-12 0)
(2.95787e-11 -3.53701e-11 0)
(9.66109e-11 -1.2604e-10 0)
(2.92911e-10 -4.22948e-10 0)
(8.11418e-10 -1.32361e-09 0)
(2.00482e-09 -3.8108e-09 0)
(4.23022e-09 -9.89548e-09 0)
(7.08505e-09 -2.24086e-08 0)
(8.43501e-09 -4.19786e-08 0)
(4.16756e-09 -6.18708e-08 0)
(-1.00799e-14 2.01597e-15 0)
(1.67993e-16 2.68799e-15 0)
(-3.19195e-15 6.71991e-15 0)
(-1.68021e-16 -3.3598e-16 0)
(-1.34399e-15 -1.00798e-15 0)
(-6.72002e-16 3.36021e-16 0)
(-5.04019e-16 1.34397e-15 0)
(-2.01599e-15 -6.71973e-16 0)
(1.51197e-15 4.03194e-15 0)
(-6.7199e-15 1.344e-15 0)
(8.39972e-16 -1.46427e-20 0)
(-1.67985e-16 3.35993e-16 0)
(1.34399e-15 6.71996e-16 0)
(2.35198e-15 2.01596e-15 0)
(8.40001e-16 -1.34399e-15 0)
(5.71196e-15 1.00796e-15 0)
(1.56239e-14 -8.7359e-15 0)
(4.25037e-14 -4.06557e-14 0)
(1.80767e-13 -1.83455e-13 0)
(6.99883e-13 -7.61035e-13 0)
(2.54384e-12 -2.96451e-12 0)
(8.73342e-12 -1.10043e-11 0)
(2.81403e-11 -3.86841e-11 0)
(8.40451e-11 -1.27957e-10 0)
(2.28961e-10 -3.94197e-10 0)
(5.55047e-10 -1.11552e-09 0)
(1.14542e-09 -2.84168e-09 0)
(1.8741e-09 -6.29728e-09 0)
(2.17487e-09 -1.15497e-08 0)
(1.05744e-09 -1.67007e-08 0)
(-7.5599e-15 2.01598e-15 0)
(2.18396e-15 2.01598e-15 0)
(6.71979e-16 -2.68794e-15 0)
(-3.19196e-15 1.67999e-15 0)
(-7.72792e-15 4.03196e-15 0)
(-2.68797e-15 2.35197e-15 0)
(-6.71988e-16 3.02399e-15 0)
(-2.18398e-15 1.67997e-15 0)
(-1.00024e-20 -3.35969e-16 0)
(-1.17601e-15 1.00799e-15 0)
(-1.51199e-15 -2.68793e-15 0)
(1.51197e-15 2.01595e-15 0)
(1.17602e-15 1.34396e-15 0)
(3.19197e-15 6.72029e-16 0)
(8.39997e-16 1.89801e-20 0)
(3.02398e-15 3.36011e-16 0)
(2.352e-15 1.34392e-15 0)
(1.39439e-14 -1.20959e-14 0)
(5.07357e-14 -5.98076e-14 0)
(2.08151e-13 -2.28815e-13 0)
(7.39699e-13 -9.05178e-13 0)
(2.50722e-12 -3.31327e-12 0)
(7.97003e-12 -1.15066e-11 0)
(2.34701e-11 -3.75437e-11 0)
(6.29435e-11 -1.13975e-10 0)
(1.49889e-10 -3.17368e-10 0)
(3.02996e-10 -7.9416e-10 0)
(4.85263e-10 -1.72524e-09 0)
(5.50352e-10 -3.10448e-09 0)
(2.63708e-10 -4.4144e-09 0)
(-6.72008e-16 6.72009e-16 0)
(-5.0399e-16 3.35995e-15 0)
(-2.68797e-15 4.03195e-15 0)
(-6.72001e-16 4.03195e-15 0)
(-1.008e-15 2.35198e-15 0)
(-1.00799e-15 1.008e-15 0)
(3.02394e-15 -3.36005e-16 0)
(-3.69596e-15 1.59209e-20 0)
(-2.68797e-15 4.70393e-15 0)
(-2.35197e-15 2.68797e-15 0)
(-4.87195e-15 2.35194e-15 0)
(3.35999e-16 -2.01595e-15 0)
(4.36796e-15 -3.69591e-15 0)
(4.19996e-15 2.01595e-15 0)
(2.352e-15 1.008e-15 0)
(5.04003e-16 3.35985e-16 0)
(2.85595e-15 -3.35963e-16 0)
(1.17601e-15 -1.68e-15 0)
(1.14239e-14 -1.37759e-14 0)
(5.87996e-14 -6.92155e-14 0)
(2.10335e-13 -2.64766e-13 0)
(7.00555e-13 -9.67002e-13 0)
(2.1986e-12 -3.31932e-12 0)
(6.38749e-12 -1.07042e-11 0)
(1.68862e-11 -3.20522e-11 0)
(3.95337e-11 -8.79165e-11 0)
(7.84044e-11 -2.16361e-10 0)
(1.23116e-10 -4.61495e-10 0)
(1.36759e-10 -8.16226e-10 0)
(6.46581e-11 -1.1436e-09 0)
(-1.67999e-16 -1.34398e-15 0)
(-8.39978e-16 6.72008e-16 0)
(-3.02396e-15 2.60378e-20 0)
(-1.68013e-16 2.35197e-15 0)
(-1.51198e-15 2.01599e-15 0)
(-1.68013e-16 1.67998e-15 0)
(-3.86394e-15 -2.01595e-15 0)
(-1.84802e-15 3.35989e-16 0)
(-2.35197e-15 -1.00797e-15 0)
(-8.4001e-16 1.00799e-15 0)
(-8.40002e-16 -6.71967e-16 0)
(1.008e-15 3.35986e-16 0)
(1.51199e-15 -3.35999e-16 0)
(2.51999e-15 1.344e-15 0)
(4.70393e-15 3.02396e-15 0)
(2.016e-15 2.01598e-15 0)
(1.00799e-15 2.68796e-15 0)
(-2.18396e-15 1.67998e-15 0)
(1.84798e-15 -3.69596e-15 0)
(1.69679e-14 -1.78079e-14 0)
(5.77916e-14 -7.42555e-14 0)
(1.89167e-13 -2.74174e-13 0)
(5.90852e-13 -9.31386e-13 0)
(1.69561e-12 -2.97022e-12 0)
(4.4224e-12 -8.77996e-12 0)
(1.02001e-11 -2.3753e-11 0)
(1.98654e-11 -5.75473e-11 0)
(3.06344e-11 -1.20691e-10 0)
(3.33898e-11 -2.10129e-10 0)
(1.5594e-11 -2.9056e-10 0)
(8.39988e-16 6.72011e-16 0)
(5.03991e-15 6.04793e-15 0)
(2.35197e-15 3.69594e-15 0)
(-6.71992e-16 -2.01595e-15 0)
(-8.39986e-16 3.02394e-15 0)
(-3.86396e-15 3.35989e-16 0)
(-7.05594e-15 6.71978e-16 0)
(-3.19197e-15 3.36004e-16 0)
(3.35976e-16 3.35996e-15 0)
(-4.70395e-15 -3.35977e-16 0)
(-3.35995e-15 4.36794e-15 0)
(1.00797e-15 1.65547e-20 0)
(-1.00798e-15 3.35968e-16 0)
(4.53595e-15 1.67996e-15 0)
(6.72019e-16 -1.00801e-15 0)
(4.70394e-15 -6.04792e-15 0)
(3.35998e-15 -2.01599e-15 0)
(8.39973e-16 -3.3598e-16 0)
(-2.18396e-15 2.68794e-15 0)
(2.688e-15 -5.37596e-15 0)
(1.61279e-14 -1.78079e-14 0)
(4.92237e-14 -7.42555e-14 0)
(1.56071e-13 -2.55022e-13 0)
(4.40157e-13 -8.01019e-13 0)
(1.13198e-12 -2.34762e-12 0)
(2.57458e-12 -6.26602e-12 0)
(4.93077e-12 -1.4963e-11 0)
(7.47981e-12 -3.08936e-11 0)
(8.01422e-12 -5.30147e-11 0)
(3.69799e-12 -7.24552e-11 0)
(-5.03988e-16 6.38391e-15 0)
(-3.69593e-15 1.34399e-15 0)
(-1.00799e-15 -6.71989e-15 0)
(-6.71992e-16 6.04792e-15 0)
(3.35977e-16 -9.07186e-15 0)
(-2.01598e-15 4.03195e-15 0)
(-4.19997e-15 -5.37592e-15 0)
(3.52795e-15 2.35196e-15 0)
(-1.00799e-15 -2.35195e-15 0)
(-4.53595e-15 2.35197e-15 0)
(-1.17602e-15 -3.35994e-15 0)
(-1.67992e-16 3.02395e-15 0)
(-1.34399e-15 -2.01595e-15 0)
(3.86395e-15 3.69596e-15 0)
(1.39155e-20 -2.35196e-15 0)
(1.68e-15 -2.91608e-20 0)
(4.87195e-15 -5.71192e-15 0)
(5.04003e-16 -2.23791e-20 0)
(-3.52795e-15 -3.35995e-15 0)
(6.04791e-15 -2.68797e-15 0)
(2.01601e-15 -3.02398e-15 0)
(1.19279e-14 -1.78079e-14 0)
(4.01517e-14 -6.75355e-14 0)
(1.09367e-13 -2.08319e-13 0)
(2.8543e-13 -6.10844e-13 0)
(6.347e-13 -1.6185e-12 0)
(1.20035e-12 -3.80484e-12 0)
(1.79322e-12 -7.74777e-12 0)
(1.89217e-12 -1.31244e-11 0)
(8.64522e-13 -1.77407e-11 0)
(2.35195e-15 1.008e-15 0)
(3.35997e-15 -3.0239e-15 0)
(-8.40002e-16 7.72789e-15 0)
(-3.36004e-16 2.54181e-20 0)
(-3.02397e-15 5.37591e-15 0)
(1.67994e-16 1.00801e-15 0)
(-5.54395e-15 4.70393e-15 0)
(-1.00799e-15 4.36795e-15 0)
(-6.72004e-16 6.71985e-16 0)
(-4.19997e-15 -3.35995e-16 0)
(-4.36795e-15 6.71989e-16 0)
(-3.36005e-16 6.71989e-16 0)
(-8.3998e-16 1.00798e-15 0)
(2.68797e-15 -2.01599e-15 0)
(4.78265e-21 -1.68e-15 0)
(2.51999e-15 -3.69596e-15 0)
(4.19996e-15 -6.72022e-16 0)
(1.84798e-15 -2.35197e-15 0)
(-3.02396e-15 -6.72006e-16 0)
(3.69596e-15 -1.008e-15 0)
(5.04002e-16 3.35989e-16 0)
(1.68e-15 -1.68001e-15 0)
(1.22639e-14 -1.47839e-14 0)
(2.55359e-14 -5.34236e-14 0)
(6.95515e-14 -1.55231e-13 0)
(1.51703e-13 -4.05213e-13 0)
(2.85766e-13 -9.48858e-13 0)
(4.21677e-13 -1.90477e-12 0)
(4.36629e-13 -3.18391e-12 0)
(1.97567e-13 -4.26818e-12 0)
(-1.00798e-14 1.00801e-15 0)
(2.68795e-15 1.37758e-14 0)
(-2.51996e-15 6.72025e-16 0)
(-9.25657e-21 1.34398e-15 0)
(-2.85599e-15 1.68001e-15 0)
(-1.00799e-15 -3.35978e-16 0)
(-6.71994e-15 2.01597e-15 0)
(-1.34399e-15 -2.68795e-15 0)
(-2.01598e-15 -3.35997e-16 0)
(-8.39988e-16 3.69597e-15 0)
(-3.86398e-15 5.71194e-15 0)
(5.0399e-16 -3.35971e-16 0)
(-5.04006e-16 3.36005e-16 0)
(1.67998e-15 -2.01598e-15 0)
(-1.17597e-15 -1.34397e-15 0)
(4.53594e-15 -3.02396e-15 0)
(2.352e-15 -3.35996e-15 0)
(1.84798e-15 -2.68798e-15 0)
(-5.03991e-16 -3.35995e-15 0)
(1.00801e-15 -6.71988e-16 0)
(4.19995e-15 -1.13971e-21 0)
(-6.71988e-16 -1.67997e-15 0)
(4.70397e-15 -3.69597e-15 0)
(4.70395e-15 -7.728e-15 0)
(1.37759e-14 -3.42718e-14 0)
(3.47758e-14 -9.81113e-14 0)
(6.46796e-14 -2.30494e-13 0)
(9.54234e-14 -4.55613e-13 0)
(9.87833e-14 -7.59019e-13 0)
(4.45197e-14 -1.00497e-12 0)
(-1.68022e-16 2.68797e-15 0)
(8.4e-16 -1.10878e-14 0)
(-2.51999e-15 2.35196e-15 0)
(-8.4e-16 -1.67998e-15 0)
(-4.70395e-15 -1.00798e-15 0)
(-1.17598e-15 1.67997e-15 0)
(-7.22393e-15 3.69596e-15 0)
(1.00796e-15 3.36002e-16 0)
(1.67998e-15 6.71994e-16 0)
(-1.40992e-20 2.01599e-15 0)
(-6.04792e-15 4.36795e-15 0)
(-3.35997e-15 6.71999e-16 0)
(-9.71108e-22 5.71191e-15 0)
(-5.87239e-21 -3.35994e-15 0)
(3.35996e-16 -2.7416e-20 0)
(1.512e-15 2.35194e-15 0)
(5.37593e-15 -2.35197e-15 0)
(8.40014e-16 -1.67998e-15 0)
(-1.00797e-15 1.67996e-15 0)
(3.86394e-15 1.00798e-15 0)
(1.344e-15 -3.35996e-16 0)
(1.68001e-16 -1.67998e-15 0)
(4.70395e-15 1.00796e-15 0)
(-1.00797e-15 -1.34396e-15 0)
(1.17598e-15 -6.04799e-15 0)
(5.03999e-15 -2.18399e-14 0)
(1.54559e-14 -5.20797e-14 0)
(2.11679e-14 -1.03823e-13 0)
(2.21758e-14 -1.75055e-13 0)
(8.23195e-15 -2.31166e-13 0)
(-1.17598e-15 2.68798e-15 0)
(3.35996e-16 1.41118e-14 0)
(-4.19996e-15 6.72001e-16 0)
(-2.01598e-15 6.71997e-16 0)
(-2.51997e-15 2.68796e-15 0)
(3.35993e-15 -1.00797e-15 0)
(-6.21595e-15 2.68796e-15 0)
(-5.03992e-15 3.02395e-15 0)
(5.03987e-16 -1.34396e-15 0)
(3.02396e-15 6.72e-16 0)
(-4.53596e-15 1.08967e-20 0)
(-2.51998e-15 -3.35962e-16 0)
(-6.71994e-16 -1.00795e-15 0)
(-1.17598e-15 4.03193e-15 0)
(1.67992e-16 -4.3679e-15 0)
(1.17599e-15 -2.35194e-15 0)
(1.51201e-15 1.00798e-15 0)
(3.02396e-15 -1.34398e-15 0)
(8.39971e-16 3.35998e-16 0)
(3.86398e-15 -6.71992e-16 0)
(5.04011e-16 -1.34399e-15 0)
(-8.39999e-16 -1.67999e-15 0)
(2.85597e-15 -3.02396e-15 0)
(5.0399e-16 -3.69598e-15 0)
(-6.71989e-16 -4.36794e-15 0)
(-5.03993e-16 -8.7359e-15 0)
(3.52796e-15 -1.07519e-14 0)
(4.36799e-15 -2.45278e-14 0)
(2.68799e-15 -3.89757e-14 0)
(1.67999e-15 -5.37596e-14 0)
(5.03976e-16 -2.68798e-15 0)
(2.18399e-15 -7.05588e-15 0)
(-3.86396e-15 -2.68797e-15 0)
(-1.34399e-15 1.00799e-15 0)
(-8.40015e-16 1.34399e-15 0)
(1.34399e-15 1.34399e-15 0)
(-7.89593e-15 1.23639e-20 0)
(-2.85597e-15 3.36018e-16 0)
(-1.67994e-16 3.35995e-15 0)
(-5.04003e-16 2.68795e-15 0)
(-7.37637e-21 -1.67995e-15 0)
(-2.18398e-15 8.73586e-15 0)
(-1.84798e-15 6.7199e-15 0)
(-1.67999e-15 -1.00796e-15 0)
(1.84798e-15 4.3679e-15 0)
(-2.18397e-15 2.01595e-15 0)
(5.71193e-15 1.00798e-15 0)
(1.67999e-15 -1.34399e-15 0)
(-2.18395e-15 -3.35994e-16 0)
(5.20793e-15 3.36e-16 0)
(5.03989e-16 -1.00798e-15 0)
(-1.17598e-15 3.35997e-16 0)
(1.68015e-16 1.00799e-15 0)
(2.85597e-15 -2.68798e-15 0)
(-1.176e-15 -6.71994e-16 0)
(-3.52795e-15 3.69593e-15 0)
(2.18397e-15 -2.01598e-15 0)
(-3.36004e-16 -3.35998e-15 0)
(1.67997e-15 -4.704e-15 0)
(-3.35994e-16 -8.73596e-15 0)
(-3.52793e-15 -1.344e-15 0)
(1.84798e-15 -2.13937e-20 0)
(-5.04004e-16 -6.72005e-16 0)
(8.39981e-16 -3.36005e-16 0)
(-4.70393e-15 1.00799e-15 0)
(1.17597e-15 1.67998e-15 0)
(-7.39194e-15 -1.00796e-15 0)
(-1.17601e-15 1.344e-15 0)
(2.68796e-15 1.00802e-15 0)
(-2.51996e-15 3.36006e-16 0)
(-3.19197e-15 1.344e-15 0)
(-8.39998e-16 -1.34395e-15 0)
(1.34397e-15 6.72009e-16 0)
(-5.03993e-15 3.36007e-16 0)
(-1.51199e-15 3.36028e-16 0)
(5.03999e-16 1.34399e-15 0)
(4.36795e-15 -3.35984e-16 0)
(3.3601e-16 -1.29337e-21 0)
(6.72004e-16 -3.3599e-16 0)
(4.36795e-15 -1.67996e-15 0)
(-3.3598e-16 -3.36007e-16 0)
(1.34397e-15 -6.71988e-16 0)
(-8.39997e-16 -2.01597e-15 0)
(8.40007e-16 -6.72009e-16 0)
(5.03993e-16 -1.67999e-15 0)
(1.34398e-15 3.36005e-16 0)
(1.00798e-15 1.34398e-15 0)
(-3.52795e-15 -3.35983e-16 0)
(-2.51997e-15 1.34399e-15 0)
(-3.35995e-16 -3.35999e-16 0)
(1.17595e-15 -6.04794e-15 0)
(2.68799e-15 1.34397e-15 0)
(-1.67997e-15 -3.02396e-15 0)
(1.00798e-15 -2.68795e-15 0)
(6.71965e-16 -2.01598e-15 0)
(-1.67997e-15 4.03195e-15 0)
(-4.36796e-15 8.0639e-15 0)
(-4.36795e-15 8.0639e-15 0)
(8.39976e-16 7.05592e-15 0)
(1.51196e-15 2.016e-15 0)
(-4.19995e-15 5.71191e-15 0)
(-3.3602e-16 3.02397e-15 0)
(-2.85595e-15 -3.35983e-16 0)
(-1.176e-15 3.35982e-16 0)
(6.71982e-16 5.71192e-15 0)
(-6.71992e-16 1.008e-15 0)
(3.69597e-15 2.01597e-15 0)
(5.04007e-16 2.35199e-15 0)
(4.03194e-15 5.37594e-15 0)
(-1.34395e-15 7.05591e-15 0)
(2.01597e-15 2.01601e-15 0)
(-3.19196e-15 3.02396e-15 0)
(-3.69597e-15 1.00801e-15 0)
(3.69594e-15 -3.69595e-15 0)
(-1.67997e-15 -3.35996e-15 0)
(3.86395e-15 3.69594e-15 0)
(1.176e-15 -2.01597e-15 0)
(-2.18398e-15 1.00798e-15 0)
(5.03954e-16 1.67998e-15 0)
(1.68e-16 -6.71986e-16 0)
(-1.20958e-14 -1.67998e-15 0)
(3.02394e-15 -4.70395e-15 0)
(-1.17598e-15 -2.78844e-20 0)
(-8.39981e-16 2.35194e-15 0)
(1.00798e-15 -1.34397e-15 0)
(8.3999e-16 6.50756e-21 0)
(-1.344e-15 3.36015e-16 0)
(-8.40007e-16 -3.35968e-16 0)
(-6.88791e-15 -3.35976e-16 0)
(-1.00799e-15 -2.35196e-15 0)
(-3.02397e-15 4.36795e-15 0)
(-1.00798e-15 1.008e-15 0)
(-1.68025e-16 2.35195e-15 0)
(-1.68002e-16 -2.01596e-15 0)
(-5.03998e-16 2.35196e-15 0)
(-2.01597e-15 -6.7197e-16 0)
(2.01599e-15 2.01598e-15 0)
(1.67998e-15 4.03195e-15 0)
(6.72014e-16 3.02397e-15 0)
(4.87194e-15 -6.71979e-16 0)
(5.03989e-16 4.03194e-15 0)
(3.35986e-16 2.68798e-15 0)
(-6.21593e-15 5.03993e-15 0)
(1.67995e-16 6.71987e-16 0)
(1.67998e-16 -1.008e-15 0)
(3.52797e-15 -3.02398e-15 0)
(1.67999e-15 -4.03195e-15 0)
(-8.40008e-16 -3.02395e-15 0)
(-6.5519e-15 -3.35989e-16 0)
(-5.43143e-21 1.008e-15 0)
(1.84794e-15 -3.02398e-15 0)
(6.71992e-16 1.00796e-15 0)
(1.68e-16 -4.70394e-15 0)
(-1.67998e-15 -3.35996e-15 0)
(1.344e-15 6.71967e-16 0)
(1.51199e-15 6.72001e-16 0)
(-2.18397e-15 -6.71983e-16 0)
(-1.68e-15 2.68796e-15 0)
(3.35975e-16 3.35986e-16 0)
(-5.54394e-15 -6.71993e-16 0)
(1.17596e-15 -3.35987e-16 0)
(-3.86396e-15 6.72003e-16 0)
(-3.02396e-15 -1.67996e-15 0)
(6.71991e-16 2.68796e-15 0)
(-1.84798e-15 -1.00795e-15 0)
(1.00797e-15 1.67996e-15 0)
(3.52798e-15 -1.67996e-15 0)
(3.35996e-15 -1.67997e-15 0)
(1.17599e-15 -3.36e-16 0)
(2.68798e-15 -2.68796e-15 0)
(-1.51197e-15 -3.36006e-16 0)
(3.3599e-16 -5.03993e-15 0)
(-6.71994e-15 -2.68798e-15 0)
(-8.39993e-16 6.71988e-16 0)
(5.47491e-21 -3.35996e-16 0)
(2.68796e-15 -2.35197e-15 0)
(-1.17596e-15 1.00799e-15 0)
(-1.84797e-15 4.03192e-15 0)
(3.02392e-15 1.67999e-15 0)
(3.36004e-16 1.00797e-15 0)
(1.02305e-20 -5.03995e-15 0)
(1.51198e-15 -4.70396e-15 0)
(5.03995e-16 -3.35997e-15 0)
(8.4e-16 -3.02398e-15 0)
(4.19995e-15 -3.69593e-15 0)
(3.19197e-15 6.7198e-16 0)
(-3.36013e-16 2.01597e-15 0)
(-7.89591e-15 1.34399e-15 0)
(-1.51198e-15 1.008e-15 0)
(-2.352e-15 -3.36004e-16 0)
(6.71984e-16 -2.35198e-15 0)
(-2.68797e-15 1.34397e-15 0)
(-3.02398e-15 -1.00799e-15 0)
(5.03997e-16 -3.3599e-16 0)
(-1.68e-15 -6.72001e-16 0)
(-1.67981e-16 1.67997e-15 0)
(2.85598e-15 -2.68795e-15 0)
(3.35998e-15 1.00796e-15 0)
(8.39983e-16 -3.02396e-15 0)
(-1.67997e-15 -6.72015e-16 0)
(1.00797e-15 -4.03195e-15 0)
(1.68003e-16 2.01596e-15 0)
(-3.86397e-15 6.71969e-16 0)
(1.17599e-15 -2.68797e-15 0)
(6.74152e-21 1.00798e-15 0)
(1.68017e-16 -1.67996e-15 0)
(5.20791e-15 6.3839e-15 0)
(-8.39997e-16 -2.68793e-15 0)
(-3.19194e-15 -2.35199e-15 0)
(-3.35997e-16 -6.71964e-16 0)
(1.00797e-15 3.35987e-16 0)
(-4.03194e-15 -3.02397e-15 0)
(2.85597e-15 -1.68e-15 0)
(3.02397e-15 -2.68796e-15 0)
(1.67999e-15 3.35972e-16 0)
(3.02397e-15 -2.01599e-15 0)
(-1.00799e-15 2.38766e-22 0)
(-5.37596e-15 -6.71995e-16 0)
(-1.50352e-20 -3.02398e-15 0)
(-5.03995e-15 -6.72007e-16 0)
(1.51197e-15 2.25378e-20 0)
(-2.18398e-15 -1.008e-15 0)
(-4.87195e-15 -6.71988e-16 0)
(-1.6798e-16 -2.16141e-20 0)
(3.35985e-16 3.45231e-21 0)
(1.84796e-15 3.36035e-16 0)
(1.00802e-15 5.71191e-15 0)
(3.52796e-15 -2.01595e-15 0)
(1.51199e-15 3.4067e-21 0)
(3.35978e-16 6.72011e-16 0)
(1.92146e-20 -1.008e-15 0)
(-2.35663e-20 -2.35197e-15 0)
(-4.19995e-15 -3.69593e-15 0)
(8.3999e-16 6.71987e-16 0)
(1.34398e-15 1.008e-15 0)
(4.87194e-15 4.03194e-15 0)
(-3.19192e-15 -1.00795e-15 0)
(-3.35999e-16 3.69594e-15 0)
(-3.36013e-16 1.00801e-15 0)
(5.03996e-16 3.69594e-15 0)
(-1.51198e-15 2.01597e-15 0)
(-2.68798e-15 -3.35997e-16 0)
(1.84797e-15 -1.34397e-15 0)
(2.68797e-15 2.01595e-15 0)
(3.02398e-15 1.67998e-15 0)
(3.52797e-15 -1.00798e-15 0)
(-1.67998e-15 -6.71999e-16 0)
(-7.05593e-15 -2.01597e-15 0)
(-1.3803e-20 -2.35197e-15 0)
(-4.03197e-15 -1.34397e-15 0)
(-5.04007e-16 -1.34401e-15 0)
(-1.00799e-15 -4.03194e-15 0)
(-2.01598e-15 -9.56831e-21 0)
(1.17598e-15 -6.71984e-16 0)
(-3.35994e-15 3.35995e-16 0)
(2.85597e-15 2.01597e-15 0)
(5.71194e-15 -1.34396e-15 0)
(1.008e-15 3.36012e-16 0)
(-5.03997e-16 -2.01596e-15 0)
(-1.84797e-15 1.67998e-15 0)
(-1.17601e-15 3.35999e-16 0)
(1.00799e-15 -6.71981e-16 0)
(-7.5599e-15 6.71975e-16 0)
(4.19994e-15 2.352e-15 0)
(1.67999e-15 1.34399e-15 0)
(3.86396e-15 1.344e-15 0)
(1.00797e-15 4.36794e-15 0)
(3.35993e-16 1.36701e-20 0)
(-3.52794e-15 -3.35999e-16 0)
(1.67997e-15 3.36007e-16 0)
(3.35987e-16 6.7198e-16 0)
(-4.03195e-15 1.67999e-15 0)
(-2.51996e-15 1.00799e-15 0)
(-3.35978e-16 -3.35993e-15 0)
(4.87194e-15 -2.01598e-15 0)
(1.51199e-15 -3.02398e-15 0)
(2.18397e-15 -1.34399e-15 0)
(-4.19996e-15 -3.36023e-16 0)
(-6.72009e-16 2.68796e-15 0)
(-3.02398e-15 2.35197e-15 0)
(-3.52795e-15 -2.01596e-15 0)
(3.35983e-16 1.00797e-15 0)
(-1.0648e-20 2.01598e-15 0)
(-5.03994e-16 2.01599e-15 0)
(-6.71995e-16 1.67998e-15 0)
(3.69596e-15 1.008e-15 0)
(2.016e-15 3.69594e-15 0)
(1.84799e-15 4.36794e-15 0)
(-2.68797e-15 3.69593e-15 0)
(2.51996e-15 1.34399e-15 0)
(-4.19995e-15 2.68797e-15 0)
(1.51199e-15 6.04792e-15 0)
(5.03959e-16 3.36021e-16 0)
(-5.03975e-16 4.03194e-15 0)
(3.35996e-15 5.71194e-15 0)
(-5.03979e-16 3.02396e-15 0)
(-1.67991e-16 -1.34396e-15 0)
(-3.35993e-16 3.35995e-15 0)
(3.35994e-15 -3.35998e-16 0)
(1.68009e-16 2.35195e-15 0)
(1.67997e-16 -4.70394e-15 0)
(-3.02397e-15 -1.68e-15 0)
(8.3998e-16 6.04792e-15 0)
(-3.3598e-16 3.69594e-15 0)
(5.03993e-15 3.69594e-15 0)
(-8.39963e-16 6.72008e-16 0)
(2.51995e-15 -1.008e-15 0)
(-4.87195e-15 -2.68797e-15 0)
(-1.67998e-15 -2.68796e-15 0)
(-4.36796e-15 3.02395e-15 0)
(5.03957e-16 1.00798e-15 0)
(3.35997e-16 1.67998e-15 0)
(-1.51197e-15 -6.7199e-16 0)
(-1.34398e-15 3.35974e-16 0)
(1.68003e-16 -2.68796e-15 0)
(3.02397e-15 -6.71985e-16 0)
(1.17599e-15 6.7202e-16 0)
(1.34398e-15 -6.71988e-16 0)
(-2.01598e-15 6.72013e-16 0)
(2.016e-15 1.00796e-15 0)
(-1.008e-15 1.34399e-15 0)
(1.67998e-15 -4.70393e-15 0)
(-1.34398e-15 1.67998e-15 0)
(1.68006e-16 1.68001e-15 0)
(1.67997e-15 3.36017e-16 0)
(3.36028e-16 8.40233e-21 0)
(1.84795e-15 -1.67998e-15 0)
(-1.84796e-15 -2.01596e-15 0)
(1.67996e-15 -3.02394e-15 0)
(-5.03985e-16 1.67998e-15 0)
(8.39988e-16 -6.72e-16 0)
(1.67997e-15 -1.34396e-15 0)
(2.51998e-15 -3.02397e-15 0)
(2.01597e-15 -6.71992e-16 0)
(3.36021e-16 -3.35961e-16 0)
(2.01597e-15 1.00796e-15 0)
(-3.02395e-15 -2.68797e-15 0)
(-4.70395e-15 -4.03195e-15 0)
(1.00797e-15 -9.24395e-21 0)
(-2.68799e-15 -2.01598e-15 0)
(-4.70392e-15 -1.67997e-15 0)
(5.03986e-16 -4.03195e-15 0)
(-1.008e-15 -3.02396e-15 0)
(-3.35999e-16 -4.36792e-15 0)
(3.52796e-15 -2.64627e-20 0)
(1.51199e-15 -2.35198e-15 0)
(2.51998e-15 1.34394e-15 0)
(-3.02395e-15 6.71986e-16 0)
(1.00797e-15 -2.68796e-15 0)
(-1.66516e-20 -6.71981e-16 0)
(3.36017e-16 -3.02397e-15 0)
(2.01598e-15 2.68797e-15 0)
(1.17598e-15 4.70395e-15 0)
(1.67998e-15 6.04792e-15 0)
(-2.18397e-15 3.35995e-15 0)
(2.35197e-15 3.36007e-16 0)
(-2.01596e-15 1.67997e-15 0)
(-1.176e-15 -1.00799e-15 0)
(-8.66056e-21 -6.72009e-16 0)
(2.35197e-15 -6.71976e-16 0)
(-1.17598e-15 -6.72003e-16 0)
(3.35991e-16 -3.3602e-16 0)
(2.51998e-15 -4.36795e-15 0)
(1.00801e-15 -1.68e-15 0)
(2.68798e-15 -3.36023e-16 0)
(1.17599e-15 -3.69594e-15 0)
(-2.68798e-15 -1.008e-15 0)
(-1.84799e-15 -1.67998e-15 0)
(-3.35997e-15 -7.38694e-21 0)
(-3.36001e-16 -1.34399e-15 0)
(-2.016e-15 -1.34398e-15 0)
(-1.67999e-15 3.35979e-16 0)
(-1.67996e-15 3.35984e-16 0)
(1.17596e-15 3.35987e-16 0)
(3.3601e-16 -1.00799e-15 0)
(8.4001e-16 -6.71992e-16 0)
(3.35995e-15 -3.35978e-16 0)
(1.84797e-15 3.3598e-16 0)
(-1.34397e-15 1.00798e-15 0)
(6.72004e-16 1.67998e-15 0)
(4.19995e-15 -3.35993e-16 0)
(1.51992e-20 2.35198e-15 0)
(2.35197e-15 1.00799e-15 0)
(2.51997e-15 3.12168e-20 0)
(-2.51997e-15 1.00801e-15 0)
(1.67999e-15 2.35197e-15 0)
(-1.00801e-15 1.344e-15 0)
(-2.51996e-15 2.68797e-15 0)
(8.39983e-16 3.02397e-15 0)
(8.39998e-16 3.35997e-16 0)
(-3.35998e-16 -3.02397e-15 0)
(-1.67998e-15 -2.01599e-15 0)
(3.02398e-15 -5.03996e-15 0)
(2.01599e-15 -5.03991e-15 0)
(4.87196e-15 -4.36795e-15 0)
(1.34398e-15 -6.41992e-21 0)
(-1.00798e-15 2.68798e-15 0)
(-3.52797e-15 2.68798e-15 0)
(-1.34399e-15 7.46168e-21 0)
(-6.72011e-16 3.36016e-16 0)
(-3.02398e-15 2.35195e-15 0)
(-4.19994e-15 -1.67997e-15 0)
(2.01594e-15 -6.40805e-21 0)
(-1.51196e-15 6.71953e-16 0)
(1.68004e-16 -2.35194e-15 0)
(1.67997e-15 -1.67999e-15 0)
(2.18398e-15 -6.71995e-16 0)
(5.04e-16 -5.37593e-15 0)
(-1.17598e-15 -3.02398e-15 0)
(2.35198e-15 -2.35198e-15 0)
(5.54395e-15 6.71988e-16 0)
(1.14701e-20 6.71998e-16 0)
(3.52796e-15 -1.34396e-15 0)
(1.344e-15 5.03993e-15 0)
(-1.84798e-15 1.68e-15 0)
(-1.68002e-16 -6.71972e-16 0)
(-2.01599e-15 2.68795e-15 0)
(3.35985e-16 -1.34398e-15 0)
(-6.71988e-16 1.344e-15 0)
(1.17598e-15 3.35999e-16 0)
(-1.68e-16 4.67038e-21 0)
(-3.86396e-15 -1.04159e-14 0)
(3.69596e-15 -1.67998e-15 0)
(3.02397e-15 2.01592e-15 0)
(5.71195e-15 -1.67997e-15 0)
(3.36009e-16 3.35974e-16 0)
(8.39977e-16 -6.72003e-16 0)
(-2.18396e-15 4.36794e-15 0)
(6.71977e-16 2.35197e-15 0)
(-2.51998e-15 1.34399e-15 0)
(-5.03994e-15 4.36794e-15 0)
(-1.84802e-15 6.40691e-21 0)
(-3.86392e-15 -2.01597e-15 0)
(2.85595e-15 -3.02396e-15 0)
(1.512e-15 -6.71988e-16 0)
(2.01596e-15 3.02397e-15 0)
(-8.3999e-16 3.35993e-15 0)
(6.29911e-21 -2.68798e-15 0)
(1.67995e-16 -2.01599e-15 0)
(4.03197e-15 -3.02395e-15 0)
(2.85599e-15 1.00799e-15 0)
(-3.35986e-16 1.67998e-15 0)
(4.36795e-15 6.71992e-16 0)
(3.52798e-15 -3.02396e-15 0)
(-6.72013e-16 2.68796e-15 0)
(-1.67998e-15 2.68795e-15 0)
(-2.68797e-15 -1.00798e-15 0)
(-1.34399e-15 1.00799e-15 0)
(1.67996e-16 3.02394e-15 0)
(8.3999e-16 3.35995e-16 0)
(-2.55844e-21 3.35994e-15 0)
(-5.20795e-15 1.67994e-15 0)
(2.68796e-15 1.00798e-15 0)
(1.67999e-15 -2.68795e-15 0)
(5.37595e-15 6.71963e-16 0)
(6.71998e-16 -3.35995e-15 0)
(1.51199e-15 -4.03195e-15 0)
(1.67999e-16 2.01598e-15 0)
(-1.68011e-16 1.67999e-15 0)
(-3.52795e-15 1.00799e-15 0)
(-2.18402e-15 -3.35972e-16 0)
(-5.7119e-15 1.34398e-15 0)
(6.71963e-16 2.35196e-15 0)
(2.35199e-15 -2.01595e-15 0)
(-1.68011e-16 3.69595e-15 0)
(1.67999e-15 3.02397e-15 0)
(-3.52798e-15 -2.01593e-15 0)
(-1.00798e-15 -2.68798e-15 0)
(1.008e-15 -1.34397e-15 0)
(6.38394e-15 -3.28748e-21 0)
(4.87195e-15 -2.01598e-15 0)
(1.84799e-15 2.30089e-20 0)
(1.6801e-16 -2.32429e-20 0)
(3.86395e-15 -1.008e-15 0)
(-3.02396e-15 -4.70394e-15 0)
(8.39975e-16 -2.68796e-15 0)
(-1.84798e-15 -3.35996e-16 0)
(-1.00799e-15 -9.60295e-21 0)
(-3.36006e-16 -1.34396e-15 0)
(5.03994e-16 -1.67998e-15 0)
(6.71985e-16 -1.00799e-15 0)
(-2.68798e-15 3.3601e-16 0)
(-2.01595e-15 -3.36002e-16 0)
(-3.35984e-16 -2.35197e-15 0)
(7.55991e-15 -6.71991e-16 0)
(3.09452e-20 -3.36008e-16 0)
(5.54392e-15 3.35995e-16 0)
(-1.84796e-15 3.36e-16 0)
(-1.84798e-15 4.15066e-21 0)
(-2.01599e-15 -1.00797e-15 0)
(-4.70394e-15 6.71991e-16 0)
(3.35959e-16 1.008e-15 0)
(-1.34397e-15 1.00801e-15 0)
(1.00799e-15 4.36797e-15 0)
(1.00799e-15 1.67999e-15 0)
(-1.51198e-15 1.00801e-15 0)
(-3.52796e-15 3.35975e-16 0)
(-7.09504e-21 3.36033e-16 0)
(-1.00798e-15 4.03193e-15 0)
(5.54393e-15 1.00798e-15 0)
(3.36033e-16 -2.68795e-15 0)
(6.71992e-15 1.67995e-15 0)
(1.17598e-15 -2.35199e-15 0)
(2.01599e-15 -2.01597e-15 0)
(-6.72002e-16 3.69593e-15 0)
(-1.67998e-16 -2.35199e-15 0)
(-3.35995e-15 -2.01597e-15 0)
(1.34398e-15 -1.34398e-15 0)
(-8.39987e-16 -9.51314e-21 0)
(-5.03994e-16 -2.01596e-15 0)
(-1.50308e-21 -5.71193e-15 0)
(-4.53595e-15 -6.71991e-16 0)
(2.18397e-15 3.02394e-15 0)
(2.18399e-15 -1.89812e-21 0)
(2.35199e-15 -4.03195e-15 0)
(4.70396e-15 -3.02399e-15 0)
(5.04012e-16 -1.67996e-15 0)
(6.71973e-16 -3.02398e-15 0)
(-1.67998e-15 -6.72008e-16 0)
(-8.39998e-16 6.71981e-16 0)
(5.03982e-16 1.34398e-15 0)
(-1.67998e-15 6.72021e-16 0)
(-2.51997e-15 2.35197e-15 0)
(1.67997e-15 5.37592e-15 0)
(-6.71966e-16 4.03195e-15 0)
(4.53591e-15 2.35198e-15 0)
(-3.86395e-15 5.03994e-15 0)
(6.71994e-16 7.39188e-15 0)
(-1.34399e-15 -6.71965e-16 0)
(8.40024e-16 9.54847e-21 0)
(4.53594e-15 2.35194e-15 0)
(2.51998e-15 -1.34399e-15 0)
(-3.19195e-15 -2.01596e-15 0)
(4.70395e-15 -4.36795e-15 0)
(-3.35996e-15 -1.67998e-15 0)
(5.04005e-16 -2.35196e-15 0)
(1.67996e-15 -2.43313e-20 0)
(-6.71988e-16 -3.36007e-16 0)
(-1.67998e-15 -2.18047e-20 0)
(-4.06388e-21 -3.36013e-16 0)
(1.60302e-21 -1.00801e-15 0)
(1.00797e-15 -1.34402e-15 0)
(-6.71971e-16 -5.71191e-15 0)
(2.51997e-15 3.3598e-16 0)
(1.00801e-15 6.71979e-16 0)
(9.07189e-15 -1.00797e-15 0)
(-6.71967e-16 6.71947e-16 0)
(-6.72006e-16 6.71987e-16 0)
(-1.84798e-15 -3.35967e-16 0)
(-3.52797e-15 -1.77034e-20 0)
(-2.016e-15 -1.34397e-15 0)
(1.51199e-15 2.01595e-15 0)
(-2.01599e-15 2.016e-15 0)
(-2.01596e-15 6.72025e-16 0)
(5.03971e-16 -1.34399e-15 0)
(2.01601e-15 5.16005e-21 0)
(6.71976e-16 -4.03191e-15 0)
(-6.71989e-16 6.72012e-16 0)
(-1.67997e-15 1.00798e-15 0)
(2.68796e-15 -3.69595e-15 0)
(1.00801e-15 -4.70393e-15 0)
(3.02396e-15 -4.36796e-15 0)
(-1.00797e-15 -6.71998e-16 0)
(2.18397e-15 -3.36017e-16 0)
(-3.36008e-16 -4.03196e-15 0)
(1.68009e-16 6.71974e-16 0)
(-6.71991e-16 -4.36795e-15 0)
(1.00798e-15 -4.03196e-15 0)
(-6.71996e-16 -5.03994e-15 0)
(-7.17947e-22 -6.38391e-15 0)
(-3.4851e-21 6.7197e-16 0)
(-5.03981e-16 -2.01595e-15 0)
(1.51198e-15 1.34394e-15 0)
(3.19197e-15 -2.01601e-15 0)
(4.36797e-15 -2.68796e-15 0)
(3.19197e-15 6.71961e-16 0)
(8.39985e-16 6.72004e-16 0)
(-1.84797e-15 -1.67998e-15 0)
(1.67999e-15 1.34394e-15 0)
(-3.35997e-15 -1.67995e-15 0)
(-2.68797e-15 6.71985e-16 0)
(-1.67992e-16 2.68799e-15 0)
(-1.34399e-15 3.35994e-16 0)
(8.39968e-16 1.34396e-15 0)
(-2.35196e-15 6.72013e-16 0)
(3.86395e-15 -1.34397e-15 0)
(-1.67992e-16 2.68793e-15 0)
(-5.03996e-16 -3.35982e-16 0)
(-1.84799e-15 1.34398e-15 0)
(-1.34397e-15 4.70391e-15 0)
(3.35995e-15 1.34397e-15 0)
(1.00799e-15 -5.03993e-15 0)
(1.84798e-15 4.36792e-15 0)
(2.18398e-15 1.67998e-15 0)
(-2.18397e-15 -7.05593e-15 0)
(-6.71996e-16 -4.70397e-15 0)
(-1.51199e-15 -3.69596e-15 0)
(-9.17473e-22 -2.01599e-15 0)
(-2.68796e-15 -3.35997e-15 0)
(3.35994e-16 2.01594e-15 0)
(1.67993e-16 -2.68795e-15 0)
(-1.67996e-15 -6.38394e-15 0)
(1.00798e-15 -5.03993e-15 0)
(-1.67996e-15 -2.68795e-15 0)
(4.87194e-15 -2.01601e-15 0)
(1.512e-15 -7.0559e-15 0)
(1.84799e-15 -5.71196e-15 0)
(-3.35981e-16 -6.71994e-15 0)
(4.03194e-15 -8.06388e-15 0)
(-4.36795e-15 1.34395e-15 0)
(8.39972e-16 1.008e-15 0)
(-1.17599e-15 4.03193e-15 0)
(-5.03994e-16 1.68e-15 0)
(-1.84797e-15 3.69598e-15 0)
(-6.91386e-22 1.00798e-15 0)
(1.51199e-15 2.68795e-15 0)
(1.51198e-15 6.72e-16 0)
(-3.51974e-21 -2.01599e-15 0)
(-1.34401e-15 -3.35995e-15 0)
(-2.01598e-15 -2.01595e-15 0)
(8.40002e-16 -1.34398e-15 0)
(-1.17597e-15 -6.7202e-16 0)
(5.04001e-16 -7.05588e-15 0)
(2.51997e-15 -2.01599e-15 0)
(-2.85598e-15 -2.0337e-20 0)
(5.0401e-16 -3.35995e-15 0)
(-6.72006e-16 1.34396e-15 0)
(1.00799e-15 1.00799e-15 0)
(5.03979e-16 3.36005e-16 0)
(-5.32019e-21 2.68797e-15 0)
(1.68001e-16 -3.36045e-16 0)
(2.35196e-15 3.35951e-16 0)
(1.68004e-16 -4.03198e-15 0)
(3.35988e-16 -2.35201e-15 0)
(-6.71952e-16 -3.02397e-15 0)
(1.84799e-15 -2.352e-15 0)
(5.37593e-15 -4.03195e-15 0)
(-3.35993e-16 -1.68001e-15 0)
(1.176e-15 2.68792e-15 0)
(1.00798e-15 7.481e-21 0)
(3.35996e-15 -1.25803e-20 0)
(8.39989e-16 -3.35993e-15 0)
(-3.69595e-15 -1.00798e-15 0)
(-3.36004e-16 1.00798e-15 0)
(3.35988e-16 1.008e-15 0)
(1.51198e-15 2.35197e-15 0)
(-5.03994e-15 1.34397e-15 0)
(-1.008e-15 -3.35995e-16 0)
(-3.35997e-16 -1.67999e-15 0)
(-1.34396e-15 6.71976e-16 0)
(1.84796e-15 1.00798e-15 0)
(3.35993e-16 -2.01598e-15 0)
(5.87993e-15 -6.72029e-16 0)
(-1.34398e-15 -1.008e-15 0)
(-2.01597e-15 -6.72001e-16 0)
(2.18396e-15 -1.12581e-20 0)
(8.40003e-16 -6.71973e-16 0)
(-2.01598e-15 2.01597e-15 0)
(2.18397e-15 1.67997e-15 0)
(-1.17597e-15 -3.35984e-16 0)
(3.35988e-16 -8.73586e-15 0)
(-6.71963e-16 -3.69593e-15 0)
(-1.17599e-15 -6.71994e-15 0)
(1.51199e-15 -5.37591e-15 0)
(1.67998e-15 -1.344e-15 0)
(1.51199e-15 -1.34399e-15 0)
(2.184e-15 -6.72037e-16 0)
(2.51997e-15 -6.04791e-15 0)
(3.02396e-15 -3.35996e-15 0)
(-1.67979e-16 -2.68797e-15 0)
(1.344e-15 -4.36794e-15 0)
(-5.03995e-16 -1.008e-15 0)
(-5.03997e-16 1.67995e-15 0)
(5.03974e-16 -6.71979e-16 0)
(-5.03982e-16 1.67997e-15 0)
(2.68795e-15 -1.67997e-15 0)
(-5.37592e-15 -6.04791e-15 0)
(-3.52795e-15 -6.77545e-21 0)
(1.67988e-16 -1.00797e-15 0)
(6.88788e-15 -6.71997e-16 0)
(-4.19991e-15 6.71983e-16 0)
(-8.39991e-16 -2.35197e-15 0)
(3.35997e-15 -6.04793e-15 0)
(-1.84798e-15 -6.04793e-15 0)
(1.00797e-15 -3.35997e-15 0)
(-2.01595e-15 2.01597e-15 0)
(3.35993e-16 -6.72014e-16 0)
(-5.03986e-16 -2.68798e-15 0)
(3.69595e-15 -2.35199e-15 0)
(1.008e-15 -4.36795e-15 0)
(-1.34398e-15 -1.34403e-15 0)
(6.71975e-16 3.35962e-16 0)
(-3.35994e-16 -2.68797e-15 0)
(1.344e-15 -1.00804e-15 0)
(4.70395e-15 -3.69596e-15 0)
(3.52796e-15 -4.03197e-15 0)
(-5.03979e-16 -5.71194e-15 0)
(2.18397e-15 -3.35998e-15 0)
(1.008e-15 -1.34401e-15 0)
(1.008e-15 -1.00801e-15 0)
(2.51998e-15 -3.3603e-16 0)
(-1.51199e-15 -1.67999e-15 0)
(8.39998e-16 -1.67997e-15 0)
(1.67999e-15 -2.68796e-15 0)
(-2.35198e-15 -1.34399e-15 0)
(2.08441e-20 -2.016e-15 0)
(5.03979e-16 -3.69595e-15 0)
(-8.40013e-16 1.34397e-15 0)
(-5.37592e-15 2.68794e-15 0)
(2.85596e-15 -2.68795e-15 0)
(-5.04001e-16 -1.00799e-15 0)
(-1.17599e-15 -1.67371e-20 0)
(1.344e-15 -1.00801e-15 0)
(-3.35999e-16 -2.01599e-15 0)
(-2.68797e-15 -4.03195e-15 0)
(4.19994e-15 -3.35997e-16 0)
(-1.67993e-16 -6.71976e-16 0)
(1.51197e-15 -9.82016e-21 0)
(-1.84795e-15 -5.71192e-15 0)
(8.39985e-16 6.71969e-16 0)
(-5.03991e-16 -4.36795e-15 0)
(-1.51197e-15 7.19763e-21 0)
(2.51997e-15 2.68794e-15 0)
(2.01598e-15 -3.02395e-15 0)
(8.40001e-16 -2.68798e-15 0)
(3.36009e-16 -6.38395e-15 0)
(4.53594e-15 -4.03196e-15 0)
(1.45863e-20 1.00797e-15 0)
(5.0401e-16 -3.02395e-15 0)
(4.53595e-15 -4.36793e-15 0)
(4.19994e-15 -2.35198e-15 0)
(-1.67997e-15 -3.69595e-15 0)
(-1.00798e-15 -1.008e-15 0)
(1.67996e-16 3.02393e-15 0)
(-1.67988e-16 -3.02396e-15 0)
(5.03974e-16 -5.03993e-15 0)
(-9.88204e-22 2.35193e-15 0)
(-3.02396e-15 1.008e-15 0)
(1.17597e-15 -3.35993e-16 0)
(1.00799e-15 6.71977e-16 0)
(-1.67997e-15 -6.71996e-16 0)
(-3.52796e-15 -2.35197e-15 0)
(2.68795e-15 -3.35995e-15 0)
(-2.01596e-15 -1.00802e-15 0)
(-8.3999e-16 -3.35995e-16 0)
(6.71992e-15 -2.68799e-15 0)
(-1.51198e-15 1.34395e-15 0)
(-2.35196e-15 -1.67999e-15 0)
(1.51198e-15 -3.35996e-15 0)
(1.00799e-15 -3.69595e-15 0)
(-3.36e-16 4.36796e-15 0)
(-4.36795e-15 -6.72e-16 0)
(3.02396e-15 -2.01595e-15 0)
(3.35997e-16 3.35974e-16 0)
(6.72e-16 -1.344e-15 0)
(-5.03981e-16 -5.37593e-15 0)
(2.85599e-15 -5.03995e-15 0)
(4.53594e-15 -3.35999e-16 0)
(3.36021e-16 -2.35199e-15 0)
(5.54392e-15 6.71953e-16 0)
(-1.34396e-15 -4.70396e-15 0)
(-5.03992e-16 -1.00799e-15 0)
(-6.72007e-16 -1.68e-15 0)
(1.84799e-15 -9.07189e-15 0)
(1.84796e-15 1.00796e-15 0)
(-1.00797e-15 3.3598e-16 0)
(-3.19197e-15 -1.00797e-15 0)
(-1.00799e-15 -2.68796e-15 0)
(-1.17599e-15 -2.01598e-15 0)
(2.18398e-15 1.2221e-20 0)
(-2.68798e-15 -1.67998e-15 0)
(-1.00799e-15 1.00798e-15 0)
(1.67998e-16 -2.68799e-15 0)
(1.13112e-21 -1.67997e-15 0)
(-1.84796e-15 2.35193e-15 0)
(6.71991e-15 -3.69593e-15 0)
(-1.84797e-15 -3.35984e-16 0)
(-8.3999e-16 -1.34397e-15 0)
(5.03991e-16 4.03193e-15 0)
(1.34398e-15 2.35195e-15 0)
(2.35197e-15 -2.01598e-15 0)
(1.17596e-15 -1.00797e-15 0)
(1.68e-15 4.03194e-15 0)
(1.68001e-16 1.34402e-15 0)
(1.51199e-15 1.68e-15 0)
(-2.01598e-15 -1.008e-15 0)
(3.69597e-15 -3.35997e-15 0)
(3.86396e-15 -3.36011e-16 0)
(-1.67983e-16 -4.36795e-15 0)
(2.35197e-15 -3.69596e-15 0)
(8.40005e-16 -1.34398e-15 0)
(1.34398e-15 -2.85459e-20 0)
(-1.34398e-15 -1.34396e-15 0)
(1.51198e-15 1.00798e-15 0)
(-2.51996e-15 -2.01596e-15 0)
(2.18396e-15 -1.344e-15 0)
(-1.51198e-15 1.34397e-15 0)
(-3.36003e-16 -1.00799e-15 0)
(-1.51199e-15 -6.71999e-16 0)
(8.39996e-16 1.34398e-15 0)
(3.35994e-16 -7.80604e-21 0)
(-2.68798e-15 1.00798e-15 0)
(-1.84797e-15 -1.16493e-20 0)
(4.03194e-15 -3.69594e-15 0)
(-3.35984e-16 -2.01596e-15 0)
(3.02399e-15 1.67995e-15 0)
(-1.51199e-15 2.68796e-15 0)
(1.68001e-16 -3.36002e-16 0)
(-1.67998e-16 1.008e-15 0)
(2.01596e-15 1.30633e-20 0)
(1.00799e-15 1.67999e-15 0)
(-3.52794e-15 6.04791e-15 0)
(2.01598e-15 2.01599e-15 0)
(6.71989e-16 7.3919e-15 0)
(-1.67998e-15 1.00799e-15 0)
(-1.51199e-15 6.7199e-15 0)
(2.51998e-15 2.01598e-15 0)
(3.36023e-16 -3.36007e-16 0)
(3.02397e-15 1.00796e-15 0)
(1.67998e-15 -3.35996e-15 0)
(2.51998e-15 -3.02398e-15 0)
(6.71999e-16 -5.37592e-15 0)
(1.34398e-15 6.71946e-16 0)
(-1.67987e-16 -6.72e-16 0)
(3.36005e-16 -1.344e-15 0)
(1.51196e-15 -1.34397e-15 0)
(-2.35196e-15 -1.68e-15 0)
(-1.34398e-15 -6.72007e-16 0)
(-2.85596e-15 -1.34397e-15 0)
(3.86393e-15 4.70393e-15 0)
(-2.68796e-15 -6.71982e-16 0)
(-5.03995e-16 -2.68796e-15 0)
(-1.51197e-15 -3.35988e-16 0)
(3.86395e-15 2.68793e-15 0)
(1.67998e-15 6.71994e-16 0)
(3.52797e-15 1.68e-15 0)
(1.37507e-20 -3.69594e-15 0)
(1.84797e-15 1.65403e-20 0)
(-8.39981e-16 3.02395e-15 0)
(7.31585e-21 -2.01596e-15 0)
(1.51198e-15 3.69597e-15 0)
(-5.03997e-16 3.42763e-20 0)
(6.72011e-16 2.32877e-20 0)
(6.7198e-16 3.41859e-20 0)
(-5.20796e-15 2.01599e-15 0)
(-1.34397e-15 -1.00795e-15 0)
(4.53595e-15 6.72013e-16 0)
(2.18395e-15 -6.7196e-16 0)
(8.40004e-16 -3.35992e-16 0)
(1.848e-15 2.01596e-15 0)
(-8.39976e-16 -3.69594e-15 0)
(2.35197e-15 -2.35199e-15 0)
(5.03995e-16 -4.70393e-15 0)
(3.35997e-16 -2.01599e-15 0)
(-1.75591e-20 -2.01598e-15 0)
(2.2855e-20 -1.344e-15 0)
(-6.72e-16 2.01599e-15 0)
(1.34398e-15 -6.71989e-16 0)
(-2.85597e-15 1.00797e-15 0)
(-5.03986e-16 -2.35198e-15 0)
(-2.35198e-15 -1.34399e-15 0)
(1.00798e-15 -2.68796e-15 0)
(1.51197e-15 -1.34399e-15 0)
(6.72008e-16 -2.35194e-15 0)
(6.71992e-16 -3.36007e-16 0)
(3.02399e-15 6.71985e-16 0)
(1.84797e-15 -6.72004e-16 0)
(-8.3997e-16 -3.36024e-16 0)
(1.17595e-15 -2.01598e-15 0)
(-3.3599e-16 6.71958e-16 0)
(-5.03988e-16 3.69597e-15 0)
(3.69596e-15 6.71983e-16 0)
(1.17599e-15 5.03997e-15 0)
(-2.68796e-15 3.35997e-15 0)
(-3.02397e-15 1.68e-15 0)
(8.3997e-16 7.7279e-15 0)
(1.68026e-16 6.71992e-15 0)
(1.67987e-16 3.02394e-15 0)
(-5.03987e-16 1.00798e-15 0)
(-6.71991e-16 -3.69594e-15 0)
(4.19994e-15 1.34395e-15 0)
(5.04009e-16 -2.01597e-15 0)
(1.67998e-15 -1.344e-15 0)
(1.008e-15 -2.35196e-15 0)
(-1.34396e-15 3.35996e-16 0)
(2.01597e-15 1.67999e-15 0)
(-1.51201e-15 -5.03993e-15 0)
(8.39989e-16 6.71987e-16 0)
(-1.34399e-15 -3.36016e-16 0)
(1.00801e-15 -8.73587e-15 0)
(-6.95355e-21 -1.00799e-15 0)
(-2.18398e-15 5.71191e-15 0)
(-2.18397e-15 2.01599e-15 0)
(2.18397e-15 7.0559e-15 0)
(-1.17597e-15 3.3602e-16 0)
(3.69598e-15 -1.67998e-15 0)
(2.51996e-15 -4.70395e-15 0)
(-2.85599e-15 -6.71992e-15 0)
(-4.19993e-15 -5.03995e-15 0)
(3.3599e-16 -5.71188e-15 0)
(-8.39992e-16 3.35997e-15 0)
(-2.51996e-15 3.02398e-15 0)
(3.19195e-15 9.40786e-15 0)
(-1.00799e-15 3.69594e-15 0)
(1.84798e-15 2.68796e-15 0)
(-5.56842e-22 1.34399e-15 0)
(1.00797e-15 -7.84735e-21 0)
(-1.51197e-15 -5.71192e-15 0)
(2.68796e-15 -2.35197e-15 0)
(-5.54394e-15 -6.72033e-16 0)
(1.51201e-15 -2.35197e-15 0)
(1.84797e-15 -1.00802e-15 0)
(2.01599e-15 -1.008e-15 0)
(1.51199e-15 -3.36022e-16 0)
(2.01596e-15 -3.02398e-15 0)
(5.04002e-16 -4.03198e-15 0)
(-4.19995e-15 6.71957e-16 0)
(2.35196e-15 -2.01599e-15 0)
(-2.51995e-15 -3.35985e-16 0)
(5.03988e-16 -3.36026e-16 0)
(-1.00799e-15 -4.64021e-21 0)
(2.18397e-15 -1.00797e-15 0)
(-6.71986e-16 2.35198e-15 0)
(1.32249e-20 6.72012e-16 0)
(1.34396e-15 1.34399e-15 0)
(2.73654e-22 6.71959e-16 0)
(-2.85595e-15 -1.67998e-15 0)
(-6.45569e-21 -1.34402e-15 0)
(8.39973e-16 -5.03996e-15 0)
(1.47528e-21 2.01593e-15 0)
(-6.71983e-16 2.01599e-15 0)
(-8.39998e-16 1.67999e-15 0)
(1.68011e-16 1.00801e-15 0)
(-3.35998e-16 4.36085e-20 0)
(-1.512e-15 1.68001e-15 0)
(-3.19195e-15 2.016e-15 0)
(-1.00798e-15 -3.35956e-16 0)
(1.67981e-16 3.35992e-16 0)
(1.67997e-16 4.11252e-21 0)
(-8.40003e-16 2.35197e-15 0)
(1.512e-15 -3.35988e-16 0)
(-1.67993e-16 -3.35996e-16 0)
(4.19997e-15 -1.34397e-15 0)
(1.67995e-15 -6.71983e-16 0)
(-2.18397e-15 7.44842e-21 0)
(-1.67988e-16 -3.35982e-16 0)
(8.39977e-16 -2.35196e-15 0)
(1.17601e-15 3.35994e-16 0)
(6.71968e-16 3.35993e-16 0)
(-1.00797e-15 -6.7198e-16 0)
(1.17599e-15 2.35198e-15 0)
(-5.03983e-16 5.54973e-21 0)
(2.01596e-15 -6.71988e-16 0)
(2.01597e-15 -4.3481e-21 0)
(-8.39984e-16 -1.65246e-20 0)
(-3.02396e-15 -5.71191e-15 0)
(-2.352e-15 -1.68e-15 0)
(-1.00799e-15 -3.02396e-15 0)
(8.4001e-16 -2.68798e-15 0)
(1.17599e-15 -2.01597e-15 0)
(1.67999e-15 -2.01597e-15 0)
(6.38391e-15 1.00799e-15 0)
(-1.67995e-16 -3.35993e-15 0)
(3.35993e-16 2.35196e-15 0)
(-2.18397e-15 7.05592e-15 0)
(-1.67999e-15 5.03995e-15 0)
(8.39977e-16 5.37591e-15 0)
(-2.01599e-15 3.02396e-15 0)
(-1.67982e-16 6.71992e-16 0)
(-6.30857e-21 -1.00796e-15 0)
(1.68006e-16 3.69594e-15 0)
(-6.71989e-16 1.00801e-15 0)
(4.36794e-15 4.03193e-15 0)
(-3.52794e-15 1.34398e-15 0)
(1.68018e-16 4.03197e-15 0)
(2.51996e-15 5.37592e-15 0)
(-1.00799e-15 6.72025e-16 0)
(1.51198e-15 -3.35994e-16 0)
(-1.34398e-15 7.41014e-21 0)
(1.51199e-15 1.67998e-15 0)
(2.01597e-15 4.36795e-15 0)
(-1.67997e-15 3.35997e-15 0)
(-1.17598e-15 6.4116e-21 0)
(-2.01598e-15 -3.50402e-21 0)
(-1.34398e-15 -2.01598e-15 0)
(-2.35199e-15 -1.34398e-15 0)
(-2.016e-15 -2.35198e-15 0)
(-1.17598e-15 -6.72005e-16 0)
(1.67999e-15 -3.35996e-15 0)
(3.02396e-15 -4.03196e-15 0)
(6.71995e-16 -6.71987e-16 0)
(1.00801e-15 -1.34397e-15 0)
(2.68796e-15 2.01596e-15 0)
(5.04e-16 -3.3597e-16 0)
(-3.35999e-16 1.34399e-15 0)
(-3.69597e-15 -2.68794e-15 0)
(-1.17599e-15 -3.35983e-16 0)
(-2.35198e-15 -1.00797e-15 0)
(5.03975e-16 -1.67997e-15 0)
(1.17598e-15 2.01595e-15 0)
(2.184e-15 -2.68795e-15 0)
(-2.18397e-15 1.67998e-15 0)
(2.18399e-15 -1.00798e-15 0)
(6.49356e-21 -2.68794e-15 0)
(2.68793e-15 -3.5848e-21 0)
(1.84801e-15 1.00801e-15 0)
(-1.17598e-15 6.38391e-15 0)
(1.67997e-15 6.72026e-16 0)
(-1.51197e-15 2.35197e-15 0)
(2.85597e-15 3.02396e-15 0)
(-2.68797e-15 1.008e-15 0)
(1.51198e-15 3.35996e-15 0)
(1.17599e-15 3.69595e-15 0)
(-4.53596e-15 -6.71977e-16 0)
(-6.72012e-16 -2.68798e-15 0)
(-4.19996e-15 -2.55267e-20 0)
(-3.69597e-15 -6.72003e-16 0)
(-6.71998e-16 -3.36006e-16 0)
(2.01597e-15 3.35971e-16 0)
(6.72001e-16 -3.35995e-16 0)
(1.55542e-20 4.03196e-15 0)
(2.85593e-15 3.35996e-15 0)
(-1.00796e-15 -3.35982e-16 0)
(1.67997e-15 4.03193e-15 0)
(-1.51198e-15 6.71999e-16 0)
(-2.68797e-15 3.35995e-15 0)
(-1.00801e-15 1.34398e-15 0)
(-6.71992e-15 6.71997e-16 0)
(-1.00799e-15 2.68796e-15 0)
(8.56634e-21 -4.03192e-15 0)
(5.37594e-15 -1.34397e-15 0)
(6.71978e-16 2.35196e-15 0)
(3.69596e-15 -3.35978e-16 0)
(1.512e-15 -3.36028e-16 0)
(1.6803e-16 2.01598e-15 0)
(1.00796e-15 -3.35981e-16 0)
(-1.34398e-15 6.71992e-16 0)
(5.03995e-16 6.04791e-15 0)
(5.03974e-16 -6.71973e-16 0)
(-5.03971e-16 1.3245e-20 0)
(-5.03995e-16 -1.34398e-15 0)
(8.39995e-16 -1.34397e-15 0)
(8.3995e-16 2.01601e-15 0)
(-4.70394e-15 3.35966e-16 0)
(-2.35198e-15 -2.35197e-15 0)
(-4.70394e-15 -3.02397e-15 0)
(-5.04026e-16 -4.70395e-15 0)
(-2.18397e-15 -1.00801e-15 0)
(1.68e-15 -7.3919e-15 0)
(1.34398e-15 -2.01598e-15 0)
(-3.35986e-16 -1.34396e-15 0)
(-5.04005e-16 3.35996e-15 0)
(1.84797e-15 1.34398e-15 0)
(3.36004e-16 -2.01597e-15 0)
(1.34398e-15 1.00799e-15 0)
(-1.68e-15 4.03195e-15 0)
(-2.85597e-15 2.01599e-15 0)
(-3.69596e-15 1.00799e-15 0)
(-5.04012e-16 -6.7199e-16 0)
(-8.39974e-16 3.69595e-15 0)
(2.01596e-15 4.36793e-15 0)
(-4.36792e-15 3.35985e-16 0)
(4.19996e-15 -1.008e-15 0)
(4.53594e-15 5.71193e-15 0)
(3.36001e-16 -4.36792e-15 0)
(2.68797e-15 3.35984e-16 0)
(-1.68001e-16 1.00798e-15 0)
(1.68016e-16 -6.71969e-16 0)
(-1.67998e-15 2.35197e-15 0)
(-2.85596e-15 -1.00797e-15 0)
(3.52794e-15 -3.02396e-15 0)
(-1.67995e-16 -3.36004e-16 0)
(-5.54392e-15 -3.3603e-16 0)
(-3.19198e-15 -3.69594e-15 0)
(8.39946e-16 -3.02398e-15 0)
(-4.70395e-15 -3.36005e-16 0)
(-1.17599e-15 -1.67996e-15 0)
(1.17596e-15 1.00799e-15 0)
(-1.67974e-16 1.67996e-15 0)
(6.71991e-16 2.68797e-15 0)
(2.35195e-15 5.71192e-15 0)
(-4.53595e-15 1.344e-15 0)
(-1.00798e-15 3.02394e-15 0)
(3.36003e-16 -6.38391e-15 0)
(2.35197e-15 -2.01599e-15 0)
(-4.53594e-15 -1.00795e-15 0)
(-1.51199e-15 1.008e-15 0)
(-2.35201e-15 -3.35991e-16 0)
(-1.00799e-15 -1.67998e-15 0)
(2.85596e-15 -6.71992e-16 0)
(1.68009e-16 3.35999e-16 0)
(-2.01598e-15 -3.69593e-15 0)
(2.68798e-15 -4.7039e-15 0)
(1.51198e-15 -1.00798e-15 0)
(1.68e-15 3.35957e-16 0)
(1.34399e-15 -2.01598e-15 0)
(5.03999e-16 -6.71988e-15 0)
(1.84797e-15 -1.00799e-15 0)
(-1.176e-15 3.36003e-16 0)
(-1.67997e-15 5.37593e-15 0)
(-8.39972e-16 -3.35995e-16 0)
(2.18396e-15 1.34399e-15 0)
(-2.85599e-15 3.35997e-15 0)
(-3.02398e-15 2.35197e-15 0)
(-3.19196e-15 1.00799e-15 0)
(-2.01597e-15 1.68e-15 0)
(2.51995e-15 4.36793e-15 0)
(-5.20793e-15 -2.01597e-15 0)
(3.19197e-15 -1.34396e-15 0)
(1.00799e-15 2.51974e-21 0)
(6.72007e-16 6.72007e-16 0)
(-3.36001e-15 5.37596e-15 0)
(-1.84797e-15 -4.3679e-15 0)
(6.71992e-16 2.35195e-15 0)
(1.344e-15 -3.35995e-15 0)
(1.6799e-16 2.35195e-15 0)
(-8.4e-16 3.02396e-15 0)
(-6.04794e-15 4.03196e-15 0)
(-1.51199e-15 2.01597e-15 0)
(1.68005e-16 -3.35974e-16 0)
(1.344e-15 -1.34399e-15 0)
(-1.00799e-15 2.35196e-15 0)
(2.18397e-15 6.04789e-15 0)
(-1.34399e-15 -3.35997e-15 0)
(1.00801e-15 -1.34396e-15 0)
(3.02395e-15 2.01599e-15 0)
(-8.3998e-16 2.68791e-15 0)
(1.68003e-16 -2.01598e-15 0)
(-8.39974e-16 -6.71975e-16 0)
(2.51995e-15 4.03195e-15 0)
(2.85596e-15 4.36795e-15 0)
(1.008e-15 4.36795e-15 0)
(-3.02397e-15 2.01598e-15 0)
(-3.69598e-15 3.36009e-16 0)
(-2.68799e-15 5.03995e-15 0)
(-4.87193e-15 3.02395e-15 0)
(-1.344e-15 -6.71993e-16 0)
(-6.71997e-16 -3.35989e-16 0)
(5.37595e-15 6.71988e-15 0)
(5.03995e-16 3.35997e-16 0)
(1.67997e-15 -1.008e-15 0)
(-6.04791e-15 -2.35198e-15 0)
(5.03976e-16 5.37592e-15 0)
(1.17599e-15 5.62985e-21 0)
(2.85596e-15 -2.35197e-15 0)
(2.40996e-21 -6.71983e-16 0)
(5.03996e-16 -3.3599e-16 0)
(-5.54397e-15 3.35992e-16 0)
(-1.34399e-15 -6.7197e-16 0)
(-1.34398e-15 3.02393e-15 0)
(2.18399e-15 -4.03191e-15 0)
(5.03999e-16 -1.34396e-15 0)
(-1.34398e-15 -3.35998e-16 0)
(5.04e-16 -3.35992e-16 0)
(4.53594e-15 3.35977e-16 0)
(1.848e-15 -1.00801e-15 0)
(-2.184e-15 -5.71189e-15 0)
(5.04e-16 -1.80635e-20 0)
(2.85596e-15 1.34397e-15 0)
(-6.71979e-16 8.62345e-21 0)
(1.00801e-15 -6.71975e-16 0)
(2.18397e-15 1.06025e-20 0)
(-3.52796e-15 6.72014e-16 0)
(-2.85598e-15 3.35996e-15 0)
(-3.02399e-15 3.35998e-15 0)
(-3.69597e-15 -3.35967e-16 0)
(-5.20794e-15 2.01599e-15 0)
(2.01596e-15 2.68797e-15 0)
(3.35998e-15 -2.35192e-15 0)
(-5.0398e-16 6.71988e-16 0)
(8.39992e-16 -1.34397e-15 0)
(6.71978e-16 1.00799e-15 0)
(-2.18399e-15 -2.68796e-15 0)
(-1.17598e-15 6.71991e-16 0)
(3.36024e-16 3.02395e-15 0)
(4.03195e-15 1.34398e-15 0)
(-2.352e-15 -3.36001e-16 0)
(-9.91187e-15 -3.69594e-15 0)
(6.71971e-16 2.35197e-15 0)
(-2.01597e-15 6.72021e-16 0)
(3.69595e-15 3.35994e-15 0)
(3.19196e-15 4.70391e-15 0)
(5.03982e-16 1.00799e-15 0)
(-6.71957e-16 -1.67999e-15 0)
(6.71992e-15 -1.67997e-15 0)
(6.71999e-16 -3.35995e-15 0)
(-2.18398e-15 1.67995e-15 0)
(-3.35998e-16 -1.34398e-15 0)
(1.15298e-20 -1.67997e-15 0)
(1.84798e-15 -2.01597e-15 0)
(3.19197e-15 3.35995e-16 0)
(1.67999e-15 1.008e-15 0)
(-2.35199e-15 4.70393e-15 0)
(-3.35997e-15 2.352e-15 0)
(-6.21593e-15 3.02396e-15 0)
(-2.85599e-15 1.67999e-15 0)
(-3.02398e-15 2.01596e-15 0)
(-3.36e-16 6.72004e-16 0)
(1.67998e-15 4.03194e-15 0)
(3.02396e-15 -3.69596e-15 0)
(-3.35992e-16 3.35978e-16 0)
(-6.71997e-16 -1.00798e-15 0)
(-1.67999e-15 -6.72002e-16 0)
(1.68016e-16 1.62921e-21 0)
(5.71191e-15 1.03045e-20 0)
(-1.67997e-15 6.7199e-16 0)
(-4.53594e-15 9.82285e-21 0)
(-1.84801e-15 2.35197e-15 0)
(1.17598e-15 6.72006e-16 0)
(-1.67996e-16 4.03195e-15 0)
(-8.39984e-16 2.68799e-15 0)
(-3.3599e-16 6.72013e-16 0)
(-1.84798e-15 1.008e-15 0)
(4.03197e-15 -3.35977e-16 0)
(1.34399e-15 1.00798e-15 0)
(-1.17597e-15 -1.34399e-15 0)
(-1.176e-15 -3.02395e-15 0)
(2.35198e-15 -1.34398e-15 0)
(2.49442e-21 -3.36005e-16 0)
(1.51198e-15 -3.36016e-16 0)
(4.36796e-15 -8.75085e-21 0)
(1.34399e-15 -1.67998e-15 0)
(-2.18399e-15 -2.68796e-15 0)
(-8.40009e-16 1.00797e-15 0)
(-5.20795e-15 -3.35989e-16 0)
(-5.20795e-15 1.67998e-15 0)
(-1.17601e-15 -6.71969e-16 0)
(-2.18396e-15 2.35198e-15 0)
(-2.01597e-15 2.35199e-15 0)
(-1.00798e-15 1.34398e-15 0)
(1.99003e-21 -3.35994e-15 0)
(-1.34399e-15 4.36794e-15 0)
(-1.84797e-15 -2.35197e-15 0)
(4.03194e-15 6.71989e-16 0)
(1.84799e-15 -1.83022e-20 0)
(-1.84796e-15 -1.67998e-15 0)
(5.03968e-16 2.01598e-15 0)
(-5.03996e-16 6.38392e-15 0)
(-1.67996e-16 4.03198e-15 0)
(1.17596e-15 2.68799e-15 0)
(-4.87192e-15 4.36795e-15 0)
(2.01596e-15 -1.00796e-15 0)
(-1.17599e-15 3.69595e-15 0)
(2.01598e-15 2.68796e-15 0)
(-1.00798e-15 2.35196e-15 0)
(1.67999e-15 1.67997e-15 0)
(3.69594e-15 5.03996e-15 0)
(-5.03981e-16 7.7279e-15 0)
(-2.35197e-15 1.008e-15 0)
(6.2089e-21 -4.36792e-15 0)
(3.86396e-15 -3.35995e-16 0)
(1.70041e-20 -2.01597e-15 0)
(-3.19197e-15 -1.34399e-15 0)
(-8.39998e-16 -2.01596e-15 0)
(-3.52798e-15 -2.01596e-15 0)
(-2.184e-15 2.35197e-15 0)
(-1.34398e-15 3.35997e-15 0)
(5.03973e-16 3.02399e-15 0)
(-1.67997e-16 7.3919e-15 0)
(1.00798e-15 1.68e-15 0)
(5.03995e-16 3.02394e-15 0)
(-7.55794e-21 -1.67998e-15 0)
(-1.34399e-15 -3.02397e-15 0)
(1.68011e-16 3.35998e-16 0)
(2.51996e-15 -2.68795e-15 0)
(5.54393e-15 -1.00798e-15 0)
(-5.03993e-15 1.67998e-15 0)
(-2.51997e-15 1.008e-15 0)
(-1.51198e-15 2.35197e-15 0)
(-5.03982e-16 2.17527e-20 0)
(-5.0402e-16 2.01598e-15 0)
(-1.17598e-15 2.35195e-15 0)
(1.34396e-15 -3.35994e-15 0)
(-2.51994e-15 1.00798e-15 0)
(1.00798e-15 -3.69593e-15 0)
(2.18398e-15 -1.00799e-15 0)
(1.344e-15 2.01597e-15 0)
(8.39993e-16 -1.00795e-15 0)
(-1.11659e-20 3.35997e-15 0)
(-3.35996e-16 6.04791e-15 0)
(5.0401e-16 3.35997e-15 0)
(4.36793e-15 3.02396e-15 0)
(-1.17598e-15 2.40549e-20 0)
(1.67999e-16 3.35995e-15 0)
(-4.53597e-15 4.03194e-15 0)
(-1.51198e-15 6.72018e-16 0)
(5.03986e-16 2.35197e-15 0)
(-3.35996e-15 1.67997e-15 0)
(3.35979e-16 -4.7039e-15 0)
(3.35997e-16 3.69594e-15 0)
(3.35996e-16 -1.00798e-15 0)
(-1.51198e-15 -9.0719e-15 0)
(1.51198e-15 1.34398e-15 0)
(-1.17598e-15 -3.36002e-16 0)
(1.848e-15 -1.344e-15 0)
(3.35994e-16 -2.68797e-15 0)
(1.00799e-15 -1.67997e-15 0)
(-2.68799e-15 -2.35196e-15 0)
(1.67997e-15 3.35986e-16 0)
(3.19195e-15 1.67997e-15 0)
(-3.52793e-15 2.68798e-15 0)
(-1.87038e-20 1.00799e-15 0)
(-2.18397e-15 -1.00798e-15 0)
(1.84797e-15 -3.35997e-16 0)
(3.36011e-16 3.02395e-15 0)
(3.02398e-15 3.36032e-16 0)
(6.71981e-16 1.34398e-15 0)
(5.04004e-16 6.71983e-16 0)
(-3.35986e-16 3.35997e-16 0)
(1.17597e-15 -6.71955e-16 0)
(5.04002e-16 -3.35997e-16 0)
(-6.71981e-16 -2.68796e-15 0)
(-6.72003e-16 3.35988e-16 0)
(6.71974e-16 -6.71981e-16 0)
(-6.38393e-15 -2.68796e-15 0)
(-1.17599e-15 1.67996e-15 0)
(8.39984e-16 6.72019e-16 0)
(-1.512e-15 -1.00799e-15 0)
(-1.67997e-15 1.00797e-15 0)
(-3.44006e-21 -6.7198e-16 0)
(1.32675e-21 2.35198e-15 0)
(-2.35198e-15 2.68796e-15 0)
(3.35997e-15 4.03194e-15 0)
(-1.67997e-15 1.344e-15 0)
(3.02395e-15 2.68799e-15 0)
(-1.84795e-15 2.35196e-15 0)
(2.68795e-15 -3.35994e-16 0)
(-5.20794e-15 -2.68795e-15 0)
(-1.67998e-15 -1.34398e-15 0)
(1.51199e-15 -4.70393e-15 0)
(4.53592e-15 2.01598e-15 0)
(-2.68796e-15 2.35199e-15 0)
(-2.35197e-15 1.67998e-15 0)
(-8.39981e-16 2.97908e-20 0)
(5.54393e-15 2.68796e-15 0)
(3.02397e-15 4.36793e-15 0)
(-1.84797e-15 1.00798e-15 0)
(1.00799e-15 -1.00796e-15 0)
(2.01597e-15 2.68796e-15 0)
(-1.67993e-16 7.05588e-15 0)
(1.68e-16 -3.35983e-16 0)
(-1.24837e-20 1.34398e-15 0)
(-2.51995e-15 2.68796e-15 0)
(-4.36796e-15 1.34399e-15 0)
(-6.72001e-16 6.72005e-16 0)
(2.01594e-15 2.016e-15 0)
(-2.68795e-15 3.35994e-15 0)
(-2.35198e-15 6.72004e-16 0)
(-1.17599e-15 -3.35991e-16 0)
(-1.68002e-16 -2.68798e-15 0)
(5.03992e-16 4.03193e-15 0)
(-3.52797e-15 4.03197e-15 0)
(3.19197e-15 -6.71971e-16 0)
(-5.03999e-16 1.34396e-15 0)
(3.35998e-15 -1.00798e-15 0)
(-1.17599e-15 4.03196e-15 0)
(-1.34397e-15 1.67999e-15 0)
(-3.19199e-15 4.36791e-15 0)
(1.67998e-15 -6.71966e-16 0)
(-1.84799e-15 3.3599e-16 0)
(5.0404e-16 1.42109e-20 0)
(2.51995e-15 3.02396e-15 0)
(-8.40015e-16 3.35996e-15 0)
(-1.34398e-15 1.00799e-15 0)
(1.68014e-16 2.35197e-15 0)
(1.67999e-15 -6.71983e-16 0)
(2.51997e-15 -2.01594e-15 0)
(2.35198e-15 3.35993e-15 0)
(-6.71982e-16 3.36009e-16 0)
(-1.00799e-15 -3.69592e-15 0)
(8.39991e-16 1.00799e-15 0)
(5.04001e-16 3.36008e-16 0)
(1.67984e-16 -2.01597e-15 0)
(-1.67998e-15 1.00799e-15 0)
(-5.04004e-16 6.04794e-15 0)
(-4.87196e-15 1.67998e-15 0)
(-8.39996e-16 -1.34395e-15 0)
(-3.35997e-15 3.36004e-16 0)
(-4.87196e-15 4.36795e-15 0)
(1.00798e-15 1.008e-15 0)
(2.01596e-15 -5.03995e-15 0)
(-5.54391e-15 -4.36797e-15 0)
(2.51996e-15 -3.35995e-15 0)
(-1.17597e-15 -1.00796e-15 0)
(4.03196e-15 -1.34398e-15 0)
(-1.67998e-15 -6.7198e-16 0)
(1.00797e-15 -3.35994e-16 0)
(-3.86397e-15 1.344e-15 0)
(1.176e-15 3.69594e-15 0)
(-1.00799e-15 2.68798e-15 0)
(5.71191e-15 2.68797e-15 0)
(-5.03973e-16 -3.35986e-16 0)
(-3.86395e-15 6.72006e-16 0)
(-6.72005e-16 3.69595e-15 0)
(1.51199e-15 3.36023e-16 0)
(-6.71983e-16 2.35196e-15 0)
(3.35997e-15 -3.36002e-16 0)
(1.84799e-15 -1.00797e-15 0)
(1.51197e-15 1.00799e-15 0)
(-6.71991e-16 1.67996e-15 0)
(-8.39984e-16 1.00799e-15 0)
(1.67996e-15 1.67998e-15 0)
(-1.51198e-15 1.00799e-15 0)
(2.01597e-15 -1.00799e-15 0)
(-2.85597e-15 6.04791e-15 0)
(-6.21592e-15 1.00802e-15 0)
(1.51196e-15 2.35195e-15 0)
(-2.68798e-15 3.69597e-15 0)
(-5.54395e-15 2.35199e-15 0)
(3.35993e-16 3.69596e-15 0)
(1.34398e-15 -5.71192e-15 0)
(-5.03993e-15 -1.34399e-15 0)
(4.87195e-15 2.01596e-15 0)
(1.51198e-15 2.01597e-15 0)
(1.51199e-15 6.04792e-15 0)
(-1.51198e-15 -5.46325e-21 0)
(-5.03992e-16 3.35991e-16 0)
(-2.85598e-15 6.72004e-16 0)
(2.35197e-15 -3.3598e-16 0)
(2.01597e-15 4.03196e-15 0)
(6.7202e-16 1.67997e-15 0)
(-1.008e-15 8.30431e-21 0)
(-3.52795e-15 -1.00798e-15 0)
(1.51198e-15 -4.36792e-15 0)
(2.01598e-15 1.00798e-15 0)
(5.03984e-16 2.01599e-15 0)
(3.35997e-15 3.02397e-15 0)
(1.00801e-15 1.00799e-15 0)
(-2.18397e-15 -1.34399e-15 0)
(2.01597e-15 -3.69594e-15 0)
(-8.39991e-16 3.35995e-15 0)
(-4.36794e-15 -1.00798e-15 0)
(-6.71999e-16 2.35196e-15 0)
(3.52795e-15 -1.67996e-15 0)
(1.67997e-15 -3.02394e-15 0)
(-4.36796e-15 1.67995e-15 0)
(-2.01598e-15 3.36034e-16 0)
(-2.18399e-15 2.35196e-15 0)
(-3.02396e-15 -1.00797e-15 0)
(3.35991e-16 3.02397e-15 0)
(2.35196e-15 -2.68798e-15 0)
(-5.04001e-16 -7.46442e-21 0)
(4.70395e-15 -2.35196e-15 0)
(-3.35979e-16 -2.01598e-15 0)
(1.512e-15 -3.35997e-15 0)
(6.7198e-16 -4.36792e-15 0)
(-2.18398e-15 -1.67999e-15 0)
(-3.36001e-16 2.01597e-15 0)
(2.85598e-15 1.00799e-15 0)
(-1.344e-15 2.35195e-15 0)
(1.67997e-16 -3.35993e-15 0)
(-8.39972e-16 6.71976e-16 0)
(3.35978e-16 3.02394e-15 0)
(2.01599e-15 1.008e-15 0)
(-1.51198e-15 3.02397e-15 0)
(6.72008e-16 2.35199e-15 0)
(1.6799e-16 2.35197e-15 0)
(1.67998e-15 3.3599e-16 0)
(-1.67996e-16 2.01597e-15 0)
(1.00799e-15 -6.72001e-16 0)
(1.84799e-15 1.34399e-15 0)
(-3.02399e-15 2.70797e-21 0)
(-1.512e-15 -3.35995e-15 0)
(-8.39954e-16 -2.01522e-20 0)
(3.69594e-15 1.00797e-15 0)
(-2.35196e-15 -1.67995e-15 0)
(-3.52797e-15 4.03193e-15 0)
(-2.85597e-15 2.016e-15 0)
(-6.72e-16 6.04792e-15 0)
(8.39982e-16 4.36797e-15 0)
(1.51198e-15 3.35996e-15 0)
(1.81022e-20 2.68799e-15 0)
(1.00799e-15 1.00799e-15 0)
(1.00798e-15 1.67999e-15 0)
(4.70395e-15 1.00799e-15 0)
(-2.51997e-15 2.01592e-15 0)
(1.20191e-20 -3.133e-21 0)
(-1.68008e-16 -3.69594e-15 0)
(2.01596e-15 3.35991e-16 0)
(-5.03982e-16 -1.67996e-15 0)
(-8.39976e-16 1.67997e-15 0)
(3.35992e-16 -1.00798e-15 0)
(-2.35197e-15 3.31854e-20 0)
(3.35996e-15 4.03191e-15 0)
(2.51997e-15 1.34399e-15 0)
(1.34399e-15 -6.71981e-16 0)
(-3.02399e-15 -2.01597e-15 0)
(5.04015e-16 -3.69596e-15 0)
(-5.03994e-16 -2.35196e-15 0)
(2.68798e-15 1.67997e-15 0)
(2.18397e-15 -1.67996e-15 0)
(-3.35996e-15 6.04791e-15 0)
(-5.54392e-15 2.01598e-15 0)
(6.55189e-15 3.36007e-16 0)
(-6.71962e-16 1.00799e-15 0)
(-6.72008e-16 1.34398e-15 0)
(3.35983e-16 6.72008e-16 0)
(-3.86396e-15 3.36008e-16 0)
(1.34399e-15 4.36795e-15 0)
(-3.35988e-16 4.70393e-15 0)
(5.6249e-21 2.01598e-15 0)
(1.34398e-15 1.67998e-15 0)
(2.68796e-15 -2.23979e-21 0)
(-8.39978e-16 -6.71991e-16 0)
(-8.39974e-16 1.34398e-15 0)
(-1.34398e-15 -1.34396e-15 0)
(2.18397e-15 1.34399e-15 0)
(-1.32087e-20 6.7199e-16 0)
(-1.84795e-15 1.06157e-23 0)
(6.71977e-16 -3.02395e-15 0)
(1.84798e-15 -3.36001e-16 0)
(1.68003e-16 1.34399e-15 0)
(5.03972e-16 1.00798e-15 0)
(-8.39972e-16 6.72024e-16 0)
(-2.86439e-21 -1.34397e-15 0)
(9.2708e-21 -1.344e-15 0)
(-3.52796e-15 -3.35976e-16 0)
(5.03993e-15 1.00799e-15 0)
(1.008e-15 8.06587e-22 0)
(3.52797e-15 4.85792e-21 0)
(1.84799e-15 -6.72004e-16 0)
(-1.008e-15 -6.71979e-16 0)
(-3.35997e-15 -1.67997e-15 0)
(-6.71984e-16 -6.72003e-16 0)
(2.68796e-15 -3.02396e-15 0)
(-3.35994e-15 -2.01597e-15 0)
(5.03983e-16 -8.20929e-21 0)
(-2.35197e-15 -6.7198e-16 0)
(3.52795e-15 -6.71956e-16 0)
(2.49512e-21 1.344e-15 0)
(3.35995e-16 1.30538e-20 0)
(-3.3599e-16 1.344e-15 0)
(1.51198e-15 -1.67996e-15 0)
(1.17599e-15 -6.7199e-16 0)
(1.67999e-15 -6.7199e-16 0)
(6.71987e-16 1.00799e-15 0)
(1.67998e-15 3.35995e-15 0)
(-1.67996e-15 3.35998e-15 0)
(3.52793e-15 3.69596e-15 0)
(-3.35995e-15 4.03195e-15 0)
(1.34399e-15 1.67999e-15 0)
(1.84798e-15 -3.35976e-16 0)
(-3.02396e-15 3.69595e-15 0)
(-3.35999e-16 4.03196e-15 0)
(-3.52797e-15 1.67997e-15 0)
(8.39993e-16 -3.35995e-15 0)
(2.51995e-15 3.02392e-15 0)
(2.68907e-20 1.67999e-15 0)
(-5.03983e-16 -3.36003e-16 0)
(5.87994e-15 -3.35991e-16 0)
(-8.39993e-16 8.36866e-21 0)
(-5.03988e-16 -6.71996e-16 0)
(-3.19197e-15 -6.71978e-16 0)
(-1.17599e-15 -3.36001e-16 0)
(2.85597e-15 6.71737e-21 0)
(2.18394e-15 2.35196e-15 0)
(-1.17597e-15 6.71997e-16 0)
(2.35197e-15 6.38392e-15 0)
(-1.34397e-15 4.03195e-15 0)
(2.40851e-22 7.05589e-15 0)
(4.38848e-21 3.69596e-15 0)
(-3.36002e-16 4.03194e-15 0)
(-2.35197e-15 6.04791e-15 0)
(1.40588e-20 6.71991e-16 0)
(5.54392e-15 -6.71987e-16 0)
(-1.67975e-16 2.35198e-15 0)
(2.18398e-15 2.35201e-15 0)
(-1.008e-15 5.37593e-15 0)
(-2.01596e-15 3.36023e-16 0)
(3.35995e-16 3.36012e-16 0)
(1.67997e-15 2.68797e-15 0)
(5.80439e-21 2.68795e-15 0)
(1.00798e-15 -6.71985e-16 0)
(1.67995e-16 1.67998e-15 0)
(-1.67999e-15 -1.00799e-15 0)
(-2.01597e-15 2.68796e-15 0)
(8.39981e-16 2.352e-15 0)
(1.34399e-15 1.00797e-15 0)
(6.71991e-16 -6.71987e-16 0)
(1.84801e-15 1.67998e-15 0)
(-3.35988e-16 2.35197e-15 0)
(2.68795e-15 1.15482e-20 0)
(-4.03195e-15 4.70391e-15 0)
(6.71983e-16 -2.68796e-15 0)
(-8.39984e-16 2.35197e-15 0)
(-2.35194e-15 -6.71996e-16 0)
(1.51199e-15 -5.0399e-15 0)
(4.87193e-15 3.36005e-16 0)
(1.68001e-16 3.35995e-15 0)
(3.10076e-21 -4.03193e-15 0)
(1.00798e-15 3.3602e-16 0)
(-2.18398e-15 6.71994e-16 0)
(6.72005e-16 3.36006e-16 0)
(3.69595e-15 4.18809e-20 0)
(-1.67996e-15 1.34398e-15 0)
(1.67998e-15 1.34399e-15 0)
(3.02396e-15 1.67998e-15 0)
(-1.00798e-15 -2.68794e-15 0)
(8.39987e-16 -6.71998e-16 0)
(5.03989e-16 3.69595e-15 0)
(-1.51197e-15 -2.01594e-15 0)
(-8.39993e-16 1.68e-15 0)
(-1.176e-15 -1.34398e-15 0)
(1.17599e-15 6.71988e-16 0)
(-3.19196e-15 -1.00796e-15 0)
(5.03988e-16 1.34399e-15 0)
(-1.67998e-15 -1.67999e-15 0)
(3.36006e-16 -3.35993e-15 0)
(3.3599e-16 -1.34398e-15 0)
(3.35997e-15 1.00798e-15 0)
(2.01598e-15 -1.34398e-15 0)
(-8.39991e-16 -2.68798e-15 0)
(-5.37595e-15 -4.36794e-15 0)
(-1.34397e-15 -7.32371e-21 0)
(1.67998e-15 -3.36007e-16 0)
(3.35996e-15 -1.00797e-15 0)
(5.03985e-16 4.70392e-15 0)
(2.68799e-15 1.344e-15 0)
(-8.75586e-21 -6.71981e-16 0)
(1.00738e-20 -3.36013e-16 0)
(6.71991e-16 3.02394e-15 0)
(-2.01597e-15 -3.69596e-15 0)
(-1.17599e-15 -6.71992e-16 0)
(1.84798e-15 6.71952e-16 0)
(3.86396e-15 1.34398e-15 0)
(3.36009e-16 6.7199e-16 0)
(2.18398e-15 -3.35983e-16 0)
(-5.04004e-16 2.35194e-15 0)
(-6.71982e-16 1.67998e-15 0)
(1.00798e-15 -3.02394e-15 0)
(1.34398e-15 2.35193e-15 0)
(-3.02396e-15 1.67998e-15 0)
(-5.01712e-22 -6.71974e-16 0)
(-1.67995e-16 -2.35199e-15 0)
(1.67989e-16 -2.68795e-15 0)
(-1.84798e-15 -1.008e-15 0)
(8.39972e-16 -6.71984e-16 0)
(3.35991e-16 1.34396e-15 0)
(-1.51198e-15 -1.38869e-20 0)
(2.35199e-15 3.35995e-16 0)
(1.00799e-15 -1.67999e-15 0)
(-1.67999e-15 -1.00799e-15 0)
(-3.69596e-15 -1.67999e-15 0)
(4.87192e-15 -1.2224e-20 0)
(5.04011e-16 -3.35986e-16 0)
(-1.84795e-15 3.02394e-15 0)
(-1.51198e-15 1.00801e-15 0)
(2.68797e-15 3.35984e-16 0)
(1.17598e-15 1.07569e-21 0)
(2.01596e-15 -3.69593e-15 0)
(1.17598e-15 -1.34397e-15 0)
(3.35994e-15 -6.71994e-16 0)
(-1.67998e-15 -2.68798e-15 0)
(-5.03987e-16 -2.01596e-15 0)
(3.02399e-15 -5.71194e-15 0)
(1.51199e-15 -1.67997e-15 0)
(6.72005e-16 -1.81557e-20 0)
(-2.01599e-15 -1.67997e-15 0)
(8.39992e-16 -1.34399e-15 0)
(-1.34398e-15 -3.3601e-16 0)
(1.67998e-16 -5.03993e-15 0)
(-3.36009e-16 -3.36008e-16 0)
(1.67988e-16 3.35949e-16 0)
(3.35997e-16 -3.35995e-15 0)
(-1.51198e-15 1.00793e-15 0)
(2.18396e-15 -6.7198e-16 0)
(-4.70394e-15 -3.35997e-15 0)
(-1.67995e-16 -2.68797e-15 0)
(-1.67998e-15 -2.35196e-15 0)
(4.03194e-15 -2.01598e-15 0)
(-8.39971e-16 -3.02397e-15 0)
(-3.3602e-16 -1.67999e-15 0)
(-2.01598e-15 -2.352e-15 0)
(-6.71964e-16 -3.35994e-15 0)
(6.7199e-15 1.34397e-15 0)
(2.68798e-15 -4.03193e-15 0)
(2.18398e-15 7.39188e-15 0)
(-6.06515e-21 -6.71986e-16 0)
(-4.03195e-15 -1.00802e-15 0)
(-1.84796e-15 -2.01597e-15 0)
(-5.03985e-16 3.35993e-15 0)
(-6.71987e-16 -3.35971e-16 0)
(-5.37592e-15 3.35994e-16 0)
(5.03979e-16 -6.7202e-16 0)
(6.04793e-15 -1.008e-15 0)
(2.35199e-15 -3.35997e-15 0)
(2.51996e-15 -4.03197e-15 0)
(-4.03195e-15 -5.37596e-15 0)
(-1.68001e-16 3.35979e-16 0)
(2.18397e-15 2.01595e-15 0)
(-8.40009e-16 2.01595e-15 0)
(-3.35994e-15 -2.016e-15 0)
(-1.008e-15 -7.72789e-15 0)
(1.68008e-16 -2.35201e-15 0)
(-2.68797e-15 -3.35995e-15 0)
(6.71982e-16 -3.36e-15 0)
(6.71987e-16 -5.37595e-15 0)
(-6.71994e-16 -1.00799e-15 0)
(3.36007e-16 1.00795e-15 0)
(3.35996e-15 -4.36793e-15 0)
(5.03986e-16 -1.99481e-20 0)
(-3.02395e-15 -3.36007e-16 0)
(-2.35196e-15 -2.01594e-15 0)
(4.03193e-15 2.01594e-15 0)
(-2.01595e-15 -5.71193e-15 0)
(2.68796e-15 -2.68799e-15 0)
(3.52797e-15 -9.07187e-15 0)
(-1.67998e-16 -1.68e-15 0)
(-4.70396e-15 -2.68794e-15 0)
(6.7198e-16 -2.01599e-15 0)
(1.17598e-15 -6.71962e-16 0)
(1.17599e-15 -3.36008e-16 0)
(-1.51201e-15 1.00799e-15 0)
(-2.01597e-15 -2.68798e-15 0)
(1.51197e-15 -1.34399e-15 0)
(2.01598e-15 -3.02402e-15 0)
(1.84799e-15 -1.17599e-14 0)
(-3.69596e-15 -5.37596e-15 0)
(1.00799e-15 -8.39993e-15 0)
(1.34397e-15 -9.7439e-15 0)
(-3.86394e-15 -7.72793e-15 0)
(-6.72012e-16 -9.4079e-15 0)
(-6.71999e-16 -1.34404e-15 0)
(2.01597e-15 -7.72791e-15 0)
(-5.03985e-16 -1.34402e-15 0)
(-1.00798e-15 -1.008e-15 0)
(1.51198e-15 -2.68797e-15 0)
(1.34399e-15 -1.00802e-15 0)
(2.18396e-15 -2.68796e-15 0)
(-5.03967e-16 -3.36014e-16 0)
(3.36006e-16 -2.01596e-15 0)
(3.35983e-16 -6.71976e-16 0)
(-1.17599e-15 2.35198e-15 0)
(1.17599e-15 6.7201e-16 0)
(-6.7199e-16 -2.68796e-15 0)
(3.36008e-16 -6.71995e-16 0)
(4.87194e-15 -3.3601e-16 0)
(-2.18397e-15 -1.67998e-15 0)
(-5.03994e-15 -3.35999e-15 0)
(1.00799e-15 -6.71984e-16 0)
(-2.78681e-21 -3.35996e-15 0)
(-5.37593e-15 1.00796e-15 0)
(-2.184e-15 -3.02399e-15 0)
(-1.176e-15 -1.14239e-14 0)
(-3.69595e-15 -4.36799e-15 0)
(8.39992e-16 -1.24319e-14 0)
(3.19196e-15 -6.38398e-15 0)
(2.01597e-15 -6.71997e-15 0)
(-3.36003e-16 -9.07193e-15 0)
(-1.00797e-15 -8.73593e-15 0)
(2.51995e-15 -9.4079e-15 0)
(-1.51199e-15 -1.00799e-14 0)
(-2.18397e-15 -6.04795e-15 0)
(3.36004e-16 -7.05592e-15 0)
(-5.03997e-16 -7.39192e-15 0)
(-5.31131e-21 -3.35998e-15 0)
(3.36009e-16 -1.00801e-15 0)
(1.34398e-15 -6.71992e-15 0)
(1.848e-15 -4.03196e-15 0)
(2.01599e-15 -3.36008e-16 0)
(2.01598e-15 2.35197e-15 0)
(8.39993e-16 5.37594e-15 0)
(-3.35996e-15 1.14238e-14 0)
(-1.00799e-15 3.69597e-15 0)
(1.00797e-15 4.70393e-15 0)
(-1.34395e-15 -1.34398e-15 0)
(2.01598e-15 3.69595e-15 0)
(2.18398e-15 1.34399e-15 0)
(4.36793e-15 3.02399e-15 0)
(6.71994e-16 4.03195e-15 0)
(8.39982e-16 -3.02398e-15 0)
(-4.70397e-15 -1.34398e-15 0)
(-5.87994e-15 -1.00798e-15 0)
(-1.67998e-15 -2.81726e-20 0)
(-1.848e-15 -1.008e-15 0)
(-1.17598e-15 -1.68001e-15 0)
(3.19196e-15 -3.02398e-15 0)
(1.67996e-16 -4.70398e-15 0)
(-3.35994e-15 -6.04796e-15 0)
(3.35994e-15 -5.03998e-15 0)
(-1.34398e-15 -5.71198e-15 0)
(-8.39984e-16 -3.024e-15 0)
(1.51198e-15 -6.04793e-15 0)
(1.68e-15 -1.34402e-15 0)
(2.18397e-15 -1.34401e-15 0)
(6.72463e-21 -3.35996e-15 0)
(8.3998e-16 -3.35996e-15 0)
(-1.34396e-15 -1.344e-15 0)
(5.37594e-15 -6.72004e-16 0)
(6.55193e-15 -6.71995e-16 0)
(3.19198e-15 8.54735e-21 0)
(2.85595e-15 1.77769e-20 0)
(-4.70394e-15 3.69089e-20 0)
(4.45266e-21 6.72008e-16 0)
(-1.17597e-15 1.00799e-15 0)
(4.53594e-15 5.92734e-21 0)
(3.36003e-16 -1.34398e-15 0)
(-8.39994e-16 -1.34398e-15 0)
(-5.0399e-16 -1.34398e-15 0)
(-3.35992e-16 6.71987e-16 0)
(8.39985e-16 -1.00799e-15 0)
(-6.88794e-15 -5.71195e-15 0)
(-3.86397e-15 -1.344e-15 0)
(-2.68798e-15 -2.35198e-15 0)
(-3.69597e-15 -4.36797e-15 0)
(-5.03994e-16 -4.36797e-15 0)
(2.68797e-15 -6.71996e-15 0)
(-8.39994e-16 -1.17599e-14 0)
(-2.18397e-15 -9.74393e-15 0)
(8.39991e-16 -8.39994e-15 0)
(-3.35994e-16 -9.7439e-15 0)
(2.51996e-15 -7.39194e-15 0)
(6.72007e-16 -4.36799e-15 0)
(4.03195e-15 -2.688e-15 0)
(1.79488e-20 -5.03997e-15 0)
(2.35198e-15 -2.68798e-15 0)
(7.60455e-21 -1.00801e-15 0)
(5.0401e-16 -1.7284e-21 0)
(3.52797e-15 -1.00799e-15 0)
(6.55194e-15 -2.35197e-15 0)
(1.84801e-15 1.00798e-15 0)
(1.84798e-15 2.35196e-15 0)
(-3.35996e-15 8.50085e-22 0)
(-3.36015e-16 3.35995e-15 0)
(3.52796e-15 -1.34395e-15 0)
(-1.84796e-15 3.35995e-15 0)
(1.51197e-15 -3.02397e-15 0)
(-3.36003e-16 1.34398e-15 0)
(-2.35196e-15 -3.36014e-16 0)
(3.35992e-16 1.008e-15 0)
(6.71981e-16 2.01595e-15 0)
(-4.87196e-15 -4.03194e-15 0)
(-4.53597e-15 -1.008e-15 0)
(-1.68e-15 -2.68798e-15 0)
(-5.37594e-15 -2.01598e-15 0)
(-2.51999e-15 -3.69598e-15 0)
(-1.00799e-15 -9.40793e-15 0)
(1.84799e-15 -3.02403e-15 0)
(-6.71997e-16 -5.71193e-15 0)
(-8.39979e-16 -6.71996e-15 0)
(-5.03995e-16 -2.352e-15 0)
(-3.02395e-15 -4.36798e-15 0)
(6.38392e-15 -3.35998e-15 0)
(4.53597e-15 -5.03995e-15 0)
(1.008e-15 -5.71192e-15 0)
(2.01598e-15 -1.68002e-15 0)
(2.51999e-15 -3.69596e-15 0)
(4.87193e-15 -1.34399e-15 0)
(3.36033e-16 1.67997e-15 0)
(5.03997e-15 -1.34398e-15 0)
(7.39191e-15 6.71988e-16 0)
(1.67998e-15 -3.35995e-15 0)
(-2.68796e-15 -2.01597e-15 0)
(-1.51197e-15 -1.67998e-15 0)
(-1.51198e-15 4.03194e-15 0)
(1.51198e-15 2.68798e-15 0)
(-2.68796e-15 2.35197e-15 0)
(-1.68006e-16 -1.67999e-15 0)
(3.86394e-15 -3.02394e-15 0)
(1.51198e-15 1.00797e-15 0)
(-1.00798e-15 1.68001e-15 0)
(-3.36e-15 1.34398e-15 0)
(-1.05839e-14 -2.01599e-15 0)
(-1.68e-15 1.67996e-15 0)
(-5.03998e-15 -3.69598e-15 0)
(-5.03994e-15 -2.352e-15 0)
(3.35977e-16 -8.06389e-15 0)
(2.12795e-20 -8.06393e-15 0)
(2.85597e-15 -3.69601e-15 0)
(4.19996e-15 -5.37593e-15 0)
(1.34397e-15 -5.37598e-15 0)
(-1.67998e-15 -4.36795e-15 0)
(8.4001e-16 -4.70396e-15 0)
(2.51997e-15 -2.35198e-15 0)
(2.85598e-15 -2.01602e-15 0)
(2.35199e-15 -4.36795e-15 0)
(2.85598e-15 -5.37595e-15 0)
(1.00802e-15 -1.00799e-15 0)
(7.05592e-15 6.71988e-16 0)
(8.39991e-15 -1.66186e-21 0)
(1.17603e-15 -6.71994e-16 0)
(-1.00798e-15 -3.35998e-16 0)
(-2.85598e-15 -2.68797e-15 0)
(2.68796e-15 -1.00799e-15 0)
(-1.84798e-15 -3.69594e-15 0)
(4.87192e-15 3.69596e-15 0)
(-2.35197e-15 -3.36008e-16 0)
(-1.17598e-15 -5.89572e-23 0)
(-1.00797e-15 -2.74059e-20 0)
(2.85596e-15 -1.00796e-15 0)
(-6.72e-16 4.70391e-15 0)
(-8.9039e-15 -3.36008e-16 0)
(-9.07193e-15 -6.71996e-16 0)
(-2.352e-15 -4.03195e-15 0)
(-1.07519e-14 -1.67999e-15 0)
(-8.40014e-16 -6.71993e-15 0)
(-6.04793e-15 -4.032e-15 0)
(4.87195e-15 -5.03998e-15 0)
(3.35998e-15 -8.39989e-15 0)
(1.67999e-15 -7.39196e-15 0)
(3.52797e-15 -6.38393e-15 0)
(-1.00799e-15 -5.03998e-15 0)
(3.36002e-16 -9.0719e-15 0)
(3.35996e-15 -4.032e-15 0)
(1.344e-15 -6.04793e-15 0)
(3.36013e-16 -3.69598e-15 0)
(9.4079e-15 3.35982e-16 0)
(3.19197e-15 -1.34399e-15 0)
(8.40013e-16 -1.34401e-15 0)
(5.87997e-15 2.68794e-15 0)
(5.20794e-15 -6.71983e-16 0)
(-1.67995e-16 2.68795e-15 0)
(1.67996e-15 -1.008e-15 0)
(-1.00798e-15 3.02395e-15 0)
(-1.67998e-16 3.69596e-15 0)
(-3.35993e-15 1.67997e-15 0)
(2.35195e-15 -2.68794e-15 0)
(-1.67999e-15 -3.35992e-16 0)
(1.17599e-15 -1.00798e-15 0)
(8.40006e-16 -2.68798e-15 0)
(1.67996e-15 -7.7279e-15 0)
(-7.22393e-15 -1.008e-15 0)
(-9.74393e-15 -4.70395e-15 0)
(-4.53596e-15 -1.34402e-15 0)
(-9.07193e-15 -5.37596e-15 0)
(-2.21752e-20 -7.39196e-15 0)
(-3.69598e-15 -4.36797e-15 0)
(2.68798e-15 -5.37593e-15 0)
(2.35199e-15 3.3592e-16 0)
(8.39991e-16 -5.03996e-15 0)
(2.85598e-15 -1.68001e-15 0)
(5.04002e-16 -5.37595e-15 0)
(5.04002e-16 -6.38394e-15 0)
(8.39992e-16 -7.39193e-15 0)
(3.69597e-15 -7.05591e-15 0)
(2.68797e-15 -3.69597e-15 0)
(2.85601e-15 -3.3601e-16 0)
(6.7199e-15 -5.37593e-15 0)
(2.184e-15 -5.37593e-15 0)
(9.07193e-15 -1.008e-15 0)
(1.344e-15 -2.01598e-15 0)
(1.67998e-15 -3.69596e-15 0)
(-2.51997e-15 -2.01599e-15 0)
(2.51998e-15 -4.36795e-15 0)
(-1.6799e-16 3.35991e-16 0)
(1.51197e-15 -1.67996e-15 0)
(-2.18396e-15 5.37591e-15 0)
(-2.18398e-15 1.34398e-15 0)
(5.54394e-15 -2.68795e-15 0)
(1.67997e-15 -3.35997e-15 0)
(1.00798e-15 1.67996e-15 0)
(-6.21597e-15 1.34396e-15 0)
(-9.07191e-15 -3.35996e-15 0)
(-5.54399e-15 -2.35195e-15 0)
(-9.23991e-15 -6.71993e-15 0)
(-2.52e-15 -2.68798e-15 0)
(-6.38392e-15 -1.344e-15 0)
(2.18398e-15 -2.35201e-15 0)
(4.70395e-15 -5.37592e-15 0)
(-8.39977e-16 -6.04792e-15 0)
(2.68798e-15 -5.37598e-15 0)
(5.03985e-16 -2.68799e-15 0)
(3.32274e-21 -3.696e-15 0)
(-1.67991e-16 -6.04795e-15 0)
(5.87994e-15 1.00792e-15 0)
(2.35199e-15 -4.36796e-15 0)
(9.23992e-15 -5.71195e-15 0)
(8.40025e-16 -1.34402e-15 0)
(1.00801e-15 -3.02395e-15 0)
(9.91189e-15 -3.69596e-15 0)
(4.19997e-15 -6.71993e-15 0)
(-2.18398e-15 -3.69597e-15 0)
(-2.51996e-15 -1.00801e-15 0)
(1.67998e-15 -8.73587e-15 0)
(5.20793e-15 3.35961e-16 0)
(1.176e-15 6.71974e-16 0)
(-5.03995e-16 -4.36794e-15 0)
(-1.84799e-15 4.2428e-21 0)
(-5.03992e-15 5.7119e-15 0)
(-1.07086e-20 3.35989e-16 0)
(5.03985e-16 -2.01598e-15 0)
(-1.00799e-14 -3.69593e-15 0)
(-7.55996e-15 4.70391e-15 0)
(-6.04796e-15 -1.67998e-15 0)
(-7.72794e-15 1.00797e-15 0)
(-2.35201e-15 -1.008e-15 0)
(-2.35199e-15 -3.35997e-15 0)
(6.72008e-16 -2.35199e-15 0)
(1.34399e-15 -2.62592e-20 0)
(1.00797e-15 1.67989e-15 0)
(2.016e-15 -7.39192e-15 0)
(6.72011e-16 -4.36798e-15 0)
(1.67201e-20 -3.35999e-15 0)
(1.68006e-16 -5.03997e-15 0)
(4.53594e-15 -5.71192e-15 0)
(3.86398e-15 -3.36005e-16 0)
(5.03997e-15 -6.38393e-15 0)
(8.90388e-15 -1.00799e-15 0)
(1.512e-15 -3.36028e-16 0)
(3.02402e-15 -4.03196e-15 0)
(6.38391e-15 1.00796e-15 0)
(-6.7198e-16 -4.03196e-15 0)
(-2.51997e-15 -5.71192e-15 0)
(4.36795e-15 1.34393e-15 0)
(1.68024e-16 -7.05589e-15 0)
(2.01598e-15 -2.35197e-15 0)
(2.07924e-20 -3.36008e-16 0)
(-6.72009e-16 -2.68797e-15 0)
(-5.04016e-16 2.10965e-20 0)
(-1.17598e-15 9.32668e-21 0)
(1.51197e-15 -3.69596e-15 0)
(-6.88796e-15 -3.35998e-15 0)
(-7.39193e-15 -6.7199e-15 0)
(-2.01601e-15 6.7199e-15 0)
(-1.00799e-14 6.72012e-16 0)
(-1.02479e-14 -6.71985e-16 0)
(1.17596e-15 6.7196e-16 0)
(-1.68001e-16 -8.06387e-15 0)
(-1.84797e-15 -3.02398e-15 0)
(-3.02396e-15 -1.04159e-14 0)
(3.19195e-15 -4.368e-15 0)
(4.53594e-15 -1.00799e-14 0)
(3.02399e-15 -1.68002e-15 0)
(5.54394e-15 -6.04793e-15 0)
(5.04038e-16 1.67993e-15 0)
(2.51998e-15 3.35989e-16 0)
(7.89592e-15 2.01596e-15 0)
(1.00805e-15 -1.34399e-15 0)
(5.03995e-15 -1.34396e-15 0)
(9.57589e-15 -1.00799e-15 0)
(-8.39948e-16 -1.34398e-15 0)
(6.7199e-16 -4.36794e-15 0)
(3.35997e-16 -1.34401e-15 0)
(1.84798e-15 -3.35994e-15 0)
(3.02395e-15 -3.69598e-15 0)
(2.51998e-15 -1.344e-15 0)
(1.51198e-15 6.7198e-16 0)
(-1.51197e-15 -1.89524e-21 0)
(-5.03969e-16 -1.00798e-15 0)
(-6.71995e-16 1.67998e-15 0)
(-8.39984e-16 -3.35995e-16 0)
(-3.192e-15 3.35994e-16 0)
(-1.00799e-14 4.70395e-15 0)
(-2.51999e-15 3.36024e-16 0)
(-1.19279e-14 5.37595e-15 0)
(-1.34403e-15 2.35199e-15 0)
(-1.67999e-15 -2.35197e-15 0)
(-3.35996e-15 3.35936e-16 0)
(-5.0401e-16 -6.38395e-15 0)
(-3.69596e-15 -3.696e-15 0)
(-1.67995e-16 -1.00799e-14 0)
(3.36024e-16 -7.39193e-15 0)
(6.55191e-15 -4.36795e-15 0)
(4.36799e-15 -6.71996e-16 0)
(6.38393e-15 -5.37591e-15 0)
(2.01601e-15 -6.72006e-16 0)
(8.73593e-15 3.36011e-16 0)
(7.89591e-15 2.35197e-15 0)
(5.04038e-16 4.36794e-15 0)
(5.54396e-15 7.39193e-15 0)
(1.00799e-15 3.02396e-15 0)
(1.67997e-15 2.35196e-15 0)
(-3.35991e-16 6.71992e-15 0)
(-6.71987e-16 3.02394e-15 0)
(-3.35968e-16 -2.01597e-15 0)
(1.51199e-15 -3.02396e-15 0)
(2.68798e-15 -2.35196e-15 0)
(-3.36e-16 -1.34398e-15 0)
(4.19994e-15 2.35198e-15 0)
(3.35995e-16 2.01595e-15 0)
(-1.51198e-15 -2.35199e-15 0)
(-2.35202e-15 -1.22985e-20 0)
(-8.3999e-15 -3.35996e-16 0)
(1.17595e-15 -8.63415e-21 0)
(-1.41119e-14 2.01597e-15 0)
(-5.54396e-15 3.02397e-15 0)
(-5.54398e-15 6.71994e-16 0)
(-5.20795e-15 -2.35198e-15 0)
(3.35994e-16 -7.39194e-15 0)
(-1.67999e-15 -3.35997e-15 0)
(8.4e-16 -1.34401e-15 0)
(4.36794e-15 1.34395e-15 0)
(2.01602e-15 3.02394e-15 0)
(7.89593e-15 6.72012e-16 0)
(5.87995e-15 2.35198e-15 0)
(3.19198e-15 -1.34397e-15 0)
(7.22396e-15 3.36018e-16 0)
(1.17603e-15 -1.00797e-15 0)
(9.74389e-15 1.34401e-15 0)
(6.55193e-15 1.00799e-15 0)
(-1.00796e-15 3.36002e-16 0)
(-3.35996e-16 -6.71965e-16 0)
(-5.03994e-16 -6.71966e-16 0)
(6.72004e-16 2.23938e-20 0)
(1.34397e-15 2.01597e-15 0)
(2.688e-15 1.00798e-15 0)
(5.71192e-15 1.00798e-15 0)
(-4.70393e-15 2.68795e-15 0)
(3.86395e-15 4.70392e-15 0)
(-5.03991e-16 1.00799e-15 0)
(-1.34398e-15 -2.68797e-15 0)
(-2.85597e-15 6.71999e-16 0)
(-3.02401e-15 1.34399e-15 0)
(-3.19196e-15 -3.35996e-16 0)
(-9.74393e-15 -3.69593e-15 0)
(-5.37597e-15 1.34399e-15 0)
(-9.7439e-15 3.35996e-15 0)
(-5.71196e-15 -2.35198e-15 0)
(-1.67998e-16 -1.344e-15 0)
(2.51996e-15 -2.57514e-20 0)
(2.01599e-15 -3.35986e-16 0)
(1.17601e-15 -1.34392e-15 0)
(2.01598e-15 -2.68793e-15 0)
(7.05593e-15 1.00798e-14 0)
(5.03997e-15 4.70395e-15 0)
(4.70398e-15 4.03196e-15 0)
(1.10879e-14 8.73588e-15 0)
(3.69597e-15 2.01596e-15 0)
(4.03198e-15 3.35993e-15 0)
(2.016e-15 -1.34397e-15 0)
(2.01597e-15 -3.35985e-16 0)
(-1.00798e-15 4.3679e-15 0)
(-1.16247e-20 -1.00801e-15 0)
(1.17597e-15 2.01595e-15 0)
(-1.67995e-15 -1.67999e-15 0)
(7.05591e-15 -1.67999e-15 0)
(-2.18396e-15 -3.36006e-16 0)
(3.35986e-16 -4.03194e-15 0)
(2.18397e-15 -6.04791e-15 0)
(-1.67997e-15 -4.70396e-15 0)
(-8.3999e-16 1.34398e-15 0)
(-3.696e-15 7.39193e-15 0)
(-5.54392e-15 -2.68797e-15 0)
(-3.86399e-15 1.008e-15 0)
(-7.72794e-15 3.35996e-15 0)
(-4.03199e-15 3.69596e-15 0)
(-7.22396e-15 -3.35984e-16 0)
(-5.54395e-15 -2.01595e-15 0)
(1.67997e-15 5.03996e-15 0)
(-2.51996e-15 -2.68794e-15 0)
(5.03997e-15 3.69595e-15 0)
(6.38393e-15 4.03192e-15 0)
(-6.71974e-16 3.69597e-15 0)
(4.03196e-15 -2.68791e-15 0)
(4.19999e-15 5.03995e-15 0)
(3.02401e-15 1.34401e-15 0)
(1.32719e-14 6.72031e-16 0)
(4.87197e-15 9.07193e-15 0)
(1.34401e-15 1.00802e-15 0)
(2.01599e-15 -6.71981e-16 0)
(1.84797e-15 1.34398e-15 0)
(1.51197e-15 -3.02394e-15 0)
(-3.19195e-15 -1.67999e-15 0)
(-1.67996e-16 -2.01597e-15 0)
(-1.00798e-15 -1.72219e-20 0)
(4.19995e-15 -3.35996e-15 0)
(1.84799e-15 3.35987e-16 0)
(-6.52506e-21 -2.01599e-15 0)
(-2.18396e-15 -3.36029e-16 0)
(-1.71547e-20 -7.72788e-15 0)
(-1.109e-20 -3.3601e-16 0)
(-8.39989e-15 -4.36796e-15 0)
(-1.17602e-15 -2.35196e-15 0)
(-3.35998e-15 6.71974e-16 0)
(-6.71996e-15 -3.35996e-15 0)
(-9.23991e-15 6.72006e-16 0)
(-4.70398e-15 2.35196e-15 0)
(-5.71194e-15 2.68798e-15 0)
(1.00798e-15 1.67999e-15 0)
(-4.70394e-15 6.04794e-15 0)
(5.87992e-15 4.03198e-15 0)
(5.20796e-15 5.71195e-15 0)
(-5.03965e-16 3.35996e-15 0)
(8.23192e-15 5.03993e-15 0)
(7.89594e-15 -3.02395e-15 0)
(5.20797e-15 6.38394e-15 0)
(7.22396e-15 5.71194e-15 0)
(4.19997e-15 3.36e-15 0)
(2.68798e-15 3.02397e-15 0)
(1.84798e-15 3.35996e-15 0)
(-1.84797e-15 2.35198e-15 0)
(-1.00799e-15 -1.0625e-20 0)
(-1.344e-15 -4.70394e-15 0)
(-3.35991e-16 -2.68798e-15 0)
(1.84797e-15 -4.70391e-15 0)
(3.02399e-15 3.35971e-16 0)
(-1.00799e-15 -3.36e-16 0)
(-2.68797e-15 -7.87048e-21 0)
(-5.04007e-16 -4.36795e-15 0)
(-1.34398e-15 -3.36024e-16 0)
(-5.03996e-16 -2.35195e-15 0)
(-4.70395e-15 -4.03196e-15 0)
(-4.06624e-20 -1.008e-15 0)
(-6.71992e-15 1.37515e-21 0)
(-6.21594e-15 -1.67999e-15 0)
(-3.86398e-15 -2.01599e-15 0)
(-6.21593e-15 -3.69592e-15 0)
(-4.53594e-15 6.71977e-16 0)
(-1.6799e-16 3.36021e-16 0)
(1.51197e-15 6.71992e-16 0)
(3.36056e-16 -1.34396e-15 0)
(2.01599e-15 -1.34394e-15 0)
(3.69592e-15 -4.70391e-15 0)
(4.70393e-15 -2.01597e-15 0)
(7.55992e-15 1.00799e-15 0)
(9.91188e-15 2.68797e-15 0)
(7.72791e-15 4.03196e-15 0)
(3.52797e-15 5.03993e-15 0)
(3.52794e-15 2.68798e-15 0)
(-2.68795e-15 2.01598e-15 0)
(-5.04007e-16 1.34399e-15 0)
(-6.7201e-16 1.67997e-15 0)
(-5.87988e-15 -1.67998e-15 0)
(1.00797e-15 -1.34398e-15 0)
(-3.35975e-16 2.35192e-15 0)
(6.38389e-15 -3.02393e-15 0)
(5.03999e-16 -2.35197e-15 0)
(-1.67998e-15 -6.71989e-16 0)
(-5.54391e-15 -1.00799e-15 0)
(-1.00799e-15 -2.01597e-15 0)
)
;

boundaryField
{
    outerWall
    {
        type            noSlip;
    }
    axis
    {
        type            symmetryPlane;
    }
    nozzle
    {
        type            zeroGradient;
    }
    back
    {
        type            empty;
    }
    front
    {
        type            empty;
    }
}


// ************************************************************************* //
