/*--------------------------------*- C++ -*----------------------------------*\
| =========                 |                                                 |
| \\      /  F ield         | OpenFOAM: The Open Source CFD Toolbox           |
|  \\    /   O peration     | Version:  2412                                  |
|   \\  /    A nd           | Website:  www.openfoam.com                      |
|    \\/     M anipulation  |                                                 |
\*---------------------------------------------------------------------------*/
FoamFile
{
    version     2.0;
    format      ascii;
    arch        "LSB;label=32;scalar=64";
    class       volVectorField;
    location    "2e-05";
    object      U;
}
// * * * * * * * * * * * * * * * * * * * * * * * * * * * * * * * * * * * * * //

dimensions      [0 1 -1 0 0 0 0];

internalField   nonuniform List<vector> 
3725
(
(1.0186e-15 -1.26077e-21 0)
(-4.24416e-15 8.10723e-21 0)
(-3.90461e-15 3.39529e-16 0)
(5.09289e-16 -1.4788e-21 0)
(-6.79069e-16 -1.18836e-14 0)
(8.48828e-16 -6.79067e-16 0)
(1.35814e-15 -1.35812e-15 0)
(-5.09258e-16 1.69764e-15 0)
(1.35814e-15 3.11138e-21 0)
(-1.69792e-16 1.0186e-15 0)
(-1.52793e-15 6.66393e-21 0)
(3.22556e-15 3.3953e-16 0)
(-5.09301e-16 -3.3953e-16 0)
(1.86742e-15 1.2182e-20 0)
(-8.48813e-16 -7.39234e-21 0)
(-1.18836e-15 6.79059e-16 0)
(3.05579e-15 1.69766e-15 0)
(2.37672e-15 -6.79067e-16 0)
(1.52791e-15 -6.79066e-16 0)
(-2.20696e-15 6.79068e-16 0)
(8.48833e-16 1.25627e-14 0)
(5.09305e-16 3.39552e-16 0)
(2.0372e-15 3.39527e-16 0)
(7.64077e-21 -1.15441e-14 0)
(1.01859e-15 1.69765e-15 0)
(1.6976e-16 1.0186e-15 0)
(-2.03719e-15 2.71625e-15 0)
(-2.71626e-15 1.35812e-15 0)
(6.7906e-16 -3.39529e-15 0)
(1.69771e-16 1.22231e-14 0)
(1.0186e-14 3.3954e-16 0)
(-1.86745e-15 5.43253e-15 0)
(-3.90463e-15 6.79087e-16 0)
(-4.44995e-21 4.75345e-15 0)
(-1.69757e-16 3.73487e-15 0)
(-2.37673e-15 2.37676e-15 0)
(3.39532e-15 5.4573e-21 0)
(-1.35813e-15 -2.37669e-15 0)
(2.37672e-15 1.35813e-15 0)
(-2.20696e-15 2.37672e-15 0)
(-2.20697e-15 6.79061e-16 0)
(3.22557e-15 1.01861e-15 0)
(1.5279e-15 6.79065e-16 0)
(3.39542e-16 1.01859e-15 0)
(8.48827e-16 -2.03719e-15 0)
(-2.54649e-15 1.35816e-15 0)
(1.69766e-15 6.79079e-16 0)
(5.09311e-16 -3.05578e-15 0)
(2.03719e-15 -1.35814e-15 0)
(-4.07438e-15 -3.39524e-16 0)
(3.05579e-15 -4.07437e-15 0)
(2.20697e-15 -3.08262e-21 0)
(4.24417e-15 2.03719e-15 0)
(-1.69765e-16 4.75345e-15 0)
(1.86742e-15 -1.35813e-15 0)
(-1.86743e-15 2.37673e-15 0)
(-3.0558e-15 -3.39533e-15 0)
(-2.71628e-15 -2.0372e-15 0)
(-2.03719e-15 1.69766e-15 0)
(-1.18838e-15 -2.71621e-15 0)
(-1.53813e-22 -3.39535e-16 0)
(-5.43252e-15 1.69768e-15 0)
(1.01858e-15 -6.79071e-16 0)
(1.69769e-16 -3.39512e-16 0)
(1.52789e-15 1.69767e-15 0)
(-1.69766e-15 7.13016e-15 0)
(-1.18837e-15 2.71628e-15 0)
(-3.05579e-15 4.75344e-15 0)
(1.01859e-15 1.35814e-15 0)
(-2.88603e-15 -3.73484e-15 0)
(3.56509e-15 1.30406e-20 0)
(5.09313e-16 3.39529e-16 0)
(1.18837e-15 2.03721e-15 0)
(3.39533e-15 3.3952e-16 0)
(1.69784e-16 3.39555e-16 0)
(-3.39539e-16 1.01859e-15 0)
(-5.09298e-16 7.46971e-15 0)
(-1.0186e-15 6.79069e-16 0)
(3.39533e-15 1.69769e-15 0)
(8.48828e-16 -2.0372e-15 0)
(-1.01859e-15 5.77204e-15 0)
(6.79073e-16 3.39537e-16 0)
(3.56511e-15 -1.35813e-15 0)
(1.69767e-15 -1.0186e-15 0)
(-1.86743e-15 -3.39521e-16 0)
(-1.38847e-20 1.01859e-15 0)
(-2.37674e-15 3.76549e-21 0)
(-1.69767e-15 5.43255e-15 0)
(-3.39537e-16 5.77211e-15 0)
(-2.37673e-15 1.39209e-14 0)
(-6.6209e-15 -6.79064e-16 0)
(-6.79087e-16 2.37672e-15 0)
(-6.79056e-16 2.71628e-15 0)
(8.48828e-16 1.69766e-15 0)
(-3.0558e-15 6.7907e-16 0)
(6.79055e-16 2.11157e-20 0)
(-2.71626e-15 2.03719e-15 0)
(8.48829e-16 -6.79033e-16 0)
(1.69764e-16 3.73486e-15 0)
(-4.75346e-15 3.39533e-15 0)
(4.41391e-15 3.73486e-15 0)
(7.43124e-21 -6.79057e-16 0)
(6.79088e-16 -4.8893e-21 0)
(3.39534e-15 -3.39507e-16 0)
(1.5279e-15 3.39531e-16 0)
(8.48824e-16 3.0558e-15 0)
(8.48843e-16 4.07441e-15 0)
(-8.48827e-16 1.32552e-20 0)
(6.79074e-16 -6.71797e-21 0)
(8.48818e-16 -2.0372e-15 0)
(-3.3953e-16 -3.39512e-16 0)
(6.79077e-16 6.79064e-16 0)
(3.73486e-15 -1.0186e-15 0)
(1.69767e-15 -1.0186e-15 0)
(-2.20697e-15 2.71625e-15 0)
(-1.18835e-15 4.48039e-21 0)
(3.39534e-16 1.18837e-14 0)
(3.05582e-15 2.81813e-14 0)
(6.79069e-15 5.56837e-14 0)
(3.05581e-15 8.25069e-14 0)
(-6.96042e-15 2.87316e-23 0)
(-2.0372e-15 -2.71624e-15 0)
(-1.86745e-15 3.05579e-15 0)
(-1.6977e-16 -1.35813e-15 0)
(-1.01859e-15 3.22973e-21 0)
(8.48821e-16 3.3954e-16 0)
(-2.54649e-15 -1.69766e-15 0)
(-1.69765e-16 3.3952e-16 0)
(-8.4885e-16 2.37673e-15 0)
(3.39527e-16 3.73486e-15 0)
(-6.79044e-16 2.37675e-15 0)
(-6.79065e-16 1.35814e-15 0)
(4.75346e-15 6.79069e-16 0)
(1.35815e-15 1.69766e-15 0)
(3.22557e-15 2.71627e-15 0)
(-2.71626e-15 6.7906e-16 0)
(3.73487e-15 -2.37672e-15 0)
(-1.69774e-16 1.69766e-15 0)
(1.69777e-16 -1.69768e-15 0)
(-3.39536e-16 3.3952e-16 0)
(5.8307e-21 -1.20231e-20 0)
(-1.69768e-15 -6.79062e-16 0)
(-6.79054e-16 1.01859e-15 0)
(2.03721e-15 -3.73486e-15 0)
(2.71627e-15 3.39566e-16 0)
(8.31857e-15 1.42605e-14 0)
(1.56186e-14 4.95721e-14 0)
(3.02186e-14 1.26986e-13 0)
(4.10837e-14 2.6246e-13 0)
(2.20697e-14 3.96916e-13 0)
(-5.29328e-21 3.39532e-15 0)
(6.79059e-16 3.39537e-16 0)
(-5.6023e-15 2.37675e-15 0)
(-3.39529e-16 1.69767e-15 0)
(3.05578e-15 1.35814e-15 0)
(-1.52789e-15 1.0186e-15 0)
(-1.5279e-15 2.71627e-15 0)
(-3.39531e-16 3.73486e-15 0)
(5.09288e-16 2.57262e-20 0)
(-8.48823e-16 1.72252e-20 0)
(1.69766e-15 2.37676e-15 0)
(-1.69766e-15 2.37673e-15 0)
(2.71628e-15 -6.7905e-16 0)
(2.37673e-15 6.79061e-16 0)
(3.39534e-15 -6.79074e-16 0)
(-1.69767e-15 4.70681e-21 0)
(3.39543e-16 -1.35812e-15 0)
(-1.69766e-15 1.0186e-15 0)
(3.39517e-16 -5.69724e-21 0)
(-8.48816e-16 1.01859e-15 0)
(2.20695e-15 -3.39531e-15 0)
(-2.20695e-15 -6.79072e-16 0)
(2.03719e-15 1.0186e-15 0)
(4.92325e-15 5.77208e-15 0)
(1.25628e-14 2.58046e-14 0)
(3.54814e-14 7.91116e-14 0)
(8.59022e-14 2.31223e-13 0)
(1.59751e-13 5.87734e-13 0)
(2.05079e-13 1.19007e-12 0)
(1.06953e-13 1.83518e-12 0)
(1.0186e-15 -5.09298e-15 0)
(-1.69764e-16 6.79039e-16 0)
(-3.0558e-15 2.03719e-15 0)
(1.69764e-16 2.37673e-15 0)
(1.69767e-15 1.69767e-15 0)
(8.48833e-16 6.7907e-16 0)
(6.79055e-16 6.79071e-16 0)
(-1.18835e-15 3.39543e-16 0)
(-2.03719e-15 1.35815e-15 0)
(1.69767e-16 4.75348e-15 0)
(6.79063e-16 5.77204e-15 0)
(1.0186e-15 6.11161e-15 0)
(1.18837e-15 2.37673e-15 0)
(-1.69763e-16 -2.71625e-15 0)
(2.20697e-15 -1.01859e-15 0)
(-2.37674e-15 -4.98572e-21 0)
(-1.86743e-15 -3.39551e-16 0)
(-1.69775e-16 2.03719e-15 0)
(-1.5279e-15 -3.0558e-15 0)
(2.20697e-15 -3.05579e-15 0)
(-5.09286e-16 1.01857e-15 0)
(3.39532e-15 1.35814e-15 0)
(4.41396e-15 8.14881e-15 0)
(1.86744e-14 2.44465e-14 0)
(5.80604e-14 1.06274e-13 0)
(1.62467e-13 3.42251e-13 0)
(3.98953e-13 1.00944e-12 0)
(7.48504e-13 2.56892e-12 0)
(9.80236e-13 5.30998e-12 0)
(5.04209e-13 8.35085e-12 0)
(1.35813e-15 -3.39541e-16 0)
(1.35813e-15 -8.48831e-15 0)
(1.86742e-15 2.03719e-15 0)
(-1.91991e-21 1.01861e-15 0)
(-3.39531e-16 3.39541e-16 0)
(-3.39522e-16 1.35813e-15 0)
(8.48833e-16 2.71627e-15 0)
(1.35814e-15 1.35814e-15 0)
(-3.90407e-21 2.37673e-15 0)
(4.24415e-15 4.0744e-15 0)
(-5.09298e-16 -2.03716e-15 0)
(-4.92322e-15 -1.69765e-15 0)
(-1.18837e-15 6.79054e-16 0)
(8.48836e-16 -6.79064e-16 0)
(-2.54651e-15 -1.76307e-20 0)
(1.18837e-15 6.79054e-16 0)
(1.52789e-15 -4.07438e-15 0)
(-7.52954e-22 -2.03721e-15 0)
(-2.71627e-15 1.01858e-15 0)
(1.86745e-15 -3.39534e-15 0)
(1.69766e-15 -1.69766e-15 0)
(5.43255e-15 3.39535e-15 0)
(2.34279e-14 2.68232e-14 0)
(7.62255e-14 1.13405e-13 0)
(2.48879e-13 4.19325e-13 0)
(7.18625e-13 1.41145e-12 0)
(1.75166e-12 4.21566e-12 0)
(3.38465e-12 1.09558e-11 0)
(4.54314e-12 2.32062e-11 0)
(2.38217e-12 3.72996e-11 0)
(8.48843e-16 2.37672e-15 0)
(5.94182e-15 2.03719e-15 0)
(-1.52789e-15 1.69768e-15 0)
(-1.69766e-15 6.79073e-16 0)
(6.79064e-16 1.0186e-15 0)
(-3.39542e-16 -1.01859e-15 0)
(1.18836e-15 -1.69766e-15 0)
(1.35815e-15 1.69767e-15 0)
(-1.18837e-15 -1.01859e-15 0)
(1.86745e-15 -1.69765e-15 0)
(-1.0186e-15 2.37672e-15 0)
(-8.48852e-16 1.35813e-15 0)
(-2.5465e-15 3.39536e-16 0)
(-1.18837e-15 3.39521e-16 0)
(2.5465e-15 -4.41393e-15 0)
(2.03719e-15 -8.48831e-15 0)
(-5.09299e-15 -2.03724e-15 0)
(-8.48846e-16 -4.41393e-15 0)
(1.69765e-15 -3.73486e-15 0)
(3.05582e-15 -1.0186e-15 0)
(6.11161e-15 5.43254e-15 0)
(1.81651e-14 2.44465e-14 0)
(9.01464e-14 1.12386e-13 0)
(3.14579e-13 4.526e-13 0)
(1.02913e-12 1.65693e-12 0)
(3.00777e-12 5.6064e-12 0)
(7.55668e-12 1.71285e-11 0)
(1.49896e-11 4.56647e-11 0)
(2.07378e-11 9.93105e-11 0)
(1.10782e-11 1.63666e-10 0)
(1.35813e-15 -3.05579e-15 0)
(-3.39517e-16 3.05579e-15 0)
(-3.39534e-16 -3.05579e-15 0)
(-8.4884e-16 2.03719e-15 0)
(2.0372e-15 1.0186e-15 0)
(-1.35813e-15 1.35812e-15 0)
(-1.18836e-15 -1.35812e-15 0)
(3.39532e-15 -5.90848e-21 0)
(-5.09294e-16 -6.79079e-16 0)
(2.54649e-15 2.37673e-15 0)
(-2.37674e-15 6.79063e-16 0)
(-2.03718e-15 4.25388e-21 0)
(-1.18839e-15 2.37673e-15 0)
(-2.88602e-15 1.35812e-15 0)
(-1.35813e-15 -3.39538e-16 0)
(-1.69766e-16 2.03717e-15 0)
(6.79035e-16 -2.37672e-15 0)
(-2.03718e-15 -2.71628e-15 0)
(-1.52789e-15 -2.71627e-15 0)
(8.82788e-15 3.05581e-15 0)
(1.95232e-14 1.9693e-14 0)
(8.50534e-14 9.54092e-14 0)
(3.45307e-13 4.16269e-13 0)
(1.2354e-12 1.67119e-12 0)
(4.11771e-12 6.26815e-12 0)
(1.23205e-11 2.16739e-11 0)
(3.17957e-11 6.77752e-11 0)
(6.50229e-11 1.85644e-10 0)
(9.30437e-11 4.15857e-10 0)
(5.06485e-11 7.05058e-10 0)
(-8.48824e-16 -1.01861e-15 0)
(3.56509e-15 -1.01859e-15 0)
(3.0558e-15 -3.3957e-16 0)
(-2.71626e-15 -5.09299e-15 0)
(1.18836e-15 -4.75346e-15 0)
(8.48836e-16 -3.3954e-16 0)
(-1.86744e-15 1.01858e-15 0)
(-1.35813e-15 -3.3953e-16 0)
(3.39533e-16 1.35813e-15 0)
(3.0558e-15 -2.0372e-15 0)
(-6.79066e-16 3.3954e-16 0)
(-3.39536e-16 1.01859e-15 0)
(-5.26277e-15 -3.05579e-15 0)
(1.18836e-15 -2.37672e-15 0)
(1.69763e-16 -2.71626e-15 0)
(-2.03721e-15 -1.35814e-15 0)
(-4.24415e-15 -1.15431e-20 0)
(3.39533e-15 -3.05579e-15 0)
(1.18838e-15 2.71627e-15 0)
(1.90139e-14 1.18837e-14 0)
(7.55464e-14 7.40185e-14 0)
(3.17974e-13 3.41572e-13 0)
(1.27105e-12 1.46713e-12 0)
(4.70255e-12 6.00059e-12 0)
(1.60303e-11 2.29627e-11 0)
(4.91383e-11 8.12038e-11 0)
(1.30537e-10 2.60494e-10 0)
(2.76052e-10 7.34783e-10 0)
(4.10298e-10 1.70085e-09 0)
(2.27977e-10 2.97834e-09 0)
(-5.09296e-16 -2.37673e-15 0)
(1.5279e-15 -3.73487e-15 0)
(2.71626e-15 -7.80926e-15 0)
(-2.03719e-15 3.39499e-16 0)
(2.71626e-15 -1.35815e-15 0)
(7.11348e-21 -2.37674e-15 0)
(-1.69766e-15 -6.79071e-16 0)
(-1.5279e-15 1.25907e-21 0)
(1.35813e-15 -1.35813e-15 0)
(3.73488e-15 -2.37672e-15 0)
(-8.30076e-21 -1.69767e-15 0)
(-1.35814e-15 -2.93736e-21 0)
(-2.20697e-15 1.35811e-15 0)
(-3.0558e-15 1.17965e-21 0)
(1.35813e-15 4.75344e-15 0)
(-2.88604e-15 -1.35813e-15 0)
(-3.39533e-15 -2.37674e-15 0)
(6.1116e-15 1.69767e-15 0)
(9.50699e-15 1.25628e-14 0)
(5.87395e-14 4.9572e-14 0)
(2.63479e-13 2.43786e-13 0)
(1.13523e-12 1.12895e-12 0)
(4.59051e-12 4.97927e-12 0)
(1.73545e-11 2.07425e-11 0)
(6.052e-11 8.11233e-11 0)
(1.90469e-10 2.94085e-10 0)
(5.21976e-10 9.70002e-10 0)
(1.14529e-09 2.82532e-09 0)
(1.77572e-09 6.78702e-09 0)
(1.00876e-09 1.23432e-08 0)
(-2.80044e-21 1.01859e-15 0)
(-1.0186e-15 -3.39549e-16 0)
(-3.39522e-16 -6.79065e-15 0)
(-1.69773e-16 -5.77207e-15 0)
(1.35813e-15 -5.09299e-15 0)
(2.20697e-15 -6.45113e-15 0)
(-2.03719e-15 -4.07441e-15 0)
(1.5279e-15 -2.71627e-15 0)
(1.77541e-20 6.79055e-16 0)
(5.60228e-15 1.01859e-15 0)
(-1.69767e-15 -2.03721e-15 0)
(-5.09304e-16 -4.75346e-15 0)
(-1.86744e-15 -3.39533e-15 0)
(-5.43252e-15 2.37673e-15 0)
(3.56509e-15 -1.01859e-15 0)
(-1.18837e-15 2.0372e-15 0)
(-3.73484e-15 -1.01859e-15 0)
(9.33719e-15 7.46975e-15 0)
(4.10837e-14 2.78418e-14 0)
(1.94384e-13 1.54488e-13 0)
(8.86016e-13 7.5852e-13 0)
(3.86849e-12 3.58718e-12 0)
(1.59805e-11 1.61113e-11 0)
(6.18102e-11 6.86474e-11 0)
(2.21039e-10 2.75218e-10 0)
(7.15799e-10 1.02523e-09 0)
(2.02896e-09 3.48655e-09 0)
(4.63882e-09 1.05174e-08 0)
(7.54874e-09 2.6338e-08 0)
(4.39514e-09 5.00236e-08 0)
(-8.48831e-16 2.12777e-21 0)
(-1.35814e-15 1.35813e-15 0)
(2.54651e-15 -2.588e-20 0)
(-1.5279e-15 -3.0558e-15 0)
(-1.86743e-15 1.35809e-15 0)
(3.90463e-15 -3.73488e-15 0)
(6.79064e-16 -3.39543e-16 0)
(2.5465e-15 -1.69768e-15 0)
(2.37673e-15 1.01859e-15 0)
(-3.39517e-16 1.35811e-15 0)
(-2.71627e-15 -3.73486e-15 0)
(1.52789e-15 -2.03721e-15 0)
(-2.71627e-15 3.39519e-16 0)
(-2.88603e-15 -2.37672e-15 0)
(2.37673e-15 -6.79067e-16 0)
(3.39529e-16 2.71626e-15 0)
(4.24418e-15 6.79068e-15 0)
(2.30883e-14 1.52791e-14 0)
(1.20535e-13 8.89581e-14 0)
(6.06409e-13 4.49204e-13 0)
(2.83902e-12 2.24602e-12 0)
(1.26475e-11 1.07829e-11 0)
(5.33877e-11 4.95578e-11 0)
(2.11683e-10 2.16467e-10 0)
(7.77953e-10 8.91888e-10 0)
(2.59898e-09 3.42438e-09 0)
(7.6411e-09 1.20514e-08 0)
(1.82838e-08 3.78099e-08 0)
(3.14054e-08 9.93776e-08 0)
(1.8773e-08 1.99118e-07 0)
(-5.80875e-21 -2.0372e-15 0)
(-1.18836e-15 6.7907e-16 0)
(3.73485e-15 -1.35813e-15 0)
(-3.22556e-15 1.01858e-15 0)
(-2.20698e-15 -5.77204e-15 0)
(-6.79048e-16 -1.69769e-15 0)
(5.77206e-15 -2.03721e-15 0)
(6.79074e-16 -4.07441e-15 0)
(3.39541e-16 -1.69767e-15 0)
(5.09295e-16 -5.09299e-15 0)
(-2.88603e-15 -5.77208e-15 0)
(-1.5279e-15 -3.05581e-15 0)
(-6.79062e-16 -4.75346e-15 0)
(1.5279e-15 -1.35814e-15 0)
(1.69767e-15 -1.35812e-15 0)
(4.58371e-15 -2.71625e-15 0)
(9.33723e-15 5.09305e-15 0)
(6.89255e-14 4.54976e-14 0)
(3.63981e-13 2.31902e-13 0)
(1.8087e-12 1.21418e-12 0)
(8.64149e-12 6.20092e-12 0)
(3.93555e-11 3.04882e-11 0)
(1.70238e-10 1.43663e-10 0)
(6.93557e-10 6.45006e-10 0)
(2.62697e-09 2.73986e-09 0)
(9.08546e-09 1.08796e-08 0)
(2.78181e-08 3.97869e-08 0)
(7.01335e-08 1.3039e-07 0)
(1.2853e-07 3.61646e-07 0)
(7.92008e-08 7.69643e-07 0)
(-6.79069e-16 3.39539e-16 0)
(-8.48829e-16 -6.79068e-16 0)
(-2.88603e-15 1.35812e-15 0)
(-1.76181e-20 -2.71626e-15 0)
(-2.54649e-15 -6.79093e-16 0)
(3.56508e-15 -5.77206e-15 0)
(1.6979e-16 -5.77208e-15 0)
(2.37673e-15 -5.77207e-15 0)
(-8.48824e-16 -5.43254e-15 0)
(1.0186e-15 -4.07441e-15 0)
(-1.01861e-15 -3.39543e-16 0)
(-1.18837e-15 -3.39544e-16 0)
(1.69764e-16 -2.71628e-15 0)
(2.88604e-15 -3.39547e-16 0)
(5.09302e-15 3.05578e-15 0)
(7.80928e-15 5.43254e-15 0)
(3.48023e-14 1.90139e-14 0)
(1.85386e-13 1.01521e-13 0)
(1.0018e-12 5.58534e-13 0)
(5.08504e-12 3.03782e-12 0)
(2.47901e-11 1.58614e-11 0)
(1.15744e-10 8.00127e-11 0)
(5.14276e-10 3.87931e-10 0)
(2.15883e-09 1.79651e-09 0)
(8.45391e-09 7.90108e-09 0)
(3.03842e-08 3.26075e-08 0)
(9.7274e-08 1.24725e-07 0)
(2.59678e-07 4.30431e-07 0)
(5.10845e-07 1.27617e-06 0)
(3.24771e-07 2.95131e-06 0)
(3.39531e-16 4.75345e-15 0)
(8.48818e-16 -4.07439e-15 0)
(-3.22556e-15 1.01861e-15 0)
(-2.71628e-15 -1.35814e-15 0)
(-3.05581e-15 -2.71628e-15 0)
(5.09301e-16 -3.39534e-15 0)
(6.79069e-16 -2.37676e-15 0)
(3.73487e-15 -4.07441e-15 0)
(1.6977e-16 -2.03722e-15 0)
(2.37674e-15 -2.71628e-15 0)
(-1.0186e-15 -2.71625e-15 0)
(-3.39533e-15 -2.37673e-15 0)
(2.03719e-15 2.0372e-15 0)
(3.73488e-15 2.37672e-15 0)
(6.11162e-15 3.05582e-15 0)
(1.51093e-14 4.07443e-15 0)
(8.64116e-14 3.32744e-14 0)
(4.75518e-13 2.16963e-13 0)
(2.56247e-12 1.2376e-12 0)
(1.32838e-11 6.85894e-12 0)
(6.63715e-11 3.68572e-11 0)
(3.18409e-10 1.91396e-10 0)
(1.45761e-09 9.58306e-10 0)
(6.32842e-09 4.59664e-09 0)
(2.57352e-08 2.10351e-08 0)
(9.67036e-08 9.06977e-08 0)
(3.26185e-07 3.65181e-07 0)
(9.33719e-07 1.33491e-06 0)
(2.01919e-06 4.2524e-06 0)
(1.33556e-06 1.0699e-05 0)
(5.09295e-16 -1.35813e-15 0)
(-1.86743e-15 3.3952e-16 0)
(-1.86744e-15 4.75343e-15 0)
(-5.26278e-15 -4.41392e-15 0)
(-5.77207e-15 -4.0744e-15 0)
(1.35813e-15 -1.35816e-15 0)
(5.09293e-16 -1.69767e-15 0)
(2.37675e-15 -3.39558e-16 0)
(-6.79064e-16 -2.37675e-15 0)
(2.54651e-15 -3.0558e-15 0)
(2.5465e-15 1.35811e-15 0)
(-1.18837e-15 -3.39545e-16 0)
(1.01861e-15 -6.79064e-16 0)
(5.94183e-15 -1.35811e-15 0)
(4.07443e-15 1.62927e-21 0)
(3.05581e-14 1.08651e-14 0)
(1.95911e-13 6.48511e-14 0)
(1.08889e-12 4.07102e-13 0)
(5.98905e-12 2.39813e-12 0)
(3.17984e-11 1.36347e-11 0)
(1.63191e-10 7.54419e-11 0)
(8.06829e-10 4.04973e-10 0)
(3.81821e-09 2.10517e-09 0)
(1.72164e-08 1.05242e-08 0)
(7.30297e-08 5.05265e-08 0)
(2.88494e-07 2.29812e-07 0)
(1.03043e-06 9.883e-07 0)
(3.17509e-06 3.90142e-06 0)
(7.5339e-06 1.38571e-05 0)
(5.15971e-06 4.05748e-05 0)
(-3.39532e-16 -2.0372e-15 0)
(-1.86745e-15 -1.01861e-15 0)
(-3.73487e-15 -3.73484e-15 0)
(-5.94184e-15 6.79056e-16 0)
(-3.22558e-15 -1.69768e-15 0)
(1.35812e-15 -2.03721e-15 0)
(2.88604e-15 -5.77205e-15 0)
(5.09299e-15 -5.77205e-15 0)
(-3.73485e-15 -1.69766e-15 0)
(2.54649e-15 -6.79088e-16 0)
(1.18838e-15 -2.71626e-15 0)
(1.35813e-15 -1.35812e-15 0)
(1.01861e-15 -1.35814e-15 0)
(3.90464e-15 2.03718e-15 0)
(8.48837e-15 1.01641e-20 0)
(6.33232e-14 1.49395e-14 0)
(3.87409e-13 1.07972e-13 0)
(2.22412e-12 6.43078e-13 0)
(1.24777e-11 3.87137e-12 0)
(6.80707e-11 2.26239e-11 0)
(3.5988e-10 1.29225e-10 0)
(1.8407e-09 7.18452e-10 0)
(9.04705e-09 3.89155e-09 0)
(4.26444e-08 2.03762e-08 0)
(1.90201e-07 1.03476e-07 0)
(8.00034e-07 5.00856e-07 0)
(3.07989e-06 2.32729e-06 0)
(1.05853e-05 9.96674e-06 0)
(2.95242e-05 3.91853e-05 0)
(2.13738e-05 0.00012732 0)
(6.79038e-16 -4.75348e-15 0)
(-1.0186e-15 -1.69766e-15 0)
(-4.24417e-15 -2.37674e-15 0)
(-4.75348e-15 3.39515e-16 0)
(-2.20698e-15 -1.34727e-20 0)
(1.0186e-15 -2.03719e-15 0)
(5.0932e-16 -4.41394e-15 0)
(8.48826e-16 -2.37674e-15 0)
(2.71628e-15 -1.6977e-15 0)
(-1.69767e-15 -4.75344e-15 0)
(4.07439e-15 3.39531e-15 0)
(5.0932e-16 3.39538e-16 0)
(3.39532e-15 6.79075e-16 0)
(7.29998e-15 -1.35811e-15 0)
(1.40907e-14 4.0744e-15 0)
(1.07123e-13 1.56186e-14 0)
(6.69392e-13 1.29023e-13 0)
(3.91466e-12 7.96888e-13 0)
(2.24704e-11 4.87707e-12 0)
(1.25813e-10 2.92292e-11 0)
(6.85061e-10 1.71866e-10 0)
(3.62858e-09 9.88455e-10 0)
(1.85615e-08 5.58536e-09 0)
(9.19047e-08 3.07453e-08 0)
(4.33389e-07 1.67117e-07 0)
(1.95635e-06 8.76904e-07 0)
(8.12985e-06 4.62377e-06 0)
(3.08186e-05 2.29415e-05 0)
(9.55489e-05 0.000121215 0)
(7.12612e-05 0.000552803 0)
(-1.10348e-14 -8.48845e-16 0)
(-9.63525e-21 -8.48852e-16 0)
(-4.24417e-15 -2.12207e-15 0)
(-4.03198e-15 1.27325e-15 0)
(-2.9709e-15 -1.27323e-15 0)
(2.12205e-16 -1.69767e-15 0)
(1.06103e-15 -1.27326e-15 0)
(3.18313e-15 -2.97092e-15 0)
(5.5174e-15 -5.94182e-15 0)
(-4.24413e-15 1.27322e-15 0)
(2.97094e-15 -4.24392e-16 0)
(5.09298e-15 4.66855e-15 0)
(8.48849e-16 4.24415e-15 0)
(2.97093e-15 8.48833e-16 0)
(2.41918e-14 3.81974e-15 0)
(1.50456e-13 1.65523e-14 0)
(9.42633e-13 1.14168e-13 0)
(5.60147e-12 7.19389e-13 0)
(3.26666e-11 4.43857e-12 0)
(1.86565e-10 2.68984e-11 0)
(1.03988e-09 1.59967e-10 0)
(5.67359e-09 9.31257e-10 0)
(3.00843e-08 5.32988e-09 0)
(1.56605e-07 2.97486e-08 0)
(7.85677e-07 1.63863e-07 0)
(3.9239e-06 8.73131e-07 0)
(1.84785e-05 4.64862e-06 0)
(9.13078e-05 2.3442e-05 0)
(0.000393783 0.00012227 0)
(0.00212779 0.000569995 0)
(1.27322e-15 1.8973e-20 0)
(-7.37188e-21 -1.27325e-15 0)
(-4.8808e-15 1.69761e-15 0)
(-3.60756e-15 -2.5465e-15 0)
(-1.48546e-15 2.54647e-15 0)
(1.69766e-15 -2.5465e-15 0)
(-4.24417e-16 1.40992e-20 0)
(-2.33428e-15 1.27323e-15 0)
(2.33432e-15 -5.94182e-15 0)
(4.03193e-15 -2.54651e-15 0)
(5.94183e-15 -1.27327e-15 0)
(1.27328e-15 -1.27323e-15 0)
(4.24419e-16 1.26754e-20 0)
(4.6686e-15 4.24401e-16 0)
(2.8436e-14 -3.8197e-15 0)
(1.77619e-13 7.21514e-15 0)
(1.12174e-12 6.53604e-14 0)
(6.70029e-12 4.16779e-13 0)
(3.93098e-11 2.56646e-12 0)
(2.25878e-10 1.54976e-11 0)
(1.2671e-09 9.16697e-11 0)
(6.95775e-09 5.29382e-10 0)
(3.71322e-08 2.98586e-09 0)
(1.94213e-07 1.63465e-08 0)
(9.78562e-07 8.68229e-08 0)
(4.86582e-06 4.43089e-07 0)
(2.28211e-05 2.14397e-06 0)
(0.000108113 9.82354e-06 0)
(0.000456618 3.78298e-05 0)
(0.00210455 0.000142113 0)
(1.69766e-15 4.24387e-16 0)
(2.12208e-15 -2.97092e-15 0)
(-3.81975e-15 -2.97086e-15 0)
(-5.72965e-15 -8.48817e-16 0)
(-5.3052e-15 -4.24416e-15 0)
(1.90987e-15 2.12206e-15 0)
(-6.36613e-16 3.39528e-15 0)
(4.24406e-16 -2.12209e-15 0)
(4.03196e-15 -2.1221e-15 0)
(1.9099e-15 1.69766e-15 0)
(6.15405e-15 -2.9709e-15 0)
(1.27326e-15 -1.27323e-15 0)
(2.12219e-16 -8.4881e-16 0)
(6.79068e-15 -8.48814e-16 0)
(2.63139e-14 1.69766e-15 0)
(1.93747e-13 4.66855e-15 0)
(1.18391e-12 2.12209e-15 0)
(7.09924e-12 8.48841e-16 0)
(4.17182e-11 -2.97093e-15 0)
(2.40027e-10 -1.3157e-14 0)
(1.34821e-09 -7.97906e-14 0)
(7.41011e-09 -3.59058e-13 0)
(3.95746e-08 -1.57968e-12 0)
(2.06907e-07 -6.13242e-12 0)
(1.04172e-06 -2.05512e-11 0)
(5.15819e-06 -4.28365e-11 0)
(2.41068e-05 -4.96914e-11 0)
(0.000112719 7.63145e-10 0)
(0.000473157 -1.08534e-09 0)
(0.00209903 7.6384e-09 0)
(4.24406e-16 -5.09297e-15 0)
(1.06105e-15 1.15349e-21 0)
(-5.09301e-15 3.81972e-15 0)
(-4.88081e-15 1.69764e-15 0)
(-3.81977e-15 1.29818e-20 0)
(2.1221e-16 4.24427e-16 0)
(1.06104e-15 -2.97088e-15 0)
(-6.36631e-16 -8.4884e-16 0)
(2.75873e-15 4.24398e-16 0)
(6.15405e-15 2.12208e-15 0)
(4.6686e-15 1.27325e-15 0)
(1.06106e-15 3.39531e-15 0)
(1.64697e-20 3.81972e-15 0)
(5.72963e-15 8.48841e-16 0)
(2.65261e-14 8.48805e-16 0)
(1.77619e-13 -1.14593e-14 0)
(1.12556e-12 -6.36627e-14 0)
(6.69838e-12 -4.18476e-13 0)
(3.92984e-11 -2.5707e-12 0)
(2.25832e-10 -1.55307e-11 0)
(1.26689e-09 -9.1822e-11 0)
(6.95685e-09 -5.30124e-10 0)
(3.71288e-08 -2.98918e-09 0)
(1.94202e-07 -1.63596e-08 0)
(9.7854e-07 -8.68645e-08 0)
(4.8658e-06 -4.43144e-07 0)
(2.28215e-05 -2.14344e-06 0)
(0.000108112 -9.81653e-06 0)
(0.000456622 -3.77915e-05 0)
(0.00210424 -0.000141878 0)
(-4.24409e-16 2.54647e-15 0)
(2.12203e-16 -8.48843e-16 0)
(-1.9099e-15 -8.48834e-16 0)
(-5.94183e-15 1.69766e-15 0)
(-4.66857e-15 2.12208e-15 0)
(8.48801e-16 1.86753e-20 0)
(8.48843e-16 3.39531e-15 0)
(-2.7587e-15 -2.12205e-15 0)
(6.79068e-15 2.1221e-15 0)
(3.39536e-15 1.30189e-20 0)
(5.94183e-15 2.97092e-15 0)
(4.88078e-15 -4.24395e-16 0)
(1.69767e-15 4.24427e-16 0)
(1.06105e-15 2.97089e-15 0)
(2.37674e-14 -1.69766e-15 0)
(1.51517e-13 -1.57035e-14 0)
(9.37328e-13 -1.11622e-13 0)
(5.59701e-12 -7.17691e-13 0)
(3.26496e-11 -4.44578e-12 0)
(1.86476e-10 -2.6931e-11 0)
(1.03945e-09 -1.60138e-10 0)
(5.67169e-09 -9.32279e-10 0)
(3.00769e-08 -5.3355e-09 0)
(1.56582e-07 -2.97783e-08 0)
(7.85652e-07 -1.64009e-07 0)
(3.92425e-06 -8.73786e-07 0)
(1.84827e-05 -4.65055e-06 0)
(9.13305e-05 -2.34421e-05 0)
(0.00039392 -0.000122139 0)
(0.00212725 -0.000568824 0)
(0.00630224 1.51819e-05 0)
(0.0148227 4.01505e-06 0)
(0.0332002 3.90331e-08 0)
(0.071344 -1.739e-06 0)
(0.146539 -3.57591e-06 0)
(0.286705 -6.19008e-06 0)
(0.532242 -9.8927e-06 0)
(0.933437 -1.46554e-05 0)
(1.53914 -1.9958e-05 0)
(2.37376 -2.46676e-05 0)
(3.40599 -2.72037e-05 0)
(4.52599 -2.6159e-05 0)
(5.56022 -2.12282e-05 0)
(6.33526 -1.37819e-05 0)
(6.75971 -6.06346e-06 0)
(6.8704 4.93616e-07 0)
(6.8039 3.55865e-06 0)
(6.70616 3.84221e-06 0)
(6.65552 2.90528e-06 0)
(6.65275 2.13952e-06 0)
(6.67539 2.02146e-06 0)
(6.65852 2.40995e-06 0)
(6.8114 2.49498e-06 0)
(6.4237 2.57974e-06 0)
(6.71694 1.6691e-06 0)
(0.00621825 2.0328e-05 0)
(0.0148075 5.19925e-06 0)
(0.0331945 -5.73201e-07 0)
(0.0713405 -3.62878e-06 0)
(0.146534 -7.07564e-06 0)
(0.286699 -1.19784e-05 0)
(0.532234 -1.87337e-05 0)
(0.933428 -2.7069e-05 0)
(1.53913 -3.57666e-05 0)
(2.37375 -4.25482e-05 0)
(3.40599 -4.46001e-05 0)
(4.526 -3.99023e-05 0)
(5.56025 -2.86737e-05 0)
(6.33529 -1.39037e-05 0)
(6.75974 -4.73265e-08 0)
(6.87044 8.76659e-06 0)
(6.80393 1.08683e-05 0)
(6.7062 8.64364e-06 0)
(6.65556 5.24281e-06 0)
(6.65279 2.8722e-06 0)
(6.67544 2.02122e-06 0)
(6.65857 2.22199e-06 0)
(6.81146 2.33437e-06 0)
(6.42375 2.43369e-06 0)
(6.717 1.55045e-06 0)
(0.00619578 -4.10085e-07 0)
(0.0148018 -9.07751e-07 0)
(0.0331914 -1.76638e-06 0)
(0.0713376 -3.24814e-06 0)
(0.14653 -5.63579e-06 0)
(0.286693 -9.14482e-06 0)
(0.532228 -1.37654e-05 0)
(0.933421 -1.90113e-05 0)
(1.53912 -2.37027e-05 0)
(2.37375 -2.59408e-05 0)
(3.406 -2.38339e-05 0)
(4.52601 -1.6812e-05 0)
(5.56026 -6.2682e-06 0)
(6.33531 4.77879e-06 0)
(6.75975 1.26821e-05 0)
(6.87044 1.45252e-05 0)
(6.80392 1.17389e-05 0)
(6.70619 7.0248e-06 0)
(6.65555 2.71821e-06 0)
(6.65279 2.29208e-07 0)
(6.67544 -4.16968e-07 0)
(6.65857 -1.24393e-07 0)
(6.81146 2.72101e-07 0)
(6.42375 4.48536e-07 0)
(6.717 2.669e-07 0)
(0.00621744 -2.0976e-05 0)
(0.0148062 -6.69874e-06 0)
(0.0331922 -2.40739e-06 0)
(0.0713366 -1.89633e-06 0)
(0.146528 -2.53743e-06 0)
(0.286691 -3.67324e-06 0)
(0.532225 -4.90653e-06 0)
(0.933418 -5.6756e-06 0)
(1.53912 -5.20453e-06 0)
(2.37375 -2.85604e-06 0)
(3.406 1.60175e-06 0)
(4.52602 7.77969e-06 0)
(5.56027 1.40106e-05 0)
(6.33531 1.79179e-05 0)
(6.75975 1.77519e-05 0)
(6.87044 1.38039e-05 0)
(6.80392 7.65187e-06 0)
(6.70619 1.63873e-06 0)
(6.65555 -2.14065e-06 0)
(6.65279 -3.45671e-06 0)
(6.67544 -3.26616e-06 0)
(6.65857 -2.66939e-06 0)
(6.81146 -1.9664e-06 0)
(6.42375 -1.73025e-06 0)
(6.717 -1.2806e-06 0)
(0.00630073 -1.54198e-05 0)
(0.0148203 -4.60678e-06 0)
(0.0331962 -1.25324e-06 0)
(0.0713374 -5.3797e-07 0)
(0.146529 -4.01369e-07 0)
(0.286691 -3.16695e-07 0)
(0.532225 1.78769e-08 0)
(0.93342 9.22157e-07 0)
(1.53913 2.68951e-06 0)
(2.37375 5.20421e-06 0)
(3.406 8.03927e-06 0)
(4.52602 1.08484e-05 0)
(5.56026 1.28333e-05 0)
(6.3353 1.30173e-05 0)
(6.75973 1.10859e-05 0)
(6.8704 7.55167e-06 0)
(6.80388 3.22265e-06 0)
(6.70615 -5.84635e-07 0)
(6.65551 -2.52134e-06 0)
(6.65274 -2.95324e-06 0)
(6.67539 -2.84943e-06 0)
(6.65852 -2.73297e-06 0)
(6.8114 -2.39912e-06 0)
(6.4237 -2.32483e-06 0)
(6.71694 -1.66615e-06 0)
(-3.35999e-16 1.68e-15 0)
(-2.01598e-15 -6.7198e-16 0)
(-6.72008e-16 -4.36794e-15 0)
(-5.71196e-15 -1.67996e-15 0)
(1.17598e-15 2.35197e-15 0)
(-2.51996e-15 3.69597e-15 0)
(1.34398e-15 1.344e-15 0)
(-2.51997e-15 1.34399e-15 0)
(9.5759e-15 4.36795e-15 0)
(2.352e-15 2.016e-15 0)
(3.52797e-15 2.68796e-15 0)
(-6.71968e-16 1.00799e-15 0)
(3.02395e-15 -5.52442e-21 0)
(-1.34396e-15 -3.69596e-15 0)
(1.78079e-14 -5.03996e-15 0)
(1.08023e-13 -2.08318e-14 0)
(6.67963e-13 -1.28687e-13 0)
(3.90009e-12 -7.93627e-13 0)
(2.23822e-11 -4.86962e-12 0)
(1.25305e-10 -2.91864e-11 0)
(6.82137e-10 -1.71604e-10 0)
(3.61215e-09 -9.8681e-10 0)
(1.84717e-08 -5.57506e-09 0)
(9.14212e-08 -3.06823e-08 0)
(4.30883e-07 -1.66729e-07 0)
(1.94357e-06 -8.74598e-07 0)
(8.06974e-06 -4.60954e-06 0)
(3.05516e-05 -2.28617e-05 0)
(9.45859e-05 -0.000120705 0)
(7.05158e-05 -0.000550237 0)
(-6.71991e-16 1.008e-15 0)
(8.39968e-16 2.68797e-15 0)
(-3.02397e-15 2.68796e-15 0)
(-4.70397e-15 4.03195e-15 0)
(-1.344e-15 6.72016e-16 0)
(-2.01598e-15 4.36793e-15 0)
(1.89548e-20 2.62705e-20 0)
(2.01597e-15 6.38392e-15 0)
(3.86398e-15 2.35199e-15 0)
(5.03995e-15 6.71981e-16 0)
(2.352e-15 -3.69596e-15 0)
(1.17599e-15 -3.35996e-15 0)
(1.67998e-15 -3.69595e-15 0)
(-2.51997e-15 -4.03196e-15 0)
(9.40794e-15 -5.71196e-15 0)
(6.33356e-14 -1.41119e-14 0)
(3.84213e-13 -1.06847e-13 0)
(2.19793e-12 -6.45116e-13 0)
(1.23236e-11 -3.84516e-12 0)
(6.72224e-11 -2.2452e-11 0)
(3.55222e-10 -1.28161e-10 0)
(1.81593e-09 -7.12148e-10 0)
(8.92032e-09 -3.85485e-09 0)
(4.20206e-08 -2.01691e-08 0)
(1.87305e-07 -1.02331e-07 0)
(7.87375e-07 -4.94807e-07 0)
(3.02968e-06 -2.29614e-06 0)
(1.04094e-05 -9.81959e-06 0)
(2.90313e-05 -3.85349e-05 0)
(2.10169e-05 -0.000124967 0)
(6.71976e-16 3.35996e-15 0)
(-7.55992e-15 6.71999e-16 0)
(-2.18399e-15 3.69596e-15 0)
(-4.19996e-15 2.68798e-15 0)
(-3.19196e-15 4.36797e-15 0)
(-1.51199e-15 2.68801e-15 0)
(1.00798e-15 6.04792e-15 0)
(2.85597e-15 1.68001e-15 0)
(2.68799e-15 6.66097e-21 0)
(2.51998e-15 -2.35197e-15 0)
(3.02397e-15 -4.36794e-15 0)
(6.72001e-16 1.00796e-15 0)
(-1.67998e-15 2.68795e-15 0)
(-1.67999e-16 -2.01599e-15 0)
(8.73591e-15 3.35974e-16 0)
(3.22558e-14 -8.73594e-15 0)
(1.90847e-13 -6.88795e-14 0)
(1.0683e-12 -4.03869e-13 0)
(5.85106e-12 -2.35904e-12 0)
(3.10865e-11 -1.33969e-11 0)
(1.59421e-10 -7.40999e-11 0)
(7.87708e-10 -3.97463e-10 0)
(3.72536e-09 -2.06439e-09 0)
(1.67865e-08 -1.03111e-08 0)
(7.11575e-08 -4.94537e-08 0)
(2.80893e-07 -2.24714e-07 0)
(1.00254e-06 -9.65417e-07 0)
(3.08648e-06 -3.80777e-06 0)
(7.31595e-06 -1.35142e-05 0)
(5.00856e-06 -3.95498e-05 0)
(-7.39191e-15 -3.02395e-15 0)
(1.67979e-16 2.35198e-15 0)
(-1.68007e-16 6.72007e-16 0)
(-2.18398e-15 1.34399e-15 0)
(-3.86397e-15 2.68796e-15 0)
(-1.68014e-16 6.04792e-15 0)
(-2.01597e-15 2.688e-15 0)
(6.72007e-16 1.67999e-15 0)
(3.02396e-15 6.38393e-15 0)
(-5.03975e-16 2.35197e-15 0)
(4.19996e-15 -3.02397e-15 0)
(2.85597e-15 -2.68797e-15 0)
(-1.17599e-15 -6.04793e-15 0)
(-1.51198e-15 -8.0639e-15 0)
(2.51999e-15 -6.38391e-15 0)
(1.62959e-14 -4.36797e-15 0)
(8.50074e-14 -3.32638e-14 0)
(4.58805e-13 -2.11007e-13 0)
(2.48202e-12 -1.20489e-12 0)
(1.28489e-11 -6.66956e-12 0)
(6.41364e-11 -3.58016e-11 0)
(3.075e-10 -1.85764e-10 0)
(1.40686e-09 -9.29298e-10 0)
(6.10445e-09 -4.45349e-09 0)
(2.48098e-08 -2.03607e-08 0)
(9.31715e-08 -8.77065e-08 0)
(3.14099e-07 -3.52781e-07 0)
(8.98667e-07 -1.28826e-06 0)
(1.94258e-06 -4.09911e-06 0)
(1.2847e-06 -1.03002e-05 0)
(-2.016e-15 5.71192e-15 0)
(-1.00798e-15 6.72e-16 0)
(1.67997e-15 3.36005e-16 0)
(-1.00799e-15 1.008e-15 0)
(-3.35997e-15 2.01599e-15 0)
(-1.51198e-15 1.34401e-15 0)
(-1.17599e-15 3.69597e-15 0)
(1.84797e-15 2.68796e-15 0)
(-1.00797e-15 2.68799e-15 0)
(-1.00799e-15 6.71997e-16 0)
(1.84798e-15 2.01595e-15 0)
(3.19197e-15 -1.34399e-15 0)
(-1.51198e-15 2.01595e-15 0)
(-6.71995e-16 -2.01599e-15 0)
(2.51999e-15 2.68795e-15 0)
(8.56793e-15 3.3599e-16 0)
(3.66237e-14 -1.54559e-14 0)
(1.79591e-13 -9.40794e-14 0)
(9.5793e-13 -5.39948e-13 0)
(4.86491e-12 -2.91411e-12 0)
(2.36892e-11 -1.52351e-11 0)
(1.10534e-10 -7.67725e-11 0)
(4.9087e-10 -3.71933e-10 0)
(2.05948e-09 -1.72105e-09 0)
(8.0605e-09 -7.56313e-09 0)
(2.89541e-08 -3.11879e-08 0)
(9.26424e-08 -1.19199e-07 0)
(2.47155e-07 -4.11046e-07 0)
(4.85845e-07 -1.2178e-06 0)
(3.08779e-07 -2.81456e-06 0)
(-8.23189e-15 -1.00796e-15 0)
(5.03975e-16 3.36006e-16 0)
(-3.36e-16 6.71987e-16 0)
(-8.85154e-21 1.00799e-15 0)
(-2.68797e-15 -3.35987e-16 0)
(-5.04001e-16 1.67997e-15 0)
(-2.01597e-15 3.35999e-16 0)
(2.85596e-15 3.36014e-16 0)
(5.03984e-16 3.02395e-15 0)
(-3.35995e-15 -3.35996e-15 0)
(1.00798e-15 -3.35997e-16 0)
(2.01597e-15 -2.68798e-15 0)
(-2.35197e-15 -3.02397e-15 0)
(6.72008e-16 -6.72003e-16 0)
(5.03995e-15 3.35979e-16 0)
(5.37595e-15 -2.81808e-21 0)
(1.092e-14 -2.01602e-15 0)
(6.45116e-14 -3.79678e-14 0)
(3.42886e-13 -2.13023e-13 0)
(1.71258e-12 -1.15314e-12 0)
(8.15987e-12 -5.88466e-12 0)
(3.71583e-11 -2.8916e-11 0)
(1.60665e-10 -1.36158e-10 0)
(6.54277e-10 -6.10868e-10 0)
(2.47706e-09 -2.59303e-09 0)
(8.5631e-09 -1.02892e-08 0)
(2.62068e-08 -3.76003e-08 0)
(6.60392e-08 -1.23133e-07 0)
(1.20968e-07 -3.41243e-07 0)
(7.45255e-08 -7.25614e-07 0)
(-1.68022e-16 5.37594e-15 0)
(-3.52796e-15 6.7199e-16 0)
(-1.67998e-15 -1.34398e-15 0)
(-1.00799e-15 -1.00798e-15 0)
(5.03973e-16 2.35198e-15 0)
(8.39984e-16 -1.67997e-15 0)
(-1.84797e-15 -3.02397e-15 0)
(1.17598e-15 -6.71999e-16 0)
(-3.69595e-15 -8.3999e-15 0)
(-2.01599e-15 -3.35999e-15 0)
(-1.84798e-15 -4.03196e-15 0)
(7.46051e-21 -5.37595e-15 0)
(-2.01598e-15 -4.03196e-15 0)
(4.36796e-15 -3.69597e-15 0)
(8.06392e-15 -3.02396e-15 0)
(3.08702e-20 -4.36796e-15 0)
(9.40789e-15 -5.37594e-15 0)
(2.03279e-14 -1.41119e-14 0)
(1.13567e-13 -8.13115e-14 0)
(5.63468e-13 -4.21005e-13 0)
(2.64934e-12 -2.10839e-12 0)
(1.18018e-11 -1.01095e-11 0)
(4.98097e-11 -4.64265e-11 0)
(1.9744e-10 -2.02661e-10 0)
(7.25327e-10 -8.34502e-10 0)
(2.42222e-09 -3.20217e-09 0)
(7.11852e-09 -1.12627e-08 0)
(1.70252e-08 -3.53144e-08 0)
(2.92273e-08 -9.27613e-08 0)
(1.74665e-08 -1.85757e-07 0)
(-1.848e-15 1.67998e-15 0)
(-4.70395e-15 1.34399e-15 0)
(-1.344e-15 1.67997e-15 0)
(-2.68797e-15 1.67997e-15 0)
(-3.35996e-15 -3.07776e-21 0)
(-1.51199e-15 1.67998e-15 0)
(-1.008e-15 3.83806e-21 0)
(1.00799e-15 -1.00799e-15 0)
(-1.67999e-15 -6.72004e-16 0)
(-1.176e-15 -6.71997e-16 0)
(-5.03995e-16 -4.70395e-15 0)
(1.67998e-15 -3.36018e-16 0)
(5.04004e-16 3.35995e-16 0)
(2.35198e-15 3.35995e-15 0)
(5.87995e-15 -6.71993e-16 0)
(2.51998e-15 -3.69598e-15 0)
(2.184e-15 -3.35998e-15 0)
(6.55195e-15 -4.36799e-15 0)
(3.41038e-14 -3.02398e-14 0)
(1.74551e-13 -1.46159e-13 0)
(8.16475e-13 -7.06603e-13 0)
(3.57065e-12 -3.32503e-12 0)
(1.47343e-11 -1.49153e-11 0)
(5.69971e-11 -6.35231e-11 0)
(2.03755e-10 -2.54553e-10 0)
(6.59634e-10 -9.4779e-10 0)
(1.86916e-09 -3.22157e-09 0)
(4.27184e-09 -9.71295e-09 0)
(6.94861e-09 -2.43094e-08 0)
(4.04489e-09 -4.61442e-08 0)
(-9.23988e-15 2.01598e-15 0)
(-2.016e-15 -2.35197e-15 0)
(-5.04002e-16 -4.36794e-15 0)
(-1.67998e-15 -6.71981e-16 0)
(-1.00799e-15 -1.00799e-15 0)
(-2.01598e-15 -6.71981e-16 0)
(-2.51997e-15 3.69596e-15 0)
(-2.85245e-20 3.02397e-15 0)
(-1.67998e-15 1.00798e-15 0)
(-4.87195e-15 6.87954e-21 0)
(8.39984e-16 1.67997e-15 0)
(3.19196e-15 3.36012e-16 0)
(1.008e-15 1.00798e-15 0)
(1.176e-15 2.35198e-15 0)
(1.512e-15 -1.34398e-15 0)
(4.19996e-15 -3.02397e-15 0)
(3.52797e-15 -7.05591e-15 0)
(3.36018e-16 -6.38393e-15 0)
(8.56794e-15 -1.00799e-14 0)
(5.27517e-14 -4.50237e-14 0)
(2.39566e-13 -2.25454e-13 0)
(1.0337e-12 -1.03487e-12 0)
(4.18284e-12 -4.55445e-12 0)
(1.58164e-11 -1.89728e-11 0)
(5.51517e-11 -7.41671e-11 0)
(1.73533e-10 -2.68768e-10 0)
(4.75443e-10 -8.86122e-10 0)
(1.04284e-09 -2.57992e-09 0)
(1.61623e-09 -6.19466e-09 0)
(9.17971e-10 -1.1261e-08 0)
(-1.17602e-15 -1.34399e-15 0)
(-5.87992e-15 -6.71998e-16 0)
(1.00797e-15 -6.40559e-21 0)
(-6.71993e-16 -3.36003e-16 0)
(1.34398e-15 -1.00799e-15 0)
(3.35992e-16 3.35982e-16 0)
(-5.37595e-15 -6.71984e-16 0)
(-5.04008e-16 3.35997e-16 0)
(-1.512e-15 6.71996e-16 0)
(-3.86396e-15 -3.1802e-21 0)
(-1.34398e-15 -6.71985e-16 0)
(1.00799e-15 -3.36001e-16 0)
(3.86395e-15 -1.00798e-15 0)
(-1.17597e-15 4.82565e-21 0)
(3.35996e-15 -3.36e-16 0)
(1.68e-15 6.71981e-16 0)
(3.69596e-15 3.35967e-16 0)
(1.67999e-15 -6.72007e-16 0)
(1.68008e-16 -2.01599e-15 0)
(1.37759e-14 -1.41119e-14 0)
(6.53516e-14 -6.51836e-14 0)
(2.87446e-13 -3.05422e-13 0)
(1.14693e-12 -1.32887e-12 0)
(4.23609e-12 -5.4267e-12 0)
(1.44355e-11 -2.07512e-11 0)
(4.42571e-11 -7.33577e-11 0)
(1.17548e-10 -2.35245e-10 0)
(2.48533e-10 -6.63338e-10 0)
(3.69277e-10 -1.53486e-09 0)
(2.05147e-10 -2.68662e-09 0)
(-8.0639e-15 -3.35996e-15 0)
(-1.512e-15 1.34399e-15 0)
(-2.51997e-15 2.01598e-15 0)
(-7.44634e-21 2.68745e-21 0)
(-1.00799e-15 2.35197e-15 0)
(-1.68e-16 -3.35996e-15 0)
(-1.008e-15 3.35989e-16 0)
(-2.01598e-15 6.71996e-16 0)
(-1.84799e-15 -1.00798e-15 0)
(-5.87993e-15 -1.00799e-15 0)
(3.69593e-15 6.71978e-16 0)
(1.84799e-15 1.34397e-15 0)
(2.35198e-15 2.01597e-15 0)
(-2.51994e-15 1.00798e-15 0)
(5.03997e-16 -1.00799e-15 0)
(4.03195e-15 6.71984e-16 0)
(1.00802e-15 -1.00796e-15 0)
(2.18397e-15 -1.1571e-20 0)
(3.35997e-15 1.67997e-15 0)
(6.72028e-16 -2.68798e-15 0)
(1.67999e-14 -1.54559e-14 0)
(7.47595e-14 -8.56794e-14 0)
(3.04414e-13 -3.7195e-13 0)
(1.0972e-12 -1.49418e-12 0)
(3.66305e-12 -5.60276e-12 0)
(1.09663e-11 -1.93541e-11 0)
(2.83013e-11 -6.05045e-11 0)
(5.78743e-11 -1.65681e-10 0)
(8.27951e-11 -3.71025e-10 0)
(4.50568e-11 -6.28848e-10 0)
(-1.17601e-15 -1.00798e-15 0)
(-1.176e-15 -1.67999e-15 0)
(-5.04003e-16 2.01599e-15 0)
(-2.6135e-21 3.36e-16 0)
(-1.51199e-15 1.67998e-15 0)
(-6.71996e-16 1.67997e-15 0)
(-3.35996e-15 6.72002e-16 0)
(-4.19997e-15 -3.35996e-16 0)
(-1.00799e-15 -1.34398e-15 0)
(-2.688e-15 3.35992e-16 0)
(-1.67997e-15 1.344e-15 0)
(2.35198e-15 -1.34397e-15 0)
(2.51998e-15 -4.70393e-15 0)
(3.86395e-15 1.008e-15 0)
(2.18399e-15 2.35198e-15 0)
(6.72007e-16 -1.00796e-15 0)
(2.35198e-15 3.02395e-15 0)
(2.35198e-15 3.36018e-16 0)
(8.39993e-16 -6.71975e-16 0)
(-1.67999e-16 -1.00799e-15 0)
(1.512e-15 -6.71994e-15 0)
(1.73039e-14 -2.08319e-14 0)
(7.45915e-14 -1.00799e-13 0)
(2.73166e-13 -3.99501e-13 0)
(9.04506e-13 -1.46529e-12 0)
(2.6485e-12 -4.9479e-12 0)
(6.65124e-12 -1.51165e-11 0)
(1.31911e-11 -4.02811e-11 0)
(1.82428e-11 -8.75889e-11 0)
(9.74393e-12 -1.44308e-10 0)
(-8.39991e-15 1.34397e-15 0)
(-1.51199e-15 6.72002e-16 0)
(-3.52796e-15 5.37594e-15 0)
(1.67982e-16 -1.00798e-15 0)
(-2.68798e-15 -3.35994e-16 0)
(-3.36002e-16 -6.71977e-16 0)
(1.17597e-15 1.34397e-15 0)
(-1.008e-15 -6.71978e-16 0)
(8.39983e-16 3.69595e-15 0)
(-6.38392e-15 1.008e-15 0)
(5.03981e-16 -1.51902e-20 0)
(-1.67989e-16 6.71992e-16 0)
(1.67999e-15 3.36002e-16 0)
(2.01599e-15 2.01596e-15 0)
(5.03999e-16 -7.57012e-21 0)
(3.52797e-15 2.68796e-15 0)
(5.37595e-15 -6.71965e-16 0)
(-3.35983e-16 2.01599e-15 0)
(-1.34399e-15 1.34397e-15 0)
(-1.17599e-15 -1.00798e-15 0)
(2.01597e-15 2.35196e-15 0)
(4.03197e-15 -4.03195e-15 0)
(1.56239e-14 -2.08319e-14 0)
(6.23276e-14 -9.71034e-14 0)
(2.16215e-13 -3.67246e-13 0)
(6.21932e-13 -1.22538e-12 0)
(1.52644e-12 -3.67078e-12 0)
(2.94536e-12 -9.55309e-12 0)
(3.95268e-12 -2.0223e-11 0)
(2.07243e-12 -3.25148e-11 0)
(-7.22392e-15 1.67999e-15 0)
(1.17598e-15 2.01598e-15 0)
(3.35988e-16 -1.34396e-15 0)
(-3.19196e-15 1.67999e-15 0)
(-7.05594e-15 4.03197e-15 0)
(-2.35198e-15 3.35997e-15 0)
(6.72001e-16 2.016e-15 0)
(-1.51199e-15 1.67997e-15 0)
(-7.41073e-21 6.72018e-16 0)
(-1.848e-15 6.71989e-16 0)
(-8.39999e-16 -1.34395e-15 0)
(1.51198e-15 2.35195e-15 0)
(1.51201e-15 1.67996e-15 0)
(2.51997e-15 3.00573e-20 0)
(8.39994e-16 1.83859e-20 0)
(2.01599e-15 1.344e-15 0)
(4.09315e-21 4.36791e-15 0)
(2.35197e-15 6.71987e-16 0)
(-1.84798e-15 -3.02396e-15 0)
(3.02397e-15 5.03993e-15 0)
(3.19197e-15 1.69701e-20 0)
(2.36551e-21 2.35197e-15 0)
(1.344e-15 -1.67999e-15 0)
(1.14239e-14 -2.08319e-14 0)
(4.67037e-14 -9.00474e-14 0)
(1.44311e-13 -2.9635e-13 0)
(3.38686e-13 -8.7057e-13 0)
(6.41756e-13 -2.21187e-12 0)
(8.44026e-13 -4.5736e-12 0)
(4.34445e-13 -7.19069e-12 0)
(-6.72004e-16 3.3601e-16 0)
(-1.17599e-15 5.37595e-15 0)
(-2.68798e-15 4.03195e-15 0)
(-1.008e-15 4.70395e-15 0)
(-6.71998e-16 2.68798e-15 0)
(-1.00799e-15 1.67999e-15 0)
(3.02395e-15 3.3599e-16 0)
(-2.35197e-15 1.27142e-20 0)
(-3.35997e-15 3.69595e-15 0)
(-2.68797e-15 3.35997e-15 0)
(-3.52797e-15 3.69594e-15 0)
(3.35998e-16 -1.67996e-15 0)
(4.36796e-15 -3.69592e-15 0)
(3.86396e-15 2.01596e-15 0)
(1.34401e-15 1.34399e-15 0)
(5.03999e-16 1.34398e-15 0)
(1.84796e-15 3.36028e-16 0)
(-2.01597e-15 1.00798e-15 0)
(-1.84798e-15 6.71994e-16 0)
(1.008e-15 -3.35992e-16 0)
(3.35996e-15 -3.36001e-16 0)
(1.67998e-15 3.36012e-16 0)
(3.36001e-16 4.36795e-15 0)
(8.39987e-16 -1.68e-15 0)
(8.39995e-15 -1.67999e-14 0)
(2.53679e-14 -6.35036e-14 0)
(7.62715e-14 -1.97231e-13 0)
(1.36247e-13 -4.95933e-13 0)
(1.77407e-13 -1.01438e-12 0)
(8.83674e-14 -1.56306e-12 0)
(-1.67999e-16 -1.34398e-15 0)
(-1.00798e-15 6.72001e-16 0)
(-2.68797e-15 1.8839e-20 0)
(-1.6801e-16 2.68797e-15 0)
(-1.67998e-15 2.01599e-15 0)
(-1.008e-15 1.67999e-15 0)
(-3.19195e-15 -2.01596e-15 0)
(-1.17602e-15 3.3599e-16 0)
(-2.35197e-15 -1.00798e-15 0)
(-8.40005e-16 1.00799e-15 0)
(-6.71999e-16 -6.71974e-16 0)
(1.008e-15 3.35989e-16 0)
(1.51199e-15 -3.35998e-16 0)
(2.35199e-15 1.344e-15 0)
(4.53594e-15 3.02397e-15 0)
(2.016e-15 2.01598e-15 0)
(6.71993e-16 2.68797e-15 0)
(-2.85596e-15 1.67999e-15 0)
(-1.176e-15 1.0499e-20 0)
(1.34399e-15 3.29526e-21 0)
(2.35198e-15 -1.00798e-15 0)
(1.84798e-15 -1.34398e-15 0)
(5.03986e-16 3.35998e-16 0)
(-4.36795e-15 -6.7199e-16 0)
(-2.01598e-15 -2.01598e-15 0)
(4.03197e-15 -1.37759e-14 0)
(1.47839e-14 -4.19997e-14 0)
(2.75518e-14 -1.07855e-13 0)
(3.32638e-14 -2.20415e-13 0)
(1.81439e-14 -3.32638e-13 0)
(8.39989e-16 6.72006e-16 0)
(5.03992e-15 5.37595e-15 0)
(1.00798e-15 3.02396e-15 0)
(-6.71994e-16 -1.67997e-15 0)
(-1.17598e-15 3.02395e-15 0)
(-3.86396e-15 1.00798e-15 0)
(-5.03996e-15 6.71984e-16 0)
(-2.51998e-15 3.36002e-16 0)
(3.35983e-16 1.67998e-15 0)
(-4.36796e-15 -3.35983e-16 0)
(-3.02396e-15 3.35996e-15 0)
(1.00798e-15 1.21537e-20 0)
(6.72005e-16 3.3597e-16 0)
(2.85597e-15 2.35196e-15 0)
(6.72013e-16 -6.72009e-16 0)
(4.70394e-15 -5.37594e-15 0)
(2.01599e-15 -1.00799e-15 0)
(8.39977e-16 -3.35983e-16 0)
(-2.51996e-15 3.69595e-15 0)
(-3.35988e-16 -3.36001e-16 0)
(1.34399e-15 3.02396e-15 0)
(1.17599e-15 1.00798e-15 0)
(1.00799e-15 -2.35197e-15 0)
(-5.03994e-16 8.13674e-21 0)
(-3.02399e-15 3.35991e-16 0)
(-1.84799e-15 -3.02397e-15 0)
(3.36009e-16 -7.39196e-15 0)
(3.69599e-15 -2.04959e-14 0)
(4.36797e-15 -3.93118e-14 0)
(1.84799e-15 -6.85435e-14 0)
(-5.0399e-16 5.37593e-15 0)
(-3.35995e-15 6.71992e-16 0)
(-6.71995e-16 -5.37592e-15 0)
(-6.71992e-16 5.03995e-15 0)
(3.35982e-16 -7.05591e-15 0)
(-2.35198e-15 3.02397e-15 0)
(-3.52797e-15 -4.03194e-15 0)
(1.51198e-15 2.35197e-15 0)
(-1.008e-15 -2.35196e-15 0)
(-3.35996e-15 1.67998e-15 0)
(-6.72018e-16 -2.01597e-15 0)
(-1.67992e-16 2.35196e-15 0)
(-6.71994e-16 -2.01596e-15 0)
(3.86396e-15 1.67999e-15 0)
(1.09078e-20 -2.35197e-15 0)
(1.68e-15 -1.81698e-20 0)
(4.53595e-15 -6.38393e-15 0)
(5.04002e-16 3.35982e-16 0)
(-3.19196e-15 -2.01597e-15 0)
(3.86394e-15 -1.67998e-15 0)
(-8.39976e-16 6.71998e-16 0)
(8.39984e-16 2.17242e-21 0)
(3.36007e-16 -1.34398e-15 0)
(-1.51199e-15 6.71982e-16 0)
(-8.24905e-21 3.35999e-16 0)
(-6.21593e-15 -6.71977e-16 0)
(-3.36006e-16 1.53448e-21 0)
(2.01596e-15 -5.03995e-15 0)
(-5.03993e-16 -9.40792e-15 0)
(1.68005e-16 -1.14239e-14 0)
(1.67997e-15 1.34399e-15 0)
(2.68798e-15 -3.69592e-15 0)
(1.67991e-16 6.38392e-15 0)
(-3.36003e-16 1.47885e-20 0)
(-3.02397e-15 4.70393e-15 0)
(-5.03995e-16 1.008e-15 0)
(-4.53597e-15 4.03195e-15 0)
(-1.34399e-15 3.35997e-15 0)
(-6.72001e-16 2.35198e-15 0)
(-3.35998e-15 -3.36e-16 0)
(-3.86396e-15 6.71988e-16 0)
(-3.36004e-16 1.00798e-15 0)
(-5.03985e-16 2.01597e-15 0)
(2.68798e-15 -6.72001e-16 0)
(3.36671e-21 -1.68e-15 0)
(2.51999e-15 -3.69596e-15 0)
(3.86396e-15 -6.72014e-16 0)
(1.51199e-15 -2.01598e-15 0)
(-2.35197e-15 -6.72002e-16 0)
(2.68797e-15 -3.36001e-16 0)
(5.03998e-16 2.01598e-15 0)
(-5.03991e-16 3.35997e-15 0)
(1.00799e-15 7.93796e-21 0)
(-1.84797e-15 -2.01596e-15 0)
(1.00797e-15 1.00799e-15 0)
(-4.19997e-15 2.35196e-15 0)
(-3.36003e-16 3.35997e-15 0)
(7.16144e-22 1.67998e-15 0)
(-4.03197e-15 6.72002e-16 0)
(-1.17599e-15 -3.3601e-16 0)
(-8.39988e-15 1.00801e-15 0)
(2.68796e-15 1.37758e-14 0)
(-2.18397e-15 1.00801e-15 0)
(-6.02136e-21 1.00798e-15 0)
(-2.85599e-15 1.00801e-15 0)
(-1.67998e-15 -3.35982e-16 0)
(-5.37596e-15 1.67998e-15 0)
(-6.72e-16 -3.02395e-15 0)
(-3.02397e-15 -1.14498e-21 0)
(-2.51997e-15 1.34399e-15 0)
(-1.84799e-15 5.37596e-15 0)
(5.03995e-16 1.00802e-15 0)
(1.51198e-15 2.68799e-15 0)
(3.35992e-16 -3.35986e-16 0)
(-1.17597e-15 -1.67997e-15 0)
(4.19995e-15 -3.02397e-15 0)
(2.352e-15 -2.68797e-15 0)
(1.84798e-15 -2.68799e-15 0)
(-5.03991e-16 -4.03196e-15 0)
(1.008e-15 -6.71989e-16 0)
(4.19996e-15 3.35996e-16 0)
(-3.35995e-16 -3.35986e-16 0)
(1.68003e-16 4.18064e-21 0)
(-6.7201e-16 5.03993e-15 0)
(-2.35197e-15 3.35997e-15 0)
(-1.84799e-15 2.01599e-15 0)
(-1.17599e-15 6.72003e-16 0)
(-2.01598e-15 1.00799e-15 0)
(-4.36796e-15 -1.34398e-15 0)
(-1.17599e-15 1.67998e-15 0)
(-1.68015e-16 2.01598e-15 0)
(1.68006e-16 -1.10878e-14 0)
(-1.176e-15 1.00798e-15 0)
(-8.39997e-16 -1.67998e-15 0)
(-4.36796e-15 -6.71988e-16 0)
(-1.84798e-15 1.34398e-15 0)
(-6.21595e-15 2.68797e-15 0)
(6.71966e-16 3.36001e-16 0)
(3.35997e-16 -1.00799e-15 0)
(6.71982e-16 2.68798e-15 0)
(-3.19195e-15 4.36795e-15 0)
(-2.68798e-15 2.35199e-15 0)
(5.03998e-16 5.71193e-15 0)
(-1.68e-15 -3.35995e-15 0)
(3.35997e-16 3.35976e-16 0)
(1.51199e-15 2.68794e-15 0)
(4.70394e-15 -2.35197e-15 0)
(1.57199e-20 -1.00799e-15 0)
(-8.39973e-16 1.67997e-15 0)
(4.87194e-15 1.00798e-15 0)
(2.01599e-15 -3.35995e-16 0)
(3.36e-16 -2.68798e-15 0)
(1.84797e-15 1.67996e-15 0)
(-2.51997e-15 -6.71969e-16 0)
(-8.40006e-16 2.35196e-15 0)
(-3.69596e-15 4.22734e-22 0)
(-5.04e-16 1.00799e-15 0)
(-1.512e-15 3.36002e-16 0)
(-1.344e-15 1.67998e-15 0)
(-8.39989e-16 2.35198e-15 0)
(-1.17598e-15 2.35198e-15 0)
(-3.35999e-16 1.14239e-14 0)
(-2.85598e-15 6.71997e-16 0)
(-1.67998e-15 3.36e-16 0)
(-2.51998e-15 2.35197e-15 0)
(2.35195e-15 -1.00797e-15 0)
(-5.20796e-15 3.69596e-15 0)
(-5.03993e-15 2.68796e-15 0)
(5.03989e-16 -1.34396e-15 0)
(2.01598e-15 6.71998e-16 0)
(-6.71994e-16 8.71726e-21 0)
(-1.34399e-15 -1.00797e-15 0)
(-1.34399e-15 -1.34396e-15 0)
(-2.85597e-15 3.02395e-15 0)
(3.3599e-16 -4.36791e-15 0)
(1.17599e-15 -2.35194e-15 0)
(1.34401e-15 1.00799e-15 0)
(3.02396e-15 -1.34398e-15 0)
(8.39973e-16 6.71996e-16 0)
(3.19199e-15 -6.71994e-16 0)
(5.04009e-16 -1.67999e-15 0)
(-1.68006e-16 -2.01599e-15 0)
(8.39989e-16 -3.02397e-15 0)
(-1.68006e-16 -2.35199e-15 0)
(-6.71988e-16 -3.69595e-15 0)
(-2.68798e-15 -4.03194e-15 0)
(3.35988e-16 3.35992e-16 0)
(-1.67997e-15 1.67999e-15 0)
(-2.18399e-15 1.344e-15 0)
(2.69433e-21 1.00798e-15 0)
(5.0398e-16 -3.02398e-15 0)
(1.176e-15 -6.38391e-15 0)
(-2.85597e-15 -2.68797e-15 0)
(-1.00799e-15 -5.90862e-22 0)
(-5.04013e-16 3.35999e-16 0)
(3.36e-16 6.71995e-16 0)
(-5.54395e-15 6.72006e-16 0)
(-3.86396e-15 1.64728e-20 0)
(-5.03993e-16 3.69595e-15 0)
(1.67991e-16 4.03195e-15 0)
(1.67999e-15 -1.67996e-15 0)
(-2.18398e-15 7.39189e-15 0)
(-2.51998e-15 3.02394e-15 0)
(-1.67999e-15 -2.68796e-15 0)
(1.51199e-15 3.69592e-15 0)
(-1.84798e-15 1.67996e-15 0)
(5.71193e-15 1.00798e-15 0)
(1.67999e-15 -1.34399e-15 0)
(-2.51995e-15 -3.35994e-16 0)
(4.87194e-15 -6.7199e-16 0)
(8.39986e-16 -1.67998e-15 0)
(-1.17598e-15 -1.00799e-15 0)
(-1.17598e-15 -3.35998e-16 0)
(1.17599e-15 -2.35198e-15 0)
(-5.04003e-16 -1.34399e-15 0)
(-3.52796e-15 2.68795e-15 0)
(1.34398e-15 1.34399e-15 0)
(-1.008e-15 2.01598e-15 0)
(6.71981e-16 4.36795e-15 0)
(-3.35995e-16 2.68797e-15 0)
(-3.52794e-15 -1.34399e-15 0)
(1.84798e-15 -1.60358e-20 0)
(-5.04002e-16 -6.72002e-16 0)
(8.39985e-16 -3.36004e-16 0)
(-4.03194e-15 2.03474e-21 0)
(1.17598e-15 1.67998e-15 0)
(-5.20796e-15 -1.00797e-15 0)
(-2.016e-15 1.34399e-15 0)
(2.01597e-15 1.00801e-15 0)
(-1.51198e-15 6.72e-16 0)
(-1.51198e-15 1.344e-15 0)
(-1.17599e-15 -1.34397e-15 0)
(-6.72007e-16 6.72008e-16 0)
(-4.36795e-15 1.09829e-20 0)
(-5.04002e-16 3.36021e-16 0)
(5.04e-16 1.34399e-15 0)
(4.36795e-15 -3.35987e-16 0)
(3.36007e-16 -1.41162e-21 0)
(3.36005e-16 -3.35994e-16 0)
(3.35997e-15 -1.67997e-15 0)
(-6.71984e-16 -3.36007e-16 0)
(1.34398e-15 -6.71991e-16 0)
(-8.39997e-16 -2.01598e-15 0)
(-8.39985e-16 -6.72004e-16 0)
(5.03995e-16 -1.67999e-15 0)
(2.35197e-15 1.008e-15 0)
(1.34398e-15 1.34399e-15 0)
(-3.52796e-15 1.17777e-20 0)
(-2.51997e-15 2.35198e-15 0)
(-3.35994e-16 1.00799e-15 0)
(1.17596e-15 -6.04795e-15 0)
(2.68799e-15 6.71985e-16 0)
(-1.67998e-15 -3.02397e-15 0)
(1.00798e-15 -2.68796e-15 0)
(1.00797e-15 -1.67999e-15 0)
(-6.71982e-16 3.69596e-15 0)
(-3.69596e-15 6.38392e-15 0)
(-4.03196e-15 8.39991e-15 0)
(8.39982e-16 6.38394e-15 0)
(1.84797e-15 1.68e-15 0)
(-3.52796e-15 6.04792e-15 0)
(-3.36016e-16 2.35198e-15 0)
(-3.52795e-15 -3.35987e-16 0)
(-1.176e-15 1.00798e-15 0)
(6.71985e-16 5.71193e-15 0)
(-3.35997e-16 6.71996e-16 0)
(3.02398e-15 1.34398e-15 0)
(5.04004e-16 1.344e-15 0)
(3.35995e-15 4.03196e-15 0)
(-1.34396e-15 6.04793e-15 0)
(1.34398e-15 1.34402e-15 0)
(-2.51997e-15 3.02397e-15 0)
(-3.02398e-15 1.23891e-20 0)
(2.68796e-15 -3.35996e-15 0)
(-1.67997e-15 -2.01598e-15 0)
(4.87195e-15 3.02396e-15 0)
(5.04007e-16 -1.00798e-15 0)
(-1.51199e-15 1.67998e-15 0)
(1.51196e-15 2.01598e-15 0)
(1.68e-16 1.344e-15 0)
(-9.07187e-15 -2.68797e-15 0)
(4.36794e-15 -4.70396e-15 0)
(-1.17598e-15 -2.08037e-20 0)
(-8.39983e-16 2.35195e-15 0)
(1.34398e-15 -1.67997e-15 0)
(8.39992e-16 4.13398e-21 0)
(-6.72001e-16 1.2202e-20 0)
(-5.04003e-16 -3.35977e-16 0)
(-5.71194e-15 -3.35981e-16 0)
(-8.39991e-16 -1.67997e-15 0)
(-2.35198e-15 3.69596e-15 0)
(-2.35197e-15 1.00799e-15 0)
(-1.6802e-16 2.01596e-15 0)
(-5.03999e-16 -2.01597e-15 0)
(-5.03998e-16 1.34397e-15 0)
(-1.67997e-15 -1.67997e-15 0)
(1.67999e-15 6.71988e-16 0)
(1.67998e-15 2.68797e-15 0)
(6.72008e-16 2.01598e-15 0)
(4.53595e-15 -3.35988e-16 0)
(8.39986e-16 2.68796e-15 0)
(3.35992e-16 1.34399e-15 0)
(-5.87994e-15 5.03994e-15 0)
(-5.04e-16 3.35991e-16 0)
(1.67998e-16 -6.71997e-16 0)
(4.53596e-15 -1.67999e-15 0)
(1.00799e-15 -4.03196e-15 0)
(-5.04008e-16 -2.68796e-15 0)
(-5.20792e-15 6.31826e-21 0)
(-3.03653e-21 3.36003e-16 0)
(1.84796e-15 -2.01599e-15 0)
(6.71989e-16 1.00798e-15 0)
(8.39997e-16 -4.70395e-15 0)
(-1.34398e-15 -2.68797e-15 0)
(6.72001e-16 6.71974e-16 0)
(1.51199e-15 3.36004e-16 0)
(-1.84798e-15 -6.71988e-16 0)
(-1.008e-15 2.35197e-15 0)
(3.35985e-16 3.35986e-16 0)
(-4.19996e-15 -6.71993e-16 0)
(1.84797e-15 -6.71988e-16 0)
(-3.86396e-15 6.72004e-16 0)
(-4.03196e-15 -2.35196e-15 0)
(-6.71997e-16 1.34398e-15 0)
(-1.51198e-15 -2.68795e-15 0)
(1.00798e-15 1.00797e-15 0)
(3.19198e-15 -3.02396e-15 0)
(3.35997e-15 -1.67997e-15 0)
(8.39994e-16 -3.35999e-16 0)
(2.01599e-15 -2.35197e-15 0)
(-1.17598e-15 -3.36003e-16 0)
(3.35994e-16 -3.69596e-15 0)
(-5.37596e-15 -1.34399e-15 0)
(-8.39993e-16 6.71992e-16 0)
(4.19993e-21 1.55069e-21 0)
(3.35996e-15 -1.34398e-15 0)
(-1.17597e-15 1.00799e-15 0)
(-1.84797e-15 3.35994e-15 0)
(3.69593e-15 3.36005e-16 0)
(5.71498e-21 1.00798e-15 0)
(7.32583e-21 -5.03995e-15 0)
(1.51199e-15 -4.03197e-15 0)
(5.03993e-16 -3.35997e-15 0)
(8.39999e-16 -3.69597e-15 0)
(4.19996e-15 -3.69594e-15 0)
(3.19197e-15 6.71984e-16 0)
(-3.3601e-16 1.34398e-15 0)
(-6.21593e-15 7.56666e-22 0)
(-1.51198e-15 8.91036e-21 0)
(-1.00801e-15 -4.22483e-21 0)
(1.00798e-15 -1.67999e-15 0)
(-4.36796e-15 1.34397e-15 0)
(-3.02398e-15 -1.00799e-15 0)
(-1.17599e-15 -3.35993e-16 0)
(-1.008e-15 -6.72002e-16 0)
(-1.67984e-16 1.00798e-15 0)
(3.19198e-15 -2.68796e-15 0)
(3.02398e-15 1.00796e-15 0)
(2.18397e-15 -1.00798e-15 0)
(-1.67998e-15 -1.3574e-20 0)
(6.71978e-16 -4.03196e-15 0)
(1.68004e-16 1.00797e-15 0)
(-3.19198e-15 6.71975e-16 0)
(8.39997e-16 -2.01598e-15 0)
(4.81359e-21 6.71987e-16 0)
(5.04008e-16 -1.67997e-15 0)
(4.19994e-15 5.71192e-15 0)
(-3.36001e-16 -2.35195e-15 0)
(-2.68795e-15 -6.72006e-16 0)
(-3.35998e-16 -1.00797e-15 0)
(1.00798e-15 1.34399e-15 0)
(-3.69595e-15 -1.67998e-15 0)
(1.84799e-15 -1.68e-15 0)
(3.02398e-15 -2.68797e-15 0)
(2.35198e-15 6.71974e-16 0)
(3.02397e-15 -1.67999e-15 0)
(-1.00799e-15 5.25237e-22 0)
(-4.03197e-15 -6.71995e-16 0)
(-9.8371e-21 -2.01599e-15 0)
(-3.69596e-15 -1.008e-15 0)
(1.51198e-15 -1.67996e-15 0)
(-2.18398e-15 -2.35199e-15 0)
(-5.54396e-15 -1.00799e-15 0)
(-2.18397e-15 1.34397e-15 0)
(3.35989e-16 3.2628e-21 0)
(1.84797e-15 -3.35966e-16 0)
(2.35201e-15 5.71192e-15 0)
(3.52796e-15 -2.01596e-15 0)
(2.85598e-15 1.008e-15 0)
(-2.352e-15 -6.71981e-16 0)
(1.93318e-20 -1.00799e-15 0)
(1.67997e-15 -1.34398e-15 0)
(-4.53595e-15 -3.35994e-15 0)
(1.17599e-15 1.00799e-15 0)
(2.01598e-15 1.34399e-15 0)
(4.19995e-15 3.35996e-15 0)
(-3.52793e-15 -1.00796e-15 0)
(-3.35999e-16 3.35996e-15 0)
(-3.36009e-16 -3.35978e-16 0)
(5.03996e-16 2.68795e-15 0)
(-1.17599e-15 1.34398e-15 0)
(-4.03198e-15 -3.35997e-16 0)
(1.84797e-15 -1.34398e-15 0)
(2.68797e-15 2.01595e-15 0)
(3.35998e-15 1.67998e-15 0)
(3.19198e-15 -1.34398e-15 0)
(-1.67998e-15 -6.71998e-16 0)
(-5.71194e-15 -2.01597e-15 0)
(-8.83854e-21 -2.01598e-15 0)
(-3.02398e-15 -1.67997e-15 0)
(-8.40002e-16 -1.34401e-15 0)
(-1.67999e-15 -4.03195e-15 0)
(-2.35198e-15 -7.69688e-21 0)
(1.67988e-16 -6.71987e-16 0)
(-3.35995e-15 3.35994e-16 0)
(2.85597e-15 2.01597e-15 0)
(7.05594e-15 -1.34397e-15 0)
(1.344e-15 6.72011e-16 0)
(8.39995e-16 -2.68797e-15 0)
(-4.87195e-15 1.34399e-15 0)
(5.0398e-16 3.35999e-16 0)
(1.00799e-15 -6.71985e-16 0)
(-6.21592e-15 6.71978e-16 0)
(3.19196e-15 1.34401e-15 0)
(1.67999e-15 1.34399e-15 0)
(3.52797e-15 1.68e-15 0)
(1.00798e-15 2.68796e-15 0)
(3.35995e-16 7.77759e-21 0)
(-3.86394e-15 -2.36697e-21 0)
(1.67997e-15 3.36004e-16 0)
(3.35991e-16 1.67998e-15 0)
(-5.03994e-15 3.36003e-16 0)
(-2.51997e-15 1.34398e-15 0)
(-3.35981e-16 -3.02394e-15 0)
(5.20794e-15 -2.01599e-15 0)
(1.51199e-15 -2.35199e-15 0)
(1.84798e-15 -1.34399e-15 0)
(-3.35997e-15 3.35977e-16 0)
(-6.72006e-16 1.67997e-15 0)
(-2.51998e-15 1.00799e-15 0)
(-3.86395e-15 -3.02396e-15 0)
(3.35986e-16 3.35984e-16 0)
(-1.008e-15 6.71992e-16 0)
(-8.39992e-16 4.58668e-21 0)
(-6.71996e-16 1.67998e-15 0)
(3.69596e-15 1.00799e-15 0)
(3.69599e-15 4.36795e-15 0)
(1.84799e-15 4.36795e-15 0)
(-1.67998e-15 3.02394e-15 0)
(1.67987e-16 3.35997e-16 0)
(-3.52796e-15 2.68797e-15 0)
(1.51199e-15 4.70394e-15 0)
(1.84796e-15 1.79885e-20 0)
(-5.03981e-16 4.70394e-15 0)
(3.02397e-15 5.03996e-15 0)
(-8.39982e-16 2.68797e-15 0)
(-8.39989e-16 -1.34397e-15 0)
(-3.35994e-16 6.71979e-16 0)
(3.35995e-15 -1.34399e-15 0)
(1.68007e-16 1.67996e-15 0)
(1.67999e-16 -4.36795e-15 0)
(-3.69597e-15 1.00798e-15 0)
(8.39985e-16 5.71194e-15 0)
(-3.35985e-16 3.35995e-15 0)
(5.03994e-15 4.03195e-15 0)
(-8.39972e-16 1.31679e-20 0)
(2.51996e-15 -1.008e-15 0)
(-4.19996e-15 -3.02397e-15 0)
(-2.01598e-15 -3.02396e-15 0)
(-3.35997e-15 2.01597e-15 0)
(1.67968e-16 6.71983e-16 0)
(3.35998e-16 3.35992e-16 0)
(-2.51997e-15 -6.71991e-16 0)
(-1.34398e-15 3.35979e-16 0)
(1.68001e-16 -2.01597e-15 0)
(3.02397e-15 -6.71985e-16 0)
(3.19198e-15 6.72019e-16 0)
(1.67998e-15 -6.71996e-16 0)
(-2.01598e-15 6.72014e-16 0)
(-3.35985e-16 2.01596e-15 0)
(-8.00963e-21 1.344e-15 0)
(1.67999e-15 -2.68796e-15 0)
(8.27942e-21 1.67999e-15 0)
(5.04003e-16 1.68001e-15 0)
(1.67997e-15 1.344e-15 0)
(-2.35196e-15 6.27077e-21 0)
(8.39964e-16 -1.67998e-15 0)
(-2.51996e-15 -4.03196e-15 0)
(3.69595e-15 -5.37594e-15 0)
(-1.67992e-16 1.34399e-15 0)
(8.39991e-16 -2.35199e-15 0)
(1.67997e-15 -4.70395e-15 0)
(2.18398e-15 -2.35198e-15 0)
(2.01597e-15 3.36001e-16 0)
(3.36014e-16 -1.34396e-15 0)
(2.01597e-15 1.34397e-15 0)
(-3.02396e-15 -2.35197e-15 0)
(-4.36796e-15 -4.03196e-15 0)
(6.71977e-16 -3.36003e-16 0)
(-1.68e-15 -1.34399e-15 0)
(-5.03993e-15 -1.67997e-15 0)
(-1.68005e-16 -3.35996e-15 0)
(-1.008e-15 -3.02397e-15 0)
(3.35995e-16 -4.03194e-15 0)
(2.85597e-15 -2.09004e-20 0)
(1.51199e-15 -1.34399e-15 0)
(3.52798e-15 1.34395e-15 0)
(-2.01596e-15 6.7199e-16 0)
(1.34398e-15 -3.35997e-15 0)
(-1.34401e-15 1.00801e-15 0)
(3.36015e-16 -1.67999e-15 0)
(1.67999e-15 2.01598e-15 0)
(2.85597e-15 4.70395e-15 0)
(2.35198e-15 6.71992e-15 0)
(-2.18397e-15 5.71194e-15 0)
(-6.72001e-16 1.008e-15 0)
(-3.69595e-15 2.01597e-15 0)
(-1.68e-15 3.35997e-16 0)
(2.51997e-15 1.34398e-15 0)
(2.35197e-15 -6.7198e-16 0)
(-1.17598e-15 -6.72001e-16 0)
(1.00799e-15 -3.36014e-16 0)
(2.85598e-15 -4.36795e-15 0)
(1.008e-15 -1.68e-15 0)
(2.01599e-15 -2.00693e-20 0)
(1.17599e-15 -3.69594e-15 0)
(-2.68799e-15 -1.008e-15 0)
(-2.18398e-15 -1.67999e-15 0)
(-2.68798e-15 -5.79642e-21 0)
(-3.35997e-16 -1.34399e-15 0)
(-2.016e-15 -6.71989e-16 0)
(-1.67999e-15 3.35985e-16 0)
(-2.35196e-15 3.35987e-16 0)
(2.35196e-15 3.35991e-16 0)
(-1.6799e-16 -1.00799e-15 0)
(1.17601e-15 -6.7199e-16 0)
(4.03195e-15 -3.35979e-16 0)
(1.84798e-15 6.71981e-16 0)
(-3.3598e-16 1.00798e-15 0)
(3.36005e-16 2.01598e-15 0)
(2.85596e-15 3.36e-16 0)
(1.06606e-20 1.67998e-15 0)
(4.36796e-15 1.00799e-15 0)
(2.51997e-15 2.19588e-20 0)
(-6.71984e-16 1.008e-15 0)
(-2.85597e-15 2.35198e-15 0)
(-1.344e-15 1.344e-15 0)
(-3.19196e-15 2.68797e-15 0)
(1.84798e-15 3.02397e-15 0)
(8.39997e-16 3.35996e-16 0)
(-3.35998e-16 -2.01598e-15 0)
(-1.34398e-15 -2.01599e-15 0)
(3.35998e-15 -4.36797e-15 0)
(2.01599e-15 -4.36793e-15 0)
(3.19197e-15 -3.35997e-15 0)
(1.34398e-15 -3.36001e-16 0)
(-2.35197e-15 1.00799e-15 0)
(-2.18399e-15 2.35198e-15 0)
(-1.34399e-15 4.49844e-21 0)
(-1.3068e-20 -3.3598e-16 0)
(-3.02398e-15 2.68796e-15 0)
(-4.87195e-15 -2.01597e-15 0)
(2.01595e-15 -4.7215e-21 0)
(-1.67977e-16 1.00796e-15 0)
(-8.39991e-16 -2.01595e-15 0)
(2.68797e-15 -1.34399e-15 0)
(2.85597e-15 -6.71996e-16 0)
(5.03999e-16 -5.03994e-15 0)
(1.68006e-16 -1.67999e-15 0)
(2.01598e-15 -1.67999e-15 0)
(4.19997e-15 1.34399e-15 0)
(7.59338e-21 1.34399e-15 0)
(4.87195e-15 -1.67997e-15 0)
(1.344e-15 4.36795e-15 0)
(-1.84798e-15 8.62989e-21 0)
(-2.51998e-15 -1.34398e-15 0)
(-2.01599e-15 2.68796e-15 0)
(-3.36006e-16 6.72004e-16 0)
(-3.35993e-16 1.344e-15 0)
(1.17599e-15 3.35999e-16 0)
(-1.67999e-16 -2.68798e-15 0)
(-2.18398e-15 -9.40791e-15 0)
(3.69596e-15 -2.01597e-15 0)
(3.02398e-15 2.01593e-15 0)
(4.03197e-15 -2.68797e-15 0)
(3.36006e-16 3.35979e-16 0)
(8.3998e-16 6.71986e-16 0)
(-1.84797e-15 4.36795e-15 0)
(6.71982e-16 2.68797e-15 0)
(-2.85598e-15 1.34399e-15 0)
(-4.70395e-15 3.35996e-15 0)
(-1.84801e-15 5.61197e-21 0)
(-4.19993e-15 -2.01597e-15 0)
(3.86395e-15 -3.35996e-15 0)
(1.512e-15 -1.00799e-15 0)
(2.01597e-15 2.68797e-15 0)
(5.04e-16 4.03194e-15 0)
(6.48145e-21 -2.35198e-15 0)
(1.17599e-15 -1.67999e-15 0)
(3.35997e-15 -3.69595e-15 0)
(2.18399e-15 1.00799e-15 0)
(3.36004e-16 2.01598e-15 0)
(4.36796e-15 1.00799e-15 0)
(2.18399e-15 -2.68797e-15 0)
(-1.54251e-20 3.35988e-16 0)
(-3.02397e-15 1.00797e-15 0)
(-3.02397e-15 -1.00799e-15 0)
(-1.34399e-15 6.71998e-16 0)
(1.67997e-16 3.02394e-15 0)
(8.39991e-16 3.35996e-16 0)
(-1.5366e-21 5.71194e-15 0)
(-1.51198e-15 5.37593e-15 0)
(2.01597e-15 1.67998e-15 0)
(1.67999e-15 -3.02395e-15 0)
(4.03197e-15 6.71969e-16 0)
(6.71997e-16 -3.35996e-15 0)
(1.84798e-15 -3.69596e-15 0)
(1.68001e-16 2.01598e-15 0)
(-1.68009e-16 1.67999e-15 0)
(-3.52796e-15 1.34399e-15 0)
(-2.18401e-15 2.09035e-20 0)
(-6.04791e-15 1.34398e-15 0)
(6.7197e-16 2.35197e-15 0)
(2.01599e-15 -2.01596e-15 0)
(8.39978e-16 2.68797e-15 0)
(1.67999e-15 2.68797e-15 0)
(-1.512e-15 -3.35993e-15 0)
(-1.00798e-15 -2.35198e-15 0)
(1.67999e-15 -1.34398e-15 0)
(5.71195e-15 -3.35999e-16 0)
(4.19996e-15 -2.01598e-15 0)
(1.84799e-15 -1.00797e-15 0)
(1.68004e-16 6.71974e-16 0)
(2.85597e-15 -1.67999e-15 0)
(-2.68797e-15 -3.35996e-15 0)
(-1.68013e-16 -2.68796e-15 0)
(-2.18398e-15 -6.71992e-16 0)
(-1.00799e-15 -8.42666e-21 0)
(-7.93637e-21 -1.34396e-15 0)
(5.03995e-16 -1.67998e-15 0)
(6.71988e-16 6.71999e-16 0)
(-2.35198e-15 1.008e-15 0)
(-2.68795e-15 1.34399e-15 0)
(-3.3599e-16 -1.67998e-15 0)
(5.54393e-15 -6.7199e-16 0)
(2.12735e-20 -3.36004e-16 0)
(5.54393e-15 1.35276e-21 0)
(-1.51197e-15 3.36001e-16 0)
(-1.84798e-15 3.30151e-21 0)
(-1.34399e-15 -3.35981e-16 0)
(-5.03995e-15 6.71991e-16 0)
(-3.01007e-20 1.008e-15 0)
(-1.67997e-15 1.008e-15 0)
(1.00799e-15 4.03198e-15 0)
(1.00799e-15 2.01598e-15 0)
(-1.17599e-15 6.72006e-16 0)
(-1.84797e-15 2.01596e-15 0)
(-5.37686e-21 -3.35968e-16 0)
(3.36003e-16 3.69594e-15 0)
(5.20794e-15 1.00798e-15 0)
(3.36021e-16 -2.35196e-15 0)
(5.71194e-15 1.67996e-15 0)
(8.39981e-16 -2.01599e-15 0)
(1.344e-15 -3.02397e-15 0)
(-6.71999e-16 1.67996e-15 0)
(-8.39992e-16 -2.35199e-15 0)
(-3.35996e-15 -2.01597e-15 0)
(1.00799e-15 -1.34398e-15 0)
(-8.39988e-16 -6.92966e-21 0)
(-5.03996e-16 -2.35196e-15 0)
(-5.74637e-22 -4.03195e-15 0)
(-2.68798e-15 6.72002e-16 0)
(5.03986e-16 3.02395e-15 0)
(1.176e-15 3.35998e-16 0)
(1.67999e-15 -2.35197e-15 0)
(4.03197e-15 -1.344e-15 0)
(5.04007e-16 -1.67997e-15 0)
(1.00797e-15 -1.67999e-15 0)
(-1.67998e-15 -1.26541e-20 0)
(-5.03998e-16 1.34398e-15 0)
(-5.04004e-16 1.34398e-15 0)
(-1.67998e-15 1.00802e-15 0)
(-2.51997e-15 3.35996e-15 0)
(1.67998e-15 6.04792e-15 0)
(-1.34397e-15 4.70395e-15 0)
(5.54392e-15 3.02397e-15 0)
(-1.84797e-15 5.03995e-15 0)
(3.36e-16 8.39989e-15 0)
(-1.008e-15 -3.35976e-16 0)
(8.40018e-16 1.06341e-20 0)
(3.86395e-15 2.01595e-15 0)
(2.51998e-15 -6.71993e-16 0)
(-3.19196e-15 -2.01597e-15 0)
(3.02397e-15 -3.69596e-15 0)
(-2.68798e-15 -1.67998e-15 0)
(-8.39985e-16 -2.01597e-15 0)
(1.67997e-15 -1.82988e-20 0)
(-6.71992e-16 -6.72001e-16 0)
(-1.67998e-15 -1.80714e-20 0)
(-2.91821e-21 -3.36008e-16 0)
(1.15147e-21 1.67998e-15 0)
(1.00798e-15 -1.34401e-15 0)
(-1.67997e-15 -4.70393e-15 0)
(2.51997e-15 6.71982e-16 0)
(3.36007e-16 6.71987e-16 0)
(7.39192e-15 -1.67997e-15 0)
(-6.71974e-16 2.35194e-15 0)
(3.35988e-16 6.71992e-16 0)
(-1.84798e-15 -3.35969e-16 0)
(-2.51998e-15 1.00798e-15 0)
(-1.68e-15 -1.00798e-15 0)
(1.68002e-16 3.69594e-15 0)
(-2.01599e-15 3.02399e-15 0)
(-1.34397e-15 6.72019e-16 0)
(1.17597e-15 -3.35998e-16 0)
(2.016e-15 3.36004e-16 0)
(1.67997e-15 -3.35993e-15 0)
(-6.71991e-16 1.00801e-15 0)
(-1.67997e-15 1.00798e-15 0)
(2.01597e-15 -3.02397e-15 0)
(1.00801e-15 -4.03194e-15 0)
(3.02396e-15 -3.35997e-15 0)
(-2.01597e-15 -6.71999e-16 0)
(2.18397e-15 3.35982e-16 0)
(-3.36006e-16 -3.69596e-15 0)
(-1.51198e-15 -1.214e-20 0)
(-6.71993e-16 -4.36796e-15 0)
(6.71987e-16 -3.02398e-15 0)
(-3.35998e-16 -4.03196e-15 0)
(-5.73583e-22 -4.70394e-15 0)
(-2.98032e-21 -3.36017e-16 0)
(-1.84797e-15 -7.05592e-15 0)
(6.71985e-16 6.71963e-16 0)
(2.18398e-15 -1.68001e-15 0)
(2.68798e-15 -3.02396e-15 0)
(3.86397e-15 1.00797e-15 0)
(1.67998e-15 -6.71982e-16 0)
(-1.67989e-16 -1.00799e-15 0)
(1.008e-15 2.35195e-15 0)
(-3.35997e-15 -1.67996e-15 0)
(-3.02397e-15 2.01598e-15 0)
(-5.03988e-16 2.35199e-15 0)
(-1.34399e-15 2.35198e-15 0)
(5.03977e-16 3.02395e-15 0)
(-1.67997e-15 6.72013e-16 0)
(3.86396e-15 -3.35984e-16 0)
(8.39999e-16 3.02394e-15 0)
(-5.03996e-16 -3.35987e-16 0)
(-1.84799e-15 1.34399e-15 0)
(-1.34397e-15 4.70392e-15 0)
(3.35996e-15 1.34397e-15 0)
(1.00799e-15 -4.36795e-15 0)
(8.39992e-16 3.69594e-15 0)
(1.17599e-15 1.00799e-15 0)
(-2.18397e-15 -5.71195e-15 0)
(-1.67999e-15 -3.35998e-15 0)
(-1.17599e-15 -3.35997e-15 0)
(-1.01746e-21 -1.00799e-15 0)
(-1.67997e-15 -1.00799e-15 0)
(3.35996e-16 3.69594e-15 0)
(-4.1664e-21 -6.71993e-15 0)
(-2.68796e-15 -4.70396e-15 0)
(1.00798e-15 -7.39192e-15 0)
(-1.84797e-15 -4.70394e-15 0)
(5.03995e-15 -2.352e-15 0)
(1.51199e-15 -7.3919e-15 0)
(1.84799e-15 -4.70397e-15 0)
(1.33293e-20 -5.37595e-15 0)
(3.35996e-15 -6.71991e-15 0)
(-3.02397e-15 2.01595e-15 0)
(1.17597e-15 1.67999e-15 0)
(-8.39994e-16 5.03993e-15 0)
(-8.39986e-16 9.9157e-21 0)
(-2.51997e-15 3.02398e-15 0)
(1.31433e-21 1.67997e-15 0)
(1.84798e-15 3.02395e-15 0)
(1.34399e-15 6.71997e-16 0)
(-2.62651e-21 -2.01599e-15 0)
(-5.0401e-16 -3.35996e-15 0)
(-2.01598e-15 -2.01596e-15 0)
(8.40001e-16 -1.34398e-15 0)
(-1.17597e-15 -6.72013e-16 0)
(-1.68e-16 -7.0559e-15 0)
(1.17599e-15 -1.344e-15 0)
(-2.51999e-15 6.71983e-16 0)
(-8.3998e-16 -3.02396e-15 0)
(6.71985e-16 2.01596e-15 0)
(1.00799e-15 6.71994e-16 0)
(2.18397e-15 -1.00799e-15 0)
(-5.19191e-21 1.34398e-15 0)
(1.68e-16 -6.72033e-16 0)
(2.01597e-15 3.35962e-16 0)
(5.04001e-16 -4.03197e-15 0)
(3.35989e-16 -1.68001e-15 0)
(-6.71957e-16 -3.02398e-15 0)
(1.84799e-15 -2.68799e-15 0)
(5.03994e-15 -4.03195e-15 0)
(1.67999e-15 -1.68e-15 0)
(1.176e-15 2.68794e-15 0)
(1.00799e-15 7.11545e-21 0)
(3.02397e-15 -8.7167e-21 0)
(1.67996e-16 -3.35994e-15 0)
(-3.69596e-15 -1.00798e-15 0)
(-3.36002e-16 1.00799e-15 0)
(6.71987e-16 1.008e-15 0)
(1.51199e-15 2.01598e-15 0)
(-4.36795e-15 1.34397e-15 0)
(-1.008e-15 -3.35995e-16 0)
(-3.35997e-16 -1.67999e-15 0)
(-1.34397e-15 6.7198e-16 0)
(1.84797e-15 1.00798e-15 0)
(3.35992e-16 -2.01598e-15 0)
(4.87195e-15 -6.7202e-16 0)
(-1.34398e-15 -1.008e-15 0)
(-2.01597e-15 -6.71999e-16 0)
(8.39979e-16 -9.97472e-21 0)
(1.68008e-16 -6.71976e-16 0)
(-1.00799e-15 2.01598e-15 0)
(2.85597e-15 1.67998e-15 0)
(-1.17598e-15 -3.35984e-16 0)
(3.3599e-16 -1.00799e-14 0)
(-1.67996e-15 -6.38391e-15 0)
(-5.04e-16 -8.06393e-15 0)
(1.51199e-15 -7.05591e-15 0)
(2.01597e-15 -2.01599e-15 0)
(2.18398e-15 -1.67999e-15 0)
(2.184e-15 -1.00803e-15 0)
(3.86396e-15 -8.7359e-15 0)
(3.02397e-15 -4.03196e-15 0)
(-1.67983e-16 -2.68797e-15 0)
(1.008e-15 -4.03195e-15 0)
(-5.03997e-16 -1.344e-15 0)
(-8.39994e-16 2.01596e-15 0)
(8.39973e-16 -1.67997e-15 0)
(-5.03983e-16 3.35988e-16 0)
(2.68795e-15 -2.01597e-15 0)
(-5.03993e-15 -5.71192e-15 0)
(-3.52796e-15 -4.00369e-21 0)
(1.67991e-16 -1.00797e-15 0)
(6.8879e-15 -6.71997e-16 0)
(-4.19993e-15 3.35988e-16 0)
(-8.39992e-16 -2.35198e-15 0)
(2.35198e-15 -5.37594e-15 0)
(-1.51199e-15 -5.71194e-15 0)
(1.00798e-15 -3.35997e-15 0)
(-1.67997e-15 2.35198e-15 0)
(3.35995e-16 1.00797e-15 0)
(-5.03989e-16 -1.34399e-15 0)
(2.68796e-15 -1.68e-15 0)
(3.36002e-16 -4.03196e-15 0)
(-1.34399e-15 -1.34402e-15 0)
(6.71979e-16 3.35968e-16 0)
(-3.35997e-16 -2.68797e-15 0)
(1.344e-15 -1.00803e-15 0)
(5.03996e-15 -4.03196e-15 0)
(3.52797e-15 -4.03197e-15 0)
(1.68008e-16 -5.71195e-15 0)
(3.86396e-15 -3.35998e-15 0)
(1.008e-15 -1.344e-15 0)
(1.67999e-15 -1.00801e-15 0)
(1.84798e-15 -3.36024e-16 0)
(-8.39996e-16 -1.67999e-15 0)
(-1.17599e-15 -3.02397e-15 0)
(1.34399e-15 -2.68797e-15 0)
(-6.72002e-16 -1.00799e-15 0)
(-3.3598e-16 -1.68e-15 0)
(5.03985e-16 -3.69595e-15 0)
(-6.72009e-16 1.34397e-15 0)
(-4.53594e-15 2.68795e-15 0)
(2.85596e-15 -2.01596e-15 0)
(-8.39996e-16 -1.00799e-15 0)
(-8.39994e-16 -1.21654e-20 0)
(6.72003e-16 -1.008e-15 0)
(-6.71995e-16 -2.01598e-15 0)
(-2.01598e-15 -3.35996e-15 0)
(4.19995e-15 -3.35997e-16 0)
(-5.03993e-16 -6.71978e-16 0)
(1.51197e-15 -4.07827e-21 0)
(-2.18396e-15 -5.37593e-15 0)
(8.39987e-16 6.71979e-16 0)
(-5.03991e-16 -5.37595e-15 0)
(-1.51197e-15 -6.71988e-16 0)
(2.51997e-15 2.68795e-15 0)
(2.01599e-15 -3.02396e-15 0)
(1.176e-15 -4.03197e-15 0)
(3.36005e-16 -6.38395e-15 0)
(4.19995e-15 -5.03995e-15 0)
(2.68799e-15 3.35985e-16 0)
(5.04008e-16 -4.70394e-15 0)
(4.19996e-15 -5.37594e-15 0)
(3.69595e-15 -3.69597e-15 0)
(-1.84797e-15 -4.36796e-15 0)
(-6.71987e-16 -3.36004e-16 0)
(1.67995e-16 3.02395e-15 0)
(-1.67988e-16 -2.35197e-15 0)
(8.39975e-16 -5.03994e-15 0)
(6.71997e-16 2.35194e-15 0)
(-2.68797e-15 6.72e-16 0)
(8.39983e-16 -3.35995e-16 0)
(6.71988e-16 1.00798e-15 0)
(-2.35197e-15 -1.34399e-15 0)
(-2.18398e-15 -2.35198e-15 0)
(2.68795e-15 -3.35996e-15 0)
(-2.35196e-15 -3.36024e-16 0)
(-8.39991e-16 -3.35994e-16 0)
(6.38393e-15 -6.72001e-16 0)
(-1.17599e-15 1.34396e-15 0)
(-2.35196e-15 -1.34399e-15 0)
(1.17598e-15 -3.02397e-15 0)
(1.00799e-15 -2.68797e-15 0)
(1.67996e-16 2.01599e-15 0)
(-1.00798e-15 -6.72e-16 0)
(3.02397e-15 -2.01596e-15 0)
(3.35994e-16 3.35978e-16 0)
(6.72e-16 -2.016e-15 0)
(-5.03984e-16 -5.71194e-15 0)
(2.85599e-15 -5.03995e-15 0)
(5.54394e-15 -3.35997e-16 0)
(3.36017e-16 -3.35998e-15 0)
(6.21592e-15 -3.07066e-20 0)
(-2.01596e-15 -4.70396e-15 0)
(-5.03992e-16 -2.68798e-15 0)
(-1.20361e-20 -2.016e-15 0)
(1.84799e-15 -7.72792e-15 0)
(1.51197e-15 6.71974e-16 0)
(-1.00797e-15 -1.24265e-20 0)
(-1.17599e-15 -2.35197e-15 0)
(-1.00799e-15 -3.02397e-15 0)
(-1.17599e-15 -2.68798e-15 0)
(1.17599e-15 -2.01598e-15 0)
(-1.67999e-15 -1.67998e-15 0)
(-1.00799e-15 6.71987e-16 0)
(1.67998e-16 -1.68e-15 0)
(4.68658e-22 -1.67997e-15 0)
(-1.84797e-15 2.68794e-15 0)
(6.38392e-15 -3.69594e-15 0)
(-1.84797e-15 -6.71983e-16 0)
(-8.3999e-16 -1.34398e-15 0)
(8.39989e-16 4.03195e-15 0)
(1.34399e-15 2.35196e-15 0)
(2.35198e-15 3.35997e-16 0)
(1.51197e-15 -1.00797e-15 0)
(-3.3599e-16 4.03195e-15 0)
(-1.67998e-16 -1.00797e-15 0)
(8.39995e-16 -1.34397e-15 0)
(3.35999e-16 -1.344e-15 0)
(3.69597e-15 -3.35997e-15 0)
(4.53596e-15 -3.36007e-16 0)
(-1.67989e-16 -4.36796e-15 0)
(3.02397e-15 -4.36796e-15 0)
(1.68009e-16 -3.02396e-15 0)
(6.71992e-16 -3.3602e-16 0)
(4.7738e-21 -3.02395e-15 0)
(1.17599e-15 -1.008e-15 0)
(-1.34398e-15 -3.69595e-15 0)
(2.35196e-15 -6.72003e-16 0)
(-5.03988e-16 1.34398e-15 0)
(-1.008e-15 -2.01598e-15 0)
(-8.39998e-16 -6.71997e-16 0)
(8.39994e-16 1.34398e-15 0)
(1.28402e-21 3.35991e-16 0)
(-2.01598e-15 1.00798e-15 0)
(-1.51198e-15 -8.29638e-21 0)
(4.03194e-15 -3.69594e-15 0)
(-3.35987e-16 -2.35197e-15 0)
(2.01599e-15 -3.31129e-20 0)
(-8.39999e-16 6.71982e-16 0)
(1.68002e-16 -3.36001e-16 0)
(1.67997e-16 1.008e-15 0)
(2.01597e-15 1.14063e-20 0)
(1.17599e-15 2.35199e-15 0)
(-2.85596e-15 6.04792e-15 0)
(-3.35999e-16 1.344e-15 0)
(1.00799e-15 6.71992e-15 0)
(-1.67998e-15 3.02397e-15 0)
(1.67994e-16 7.05592e-15 0)
(2.85598e-15 3.35997e-16 0)
(3.36015e-16 -3.36007e-16 0)
(3.02397e-15 1.34397e-15 0)
(2.68798e-15 -2.35198e-15 0)
(1.51199e-15 -3.02398e-15 0)
(6.71997e-16 -5.37593e-15 0)
(1.34398e-15 6.71956e-16 0)
(-1.6799e-16 -6.72e-16 0)
(3.36005e-16 -1.344e-15 0)
(2.85595e-15 -3.35996e-15 0)
(-1.34397e-15 -1.34401e-15 0)
(-1.34399e-15 -8.9836e-21 0)
(-2.18397e-15 -1.34398e-15 0)
(3.19195e-15 3.69595e-15 0)
(-2.01597e-15 -1.34398e-15 0)
(-5.03993e-16 -3.35996e-15 0)
(-1.17598e-15 -6.71986e-16 0)
(3.52796e-15 2.35195e-15 0)
(1.67998e-15 3.35998e-16 0)
(8.39992e-16 9.66758e-21 0)
(-3.35986e-16 -4.03195e-15 0)
(1.84798e-15 -5.03995e-15 0)
(3.69599e-15 2.01597e-15 0)
(5.28729e-21 6.72016e-16 0)
(1.51198e-15 4.03197e-15 0)
(-1.17599e-15 2.74026e-20 0)
(-1.34398e-15 -6.71977e-16 0)
(3.35988e-16 -1.00797e-15 0)
(-2.18398e-15 1.67999e-15 0)
(-1.34397e-15 -1.00796e-15 0)
(2.85597e-15 6.7201e-16 0)
(4.19994e-15 -3.35995e-15 0)
(1.512e-15 -3.35994e-16 0)
(-1.67983e-16 -1.3012e-20 0)
(1.68012e-16 -3.69595e-15 0)
(2.35198e-15 -2.35199e-15 0)
(5.03993e-16 -4.70394e-15 0)
(6.71995e-16 -2.01599e-15 0)
(3.35982e-16 -1.67999e-15 0)
(1.92422e-20 -1.344e-15 0)
(1.00799e-15 1.00801e-15 0)
(1.00799e-15 -6.71993e-16 0)
(-2.18398e-15 1.00798e-15 0)
(-8.39986e-16 -2.35198e-15 0)
(-2.01598e-15 -1.34399e-15 0)
(1.00799e-15 -2.35197e-15 0)
(1.84797e-15 -1.34399e-15 0)
(6.72004e-16 -2.35196e-15 0)
(6.71992e-16 -1.02797e-20 0)
(-1.34398e-15 6.71988e-16 0)
(1.84798e-15 -2.35199e-15 0)
(-5.03976e-16 -3.36017e-16 0)
(6.55192e-15 -2.01598e-15 0)
(4.9388e-21 6.71967e-16 0)
(-5.03991e-16 3.69597e-15 0)
(1.00799e-15 2.01597e-15 0)
(-3.36004e-16 5.03997e-15 0)
(-3.02397e-15 3.69597e-15 0)
(-5.03992e-16 2.68799e-15 0)
(2.18397e-15 7.05592e-15 0)
(-1.84797e-15 6.04793e-15 0)
(1.84798e-15 4.70393e-15 0)
(8.4e-16 6.7199e-16 0)
(4.32554e-21 -2.68796e-15 0)
(3.19196e-15 1.34396e-15 0)
(5.04004e-16 -2.01597e-15 0)
(1.67998e-15 -1.34399e-15 0)
(1.008e-15 -2.35196e-15 0)
(-1.34397e-15 3.0446e-21 0)
(2.01598e-15 1.008e-15 0)
(8.39978e-16 -4.03195e-15 0)
(1.17599e-15 6.71993e-16 0)
(-1.34399e-15 -6.72012e-16 0)
(-1.67997e-15 -9.07189e-15 0)
(-4.27349e-21 -3.02398e-15 0)
(-8.39992e-16 4.03194e-15 0)
(-1.67993e-16 6.72e-16 0)
(1.17598e-15 7.39192e-15 0)
(-1.17597e-15 3.36018e-16 0)
(-1.34399e-15 -2.35198e-15 0)
(2.01597e-15 -3.69596e-15 0)
(-1.25403e-20 -4.36795e-15 0)
(6.72031e-16 -4.36795e-15 0)
(3.35992e-16 -8.39988e-15 0)
(-1.67997e-16 4.36796e-15 0)
(-2.18397e-15 7.39196e-15 0)
(3.19196e-15 1.10879e-14 0)
(-1.00799e-15 9.0719e-15 0)
(1.17599e-15 6.04794e-15 0)
(-5.63387e-22 5.37596e-15 0)
(1.67997e-15 5.71195e-15 0)
(-2.18397e-15 -1.00796e-15 0)
(2.68797e-15 6.72002e-16 0)
(-3.19196e-15 1.67995e-15 0)
(-8.39975e-16 -1.00799e-15 0)
(1.84797e-15 -1.00802e-15 0)
(2.01599e-15 -1.008e-15 0)
(2.18399e-15 -2.10757e-20 0)
(2.68797e-15 -1.344e-15 0)
(5.04002e-16 -6.72009e-16 0)
(-2.18398e-15 2.01596e-15 0)
(2.35197e-15 -1.008e-15 0)
(-4.87194e-15 -3.35984e-16 0)
(-5.04001e-16 -3.36019e-16 0)
(-5.54339e-21 6.71992e-16 0)
(2.18398e-15 -3.35979e-16 0)
(1.68e-15 3.02398e-15 0)
(-3.35988e-16 6.72006e-16 0)
(1.34396e-15 6.72001e-16 0)
(-2.35198e-15 3.69595e-15 0)
(-3.02395e-15 -3.3599e-16 0)
(-3.94369e-21 3.35978e-16 0)
(3.35996e-15 -5.03996e-15 0)
(3.35998e-16 2.01595e-15 0)
(-3.35987e-16 4.03198e-15 0)
(-1.176e-15 1.67999e-15 0)
(5.04007e-16 1.34401e-15 0)
(-3.35998e-16 3.50855e-20 0)
(1.67993e-16 2.016e-15 0)
(-3.19196e-15 2.01599e-15 0)
(-1.00798e-15 -3.35964e-16 0)
(-1.68013e-16 3.35994e-16 0)
(5.03994e-16 3.98275e-21 0)
(-8.40002e-16 2.35198e-15 0)
(-1.84797e-15 -3.35991e-16 0)
(-1.67996e-16 -3.35996e-16 0)
(4.19997e-15 -1.34397e-15 0)
(3.35995e-15 -6.71985e-16 0)
(-5.03988e-16 6.93042e-21 0)
(-1.67991e-16 -3.35984e-16 0)
(8.39982e-16 -2.35197e-15 0)
(1.68015e-16 3.35998e-16 0)
(6.71975e-16 3.35994e-16 0)
(-2.68796e-15 -6.71985e-16 0)
(2.18398e-15 2.35198e-15 0)
(-5.03987e-16 -3.35995e-16 0)
(3.69595e-15 -6.71992e-16 0)
(2.01597e-15 -4.99045e-21 0)
(-1.84798e-15 -1.35465e-20 0)
(-4.70396e-15 -5.71193e-15 0)
(-6.72013e-16 -1.68e-15 0)
(-6.71994e-16 -2.35197e-15 0)
(1.51201e-15 -2.68798e-15 0)
(1.17599e-15 -2.01597e-15 0)
(3.36002e-16 -6.71986e-16 0)
(5.03994e-15 6.71997e-16 0)
(8.39994e-16 -6.7196e-16 0)
(3.35994e-16 4.03196e-15 0)
(-2.18397e-15 9.07192e-15 0)
(-1.344e-15 5.03995e-15 0)
(8.39983e-16 5.37591e-15 0)
(-2.68799e-15 2.68797e-15 0)
(-8.39978e-16 -2.34914e-21 0)
(-5.20166e-21 -2.68796e-15 0)
(-2.18398e-15 3.02395e-15 0)
(-6.7199e-16 3.3601e-16 0)
(4.36795e-15 4.03194e-15 0)
(-1.67975e-16 1.00798e-15 0)
(1.68016e-16 2.68798e-15 0)
(2.51997e-15 5.37593e-15 0)
(-1.00799e-15 2.42697e-20 0)
(1.51198e-15 -6.71993e-16 0)
(-1.67998e-15 1.008e-15 0)
(1.84799e-15 5.03996e-15 0)
(1.00798e-15 7.05594e-15 0)
(-1.67998e-15 4.36797e-15 0)
(3.36003e-16 3.36001e-16 0)
(-1.84798e-15 -9.82356e-22 0)
(-2.01598e-15 -1.67999e-15 0)
(-3.69598e-15 -2.68797e-15 0)
(-3.36004e-16 -1.67998e-15 0)
(-1.17599e-15 -3.36003e-16 0)
(1.00799e-15 -3.69596e-15 0)
(3.02396e-15 -4.36797e-15 0)
(6.71996e-16 -2.35198e-15 0)
(1.68e-15 -1.34398e-15 0)
(2.68797e-15 1.67997e-15 0)
(5.03999e-16 -3.35978e-16 0)
(-8.39994e-16 1.34399e-15 0)
(-2.68798e-15 -1.00796e-15 0)
(-1.84798e-15 1.099e-20 0)
(-3.69597e-15 -1.34397e-15 0)
(5.03979e-16 -1.67997e-15 0)
(1.00799e-15 1.34397e-15 0)
(-1.67986e-16 -2.68796e-15 0)
(-2.18397e-15 2.01598e-15 0)
(2.85598e-15 -1.00799e-15 0)
(3.36002e-16 -2.01595e-15 0)
(5.71192e-15 -6.9659e-21 0)
(1.84801e-15 1.008e-15 0)
(-1.51198e-15 7.05592e-15 0)
(1.67997e-15 6.72019e-16 0)
(-1.17598e-15 2.35197e-15 0)
(2.01598e-15 3.02396e-15 0)
(-1.84798e-15 1.008e-15 0)
(5.0399e-16 3.02397e-15 0)
(1.51199e-15 3.69596e-15 0)
(-4.19997e-15 -6.71979e-16 0)
(-1.008e-15 -3.35998e-15 0)
(-5.54395e-15 -2.00936e-20 0)
(-2.01598e-15 -1.34399e-15 0)
(-6.71997e-16 -1.68e-15 0)
(2.01598e-15 -1.00801e-15 0)
(6.71999e-16 -3.02398e-15 0)
(1.35283e-20 2.35197e-15 0)
(4.87193e-15 4.03196e-15 0)
(-6.7197e-16 -6.71986e-16 0)
(1.67998e-15 4.03194e-15 0)
(-6.71986e-16 3.35997e-16 0)
(-3.19197e-15 3.69596e-15 0)
(-2.352e-15 1.00798e-15 0)
(-7.55992e-15 6.71996e-16 0)
(-1.00799e-15 2.35197e-15 0)
(-1.17599e-15 -5.03993e-15 0)
(5.37595e-15 -1.67998e-15 0)
(6.71981e-16 3.02396e-15 0)
(3.35997e-15 -3.35978e-16 0)
(5.04001e-16 1.67996e-15 0)
(1.68025e-16 3.35995e-16 0)
(4.70394e-15 -2.01597e-15 0)
(-6.71988e-16 1.00798e-15 0)
(5.03995e-16 6.38392e-15 0)
(5.03978e-16 -6.71981e-16 0)
(-5.03971e-16 -1.34398e-15 0)
(-1.17599e-15 -1.34398e-15 0)
(8.39996e-16 -1.34398e-15 0)
(8.39958e-16 -3.35976e-16 0)
(-5.37594e-15 -3.36025e-16 0)
(-2.35198e-15 -3.69596e-15 0)
(-5.37594e-15 -3.35997e-15 0)
(-1.68023e-16 -4.70395e-15 0)
(-2.18397e-15 -1.008e-15 0)
(3.36007e-16 -7.05592e-15 0)
(1.34398e-15 -2.35198e-15 0)
(9.36823e-21 2.39662e-20 0)
(-1.6801e-16 4.36796e-15 0)
(2.18397e-15 1.34398e-15 0)
(3.36002e-16 -2.01597e-15 0)
(1.34398e-15 1.00799e-15 0)
(-1.67999e-15 2.01597e-15 0)
(-3.52797e-15 2.016e-15 0)
(-4.19995e-15 2.01599e-15 0)
(-1.00801e-15 -3.35997e-16 0)
(-2.51997e-15 3.69596e-15 0)
(2.01597e-15 4.36794e-15 0)
(-4.36793e-15 -1.20872e-20 0)
(4.19996e-15 -1.008e-15 0)
(4.53595e-15 3.35996e-15 0)
(1.67999e-15 -3.02395e-15 0)
(3.02397e-15 -9.53861e-21 0)
(1.51199e-15 3.35987e-16 0)
(-5.03981e-16 -6.71975e-16 0)
(-1.67998e-15 2.01598e-15 0)
(-2.18397e-15 -1.34397e-15 0)
(2.18396e-15 -3.02397e-15 0)
(-1.67997e-16 1.00799e-15 0)
(-6.21593e-15 2.01595e-15 0)
(-4.53597e-15 -3.35995e-15 0)
(1.51195e-15 -1.008e-15 0)
(-4.70396e-15 -1.008e-15 0)
(-1.67999e-16 -2.01596e-15 0)
(1.17597e-15 3.86833e-21 0)
(-1.84797e-15 1.34398e-15 0)
(6.71992e-16 6.71995e-16 0)
(2.35196e-15 3.69595e-15 0)
(-2.18398e-15 -1.67999e-15 0)
(-3.3599e-16 2.01596e-15 0)
(3.36002e-16 -6.38392e-15 0)
(2.01598e-15 -2.01599e-15 0)
(-3.35996e-15 -1.67996e-15 0)
(-1.34399e-15 3.02398e-15 0)
(-3.024e-15 3.03155e-21 0)
(-2.01599e-15 -1.00798e-15 0)
(8.3998e-16 -5.1999e-22 0)
(-5.03989e-16 1.00799e-15 0)
(-2.01598e-15 -3.69594e-15 0)
(2.68799e-15 -4.70392e-15 0)
(2.85597e-15 -1.34398e-15 0)
(1.344e-15 1.67996e-15 0)
(1.67999e-15 -2.01598e-15 0)
(2.18399e-15 -7.05589e-15 0)
(1.51198e-15 -1.34399e-15 0)
(-8.40003e-16 3.36001e-16 0)
(-1.34397e-15 5.03994e-15 0)
(-8.39979e-16 -3.36e-16 0)
(2.18397e-15 1.34399e-15 0)
(-3.19199e-15 3.02398e-15 0)
(-3.35997e-15 2.35198e-15 0)
(-3.19197e-15 1.34399e-15 0)
(-4.03196e-15 2.016e-15 0)
(1.84796e-15 4.03194e-15 0)
(-4.53595e-15 -1.34398e-15 0)
(5.03991e-16 -2.35197e-15 0)
(1.00799e-15 1.07948e-21 0)
(6.72007e-16 3.36005e-16 0)
(-1.00802e-15 2.688e-15 0)
(-8.39979e-16 -4.70392e-15 0)
(6.71993e-16 2.35196e-15 0)
(1.008e-15 -3.35995e-15 0)
(8.39988e-16 2.68795e-15 0)
(-8.39998e-16 2.35197e-15 0)
(-6.71995e-15 3.02397e-15 0)
(-1.51199e-15 2.35197e-15 0)
(-1.51198e-15 3.36018e-16 0)
(7.52126e-21 -1.00799e-15 0)
(-1.00799e-15 3.02397e-15 0)
(2.18397e-15 6.04791e-15 0)
(-4.39542e-21 -2.35199e-15 0)
(1.00801e-15 -2.35196e-15 0)
(3.02396e-15 6.72002e-16 0)
(1.17601e-15 2.35193e-15 0)
(1.68002e-16 -2.01598e-15 0)
(-8.39979e-16 -1.00798e-15 0)
(2.51996e-15 4.03195e-15 0)
(2.85596e-15 4.36795e-15 0)
(1.008e-15 4.36796e-15 0)
(-3.35997e-15 2.68798e-15 0)
(-3.69598e-15 3.36002e-16 0)
(-2.68799e-15 5.37595e-15 0)
(-6.55193e-15 4.70394e-15 0)
(-1.344e-15 1.34399e-15 0)
(-6.71997e-16 1.008e-15 0)
(1.34399e-15 7.3919e-15 0)
(5.03994e-16 2.35198e-15 0)
(1.67997e-15 6.71986e-16 0)
(-5.37593e-15 -3.36009e-16 0)
(1.51198e-15 4.70394e-15 0)
(1.17599e-15 2.06727e-21 0)
(2.85597e-15 -2.01598e-15 0)
(5.03996e-16 -3.35989e-16 0)
(-1.67995e-16 5.76447e-21 0)
(-5.37598e-15 3.35993e-16 0)
(-1.34399e-15 -6.71977e-16 0)
(-1.67998e-15 4.70393e-15 0)
(-1.67993e-16 -4.03193e-15 0)
(5.03999e-16 -1.34397e-15 0)
(-6.71989e-16 1.00799e-15 0)
(-5.03992e-16 -3.3599e-16 0)
(4.19995e-15 3.35981e-16 0)
(1.848e-15 -1.00801e-15 0)
(8.39981e-16 -5.7119e-15 0)
(5.04001e-16 -1.3329e-20 0)
(2.51997e-15 1.34397e-15 0)
(1.00022e-20 6.75013e-21 0)
(1.00801e-15 -6.7198e-16 0)
(2.18397e-15 6.75036e-21 0)
(-3.52797e-15 6.72009e-16 0)
(-2.85598e-15 3.69596e-15 0)
(-3.02399e-15 3.35998e-15 0)
(-5.03996e-15 -3.35974e-16 0)
(-4.53596e-15 2.01599e-15 0)
(1.00798e-15 1.67998e-15 0)
(1.67999e-15 -2.35194e-15 0)
(-5.03985e-16 6.71991e-16 0)
(8.39993e-16 -1.34398e-15 0)
(6.71985e-16 1.00799e-15 0)
(-5.04002e-16 -1.34398e-15 0)
(-1.17598e-15 6.71993e-16 0)
(3.36017e-16 2.68796e-15 0)
(3.69596e-15 1.00798e-15 0)
(-2.352e-15 -2.01599e-15 0)
(-9.57589e-15 -3.69595e-15 0)
(6.71978e-16 2.35198e-15 0)
(-2.01598e-15 1.00801e-15 0)
(3.69596e-15 5.37593e-15 0)
(2.18397e-15 6.7199e-15 0)
(5.03985e-16 2.01598e-15 0)
(-2.35195e-15 -6.72e-16 0)
(6.04794e-15 -2.01597e-15 0)
(6.71998e-16 -3.02396e-15 0)
(-5.03991e-16 1.00796e-15 0)
(3.35995e-16 -2.01598e-15 0)
(8.69925e-21 -2.35197e-15 0)
(2.18398e-15 -2.35197e-15 0)
(3.19197e-15 -3.35999e-16 0)
(1.67999e-15 -3.35993e-16 0)
(-1.67999e-15 3.69595e-15 0)
(-3.35997e-15 2.35199e-15 0)
(-6.21593e-15 3.02397e-15 0)
(-3.86398e-15 2.01599e-15 0)
(-3.35998e-15 3.35996e-15 0)
(-3.36e-16 1.008e-15 0)
(2.35198e-15 5.71194e-15 0)
(2.68797e-15 1.68e-15 0)
(-3.35993e-16 3.35983e-16 0)
(-3.35999e-16 -1.00799e-15 0)
(-3.36004e-16 -6.72e-16 0)
(1.68012e-16 1.30134e-21 0)
(5.37593e-15 7.80229e-21 0)
(-1.67997e-15 6.71992e-16 0)
(-4.19995e-15 7.28896e-21 0)
(-1.848e-15 2.35197e-15 0)
(1.17598e-15 6.72e-16 0)
(-1.67996e-16 4.03195e-15 0)
(-1.51198e-15 2.68799e-15 0)
(-3.35993e-16 6.7201e-16 0)
(-2.18398e-15 1.008e-15 0)
(1.67999e-15 -3.3598e-16 0)
(1.67998e-15 1.00799e-15 0)
(-1.17598e-15 -1.34399e-15 0)
(8.39981e-16 -3.02396e-15 0)
(2.01599e-15 -1.34399e-15 0)
(2.05805e-21 -3.36005e-16 0)
(2.18398e-15 -3.36011e-16 0)
(3.69597e-15 -7.6905e-21 0)
(1.34399e-15 -1.67999e-15 0)
(-8.39999e-16 -2.68796e-15 0)
(-8.40004e-16 1.00798e-15 0)
(-5.20795e-15 -3.35992e-16 0)
(-5.20795e-15 1.67998e-15 0)
(-1.17601e-15 -6.71977e-16 0)
(-3.52796e-15 2.35198e-15 0)
(1.008e-15 2.35199e-15 0)
(-5.0399e-16 1.34399e-15 0)
(2.37079e-21 -3.35995e-15 0)
(-1.00799e-15 2.35197e-15 0)
(-1.17598e-15 -2.35197e-15 0)
(4.03195e-15 -5.2759e-21 0)
(2.51999e-15 -1.53044e-20 0)
(-1.84797e-15 -1.34399e-15 0)
(-1.68018e-16 1.34398e-15 0)
(-5.03994e-16 5.37593e-15 0)
(-1.67996e-16 3.35998e-15 0)
(1.17597e-15 2.01599e-15 0)
(-5.20793e-15 3.35996e-15 0)
(1.34397e-15 -1.34396e-15 0)
(-5.03996e-16 2.01597e-15 0)
(-6.71998e-16 2.35196e-15 0)
(-3.35991e-16 1.34398e-15 0)
(1.67999e-15 1.67998e-15 0)
(4.70394e-15 3.35998e-15 0)
(-5.03985e-16 6.71992e-15 0)
(-1.67998e-15 1.008e-15 0)
(3.36002e-16 -4.03193e-15 0)
(3.02397e-15 -6.71993e-16 0)
(1.23007e-20 -2.01598e-15 0)
(-2.01598e-15 -1.34399e-15 0)
(-8.39997e-16 -2.68796e-15 0)
(-2.85598e-15 -2.01597e-15 0)
(-2.51999e-15 2.01598e-15 0)
(-2.68797e-15 3.02397e-15 0)
(5.0398e-16 1.68e-15 0)
(1.17599e-15 4.70393e-15 0)
(1.00798e-15 -6.71992e-16 0)
(5.03996e-16 2.35196e-15 0)
(1.34399e-15 -1.67998e-15 0)
(-5.20919e-22 -2.68797e-15 0)
(1.68009e-16 3.36002e-16 0)
(2.18396e-15 -3.69595e-15 0)
(4.53595e-15 -3.02396e-15 0)
(-4.36795e-15 1.00799e-15 0)
(-1.84798e-15 3.36004e-16 0)
(-1.51198e-15 2.35197e-15 0)
(-5.03985e-16 1.65833e-20 0)
(-1.17601e-15 1.67998e-15 0)
(-1.51198e-15 2.01596e-15 0)
(1.34396e-15 -3.02396e-15 0)
(-3.86394e-15 6.71988e-16 0)
(1.67998e-15 -2.35195e-15 0)
(2.18398e-15 -3.35992e-16 0)
(1.68e-15 2.01597e-15 0)
(8.39994e-16 -1.34396e-15 0)
(6.71987e-16 2.01598e-15 0)
(-3.35998e-16 5.37593e-15 0)
(5.04006e-16 3.02397e-15 0)
(4.36794e-15 3.02396e-15 0)
(-8.39984e-16 -1.00797e-15 0)
(-1.67996e-16 3.02396e-15 0)
(-3.86398e-15 3.35996e-15 0)
(-4.19996e-15 1.72939e-20 0)
(-5.04003e-16 2.35197e-15 0)
(-3.02397e-15 1.34397e-15 0)
(1.00798e-15 -3.69592e-15 0)
(3.35997e-16 6.71972e-16 0)
(3.35998e-16 1.344e-15 0)
(-3.02398e-15 -3.69596e-15 0)
(2.51997e-15 1.34398e-15 0)
(-1.17599e-15 3.35993e-16 0)
(-1.67985e-16 -1.344e-15 0)
(3.35991e-16 -2.68798e-15 0)
(6.72e-16 -2.68797e-15 0)
(-1.008e-15 -3.02395e-15 0)
(1.67998e-15 3.35987e-16 0)
(2.85596e-15 1.34397e-15 0)
(-4.19994e-15 2.01599e-15 0)
(-1.2643e-20 6.71993e-16 0)
(-2.85597e-15 -1.00798e-15 0)
(1.17598e-15 -3.35999e-16 0)
(3.36004e-16 3.02396e-15 0)
(3.02398e-15 -3.35968e-16 0)
(1.34398e-15 1.34398e-15 0)
(5.04003e-16 6.71986e-16 0)
(3.36006e-16 1.34399e-15 0)
(2.18397e-15 -6.71967e-16 0)
(5.04002e-16 3.35996e-16 0)
(9.52911e-21 -1.34398e-15 0)
(-1.67999e-15 6.71986e-16 0)
(6.71982e-16 -6.71985e-16 0)
(-5.37595e-15 -2.01597e-15 0)
(-1.51199e-15 2.68796e-15 0)
(-1.344e-15 1.94511e-20 0)
(-1.512e-15 6.71996e-16 0)
(-2.51997e-15 1.00798e-15 0)
(-2.49487e-21 -6.71983e-16 0)
(1.99623e-21 1.00799e-15 0)
(-2.35199e-15 -1.34401e-15 0)
(2.35198e-15 3.69595e-15 0)
(-1.67998e-15 -1.00799e-15 0)
(2.01596e-15 -1.67997e-15 0)
(-1.84796e-15 1.00797e-15 0)
(2.68796e-15 -1.34399e-15 0)
(-2.51997e-15 -3.69595e-15 0)
(-1.00799e-15 -1.34398e-15 0)
(1.51199e-15 -3.69595e-15 0)
(2.51995e-15 1.67999e-15 0)
(-2.68796e-15 2.01599e-15 0)
(-3.02397e-15 1.34398e-15 0)
(-1.17598e-15 -1.34396e-15 0)
(5.54395e-15 2.68796e-15 0)
(3.02397e-15 4.36794e-15 0)
(-1.51198e-15 1.00798e-15 0)
(1.67999e-15 -1.34396e-15 0)
(2.01598e-15 2.35197e-15 0)
(1.176e-15 6.71991e-15 0)
(5.03997e-16 1.00259e-20 0)
(3.35987e-16 1.34398e-15 0)
(-3.86395e-15 2.68797e-15 0)
(-3.35997e-15 1.00799e-15 0)
(-6.71997e-16 3.36005e-16 0)
(1.67995e-15 1.008e-15 0)
(-4.03195e-15 3.02395e-15 0)
(-2.35198e-15 6.72005e-16 0)
(-2.51998e-15 2.16854e-21 0)
(-1.68002e-16 6.71994e-16 0)
(5.03993e-16 3.02395e-15 0)
(-4.19997e-15 1.344e-15 0)
(1.84798e-15 -2.35196e-15 0)
(-5.04e-16 3.35973e-16 0)
(1.00799e-15 -2.68798e-15 0)
(-1.17599e-15 -3.1595e-23 0)
(-3.35977e-16 8.68833e-21 0)
(-1.68009e-16 4.36792e-15 0)
(1.67999e-15 -2.01596e-15 0)
(-1.68008e-16 3.35993e-16 0)
(-1.51195e-15 8.94286e-21 0)
(1.17597e-15 3.02397e-15 0)
(-8.40012e-16 2.68797e-15 0)
(-1.34398e-15 1.00799e-15 0)
(5.04007e-16 2.01598e-15 0)
(1.67999e-15 -6.7199e-16 0)
(2.85597e-15 -1.67995e-15 0)
(2.35198e-15 2.68794e-15 0)
(8.65003e-21 3.36008e-16 0)
(6.71998e-16 -3.02394e-15 0)
(8.39993e-16 1.00799e-15 0)
(8.39997e-16 3.36007e-16 0)
(-1.176e-15 -1.34398e-15 0)
(-2.01598e-15 1.008e-15 0)
(-5.04e-16 4.70395e-15 0)
(-3.86397e-15 2.01598e-15 0)
(-1.51199e-15 -1.00796e-15 0)
(-3.35997e-15 3.36e-16 0)
(-3.52797e-15 5.03995e-15 0)
(1.00798e-15 1.008e-15 0)
(2.01597e-15 -4.70396e-15 0)
(-6.55192e-15 -4.36797e-15 0)
(1.17598e-15 -3.69596e-15 0)
(-1.84797e-15 -3.02395e-15 0)
(1.84798e-15 -6.71984e-16 0)
(-3.35991e-16 -6.71984e-16 0)
(2.51997e-15 -3.35997e-16 0)
(-1.51199e-15 1.34399e-15 0)
(1.176e-15 3.69594e-15 0)
(3.36e-16 2.01599e-15 0)
(4.36793e-15 2.35197e-15 0)
(-1.84797e-15 -3.35991e-16 0)
(-3.86396e-15 6.72005e-16 0)
(-6.72006e-16 3.69596e-15 0)
(1.51199e-15 3.36019e-16 0)
(-3.35991e-16 2.35197e-15 0)
(3.02398e-15 -7.07569e-21 0)
(1.84799e-15 -1.00797e-15 0)
(2.51996e-15 6.71994e-16 0)
(6.71998e-16 1.67997e-15 0)
(-8.39987e-16 6.71994e-16 0)
(2.01597e-15 6.71992e-16 0)
(-2.18397e-15 1.00799e-15 0)
(1.67998e-15 -1.00799e-15 0)
(-2.18398e-15 5.71193e-15 0)
(-6.21593e-15 3.36019e-16 0)
(1.17598e-15 2.68796e-15 0)
(-2.35199e-15 4.03198e-15 0)
(-4.53597e-15 2.35199e-15 0)
(3.35995e-16 3.69596e-15 0)
(1.34399e-15 -7.05592e-15 0)
(-5.37594e-15 -6.71996e-16 0)
(3.19197e-15 2.01596e-15 0)
(6.71989e-16 1.67997e-15 0)
(1.34399e-15 4.70394e-15 0)
(-3.35991e-16 1.00799e-15 0)
(1.68004e-16 1.00799e-15 0)
(-6.71998e-16 6.72003e-16 0)
(3.69596e-15 3.36011e-16 0)
(2.01598e-15 4.03196e-15 0)
(-6.71973e-16 2.35196e-15 0)
(-1.008e-15 7.77136e-21 0)
(-4.87194e-15 -1.00798e-15 0)
(1.51198e-15 -4.36793e-15 0)
(2.01598e-15 1.00799e-15 0)
(5.03983e-16 1.67999e-15 0)
(4.03197e-15 2.68797e-15 0)
(6.72008e-16 1.67999e-15 0)
(-8.39988e-16 -3.35997e-16 0)
(2.18398e-15 -3.35995e-15 0)
(-6.71994e-16 3.35996e-15 0)
(-3.35996e-15 -1.00799e-15 0)
(-1.34399e-15 1.34397e-15 0)
(3.52796e-15 -2.68796e-15 0)
(1.67998e-15 -2.35195e-15 0)
(-4.03197e-15 2.68795e-15 0)
(-2.01598e-15 1.00802e-15 0)
(-1.84799e-15 2.68796e-15 0)
(-2.68796e-15 1.23977e-20 0)
(3.35993e-16 2.68797e-15 0)
(2.35197e-15 -2.35199e-15 0)
(-8.39999e-16 -6.33008e-21 0)
(2.35198e-15 -2.35197e-15 0)
(-8.39981e-16 3.35995e-16 0)
(1.848e-15 -1.008e-15 0)
(1.51198e-15 -3.02394e-15 0)
(-5.03995e-16 -6.72001e-16 0)
(6.71993e-16 2.01598e-15 0)
(3.35998e-15 1.00799e-15 0)
(5.03985e-16 3.02395e-15 0)
(-1.51199e-15 -2.01595e-15 0)
(-2.51996e-15 1.00798e-15 0)
(3.35985e-16 3.02395e-15 0)
(4.6624e-21 1.008e-15 0)
(-1.17599e-15 1.34398e-15 0)
(6.72009e-16 6.71998e-16 0)
(2.85597e-15 2.01598e-15 0)
(1.67998e-15 6.71988e-16 0)
(8.39997e-16 2.01597e-15 0)
(1.67999e-15 3.35991e-16 0)
(8.39997e-16 1.008e-15 0)
(-2.35199e-15 3.35998e-16 0)
(-1.84799e-15 -2.35197e-15 0)
(-8.39965e-16 1.00798e-15 0)
(3.69595e-15 1.34397e-15 0)
(-2.01597e-15 -1.67996e-15 0)
(-3.19198e-15 3.35994e-15 0)
(-2.85597e-15 1.344e-15 0)
(-3.36002e-16 5.37594e-15 0)
(8.39985e-16 3.02398e-15 0)
(1.51199e-15 3.02397e-15 0)
(-3.35981e-16 2.016e-15 0)
(-6.59975e-21 1.34399e-15 0)
(1.00798e-15 1.67999e-15 0)
(5.03995e-15 3.35998e-15 0)
(-1.84799e-15 4.03192e-15 0)
(1.2314e-20 -3.49596e-21 0)
(1.84798e-15 -3.02396e-15 0)
(3.35996e-15 3.35993e-16 0)
(-5.03983e-16 -2.01596e-15 0)
(-2.51997e-15 6.71988e-16 0)
(3.35995e-16 -6.71983e-16 0)
(-2.35197e-15 2.56488e-20 0)
(-3.36008e-16 4.70391e-15 0)
(1.84798e-15 1.34399e-15 0)
(6.71994e-16 -2.35197e-15 0)
(2.35197e-15 -2.01597e-15 0)
(1.68013e-16 -1.67998e-15 0)
(8.39995e-16 -1.67997e-15 0)
(2.68798e-15 1.67997e-15 0)
(1.51198e-15 -2.01597e-15 0)
(-3.02397e-15 4.70394e-15 0)
(-5.20793e-15 1.00799e-15 0)
(5.87991e-15 8.83637e-21 0)
(-6.71971e-16 6.71997e-16 0)
(-3.36007e-16 1.67998e-15 0)
(3.35988e-16 1.008e-15 0)
(-3.86396e-15 3.36006e-16 0)
(6.71994e-16 4.03196e-15 0)
(-3.3599e-16 4.70394e-15 0)
(3.58156e-21 2.01598e-15 0)
(1.67998e-15 1.67998e-15 0)
(2.35197e-15 -2.19348e-21 0)
(-8.39982e-16 -6.71994e-16 0)
(-5.03983e-16 1.34398e-15 0)
(-1.34398e-15 -1.34397e-15 0)
(1.84798e-15 1.34399e-15 0)
(2.01598e-15 6.71992e-16 0)
(-8.39968e-16 -1.37278e-21 0)
(6.71982e-16 -3.02396e-15 0)
(3.35995e-16 -3.36002e-16 0)
(-1.00799e-15 3.35996e-16 0)
(8.39976e-16 1.00798e-15 0)
(-2.01597e-15 6.7202e-16 0)
(-1.176e-15 -1.34398e-15 0)
(8.99891e-21 -3.36002e-16 0)
(1.176e-15 -3.35979e-16 0)
(4.70394e-15 1.00799e-15 0)
(1.008e-15 1.95352e-21 0)
(2.85598e-15 4.11079e-21 0)
(1.17599e-15 -3.36006e-16 0)
(-1.008e-15 -6.71984e-16 0)
(-3.35997e-15 -1.67998e-15 0)
(-3.35991e-16 -6.72003e-16 0)
(3.02396e-15 -3.02396e-15 0)
(-2.35196e-15 -2.01597e-15 0)
(5.03988e-16 -7.55545e-21 0)
(-3.35997e-15 -6.71986e-16 0)
(3.19196e-15 -6.71964e-16 0)
(1.19175e-21 1.344e-15 0)
(3.35996e-16 3.36006e-16 0)
(-3.35993e-16 1.008e-15 0)
(1.17598e-15 -1.67997e-15 0)
(1.17599e-15 -6.7199e-16 0)
(1.67999e-15 -6.71993e-16 0)
(6.71989e-16 6.71997e-16 0)
(1.67998e-15 3.35995e-15 0)
(1.92669e-20 2.68799e-15 0)
(3.19195e-15 3.69596e-15 0)
(-3.02396e-15 2.35197e-15 0)
(1.00799e-15 6.71994e-16 0)
(5.03996e-16 1.69053e-20 0)
(-2.68797e-15 3.69596e-15 0)
(-6.71995e-16 4.03197e-15 0)
(-2.51999e-15 3.35996e-15 0)
(8.39997e-16 1.35945e-20 0)
(4.87194e-15 5.03992e-15 0)
(2.05533e-20 2.01599e-15 0)
(-5.03988e-16 3.35992e-16 0)
(4.36796e-15 -3.35992e-16 0)
(3.35996e-16 7.56694e-21 0)
(-8.39987e-16 6.71995e-16 0)
(-3.86396e-15 -3.35984e-16 0)
(-1.17599e-15 -1.12883e-21 0)
(2.51998e-15 -3.35992e-16 0)
(2.51995e-15 1.67997e-15 0)
(-1.84797e-15 -3.35996e-16 0)
(2.35198e-15 5.37594e-15 0)
(-3.35988e-16 4.03195e-15 0)
(5.41887e-22 6.71991e-15 0)
(3.49084e-21 3.35997e-15 0)
(-3.36e-16 4.36795e-15 0)
(-2.35198e-15 5.71193e-15 0)
(8.82918e-21 6.71992e-16 0)
(5.54393e-15 -6.7199e-16 0)
(-1.67981e-16 2.35198e-15 0)
(2.18398e-15 2.35201e-15 0)
(1.00799e-15 5.37594e-15 0)
(-2.01597e-15 -1.00797e-15 0)
(1.91117e-22 3.36006e-16 0)
(1.34397e-15 2.01598e-15 0)
(-3.35994e-16 2.68796e-15 0)
(1.00798e-15 1.008e-15 0)
(5.03993e-16 3.02397e-15 0)
(-1.67999e-15 6.7199e-16 0)
(-2.01597e-15 3.02396e-15 0)
(2.85597e-15 1.68e-15 0)
(1.34399e-15 1.00797e-15 0)
(6.71992e-16 -6.71989e-16 0)
(-1.67982e-16 1.00798e-15 0)
(-3.35993e-16 -6.72001e-16 0)
(4.03195e-15 -1.00798e-15 0)
(-4.70395e-15 4.70393e-15 0)
(6.7199e-16 -2.35197e-15 0)
(-8.39989e-16 2.01597e-15 0)
(-2.35195e-15 -1.008e-15 0)
(1.17599e-15 -5.03992e-15 0)
(4.53594e-15 1.008e-15 0)
(1.17599e-15 4.03196e-15 0)
(2.72445e-21 -3.02395e-15 0)
(1.00798e-15 3.36015e-16 0)
(-2.18398e-15 1.34399e-15 0)
(-1.34398e-15 3.36003e-16 0)
(3.69596e-15 -2.01595e-15 0)
(3.36012e-16 1.34398e-15 0)
(1.67999e-15 1.34399e-15 0)
(3.02397e-15 1.67998e-15 0)
(-3.3599e-16 -2.68795e-15 0)
(8.39991e-16 -5.16323e-21 0)
(5.03989e-16 3.02396e-15 0)
(-2.18397e-15 -2.01595e-15 0)
(-8.39993e-16 3.36007e-16 0)
(5.03987e-16 -1.34398e-15 0)
(8.39998e-16 6.7199e-16 0)
(-2.35198e-15 -1.34396e-15 0)
(3.35995e-16 2.01599e-15 0)
(-3.35995e-16 -3.36007e-16 0)
(3.36005e-16 -3.35994e-15 0)
(3.35991e-16 -1.34398e-15 0)
(1.00799e-15 1.34398e-15 0)
(2.01599e-15 -6.7199e-16 0)
(-1.67998e-16 -2.35198e-15 0)
(-4.70396e-15 -3.35996e-15 0)
(-1.34398e-15 -3.5443e-21 0)
(1.34398e-15 -3.36009e-16 0)
(2.01598e-15 -1.34397e-15 0)
(1.51198e-15 3.69594e-15 0)
(2.68799e-15 6.72003e-16 0)
(6.71985e-16 -6.71986e-16 0)
(8.18546e-21 -6.72004e-16 0)
(6.71993e-16 3.02395e-15 0)
(-1.67997e-15 -3.69597e-15 0)
(-1.51199e-15 -6.71991e-16 0)
(1.84798e-15 2.68794e-15 0)
(3.86397e-15 1.34399e-15 0)
(3.36005e-16 6.71991e-16 0)
(2.18398e-15 -3.35987e-16 0)
(1.67992e-16 3.35995e-15 0)
(-6.71986e-16 1.34399e-15 0)
(1.67998e-15 -2.35196e-15 0)
(1.00798e-15 3.02394e-15 0)
(-2.35197e-15 2.68798e-15 0)
(3.49251e-22 2.00184e-20 0)
(-1.67996e-16 -1.00801e-15 0)
(-1.68004e-16 -2.35196e-15 0)
(-8.39994e-16 -6.72002e-16 0)
(1.84797e-15 -1.00798e-15 0)
(3.35992e-16 1.34397e-15 0)
(-1.51199e-15 -1.17118e-20 0)
(1.008e-15 -1.5305e-21 0)
(3.36e-16 3.35994e-16 0)
(-1.00799e-15 -1.00799e-15 0)
(-3.35997e-15 -1.67999e-15 0)
(3.86394e-15 -8.46404e-21 0)
(8.40003e-16 -3.35989e-16 0)
(-2.51996e-15 2.68795e-15 0)
(-1.67997e-16 1.008e-15 0)
(2.35198e-15 1.00798e-15 0)
(6.71991e-16 -3.35994e-16 0)
(2.01597e-15 -4.03194e-15 0)
(1.17598e-15 -1.34398e-15 0)
(3.35995e-15 -1.34399e-15 0)
(-1.67998e-15 -2.68798e-15 0)
(-5.03991e-16 -2.01596e-15 0)
(3.02399e-15 -5.71195e-15 0)
(1.51199e-15 -1.67997e-15 0)
(6.72003e-16 -1.32138e-20 0)
(-1.008e-15 -1.34398e-15 0)
(8.39996e-16 -3.35997e-16 0)
(-1.00799e-15 3.35988e-16 0)
(8.39993e-16 -3.35995e-15 0)
(3.35989e-16 6.71986e-16 0)
(1.17598e-15 2.01595e-15 0)
(-1.67999e-15 -2.68797e-15 0)
(-1.51198e-15 1.00794e-15 0)
(2.85597e-15 -6.71978e-16 0)
(-3.69596e-15 -2.68798e-15 0)
(-1.67993e-16 -2.68798e-15 0)
(-1.67998e-15 -2.35197e-15 0)
(3.69595e-15 -2.01598e-15 0)
(-1.17597e-15 -2.01598e-15 0)
(-1.76124e-20 -1.008e-15 0)
(-2.35198e-15 -1.344e-15 0)
(-6.71974e-16 -3.02395e-15 0)
(6.04792e-15 6.7198e-16 0)
(2.01599e-15 -3.69595e-15 0)
(1.84798e-15 6.38391e-15 0)
(1.00799e-15 -3.35992e-16 0)
(-4.70395e-15 -2.11389e-20 0)
(-1.84797e-15 -1.34398e-15 0)
(-5.03988e-16 4.03193e-15 0)
(-6.71989e-16 -3.35974e-16 0)
(-5.37593e-15 3.35997e-16 0)
(5.03982e-16 -6.72018e-16 0)
(6.04794e-15 -1.008e-15 0)
(2.35199e-15 -3.35998e-15 0)
(2.51997e-15 -4.03197e-15 0)
(-2.01597e-15 -3.69598e-15 0)
(1.67996e-16 -3.36008e-16 0)
(2.18397e-15 2.35196e-15 0)
(-1.68011e-16 1.67996e-15 0)
(-3.02395e-15 -1.008e-15 0)
(-1.008e-15 -7.05592e-15 0)
(-1.17598e-15 -1.00801e-15 0)
(-2.68797e-15 -3.69595e-15 0)
(2.01598e-15 -2.352e-15 0)
(6.71991e-16 -5.03995e-15 0)
(-6.71997e-16 -1.34398e-15 0)
(3.36007e-16 1.00796e-15 0)
(3.02397e-15 -4.36794e-15 0)
(5.03988e-16 -1.43227e-20 0)
(-3.02396e-15 -6.75621e-21 0)
(-2.68796e-15 -3.02394e-15 0)
(3.35995e-15 2.01595e-15 0)
(-1.67996e-15 -4.70395e-15 0)
(2.68797e-15 -2.35199e-15 0)
(3.19198e-15 -6.71991e-15 0)
(-1.67997e-16 -1.68e-15 0)
(-3.35997e-15 -3.35994e-15 0)
(3.35986e-16 -1.344e-15 0)
(1.17598e-15 -6.71964e-16 0)
(1.68e-16 1.00798e-15 0)
(-1.848e-15 1.00799e-15 0)
(-2.01597e-15 -2.68798e-15 0)
(2.18397e-15 -1.34398e-15 0)
(2.35198e-15 -2.35202e-15 0)
(1.84799e-15 -9.4079e-15 0)
(-2.01598e-15 -5.71195e-15 0)
(1.00799e-15 -7.05594e-15 0)
(1.67997e-15 -9.07191e-15 0)
(-3.19195e-15 -6.71994e-15 0)
(-1.26059e-20 -9.40791e-15 0)
(-3.34706e-21 -2.01602e-15 0)
(6.71981e-16 -6.38393e-15 0)
(-8.39982e-16 -3.36021e-16 0)
(-1.00798e-15 -1.00799e-15 0)
(1.17599e-15 -3.02397e-15 0)
(1.34399e-15 -1.00801e-15 0)
(2.51996e-15 -2.68796e-15 0)
(-8.39971e-16 -3.36009e-16 0)
(6.76672e-21 -2.01597e-15 0)
(6.71985e-16 -6.71981e-16 0)
(-1.51199e-15 2.35198e-15 0)
(5.03992e-16 6.72007e-16 0)
(-6.71991e-16 -2.35197e-15 0)
(6.72003e-16 -1.00799e-15 0)
(4.53595e-15 -6.72004e-16 0)
(-2.18398e-15 -1.67998e-15 0)
(-3.02397e-15 -2.688e-15 0)
(1.00799e-15 -6.71986e-16 0)
(-1.87548e-21 -2.68797e-15 0)
(-5.37594e-15 2.35196e-15 0)
(-1.176e-15 -1.68e-15 0)
(-1.176e-15 -8.73589e-15 0)
(-3.69596e-15 -2.352e-15 0)
(8.39994e-16 -1.04159e-14 0)
(3.86396e-15 -5.37598e-15 0)
(3.02397e-15 -5.03998e-15 0)
(-3.36002e-16 -6.71995e-15 0)
(-1.00797e-15 -8.39994e-15 0)
(6.71975e-16 -9.07191e-15 0)
(-5.03995e-16 -9.74393e-15 0)
(-8.3998e-16 -6.38395e-15 0)
(-1.67995e-16 -7.05592e-15 0)
(-5.03999e-16 -4.70395e-15 0)
(-4.44993e-21 -3.35998e-15 0)
(3.36007e-16 -6.72007e-16 0)
(1.34398e-15 -5.71194e-15 0)
(1.84799e-15 -4.03196e-15 0)
(1.67999e-15 3.35989e-16 0)
(2.01598e-15 2.35197e-15 0)
(8.39993e-16 4.70395e-15 0)
(-3.02397e-15 1.10879e-14 0)
(-1.00799e-15 3.69597e-15 0)
(6.71972e-16 4.36795e-15 0)
(-1.34396e-15 -1.00799e-15 0)
(1.34398e-15 1.67997e-15 0)
(1.84798e-15 -2.85467e-21 0)
(3.35995e-15 3.36013e-16 0)
(6.71993e-16 1.34398e-15 0)
(8.39987e-16 -2.35198e-15 0)
(-4.70397e-15 -1.34398e-15 0)
(-4.53596e-15 -1.34398e-15 0)
(-1.67998e-15 -1.76295e-20 0)
(-1.848e-15 -1.00799e-15 0)
(-1.17598e-15 -1.68e-15 0)
(3.86396e-15 -3.02397e-15 0)
(1.84798e-15 -4.36798e-15 0)
(-5.03993e-15 -6.04795e-15 0)
(3.35995e-15 -5.03997e-15 0)
(-1.34398e-15 -5.71198e-15 0)
(-5.03989e-16 -3.35999e-15 0)
(1.51198e-15 -5.71194e-15 0)
(3.02399e-15 -1.34401e-15 0)
(5.03987e-16 -1.344e-15 0)
(4.07671e-21 -3.35996e-15 0)
(1.51198e-15 -3.35997e-15 0)
(-1.34397e-15 -6.72005e-16 0)
(4.70395e-15 -6.72001e-16 0)
(6.21594e-15 -6.71995e-16 0)
(2.51999e-15 6.01829e-21 0)
(2.85596e-15 1.20643e-20 0)
(-4.36795e-15 2.75935e-20 0)
(-1.00799e-15 6.72004e-16 0)
(-1.17598e-15 1.00799e-15 0)
(2.85597e-15 4.42697e-21 0)
(3.36e-16 -1.34398e-15 0)
(-1.68001e-16 -1.34399e-15 0)
(-8.3999e-16 -1.34399e-15 0)
(-3.35993e-16 6.71987e-16 0)
(6.71991e-16 1.008e-15 0)
(-7.05595e-15 -3.02398e-15 0)
(-3.86397e-15 -5.05161e-21 0)
(-2.01599e-15 -1.67998e-15 0)
(-3.69598e-15 -3.02398e-15 0)
(-5.03992e-16 -3.69597e-15 0)
(2.68797e-15 -5.37596e-15 0)
(3.35994e-16 -1.04159e-14 0)
(-2.18398e-15 -9.07194e-15 0)
(-3.36e-16 -8.39994e-15 0)
(-6.71994e-16 -1.10879e-14 0)
(2.68797e-15 -6.38395e-15 0)
(2.01599e-15 -4.70398e-15 0)
(3.86396e-15 -2.688e-15 0)
(1.31611e-20 -4.70398e-15 0)
(1.34399e-15 -2.68798e-15 0)
(1.68003e-16 -2.352e-15 0)
(5.04006e-16 -3.35998e-16 0)
(3.35997e-15 -1.00799e-15 0)
(6.21595e-15 -2.35197e-15 0)
(1.848e-15 1.00798e-15 0)
(1.84798e-15 2.01597e-15 0)
(-3.69596e-15 -6.71995e-16 0)
(-3.36014e-16 3.02396e-15 0)
(2.18398e-15 -1.67996e-15 0)
(-1.84797e-15 3.35996e-15 0)
(5.03988e-16 -2.01598e-15 0)
(-4.30189e-21 6.71992e-16 0)
(-3.02396e-15 -1.00801e-15 0)
(3.35994e-16 -3.35986e-16 0)
(6.71986e-16 3.02395e-15 0)
(-5.87995e-15 -3.35996e-15 0)
(-3.35998e-15 -3.35999e-16 0)
(-1.512e-15 -6.71998e-16 0)
(-6.38394e-15 -6.71986e-16 0)
(-1.344e-15 -2.35199e-15 0)
(-5.03996e-16 -7.05596e-15 0)
(1.17599e-15 -2.01602e-15 0)
(-1.008e-15 -7.05592e-15 0)
(-1.17598e-15 -5.71197e-15 0)
(-1.17599e-15 -2.01599e-15 0)
(-3.02396e-15 -5.03998e-15 0)
(6.71993e-15 -3.69598e-15 0)
(4.53597e-15 -5.37595e-15 0)
(1.00799e-15 -7.05592e-15 0)
(2.18398e-15 -1.68001e-15 0)
(1.512e-15 -3.69596e-15 0)
(5.03994e-15 -2.68798e-15 0)
(1.00802e-15 1.67998e-15 0)
(5.03997e-15 -1.34398e-15 0)
(6.38393e-15 3.35994e-16 0)
(1.67998e-15 -3.02396e-15 0)
(-2.68797e-15 -2.01597e-15 0)
(-2.18397e-15 -1.67998e-15 0)
(-1.51199e-15 3.69595e-15 0)
(8.39987e-16 2.68798e-15 0)
(-3.02396e-15 1.67998e-15 0)
(-1.68005e-16 -1.67999e-15 0)
(2.18397e-15 -3.02395e-15 0)
(1.51198e-15 2.01597e-15 0)
(-1.00798e-15 1.64861e-20 0)
(-3.36e-15 2.01598e-15 0)
(-7.22394e-15 1.34398e-15 0)
(-1.67999e-15 3.02396e-15 0)
(-5.03997e-15 -1.68e-15 0)
(-4.53595e-15 -3.36005e-16 0)
(5.03984e-16 -6.71991e-15 0)
(-1.51197e-15 -6.04795e-15 0)
(1.34398e-15 -3.696e-15 0)
(3.19198e-15 -6.38392e-15 0)
(3.35981e-16 -5.37598e-15 0)
(-1.67998e-15 -5.03994e-15 0)
(5.04007e-16 -6.38395e-15 0)
(4.53595e-15 -5.37595e-15 0)
(2.85598e-15 -2.01601e-15 0)
(1.67999e-15 -4.36795e-15 0)
(1.51199e-15 -5.37595e-15 0)
(1.34401e-15 -2.35198e-15 0)
(8.06392e-15 6.71991e-16 0)
(7.72792e-15 -3.36001e-16 0)
(5.04028e-16 -6.71995e-16 0)
(-6.71988e-16 -3.35997e-16 0)
(-1.84799e-15 -1.67998e-15 0)
(1.67998e-15 1.64559e-21 0)
(-1.84798e-15 -2.35197e-15 0)
(3.52794e-15 3.35997e-15 0)
(-2.01598e-15 6.71984e-16 0)
(-2.51997e-15 1.48325e-21 0)
(-6.71976e-16 -2.38099e-20 0)
(2.85597e-15 -6.71963e-16 0)
(-6.71998e-16 4.70393e-15 0)
(-7.39192e-15 1.34398e-15 0)
(-7.55995e-15 -6.71993e-16 0)
(-2.016e-15 -2.35197e-15 0)
(-9.07191e-15 -1.34399e-15 0)
(-8.40005e-16 -3.35996e-15 0)
(-5.54395e-15 -1.68001e-15 0)
(1.00799e-15 -5.37597e-15 0)
(1.84799e-15 -9.40789e-15 0)
(1.51199e-15 -7.39196e-15 0)
(2.51998e-15 -6.71994e-15 0)
(-1.67999e-15 -5.37598e-15 0)
(3.36003e-16 -1.00799e-14 0)
(3.69596e-15 -4.36799e-15 0)
(1.344e-15 -8.73592e-15 0)
(1.344e-15 -4.03198e-15 0)
(6.55193e-15 -6.72004e-16 0)
(4.53596e-15 -2.68798e-15 0)
(2.68799e-15 -1.34401e-15 0)
(5.03998e-15 2.68795e-15 0)
(4.53595e-15 -6.71984e-16 0)
(6.71996e-16 2.01596e-15 0)
(1.67997e-15 -3.36004e-16 0)
(-1.00799e-15 2.35196e-15 0)
(-8.39991e-16 2.35198e-15 0)
(-4.03194e-15 1.67998e-15 0)
(1.00797e-15 -2.68795e-15 0)
(-1.67999e-15 -3.35992e-16 0)
(1.17599e-15 -1.00798e-15 0)
(8.40005e-16 -3.02398e-15 0)
(1.67997e-15 -5.71193e-15 0)
(-7.22394e-15 -6.71998e-16 0)
(-6.38396e-15 -4.36796e-15 0)
(-4.53596e-15 3.35977e-16 0)
(-7.39194e-15 3.03812e-21 0)
(-1.38349e-20 -1.34401e-15 0)
(-5.03997e-15 -4.70396e-15 0)
(-2.51998e-15 -6.38393e-15 0)
(-5.03989e-16 -2.01605e-15 0)
(1.51199e-15 -8.39993e-15 0)
(1.84798e-15 -3.69599e-15 0)
(-5.03991e-16 -7.39194e-15 0)
(5.04002e-16 -8.73592e-15 0)
(2.68798e-15 -8.39993e-15 0)
(3.19198e-15 -7.05591e-15 0)
(3.35997e-15 -4.36797e-15 0)
(2.18401e-15 -1.008e-15 0)
(9.40789e-15 -5.03994e-15 0)
(2.18399e-15 -5.37594e-15 0)
(6.21596e-15 -1.67999e-15 0)
(3.19198e-15 -4.03197e-15 0)
(1.67998e-15 -3.02397e-15 0)
(-1.51198e-15 -1.67999e-15 0)
(1.17599e-15 -4.03196e-15 0)
(-1.67995e-16 3.35993e-16 0)
(8.39985e-16 -1.67997e-15 0)
(-3.19196e-15 4.36794e-15 0)
(-2.18398e-15 1.67998e-15 0)
(1.84798e-15 -2.68796e-15 0)
(1.67998e-15 -3.35998e-15 0)
(1.00799e-15 -1.68202e-20 0)
(-5.03997e-15 6.71975e-16 0)
(-7.39193e-15 -2.68798e-15 0)
(-1.84801e-15 -2.35195e-15 0)
(-7.39193e-15 -1.67998e-15 0)
(-2.35199e-15 6.72001e-16 0)
(-8.39992e-15 1.34399e-15 0)
(-3.69598e-15 -1.34402e-15 0)
(8.39987e-16 -6.38392e-15 0)
(-1.67986e-16 -6.04792e-15 0)
(1.17599e-15 -4.70398e-15 0)
(6.71984e-16 -4.03198e-15 0)
(1.60222e-21 -4.03199e-15 0)
(1.67999e-15 -7.05595e-15 0)
(6.88794e-15 1.00794e-15 0)
(3.52798e-15 -3.02397e-15 0)
(6.21595e-15 -2.68797e-15 0)
(2.856e-15 3.3597e-16 0)
(1.344e-15 -4.03195e-15 0)
(8.06391e-15 -3.69596e-15 0)
(4.19997e-15 -4.36796e-15 0)
(6.71991e-16 -3.35997e-15 0)
(-2.85596e-15 -1.68e-15 0)
(1.67998e-15 -9.07189e-15 0)
(3.86395e-15 -3.36024e-16 0)
(8.39999e-16 3.35982e-16 0)
(-1.51199e-15 -2.68796e-15 0)
(-1.84799e-15 3.36001e-16 0)
(-5.37593e-15 6.38391e-15 0)
(-8.78366e-21 6.71988e-16 0)
(5.03989e-16 -2.35198e-15 0)
(-7.72792e-15 -5.03992e-15 0)
(-4.87197e-15 5.37593e-15 0)
(-2.01599e-15 2.32402e-21 0)
(-5.03996e-15 1.67997e-15 0)
(-3.52799e-15 1.67998e-15 0)
(-6.21596e-15 -1.67999e-15 0)
(-6.38394e-15 -2.01599e-15 0)
(-6.71997e-16 1.34397e-15 0)
(2.01597e-15 4.0319e-15 0)
(-1.51198e-15 -5.37594e-15 0)
(6.72009e-16 -3.35998e-15 0)
(1.4265e-20 -3.36008e-16 0)
(3.02398e-15 -4.36797e-15 0)
(6.88793e-15 -4.70394e-15 0)
(3.86398e-15 6.71994e-16 0)
(3.69598e-15 -3.02397e-15 0)
(9.91189e-15 1.67999e-15 0)
(1.512e-15 1.00797e-15 0)
(2.68802e-15 -2.68798e-15 0)
(6.04792e-15 1.34397e-15 0)
(-6.71982e-16 -4.03197e-15 0)
(-2.51997e-15 -6.71992e-15 0)
(3.35996e-15 3.35954e-16 0)
(1.68015e-16 -7.05591e-15 0)
(2.35198e-15 -1.67997e-15 0)
(-1.34397e-15 -7.05635e-21 0)
(-6.72007e-16 -1.34399e-15 0)
(-8.40009e-16 -3.35981e-16 0)
(-1.17598e-15 6.72003e-16 0)
(1.51198e-15 -3.69596e-15 0)
(-3.52799e-15 -3.35998e-15 0)
(-5.71194e-15 -6.71992e-15 0)
(1.00797e-15 3.69593e-15 0)
(-3.52799e-15 -3.35986e-16 0)
(-1.27679e-14 1.05627e-20 0)
(-2.856e-15 5.03994e-15 0)
(-6.55195e-15 -4.03191e-15 0)
(-4.70396e-15 -1.00799e-15 0)
(-1.51198e-15 -8.3999e-15 0)
(3.86395e-15 -3.02399e-15 0)
(5.03995e-15 -4.70394e-15 0)
(3.02398e-15 4.36794e-15 0)
(4.03196e-15 -1.67997e-15 0)
(1.84802e-15 2.35194e-15 0)
(3.52798e-15 1.34398e-15 0)
(8.23193e-15 1.67997e-15 0)
(3.54197e-20 1.00799e-15 0)
(3.69596e-15 -1.34396e-15 0)
(8.56791e-15 -2.73431e-21 0)
(-1.67964e-16 -1.34398e-15 0)
(6.71991e-16 -3.69595e-15 0)
(-6.71995e-16 -6.7201e-16 0)
(5.03993e-16 -2.68795e-15 0)
(3.69595e-15 -3.02399e-15 0)
(3.52797e-15 -6.72004e-16 0)
(1.17598e-15 6.71984e-16 0)
(-1.84797e-15 7.3249e-22 0)
(-1.51197e-15 7.69574e-21 0)
(-6.71996e-16 1.67999e-15 0)
(-8.39985e-16 -3.35991e-16 0)
(-1.51201e-15 3.35996e-16 0)
(-8.06392e-15 2.01598e-15 0)
(-2.50815e-21 -6.71976e-16 0)
(-6.04795e-15 3.35994e-16 0)
(-5.04022e-16 -1.34399e-15 0)
(-4.19997e-15 1.008e-15 0)
(-9.91191e-15 6.04791e-15 0)
(-2.85599e-15 2.01599e-15 0)
(-4.03196e-15 -3.36012e-16 0)
(1.17599e-15 -6.71993e-15 0)
(5.04014e-16 -5.03996e-15 0)
(7.22392e-15 -5.03995e-15 0)
(2.51999e-15 -6.7199e-16 0)
(6.21594e-15 -2.35195e-15 0)
(2.184e-15 6.71986e-16 0)
(1.00799e-14 1.09447e-20 0)
(6.04793e-15 2.68798e-15 0)
(5.04024e-16 6.38393e-15 0)
(4.53597e-15 6.04795e-15 0)
(1.00799e-15 3.02397e-15 0)
(1.67997e-15 2.35197e-15 0)
(-1.00799e-15 6.71993e-15 0)
(-6.71989e-16 3.69594e-15 0)
(-2.01596e-15 -6.71978e-16 0)
(3.19197e-15 -3.35997e-15 0)
(2.01599e-15 -2.35196e-15 0)
(-3.35999e-16 -1.34398e-15 0)
(3.52795e-15 2.68798e-15 0)
(3.35996e-16 2.68795e-15 0)
(-1.51198e-15 -2.35199e-15 0)
(-3.36033e-16 -1.18805e-20 0)
(-6.55193e-15 -3.36e-16 0)
(1.51196e-15 -8.45348e-21 0)
(-9.23991e-15 1.00798e-15 0)
(-2.51998e-15 -1.78141e-21 0)
(-3.69599e-15 3.35997e-16 0)
(-8.23194e-15 6.71999e-16 0)
(-3.69597e-15 -1.00799e-15 0)
(-3.69597e-15 -2.01598e-15 0)
(-3.35992e-16 -1.344e-15 0)
(2.68796e-15 3.35966e-16 0)
(1.00802e-15 1.67996e-15 0)
(9.23992e-15 3.36007e-16 0)
(6.71995e-15 3.02398e-15 0)
(3.02398e-15 -3.35983e-16 0)
(7.55995e-15 1.37994e-20 0)
(1.17602e-15 1.81063e-20 0)
(7.72792e-15 1.34401e-15 0)
(5.20795e-15 1.00799e-15 0)
(-1.00797e-15 3.36e-16 0)
(-3.35996e-16 -6.71972e-16 0)
(-8.39993e-16 -6.71972e-16 0)
(8.30201e-21 1.73107e-20 0)
(1.34397e-15 2.01597e-15 0)
(2.35199e-15 1.00799e-15 0)
(4.70394e-15 1.00799e-15 0)
(-3.69595e-15 2.68796e-15 0)
(3.52796e-15 4.70393e-15 0)
(-5.03993e-16 1.008e-15 0)
(-1.34398e-15 -2.68798e-15 0)
(-2.01598e-15 6.71999e-16 0)
(-8.40017e-16 -1.00799e-15 0)
(-2.51997e-15 -1.34399e-15 0)
(-5.87996e-15 -4.70394e-15 0)
(-3.35999e-15 -1.34399e-15 0)
(-7.55993e-15 -1.344e-15 0)
(-5.87996e-15 -3.69597e-15 0)
(-4.70397e-15 -1.29717e-20 0)
(-1.848e-15 1.67997e-15 0)
(-3.35997e-16 -3.35989e-16 0)
(8.40004e-16 -5.03991e-15 0)
(3.52798e-15 -5.37593e-15 0)
(9.07192e-15 1.10879e-14 0)
(5.03997e-15 6.04795e-15 0)
(4.19998e-15 3.69596e-15 0)
(1.24319e-14 9.74389e-15 0)
(3.02397e-15 7.05593e-15 0)
(2.35199e-15 5.71193e-15 0)
(3.3601e-16 -1.00797e-15 0)
(2.01597e-15 -3.35989e-16 0)
(-1.00798e-15 4.36792e-15 0)
(-8.60777e-21 -3.36016e-16 0)
(1.17597e-15 2.35196e-15 0)
(-1.67996e-15 -6.71998e-16 0)
(5.37593e-15 -1.00799e-15 0)
(-1.51197e-15 -2.016e-15 0)
(3.3599e-16 -5.03994e-15 0)
(1.51198e-15 -7.05592e-15 0)
(-1.67997e-15 -5.03996e-15 0)
(-8.3999e-16 -6.72003e-16 0)
(-2.01601e-15 6.71993e-16 0)
(-4.70393e-15 -2.68798e-15 0)
(-2.35199e-15 -2.68797e-15 0)
(-4.36797e-15 -1.16761e-20 0)
(-2.18399e-15 -6.72007e-16 0)
(-4.53598e-15 -4.70396e-15 0)
(-4.03196e-15 -4.36794e-15 0)
(-6.72008e-16 2.68799e-15 0)
(-7.05593e-15 -2.35195e-15 0)
(-3.35992e-16 2.01597e-15 0)
(4.36795e-15 4.36792e-15 0)
(1.512e-15 2.68798e-15 0)
(9.07193e-15 -2.68793e-15 0)
(3.52799e-15 3.69597e-15 0)
(2.016e-15 1.344e-15 0)
(1.46159e-14 6.72019e-16 0)
(5.20797e-15 4.70397e-15 0)
(-6.7198e-16 1.00801e-15 0)
(-3.35992e-16 -6.71985e-16 0)
(1.84797e-15 6.71988e-16 0)
(1.51197e-15 -3.02395e-15 0)
(-3.19196e-15 -1.67998e-15 0)
(-1.67996e-16 -2.01597e-15 0)
(-1.00798e-15 -1.0419e-20 0)
(2.85596e-15 -3.02397e-15 0)
(1.176e-15 1.34399e-15 0)
(3.35994e-16 -1.008e-15 0)
(-4.53595e-15 -6.72015e-16 0)
(-1.31255e-20 -9.07188e-15 0)
(-6.65513e-21 -1.68e-15 0)
(-7.05592e-15 -4.36796e-15 0)
(-5.04019e-16 -5.37594e-15 0)
(-2.01598e-15 -3.36015e-16 0)
(-4.19998e-15 -5.37596e-15 0)
(-7.05594e-15 -4.70396e-15 0)
(-3.02398e-15 -1.34401e-15 0)
(-4.03196e-15 -4.03197e-15 0)
(-1.008e-15 -2.35199e-15 0)
(-6.55194e-15 2.35197e-15 0)
(2.68795e-15 2.01599e-15 0)
(3.86397e-15 5.03997e-15 0)
(5.04017e-16 4.70396e-15 0)
(9.91191e-15 4.36795e-15 0)
(8.23194e-15 -3.35996e-15 0)
(5.20797e-15 4.70397e-15 0)
(8.06395e-15 5.71195e-15 0)
(4.19996e-15 1.39443e-20 0)
(2.51998e-15 1.67998e-15 0)
(-2.18399e-15 3.02397e-15 0)
(-1.84798e-15 2.01598e-15 0)
(-3.35992e-16 -8.52323e-21 0)
(-1.344e-15 -4.36795e-15 0)
(-3.35993e-16 -2.68798e-15 0)
(1.84797e-15 -4.70393e-15 0)
(1.67999e-15 3.35979e-16 0)
(-1.00799e-15 -2.51729e-21 0)
(-2.68798e-15 -4.49583e-21 0)
(-2.51999e-15 -3.35997e-15 0)
(-1.34398e-15 -3.36017e-16 0)
(-5.03996e-16 -2.35196e-15 0)
(-4.70396e-15 -2.35198e-15 0)
(-3.50095e-20 -1.008e-15 0)
(-6.04794e-15 -2.01599e-15 0)
(-4.36796e-15 -3.02398e-15 0)
(-2.18399e-15 -2.35199e-15 0)
(-4.19995e-15 -6.04792e-15 0)
(-2.68795e-15 -1.55217e-20 0)
(-1.51198e-15 -2.68796e-15 0)
(-1.008e-15 -3.36001e-16 0)
(-3.86392e-15 -3.02396e-15 0)
(2.01599e-15 -4.03193e-15 0)
(7.39191e-15 -4.36793e-15 0)
(7.05591e-15 -1.34399e-15 0)
(7.22393e-15 2.35199e-15 0)
(9.2399e-15 3.35996e-15 0)
(6.04793e-15 3.02397e-15 0)
(3.69597e-15 2.35196e-15 0)
(3.52795e-15 -3.35994e-16 0)
(-3.19196e-15 2.01598e-15 0)
(-5.04005e-16 2.01598e-15 0)
(-3.3601e-16 1.67997e-15 0)
(-5.87989e-15 -1.67998e-15 0)
(1.00797e-15 -1.34398e-15 0)
(-3.35981e-16 2.35193e-15 0)
(5.71191e-15 -3.35994e-15 0)
(1.68002e-16 -1.67998e-15 0)
(-1.67998e-15 -3.35992e-16 0)
(-4.53593e-15 2.73201e-21 0)
(-1.00799e-15 1.344e-15 0)
)
;

boundaryField
{
    outerWall
    {
        type            noSlip;
    }
    axis
    {
        type            symmetryPlane;
    }
    nozzle
    {
        type            zeroGradient;
    }
    back
    {
        type            empty;
    }
    front
    {
        type            empty;
    }
}


// ************************************************************************* //
